Date,cr-ma3
2010-01-04,
2010-01-05,
2010-01-06,
2010-01-07,
2010-01-08,
2010-01-11,
2010-01-12,
2010-01-13,
2010-01-14,
2010-01-15,
2010-01-18,66.18887015177053
2010-01-19,64.47528140105194
2010-01-20,66.73680177392951
2010-01-21,69.31100366848898
2010-01-22,67.59511815802944
2010-01-25,67.70716845874703
2010-01-26,68.17411770430428
2010-01-27,69.67048968466064
2010-01-28,70.5388648654693
2010-01-29,71.4042362033693
2010-02-01,71.91181117067202
2010-02-02,72.56057229023669
2010-02-03,73.36063698299857
2010-02-04,74.43791574066258
2010-02-05,75.23531602551837
2010-02-08,76.64051680632305
2010-02-09,77.78928372685965
2010-02-10,78.91561378753293
2010-02-11,79.8914017367775
2010-02-12,80.80597538244085
2010-02-15,82.03614695886951
2010-02-16,83.24890046745126
2010-02-17,84.28009867313838
2010-02-18,85.04561417118809
2010-02-19,86.56891848122193
2010-02-22,87.54511885191056
2010-02-23,88.27695524205406
2010-02-24,88.56391120988187
2010-02-25,89.00162755028978
2010-02-26,89.26060224335808
2010-03-01,89.73933553620486
2010-03-02,89.95578894877892
2010-03-03,89.81663022377974
2010-03-04,89.20288261150799
2010-03-05,88.55142637794663
2010-03-08,87.36567265142426
2010-03-09,86.31779576234469
2010-03-10,85.15058251550558
2010-03-11,83.83729631785563
2010-03-12,82.18374606278988
2010-03-15,80.79312472137374
2010-03-16,79.45388184860386
2010-03-17,77.82065146285103
2010-03-18,76.02874054078787
2010-03-19,74.23531536484441
2010-03-22,72.58580138293345
2010-03-23,71.09146073760743
2010-03-24,69.59918491930576
2010-03-25,67.79655691920546
2010-03-26,66.01446473005481
2010-03-28,64.11353786104247
2010-03-29,62.40788612786397
2010-03-30,61.059871690387936
2010-03-31,60.06274721542659
2010-04-01,59.20097449874381
2010-04-04,58.217841924411644
2010-04-05,57.19446988586227
2010-04-06,56.277821301524384
2010-04-07,55.841192049739576
2010-04-08,55.728957390022664
2010-04-11,55.68132190651319
2010-04-12,55.594529745315945
2010-04-13,55.43040497356903
2010-04-14,55.25223044740945
2010-04-15,55.151172557227184
2010-04-18,55.200068089763
2010-04-19,55.36408538567662
2010-04-20,55.41529017254347
2010-04-21,55.78609533179972
2010-04-22,56.15788346761083
2010-04-25,56.53577200596102
2010-04-26,56.791403506024174
2010-04-27,56.98351068163404
2010-04-28,57.119344011864335
2010-04-29,57.3732385710288
2010-05-02,57.633448872972416
2010-05-03,57.849693257766674
2010-05-04,58.06595262883652
2010-05-05,57.88706867861979
2010-05-06,57.41812846555139
2010-05-09,56.97072915074134
2010-05-10,56.88669871631548
2010-05-11,56.79384355155971
2010-05-12,56.642474694876704
2010-05-13,56.31319256431399
2010-05-16,55.9953696971246
2010-05-17,55.94283404688675
2010-05-18,56.467215728168995
2010-05-19,57.41130490239325
2010-05-20,58.276844492732494
2010-05-23,58.920465651342774
2010-05-24,59.685875415565576
2010-05-25,60.185714151165314
2010-05-26,60.75735381807311
2010-05-27,61.29890056028188
2010-05-30,62.04616975042809
2010-05-31,63.12482239040704
2010-06-01,64.36655570477537
2010-06-02,65.93173816693279
2010-06-03,67.5035790044664
2010-06-06,69.34442734461405
2010-06-07,70.80729997120501
2010-06-08,72.53582487864952
2010-06-09,74.13027390678229
2010-06-10,75.6970140745264
2010-06-13,77.50751301897793
2010-06-14,78.86882386204701
2010-06-15,79.46083601653808
2010-06-16,80.02376576979003
2010-06-17,80.97765038362039
2010-06-20,82.28632221926334
2010-06-21,83.21802236581769
2010-06-22,83.99341193748688
2010-06-23,83.98820205544968
2010-06-24,83.56012873612777
2010-06-27,83.23737305843761
2010-06-28,82.74315090573512
2010-06-29,81.89209992137401
2010-06-30,80.86131599608747
2010-07-01,79.8118272895318
2010-07-04,78.4240372551445
2010-07-05,77.43975145004096
2010-07-06,76.04066512374398
2010-07-07,74.71358352270244
2010-07-08,73.3620896427136
2010-07-11,71.89440073818712
2010-07-12,70.24836842127077
2010-07-13,69.218935231544
2010-07-14,67.49929972054822
2010-07-15,65.6299792500841
2010-07-18,63.77507608371836
2010-07-19,62.031965424845055
2010-07-20,60.538826332133794
2010-07-21,59.770093690783746
2010-07-22,59.11224242453535
2010-07-25,58.11528953054773
2010-07-26,56.89124889986656
2010-07-27,55.98886122781444
2010-07-28,55.093295678406506
2010-07-29,54.73666970078294
2010-08-01,54.589236447188014
2010-08-02,54.08169829366405
2010-08-03,53.99927903440314
2010-08-04,54.117746481848314
2010-08-05,54.545019326187024
2010-08-08,54.77346309483918
2010-08-09,55.221974401541466
2010-08-10,55.11747707701488
2010-08-11,55.25447305541934
2010-08-12,55.24722049672884
2010-08-15,55.179178395055246
2010-08-16,55.19346330688002
2010-08-17,55.163770301201886
2010-08-18,54.927395364101265
2010-08-19,55.10833731117166
2010-08-22,55.64300326399062
2010-08-23,56.34527402351476
2010-08-24,56.89173947269827
2010-08-25,57.40633628003028
2010-08-26,57.73771927360001
2010-08-29,57.9415510176838
2010-08-30,58.27430071753404
2010-08-31,58.52129513098707
2010-09-01,58.80582572220529
2010-09-02,58.94259547995809
2010-09-05,59.23630825580511
2010-09-06,59.423898734904206
2010-09-07,59.903945667007505
2010-09-08,60.329530407755804
2010-09-09,60.868944228755446
2010-09-12,61.535192842214784
2010-09-13,62.28854865143709
2010-09-14,63.00373107802727
2010-09-15,63.62331038191538
2010-09-16,64.1394474721171
2010-09-19,64.62230057090831
2010-09-20,64.99075719153488
2010-09-21,65.21677034988656
2010-09-22,65.44756667213332
2010-09-23,65.55267511504069
2010-09-26,65.71981572026525
2010-09-27,65.77622428469233
2010-09-28,65.79804667885409
2010-09-29,65.61907628412419
2010-09-30,65.580360174764
2010-10-03,65.59882829393754
2010-10-04,65.58704462700027
2010-10-05,65.54814121785783
2010-10-06,65.68808729003428
2010-10-07,65.61488739988155
2010-10-10,65.48680549174684
2010-10-11,65.07119712324179
2010-10-12,64.71397459274002
2010-10-13,64.4554560610209
2010-10-14,64.13849551816904
2010-10-17,63.924457622463706
2010-10-18,63.26837885689919
2010-10-19,62.80896904879775
2010-10-20,62.44468873612125
2010-10-21,62.13841209486117
2010-10-24,61.92476497158721
2010-10-25,61.66678751382038
2010-10-26,61.30562075941822
2010-10-27,61.27571259354015
2010-10-28,61.24195952747159
2010-11-01,61.336685807441654
2010-11-02,61.46763526335387
2010-11-03,61.57444719422459
2010-11-04,61.624380303678265
2010-11-05,62.02196284326466
2010-11-08,62.36707856164784
2010-11-09,62.81944447548758
2010-11-10,63.61858164373348
2010-11-11,64.36622175076513
2010-11-12,64.86714744388328
2010-11-15,65.33922793847044
2010-11-16,66.12561906070172
2010-11-17,66.6697298119995
2010-11-18,67.04328763044863
2010-11-19,67.71162160446411
2010-11-22,68.38505128954243
2010-11-23,69.05593388172936
2010-11-24,70.1802830152449
2010-11-25,71.17702848808307
2010-11-26,72.06613167920167
2010-11-29,72.99160016628639
2010-11-30,73.9743757076267
2010-12-01,74.83178066219345
2010-12-02,75.61921220504675
2010-12-03,76.19162249434503
2010-12-06,76.87335826970414
2010-12-07,77.41308344049362
2010-12-08,77.55950626288767
2010-12-09,77.89506363552053
2010-12-10,78.33536529958278
2010-12-13,78.30285605840113
2010-12-14,78.19940130975193
2010-12-15,78.04729481207552
2010-12-16,77.75119564684755
2010-12-17,77.15609635785354
2010-12-20,76.52315339644895
2010-12-21,75.98036068535227
2010-12-22,75.20871006493803
2010-12-23,74.78859584851085
2010-12-24,74.48427022896811
2010-12-27,73.4793461506112
2010-12-28,72.39470536237265
2010-12-29,71.44164527627638
2010-12-30,70.44185245653368
2010-12-31,69.46144165169417
2011-01-03,68.33369828967994
2011-01-04,67.25184184017064
2011-01-05,66.18991024500797
2011-01-06,65.09530976770992
2011-01-07,64.30521837593515
2011-01-10,63.615049324510245
2011-01-11,62.94531479906361
2011-01-12,62.28156677873452
2011-01-13,61.796264093889306
2011-01-14,61.303608956385155
2011-01-17,60.779958646897285
2011-01-18,60.52222736658125
2011-01-19,60.35476019532085
2011-01-20,60.02044303759145
2011-01-21,59.69646143486442
2011-01-24,59.94146534944207
2011-01-25,60.14317906920364
2011-01-26,60.27222903696956
2011-01-27,60.59431709677434
2011-01-28,60.80589078482261
2011-01-31,61.05438784983257
2011-02-01,61.638917877851966
2011-02-02,62.300008607850316
2011-02-03,62.82803353447277
2011-02-04,63.31246111229778
2011-02-07,63.97320477461913
2011-02-08,64.74868416811677
2011-02-09,65.80781008380755
2011-02-10,67.15242510176371
2011-02-11,68.7260066416735
2011-02-14,70.06853399887463
2011-02-15,71.26879080243188
2011-02-16,72.23953449442287
2011-02-17,73.271438597989
2011-02-18,74.4198725463263
2011-02-21,75.40204741844643
2011-02-22,76.42664516587296
2011-02-23,77.36986201322664
2011-02-24,78.08453739738164
2011-02-25,78.77848679366599
2011-02-28,79.56744548318514
2011-03-01,80.1225116630117
2011-03-02,80.85031443006501
2011-03-03,81.61795009832396
2011-03-04,81.98530762660529
2011-03-07,82.37868267480502
2011-03-08,82.79670117230846
2011-03-09,83.2538579561544
2011-03-10,83.61888750341305
2011-03-11,83.77489428489217
2011-03-14,83.95422133008256
2011-03-15,83.98677996928639
2011-03-16,84.06107910788167
2011-03-17,83.9128488968116
2011-03-18,83.30066601786504
2011-03-21,82.565224512346
2011-03-22,81.95364521610222
2011-03-23,81.70981476365498
2011-03-24,81.70601695622933
2011-03-25,81.91853279740648
2011-03-27,82.07201249453331
2011-03-28,82.08603070042179
2011-03-29,82.12805815395714
2011-03-30,82.37263821186119
2011-03-31,82.64094830470437
2011-04-03,83.06871576701936
2011-04-04,83.15039345099228
2011-04-05,83.11364772708714
2011-04-06,82.87998149111957
2011-04-07,82.98910875138384
2011-04-10,83.58426147244562
2011-04-11,83.05085900435868
2011-04-12,82.23619979467702
2011-04-13,80.95558732054525
2011-04-14,79.38839842868748
2011-04-17,77.84700247834559
2011-04-18,76.17090039410259
2011-04-19,74.24695450987537
2011-04-20,71.94619382703577
2011-04-21,69.52643300703002
2011-04-24,67.16039980061761
2011-04-25,65.2479416865194
2011-04-26,63.22551574128075
2011-04-27,60.88210932109634
2011-04-28,58.60702377513212
2011-05-01,56.05563521437182
2011-05-02,53.541792856460155
2011-05-03,50.97185319405903
2011-05-04,48.21455117309835
2011-05-05,44.99798828348115
2011-05-08,41.61071174179874
2011-05-09,39.40393349428412
2011-05-10,37.9750383367766
2011-05-11,37.12470567418826
2011-05-12,36.75686061361718
2011-05-15,36.70747152132536
2011-05-16,37.00068526966511
2011-05-17,38.24558932062793
2011-05-18,40.038337997564156
2011-05-19,42.30588883187686
2011-05-22,44.62378637688873
2011-05-23,46.87593255385543
2011-05-24,49.69992261740729
2011-05-25,53.06487346680793
2011-05-26,58.215787329969885
2011-05-29,64.07481410315941
2011-05-30,68.92913074257162
2011-05-31,73.03624418649648
2011-06-01,77.79670127015486
2011-06-02,83.23925272636146
2011-06-05,88.61027598835292
2011-06-06,93.61800927032075
2011-06-07,98.69620580315299
2011-06-08,103.05976744010022
2011-06-09,107.00868182696843
2011-06-12,110.31732791240677
2011-06-13,112.87637305791827
2011-06-14,115.00748573371422
2011-06-15,115.41084399363778
2011-06-16,115.65517003738557
2011-06-19,115.49671562700023
2011-06-20,115.13061712602602
2011-06-21,113.886140501183
2011-06-22,111.98587314678093
2011-06-23,108.5649411824323
2011-06-26,104.24072009161128
2011-06-27,101.340235709134
2011-06-28,99.78198921250487
2011-06-29,97.24455624683402
2011-06-30,93.95018214973962
2011-07-03,90.17007105908209
2011-07-04,86.68819567176436
2011-07-05,82.90876966139157
2011-07-06,80.06508652600351
2011-07-07,77.72172096324971
2011-07-10,75.0217949920008
2011-07-11,72.4840928507851
2011-07-12,69.36858575680279
2011-07-13,67.60862237370888
2011-07-14,65.76346949249748
2011-07-17,64.42923155831463
2011-07-18,63.757557856465986
2011-07-19,63.45776390275671
2011-07-20,63.06125883146461
2011-07-21,63.626787935915765
2011-07-24,64.48136240687279
2011-07-25,65.50207230533664
2011-07-26,65.42673882399518
2011-07-27,65.94682744832174
2011-07-28,66.48504872308827
2011-07-31,67.14790222340665
2011-08-01,68.02222581524607
2011-08-02,68.33350958000233
2011-08-03,67.5397537565403
2011-08-04,66.70847318096408
2011-08-07,66.2308099159724
2011-08-08,66.80309997792082
2011-08-09,68.0350776963292
2011-08-10,69.24965987933487
2011-08-11,69.92290642234268
2011-08-14,70.40720611306297
2011-08-15,70.76589202746618
2011-08-16,71.490854277404
2011-08-17,73.67302730668112
2011-08-18,75.44945483184611
2011-08-21,78.81702897056019
2011-08-22,81.0054253809378
2011-08-23,83.8736874030566
2011-08-24,86.38734234041871
2011-08-25,88.70627151866537
2011-08-28,90.35623610630785
2011-08-29,91.39956036394707
2011-08-30,93.35112713314643
2011-08-31,96.33086076459482
2011-09-01,99.04328965220344
2011-09-04,102.09583586192554
2011-09-05,104.52584737917115
2011-09-06,106.83276476882847
2011-09-07,109.50026068936647
2011-09-08,112.40619114312003
2011-09-11,115.10799278587815
2011-09-12,117.8663454417019
2011-09-13,119.95238065408412
2011-09-14,121.42915282846961
2011-09-15,123.25950173685985
2011-09-18,124.36073723503321
2011-09-19,126.24277771603161
2011-09-20,127.62642451598704
2011-09-21,130.07589306582247
2011-09-22,132.97495884103824
2011-09-25,137.41917399149503
2011-09-26,141.47293659818249
2011-09-27,145.26224562795966
2011-09-28,148.11114723791098
2011-09-29,154.2009494924941
2011-10-02,163.82542310380512
2011-10-03,177.01043906109584
2011-10-04,193.80067549270765
2011-10-05,211.48894017942575
2011-10-06,221.71491431003477
2011-10-09,229.5542783115662
2011-10-10,235.74736300623232
2011-10-11,243.03620543761699
2011-10-12,250.1127773370316
2011-10-13,257.3707462844476
2011-10-16,265.24007932203824
2011-10-17,270.9423045909672
2011-10-18,275.31497934334215
2011-10-19,276.5612767715525
2011-10-20,276.16340955833834
2011-10-23,274.8022529478166
2011-10-24,274.26206570542297
2011-10-25,273.1566367366448
2011-10-26,272.218760232891
2011-10-27,268.05810571159185
2011-10-31,260.3912802187232
2011-11-01,248.3972494790985
2011-11-02,232.49927707062665
2011-11-03,215.66587835598185
2011-11-04,206.03357328185183
2011-11-07,197.76928794532398
2011-11-08,190.34072578576405
2011-11-09,181.28242337484951
2011-11-10,170.58649438242122
2011-11-11,158.0781074030912
2011-11-14,144.91542825487784
2011-11-15,134.6848023477177
2011-11-16,126.16845242830318
2011-11-17,119.95251455983637
2011-11-18,115.14948144523291
2011-11-21,110.11271523749363
2011-11-22,104.92131948388842
2011-11-23,100.58686256543356
2011-11-24,96.9577443247598
2011-11-25,94.1540124835306
2011-11-28,92.00538168773072
2011-11-29,90.61620593475973
2011-11-30,88.92195205096827
2011-12-01,87.03475316139152
2011-12-02,86.5940565398016
2011-12-05,87.4862245513485
2011-12-06,88.86222848488956
2011-12-07,92.32843748398156
2011-12-08,97.24758757876033
2011-12-09,102.05170514329454
2011-12-12,105.69499168994722
2011-12-13,108.39677321682431
2011-12-14,110.2305533787149
2011-12-15,112.23531253408973
2011-12-16,115.11708312562833
2011-12-19,119.13851828928917
2011-12-20,122.58427557475395
2011-12-21,125.0800935319894
2011-12-22,127.9874767769393
2011-12-23,130.00100680198256
2011-12-26,131.5488903775311
2011-12-27,134.03752436159692
2011-12-28,136.698903940099
2011-12-29,138.16148732180727
2011-12-30,138.90282312274502
2012-01-02,139.39957754868908
2012-01-03,139.2242051098893
2012-01-04,137.57007205240575
2012-01-05,135.56817647356377
2012-01-06,134.43235437718513
2012-01-09,132.75142047717998
2012-01-10,131.50999121927416
2012-01-11,130.67146705944728
2012-01-12,128.73187828459209
2012-01-13,125.60873621420254
2012-01-16,122.02986468377772
2012-01-17,119.26706636839762
2012-01-18,117.4244166688735
2012-01-19,115.9260132080808
2012-01-20,115.34058834396444
2012-01-23,113.79111024144763
2012-01-24,110.92706119857148
2012-01-25,107.56101410100561
2012-01-26,104.99237806107264
2012-01-27,101.802274398565
2012-01-30,98.2705004760891
2012-01-31,94.88159487158393
2012-02-01,90.93931865895362
2012-02-02,87.23795526929166
2012-02-03,83.58457329607992
2012-02-06,80.71208542531136
2012-02-07,77.66039328788987
2012-02-08,75.03224047580179
2012-02-09,73.12837388026205
2012-02-10,71.50946544584404
2012-02-13,69.68284736817611
2012-02-14,67.98647619888443
2012-02-15,65.24333010678365
2012-02-16,61.42887887335926
2012-02-17,57.14271219450147
2012-02-20,53.536599643737034
2012-02-21,50.24787501443246
2012-02-22,47.58024133568531
2012-02-23,45.21404869709513
2012-02-24,42.862521062322735
2012-02-27,40.70929292494204
2012-02-28,39.27654924625412
2012-02-29,38.89855637729981
2012-03-01,38.57374975604137
2012-03-02,38.19412418432502
2012-03-05,38.021930990604744
2012-03-06,38.03753994976711
2012-03-07,37.822121380712474
2012-03-08,38.175376213892505
2012-03-09,38.73476358076714
2012-03-12,39.27960125556191
2012-03-13,39.78096091601032
2012-03-14,41.12255400441272
2012-03-15,42.86014637569271
2012-03-16,45.12111024362878
2012-03-19,48.73690572798358
2012-03-20,52.30496242827478
2012-03-21,56.38929890284815
2012-03-22,61.21318012031575
2012-03-23,67.68781617951713
2012-03-25,75.28274915068394
2012-03-26,82.19891012654061
2012-03-27,88.76362305200695
2012-03-28,95.20751144481562
2012-03-29,101.78972394191763
2012-04-01,109.14418384789789
2012-04-02,116.05105886309448
2012-04-03,123.53175156836976
2012-04-04,129.6771679097481
2012-04-05,135.8697804640141
2012-04-08,142.3118892713266
2012-04-09,148.20908510906256
2012-04-10,154.08116734644804
2012-04-11,159.9121508424624
2012-04-12,165.2576377507991
2012-04-15,169.02415095472313
2012-04-16,172.95127330662723
2012-04-17,175.8385129716077
2012-04-18,177.71006385536802
2012-04-19,178.29291006216926
2012-04-22,176.74503128558857
2012-04-23,175.3935846367611
2012-04-24,174.2506660468886
2012-04-25,172.26739411231696
2012-04-26,170.2484363957064
2012-04-29,166.4838543896638
2012-04-30,163.11667178503444
2012-05-01,160.04242217318102
2012-05-02,158.11786352769218
2012-05-03,156.1201809371568
2012-05-06,153.78568349427422
2012-05-07,151.4461344787045
2012-05-08,148.75759540774843
2012-05-09,145.542448911541
2012-05-10,142.4483702232023
2012-05-13,140.53153335548507
2012-05-14,138.0574142832158
2012-05-15,136.65462115175583
2012-05-16,134.81659776831475
2012-05-17,133.66441524910226
2012-05-20,133.1067802608912
2012-05-21,133.8743868343085
2012-05-22,135.31148302800645
2012-05-23,137.22048546556715
2012-05-24,139.46582694646406
2012-05-27,143.05809242524234
2012-05-28,147.52240966363894
2012-05-29,150.59224280100398
2012-05-30,154.1568061084975
2012-05-31,159.12609459678234
2012-06-03,164.73682414288066
2012-06-04,172.19622419068784
2012-06-05,175.78935493110816
2012-06-06,178.1108218733222
2012-06-07,179.1195612930716
2012-06-10,179.34994957565473
2012-06-11,180.39123643480406
2012-06-12,181.1066057593499
2012-06-13,182.9629274430489
2012-06-14,184.3584711245523
2012-06-17,186.25160097830525
2012-06-18,185.8349472281847
2012-06-19,184.84119137617668
2012-06-20,183.70118532453256
2012-06-21,182.14410653413296
2012-06-24,180.27377896587566
2012-06-25,177.6556317683051
2012-06-26,175.1098487268328
2012-06-27,171.0778019763936
2012-06-28,165.87701929980048
2012-07-01,159.67762883305718
2012-07-02,151.18461757382312
2012-07-03,146.4242570830923
2012-07-04,143.71971207576237
2012-07-05,141.87944601768876
2012-07-08,139.40350681818006
2012-07-09,136.38531010602068
2012-07-10,132.44231872198782
2012-07-11,128.2065694771109
2012-07-12,123.31545094446597
2012-07-15,118.6932670632513
2012-07-16,115.65827186580881
2012-07-17,112.20918592325513
2012-07-18,109.07256375899085
2012-07-19,105.74323497745998
2012-07-22,101.97796085461736
2012-07-23,97.95836724180634
2012-07-24,95.06837083971621
2012-07-25,92.96302968305262
2012-07-26,90.6621092770557
2012-07-29,88.94617987332681
2012-07-30,87.54621494392318
2012-07-31,86.05516990264667
2012-08-01,83.93186920713086
2012-08-02,82.46076674326089
2012-08-05,81.73552904590792
2012-08-06,81.26228055015532
2012-08-07,81.52233565430318
2012-08-08,81.48064475572949
2012-08-09,81.34872198537477
2012-08-12,81.22518170486288
2012-08-13,80.93977849088586
2012-08-14,80.29209558152068
2012-08-15,79.79015106258231
2012-08-16,79.62737496957239
2012-08-19,80.51659342270145
2012-08-20,81.78712433667238
2012-08-21,81.84047624853763
2012-08-22,81.56275360126249
2012-08-23,81.1670035011213
2012-08-26,80.65417167284109
2012-08-27,80.81602192414951
2012-08-28,80.98973804413973
2012-08-29,80.97833705348341
2012-08-30,80.35833928659537
2012-09-02,79.47451273853599
2012-09-03,78.60271043169988
2012-09-04,77.9029252135596
2012-09-05,77.65324092240294
2012-09-06,77.91836135665588
2012-09-09,77.90200432093144
2012-09-10,77.54171772348391
2012-09-11,77.65346977984157
2012-09-12,78.04690772109016
2012-09-13,78.01048482461096
2012-09-16,77.1985513537442
2012-09-17,75.80473564236871
2012-09-18,74.89628916898619
2012-09-19,74.3984388701491
2012-09-20,73.84450182644638
2012-09-23,73.62618735484831
2012-09-24,73.19858492758529
2012-09-25,73.11774817500844
2012-09-26,73.29251399067881
2012-09-27,73.7050316190532
2012-09-30,74.46337631766832
2012-10-01,74.81119884393755
2012-10-02,74.76154671097855
2012-10-03,74.69272732200467
2012-10-04,74.5856080823333
2012-10-07,74.57630121489466
2012-10-08,74.82081792806792
2012-10-09,75.09504296500447
2012-10-10,75.03036681815789
2012-10-11,74.82229571137546
2012-10-14,74.54223801341217
2012-10-15,74.16146379595217
2012-10-16,73.78646149456212
2012-10-17,73.28014212200578
2012-10-18,73.23236213125999
2012-10-21,73.57881905064549
2012-10-22,73.89681166828109
2012-10-23,73.95968670173966
2012-10-24,74.17438065571797
2012-10-25,74.57814668577478
2012-10-29,74.61907848363481
2012-10-30,74.91147246415213
2012-10-31,75.26690163365559
2012-11-01,75.00382740242398
2012-11-02,74.86972443341048
2012-11-05,74.53577762550375
2012-11-06,73.67896172852086
2012-11-07,72.93840295378985
2012-11-08,72.44608419591576
2012-11-09,72.42383966245356
2012-11-12,72.58907897319212
2012-11-13,72.89408604501281
2012-11-14,73.45228181801163
2012-11-15,74.09484641063018
2012-11-16,74.34070456083212
2012-11-19,74.19186900745761
2012-11-20,74.13992587147322
2012-11-21,74.3813039751146
2012-11-22,75.2342670489533
2012-11-23,75.67225937361079
2012-11-26,76.26859599163939
2012-11-27,76.61281866473277
2012-11-28,77.10085439156167
2012-11-29,78.00736457187486
2012-11-30,79.19819087871002
2012-12-03,80.36558787203106
2012-12-04,82.67426479498282
2012-12-05,85.12527466924762
2012-12-06,88.17515177049185
2012-12-07,90.33413759198879
2012-12-10,92.42327590387026
2012-12-11,95.03057294062795
2012-12-12,98.07499448784921
2012-12-13,101.83977397454072
2012-12-14,106.31288303384142
2012-12-17,109.34181008405865
2012-12-18,112.08044844094493
2012-12-19,114.07307148377838
2012-12-20,114.82773677664822
2012-12-21,115.67759272620128
2012-12-24,116.2914839260799
2012-12-25,117.2633402295694
2012-12-26,118.07396756585658
2012-12-27,118.97058407350555
2012-12-28,119.02812706022556
2012-12-31,119.66857198186904
2013-01-01,118.75865415981983
2013-01-02,117.07299446661095
2013-01-03,114.77854707386655
2013-01-04,113.28721065475932
2013-01-07,111.5704273929257
2013-01-08,109.35209804105406
2013-01-09,106.11440608977917
2013-01-10,102.02019112325674
2013-01-11,97.10382488155604
2013-01-14,93.83846188521224
2013-01-15,90.76842185696512
2013-01-16,88.06376439067583
2013-01-17,85.6816043178134
2013-01-18,82.93127830627617
2013-01-21,79.83688706857563
2013-01-22,77.14133408512264
2013-01-23,74.41540564137534
2013-01-24,71.74130365427405
2013-01-25,69.59447199440672
2013-01-28,67.05770136947004
2013-01-29,65.35813998777948
2013-01-30,64.05886796918301
2013-01-31,62.81193114795899
2013-02-01,61.21689345674459
2013-02-04,59.817189325362186
2013-02-05,58.39251267413717
2013-02-06,57.68064295402136
2013-02-07,57.38002114739995
2013-02-08,57.00698531271812
2013-02-11,55.640116783724444
2013-02-12,54.27046630695196
2013-02-13,53.130399536655055
2013-02-14,52.53770742747876
2013-02-15,52.350575346948446
2013-02-18,52.59735924491914
2013-02-19,52.12620917074243
2013-02-20,51.78436617844096
2013-02-21,51.106597409233274
2013-02-22,50.3536153709628
2013-02-25,49.75765209338917
2013-02-26,49.1252157903574
2013-02-27,48.19662064184898
2013-02-28,47.168521910298615
2013-03-01,46.67900843155097
2013-03-04,45.95965732135413
2013-03-05,45.3150158698288
2013-03-06,44.93053502392495
2013-03-07,44.402489055676625
2013-03-08,44.06381800134865
2013-03-11,44.45467374897036
2013-03-12,44.888799418484766
2013-03-13,45.119063824050485
2013-03-14,45.33696657665702
2013-03-15,45.513247566778894
2013-03-18,45.56361024619714
2013-03-19,46.26476840667907
2013-03-20,46.883872864415224
2013-03-21,47.649927806467915
2013-03-22,48.100765924153336
2013-03-25,48.657014904411135
2013-03-26,49.297037120702356
2013-03-27,50.6279469073376
2013-03-28,52.07133004446607
2013-03-29,54.513675609823316
2013-03-31,56.522896266358565
2013-04-01,58.8834038968849
2013-04-02,61.23643659158402
2013-04-03,64.32434481333885
2013-04-04,67.43862246283985
2013-04-07,70.29222511466924
2013-04-08,74.03065487037597
2013-04-09,77.8687624932002
2013-04-10,81.05879746502652
2013-04-11,84.05032995814835
2013-04-14,87.03372783056085
2013-04-15,89.28632571047525
2013-04-16,91.36158052948919
2013-04-17,93.21459322662406
2013-04-18,94.52325576517262
2013-04-21,95.74453719662145
2013-04-22,96.96208142869077
2013-04-23,97.5608743398992
2013-04-24,98.10786606214603
2013-04-25,97.51870765253393
2013-04-28,98.47553056775854
2013-04-29,98.7493303451643
2013-04-30,98.92747267391587
2013-05-01,98.15131995847543
2013-05-02,97.61060561470785
2013-05-05,96.7973592702839
2013-05-06,95.65415159117912
2013-05-07,94.08179556610216
2013-05-08,92.53629349140938
2013-05-09,90.62426825911933
2013-05-12,89.17966013031833
2013-05-13,87.79504687745553
2013-05-14,86.40054271176584
2013-05-15,85.58837845783437
2013-05-16,85.38077296326094
2013-05-19,84.99098437632526
2013-05-20,84.48343725578283
2013-05-21,84.16378833645432
2013-05-22,84.18343092352745
2013-05-23,84.42486543266082
2013-05-26,83.97618473834898
2013-05-27,84.34659717810123
2013-05-28,84.7372129343102
2013-05-29,85.77816667681127
2013-05-30,86.75252130256898
2013-06-02,88.41254429838489
2013-06-03,88.85405410213653
2013-06-04,90.43605578798521
2013-06-05,91.65685377223187
2013-06-06,93.23892753426159
2013-06-09,94.7333413578541
2013-06-10,96.97572624536079
2013-06-11,99.92380195352561
2013-06-12,103.5255190239839
2013-06-13,108.30840092220123
2013-06-16,113.74294978344165
2013-06-17,118.12805508295011
2013-06-18,123.20363167956141
2013-06-19,128.00766233597534
2013-06-20,132.3933467874864
2013-06-23,136.55048081481942
2013-06-24,140.51358806439197
2013-06-25,144.82757955381095
2013-06-26,147.5719147956637
2013-06-27,149.84594566238712
2013-06-30,152.8891309010001
2013-07-01,157.24485808353992
2013-07-02,162.21640029818317
2013-07-03,168.78400604529992
2013-07-04,174.60106235000723
2013-07-07,178.84501191574316
2013-07-08,181.83711359542386
2013-07-09,183.7996926863752
2013-07-10,185.0198125202379
2013-07-11,185.99259726364318
2013-07-14,187.01229091313436
2013-07-15,189.30915434285063
2013-07-16,190.60140316332425
2013-07-17,190.7822733700898
2013-07-18,190.65944024597903
2013-07-21,190.20640088343026
2013-07-22,189.39572247485216
2013-07-23,188.46115983925858
2013-07-24,188.25387360668213
2013-07-25,188.21279539784854
2013-07-28,185.9565959622073
2013-07-29,183.6348699608879
2013-07-30,179.35573123252598
2013-07-31,173.84993549522721
2013-08-01,170.3732447902099
2013-08-04,167.68955944504287
2013-08-05,164.7022538832468
2013-08-06,162.60317527300685
2013-08-07,159.1228594106758
2013-08-08,154.58916963238465
2013-08-11,149.89740702637212
2013-08-12,145.98567324322659
2013-08-13,142.8865780061324
2013-08-14,142.05502286785992
2013-08-15,140.03157068905247
2013-08-18,138.13264143142982
2013-08-19,135.98874866281213
2013-08-20,132.63525078261188
2013-08-21,129.02764331870074
2013-08-22,125.5296956493446
2013-08-25,123.58090897291467
2013-08-26,121.35710739370388
2013-08-27,120.35545320387332
2013-08-28,119.97975668900912
2013-08-29,119.63340733937619
2013-09-01,120.01801495319278
2013-09-02,122.57896411888859
2013-09-03,124.97014716472134
2013-09-04,127.59817607922794
2013-09-05,129.6579053172723
2013-09-08,131.1292495242298
2013-09-09,131.1390528488552
2013-09-10,130.60439929915256
2013-09-11,128.75616752181017
2013-09-12,129.2231190739194
2013-09-15,129.339123215826
2013-09-16,129.30360021140592
2013-09-17,129.51295797683755
2013-09-18,129.7911706837459
2013-09-19,130.6251558623235
2013-09-22,130.6975799958579
2013-09-23,130.61904213770498
2013-09-24,129.87488389970065
2013-09-25,128.85971217660443
2013-09-26,126.8535389851083
2013-09-29,124.82041988734974
2013-09-30,121.17730863354036
2013-10-01,116.65311941002207
2013-10-02,112.93848182920553
2013-10-03,110.92336390093867
2013-10-06,108.11798657754957
2013-10-07,105.81979571028565
2013-10-08,103.85584255141532
2013-10-09,101.88279263221074
2013-10-10,99.50400784698635
2013-10-13,97.63010771260555
2013-10-14,96.22082596415314
2013-10-15,95.38751162238162
2013-10-16,95.34344837551107
2013-10-17,94.60600954122106
2013-10-20,93.63217070962678
2013-10-21,92.77474023760084
2013-10-22,92.06939644615177
2013-10-23,91.22367375056261
2013-10-24,90.7583226351009
2013-10-28,89.26051357846684
2013-10-29,88.80772241631169
2013-10-30,88.65693935022304
2013-10-31,88.5797382486738
2013-11-01,87.81235394530147
2013-11-04,88.25862286121543
2013-11-05,88.77462781401074
2013-11-06,89.75640277152719
2013-11-07,91.8991945789679
2013-11-08,93.01827640553905
2013-11-11,92.04879219640813
2013-11-12,92.25232283551257
2013-11-13,92.55557576303003
2013-11-14,92.94678698784563
2013-11-15,93.08455987969123
2013-11-18,94.50613792767987
2013-11-19,97.06570357363145
2013-11-20,99.78888908135619
2013-11-21,104.61831377852727
2013-11-22,108.29159382489092
2013-11-25,113.53995785337356
2013-11-26,117.45002712470016
2013-11-27,121.51254617699229
2013-11-28,125.61632223247045
2013-11-29,129.36349280641883
2013-12-02,131.71327215313082
2013-12-03,134.1575606060883
2013-12-04,137.00318444637554
2013-12-05,139.3497599907966
2013-12-06,142.13535559058283
2013-12-09,147.2299096528155
2013-12-10,151.32346344957193
2013-12-11,155.62218693926306
2013-12-12,158.66202465111274
2013-12-13,162.77491267492263
2013-12-16,167.22752110888007
2013-12-17,171.30553398918198
2013-12-18,174.89427014277084
2013-12-19,174.5264238096869
2013-12-20,172.90793577107075
2013-12-23,170.20637947341334
2013-12-24,167.86587128410497
2013-12-25,165.71433180846864
2013-12-26,163.2262408020164
2013-12-27,160.06817776384574
2013-12-30,157.989168072995
2013-12-31,155.24047953964265
2014-01-01,152.16143499317104
2014-01-02,149.14320657011788
2014-01-03,146.9792805683274
2014-01-06,144.61784109117514
2014-01-07,143.28044157472127
2014-01-08,141.41033823888534
2014-01-09,139.46564165395773
2014-01-10,136.13320886071222
2014-01-13,132.62331839420685
2014-01-14,127.74292177415893
2014-01-15,123.33522662418586
2014-01-16,120.41922057761829
2014-01-17,119.46806587004971
2014-01-20,118.07127013919248
2014-01-21,116.95317371139177
2014-01-22,115.8661815285066
2014-01-23,114.71140785469754
2014-01-24,114.48020392590074
2014-01-27,114.8835294884993
2014-01-28,115.60449433860724
2014-01-29,115.91855469363341
2014-01-30,115.00441328715881
2014-01-31,113.23105627683795
2014-02-03,111.99571746454373
2014-02-04,109.85059024127494
2014-02-05,108.40046024816465
2014-02-06,108.15096010741681
2014-02-07,107.89049467259508
2014-02-10,106.70349420083407
2014-02-11,107.00237895971705
2014-02-12,106.77550985422451
2014-02-13,106.47287583364569
2014-02-14,106.39635585028718
2014-02-17,107.74178548394357
2014-02-18,108.34118770080163
2014-02-19,108.69300276018059
2014-02-20,108.65913796376272
2014-02-21,108.67981370959578
2014-02-24,108.43834531896735
2014-02-25,108.58092063588091
2014-02-26,108.747987814062
2014-02-27,108.5527377628504
2014-02-28,108.69655660679287
2014-03-03,108.87882242691146
2014-03-04,109.22269391317464
2014-03-05,108.95571487709101
2014-03-06,107.7011549619674
2014-03-07,106.87811078898801
2014-03-10,106.32631087162395
2014-03-11,104.51876215117258
2014-03-12,102.99982238979905
2014-03-13,101.36442584009713
2014-03-14,98.97961237415886
2014-03-17,96.07115129529963
2014-03-18,93.7850000978259
2014-03-19,91.14583210015867
2014-03-20,89.60946794012182
2014-03-21,88.3347677337428
2014-03-24,86.75696989639633
2014-03-25,85.07321964307292
2014-03-26,83.16792100633566
2014-03-27,82.70475580690406
2014-03-28,82.07078159792344
2014-03-30,80.77543962424407
2014-03-31,78.67679201339273
2014-04-01,76.80527468993932
2014-04-02,75.0727484355565
2014-04-03,74.07958942260464
2014-04-06,72.8215321436835
2014-04-07,71.45698093880127
2014-04-08,69.54488131990456
2014-04-09,68.23241369326442
2014-04-10,67.70680153223933
2014-04-13,67.46156388319815
2014-04-14,67.57203733410577
2014-04-15,68.43339181686227
2014-04-16,68.74997135854801
2014-04-17,68.56366686211095
2014-04-20,67.86728441307156
2014-04-21,66.86911721485903
2014-04-22,65.69611747321082
2014-04-23,64.53420777754587
2014-04-24,63.27625145887083
2014-04-27,62.04088219456429
2014-04-28,61.37320595100177
2014-04-29,60.353493052011274
2014-04-30,60.114354121462995
2014-05-01,59.2347674590376
2014-05-04,58.65030166892278
2014-05-05,58.31956596329356
2014-05-06,58.52084013601946
2014-05-07,58.66644418122952
2014-05-08,59.007049531191036
2014-05-11,58.72062019496828
2014-05-12,58.858616847819555
2014-05-13,58.828210588266316
2014-05-14,59.44174157792376
2014-05-15,60.38784924931313
2014-05-18,61.91190338460659
2014-05-19,63.24139401134606
2014-05-20,64.49047513867285
2014-05-21,65.02855222992716
2014-05-22,65.82539371265321
2014-05-25,67.11746918685527
2014-05-26,68.84220704430389
2014-05-27,70.84623789380994
2014-05-28,73.26921735512806
2014-05-29,75.28298703916005
2014-06-01,76.75354219885057
2014-06-02,78.22892354428042
2014-06-03,79.33682117140903
2014-06-04,80.53323924886362
2014-06-05,81.32610589930484
2014-06-08,82.62073902125874
2014-06-09,83.64774022444398
2014-06-10,84.39683681765769
2014-06-11,85.09443213986732
2014-06-12,86.27058426582332
2014-06-15,87.24906739940175
2014-06-16,89.37991366145673
2014-06-17,90.87694850254714
2014-06-18,92.39996106912157
2014-06-19,93.37935093230655
2014-06-22,93.91966971157312
2014-06-23,93.44740837199531
2014-06-24,93.288915328037
2014-06-25,92.83256829937501
2014-06-26,92.8044960655252
2014-06-29,93.6548431114837
2014-06-30,94.97305053048291
2014-07-01,96.00026475174734
2014-07-02,97.33922013046738
2014-07-03,98.42928519831999
2014-07-06,99.10194184199122
2014-07-07,99.6558864402064
2014-07-08,100.07939449881417
2014-07-09,100.041236731969
2014-07-10,99.11653798596157
2014-07-13,98.42847082638505
2014-07-14,96.5838340249687
2014-07-15,95.75629997209239
2014-07-16,94.97891292030388
2014-07-17,94.63976890300847
2014-07-20,93.94077084644078
2014-07-21,93.25957278683009
2014-07-22,92.0814405780491
2014-07-23,90.78268743015526
2014-07-24,89.95276333064052
2014-07-27,88.68039541702694
2014-07-28,87.24115266838061
2014-07-29,87.00610314554659
2014-07-30,86.81747844599403
2014-07-31,86.33053738209499
2014-08-03,86.00520864368528
2014-08-04,85.03906000056652
2014-08-05,84.25345515529501
2014-08-06,84.1631600323317
2014-08-07,84.26455444211437
2014-08-10,83.92413843459602
2014-08-11,84.60973178882524
2014-08-12,85.66744350024598
2014-08-13,87.64293760310079
2014-08-14,89.50938223570593
2014-08-17,92.34590056330856
2014-08-18,95.78109238935846
2014-08-19,99.32064436535677
2014-08-20,102.57756077387421
2014-08-21,105.62069117645835
2014-08-24,108.23006456347187
2014-08-25,110.29349857693015
2014-08-26,112.24843737442714
2014-08-27,113.31013386001469
2014-08-28,114.33545405293953
2014-08-31,115.51926944830407
2014-09-01,117.13537260492278
2014-09-02,119.17871277699496
2014-09-03,120.66006413620207
2014-09-04,121.7562948354956
2014-09-07,123.90185514057414
2014-09-08,124.97233686817594
2014-09-09,125.41136360607634
2014-09-10,124.59216429028568
2014-09-11,123.6019417929954
2014-09-14,122.10907712866336
2014-09-15,120.48964220297941
2014-09-16,118.3420831942243
2014-09-17,115.7990160691423
2014-09-18,112.92413385780819
2014-09-21,111.3338809296857
2014-09-22,110.09722999093051
2014-09-23,107.99881756307991
2014-09-24,107.40840713345999
2014-09-25,107.45823506153422
2014-09-28,108.41048103541418
2014-09-29,109.68366799795558
2014-09-30,111.54274542801197
2014-10-01,113.5411333463826
2014-10-02,116.83696206715479
2014-10-05,120.81944998893664
2014-10-06,125.75961117750073
2014-10-07,130.21246152687186
2014-10-08,135.80295053754057
2014-10-09,141.19523141505
2014-10-12,146.8759220385113
2014-10-13,152.2175445792214
2014-10-14,160.47440486799877
2014-10-15,170.26883647921744
2014-10-16,176.6220908170455
2014-10-19,180.81603480357313
2014-10-20,183.98362821260415
2014-10-21,187.17976003038967
2014-10-22,190.09576010544873
2014-10-23,192.81757292296354
2014-10-27,194.40516309024113
2014-10-28,195.55202348180728
2014-10-29,196.59880669394974
2014-10-30,197.00148754013458
2014-10-31,195.53711394468218
2014-11-03,192.69161821940924
2014-11-04,188.92929698943428
2014-11-05,185.99447567028423
2014-11-06,181.62691534034923
2014-11-07,178.15788239892805
2014-11-10,174.06642944112247
2014-11-11,169.15888689798766
2014-11-12,161.2780377836152
2014-11-13,152.38314431160717
2014-11-14,147.45654859920845
2014-11-17,144.1107932716548
2014-11-18,141.63995759151342
2014-11-19,139.83268614273408
2014-11-20,137.49369709070822
2014-11-21,134.75875342876557
2014-11-24,133.26737884360546
2014-11-25,132.59594561709045
2014-11-26,131.84916281435326
2014-11-27,132.92838053057218
2014-11-28,134.29913542030198
2014-12-01,135.42280360897703
2014-12-02,136.5102470528047
2014-12-03,136.5654848383534
2014-12-04,136.01713016013804
2014-12-05,134.81096713282443
2014-12-08,134.30552161057113
2014-12-09,134.10529095169278
2014-12-10,134.23464405735294
2014-12-11,134.77900498756804
2014-12-12,135.61564941009163
2014-12-15,135.7173485566894
2014-12-16,136.05208908591777
2014-12-17,137.1742931566082
2014-12-18,139.50208575490174
2014-12-19,142.80455499313868
2014-12-22,144.02296253797525
2014-12-23,143.4580016265785
2014-12-24,142.8862070415558
2014-12-25,141.10193967804034
2014-12-26,139.34456849981825
2014-12-29,139.55740981726888
2014-12-30,140.0724989106991
2014-12-31,140.1990877859995
2015-01-01,140.61312117236267
2015-01-02,140.52224390639253
2015-01-05,140.4213145325143
2015-01-06,141.57884585743986
2015-01-07,143.27685695713888
2015-01-08,144.9810315931138
2015-01-09,146.31922162946222
2015-01-12,148.4954927484291
2015-01-13,149.53446608879807
2015-01-14,150.25880105021417
2015-01-15,150.73812537625636
2015-01-16,150.28228484991524
2015-01-19,150.5750898201153
2015-01-20,151.07110131585745
2015-01-21,150.64110796978605
2015-01-22,149.37066455972217
2015-01-23,148.1316497719813
2015-01-26,145.30991259610045
2015-01-27,141.84587437833636
2015-01-28,139.24137584821636
2015-01-29,137.48850704235218
2015-01-30,135.85410909354297
2015-02-02,133.77901570204546
2015-02-03,130.27610007865636
2015-02-04,126.03573147978372
2015-02-05,121.6942748351654
2015-02-06,117.73503974985678
2015-02-09,113.19476716298354
2015-02-10,109.14668343425323
2015-02-11,104.45492665837807
2015-02-12,99.51837333462535
2015-02-13,95.66445226022006
2015-02-16,92.65522766593051
2015-02-17,90.7644831412336
2015-02-18,90.18598189396992
2015-02-19,90.7156347415606
2015-02-20,91.73905974598583
2015-02-23,92.2978690259645
2015-02-24,94.26184126171675
2015-02-25,97.31700551480805
2015-02-26,100.15259457281553
2015-02-27,104.28869883420255
2015-03-02,108.50461424190387
2015-03-03,113.55176593991379
2015-03-04,120.57452318591933
2015-03-05,128.82733158500952
2015-03-06,136.41946417344357
2015-03-09,144.52755060517453
2015-03-10,151.64448784315186
2015-03-11,160.21208136261862
2015-03-12,170.42497325000483
2015-03-13,178.05214903802852
2015-03-16,185.5742015804855
2015-03-17,195.22669388399333
2015-03-18,206.08159980796148
2015-03-19,216.8706160648258
2015-03-20,227.56503351501095
2015-03-23,238.63488577206925
2015-03-24,246.11903905319915
2015-03-25,252.42532488268498
2015-03-26,260.68916573269024
2015-03-27,268.317792713723
2015-03-29,275.16871651072563
2015-03-30,281.524090906891
2015-03-31,284.99184159712104
2015-04-01,286.36897402647526
2015-04-02,286.2655219968076
2015-04-05,283.85999242842524
2015-04-06,283.2156847333325
2015-04-07,281.7309962042355
2015-04-08,277.6732617316221
2015-04-09,275.8723365121528
2015-04-12,272.16224384628697
2015-04-13,265.39109765891146
2015-04-14,256.4461228728212
2015-04-15,246.71595740719695
2015-04-16,236.65187541408318
2015-04-19,227.20764035979224
2015-04-20,219.70378290244997
2015-04-21,211.27343246352294
2015-04-22,201.3047454751279
2015-04-23,191.11758317355276
2015-04-26,181.23578579160926
2015-04-27,171.30494626527616
2015-04-28,162.57950787346837
2015-04-29,154.53488737414236
2015-04-30,147.32064873766188
2015-05-03,141.59215306858954
2015-05-04,135.3786624276451
2015-05-05,128.3582137852395
2015-05-06,121.09306212008912
2015-05-07,113.08801218620097
2015-05-10,106.56326210782564
2015-05-11,101.46370987159008
2015-05-12,96.63765919714719
2015-05-13,92.44459132999161
2015-05-14,88.65935804271669
2015-05-17,83.90349284892682
2015-05-18,80.1908656292326
2015-05-19,77.96340545345673
2015-05-20,75.6974203543838
2015-05-21,73.67903296982418
2015-05-24,72.64554010945004
2015-05-25,71.88026515882957
2015-05-26,71.57995109263
2015-05-27,71.2841354364625
2015-05-28,71.67917170400952
2015-05-31,72.2872305862247
2015-06-01,73.11535159534671
2015-06-02,74.21701487338987
2015-06-03,76.39107479358947
2015-06-04,79.39629967157398
2015-06-07,82.39896567232682
2015-06-08,85.49964537541857
2015-06-09,88.36061953868159
2015-06-10,91.61177603299589
2015-06-11,95.84048656146693
2015-06-14,100.45717425012569
2015-06-15,104.95009516236442
2015-06-16,108.95428864277903
2015-06-17,112.38335638133451
2015-06-18,114.60523233880124
2015-06-21,115.82733000516461
2015-06-22,116.86727566873135
2015-06-23,118.499673393397
2015-06-24,119.88839288176071
2015-06-25,122.02182583944543
2015-06-28,124.62903701802122
2015-06-29,126.05643450649389
2015-06-30,127.4437811941358
2015-07-01,128.25453830113116
2015-07-02,129.4908411160857
2015-07-05,130.40813131826107
2015-07-06,130.1327698571353
2015-07-07,129.92907988463034
2015-07-08,129.85361740297486
2015-07-09,128.8286141550806
2015-07-12,126.26137835590438
2015-07-13,123.4454612088698
2015-07-14,120.58702220176801
2015-07-15,118.13582503399675
2015-07-16,116.96991689384643
2015-07-19,116.1597838283199
2015-07-20,117.22403342556527
2015-07-21,118.34727349771
2015-07-22,118.77449750127835
2015-07-23,117.86867766895088
2015-07-26,116.45788140700995
2015-07-27,116.87263720053133
2015-07-28,117.60105252811941
2015-07-29,117.92882925287233
2015-07-30,118.4649077223005
2015-08-02,118.65034681497498
2015-08-03,119.29075840422504
2015-08-04,121.6312582662816
2015-08-05,125.43609147291382
2015-08-06,129.94837190383174
2015-08-09,135.34941087293547
2015-08-10,140.25895471217356
2015-08-11,145.42536938573346
2015-08-12,151.07369114531153
2015-08-13,157.04014736321838
2015-08-16,163.0681032935251
2015-08-17,169.69045164153715
2015-08-18,176.83263618296317
2015-08-19,184.54809101230796
2015-08-20,192.3349787881925
2015-08-23,197.6792575750506
2015-08-24,202.36502595459714
2015-08-25,205.89622315969092
2015-08-26,209.24531731998258
2015-08-27,211.71291280582415
2015-08-30,215.64412099417694
2015-08-31,220.3773769370824
2015-09-01,223.16761570115614
2015-09-02,223.1086889751905
2015-09-03,222.97764129126804
2015-09-06,222.82434571386375
2015-09-07,225.00938418339464
2015-09-08,226.06315853168385
2015-09-09,225.40189188901303
2015-09-10,224.39368304094404
2015-09-13,223.21662819554453
2015-09-14,221.20074115478127
2015-09-15,219.36436175566072
2015-09-16,217.77880618370796
2015-09-17,216.957589785827
2015-09-20,216.93177020151376
2015-09-21,215.67487385663767
2015-09-22,215.30744614065748
2015-09-23,215.1422142399005
2015-09-24,214.67857926128585
2015-09-27,213.1698022747872
2015-09-28,212.44365464233383
2015-09-29,211.40086133712344
2015-09-30,211.58378137563008
2015-10-01,212.23480770787506
2015-10-04,214.16472047719103
2015-10-05,214.87163440577578
2015-10-06,218.80806394105343
2015-10-07,218.53133675978066
2015-10-08,219.26770245208746
2015-10-11,220.38898475417167
2015-10-12,218.63529469456094
2015-10-13,213.82840280208183
2015-10-14,210.01165249912484
2015-10-15,205.27302120964083
2015-10-18,201.23277076853566
2015-10-19,197.56841283016485
2015-10-20,193.53208479521643
2015-10-21,188.69418616984396
2015-10-22,183.89605805551545
2015-10-26,179.17598465195516
2015-10-27,173.51408296544943
2015-10-28,168.12417811858506
2015-10-29,161.91842134045072
2015-10-30,154.8998913781676
2015-11-02,146.73730562012037
2015-11-03,138.8628095360074
2015-11-04,128.9159416934582
2015-11-05,124.33357100236519
2015-11-06,118.09786610047601
2015-11-09,111.4353404407537
2015-11-10,106.60570126244367
2015-11-11,103.37491991021982
2015-11-12,98.28819680643728
2015-11-13,94.74875882316765
2015-11-16,91.80499285886518
2015-11-17,88.9514329033239
2015-11-18,86.81846309527398
2015-11-19,86.02835496288003
2015-11-20,84.92671960756904
2015-11-23,84.37756262407358
2015-11-24,83.13694512136489
2015-11-25,82.85106821805584
2015-11-26,82.68065037294619
2015-11-27,83.53489111356488
2015-11-30,84.46145151848812
2015-12-01,84.15211632403137
2015-12-02,82.92779570875797
2015-12-03,82.27072745894189
2015-12-04,81.82814229303713
2015-12-07,81.065585044189
2015-12-08,80.95310744085279
2015-12-09,80.32689769277174
2015-12-10,80.3163820889195
2015-12-11,80.62609312921738
2015-12-14,82.22720880926744
2015-12-15,84.09825718295977
2015-12-16,85.30832095341428
2015-12-17,85.42086333512087
2015-12-18,86.25438490173653
2015-12-21,86.95256850477841
2015-12-22,87.91515601643222
2015-12-23,88.3364236867861
2015-12-24,89.48405143611234
2015-12-25,89.89245700099994
2015-12-28,90.72454671638138
2015-12-29,92.4973052625513
2015-12-30,95.40580328750339
2015-12-31,97.72569099538039
2016-01-01,101.05943573717114
2016-01-04,104.2169624727519
2016-01-05,106.97980590106272
2016-01-06,109.99778244683691
2016-01-07,113.68799677567361
2016-01-08,116.58901273077981
2016-01-11,118.4703463402976
2016-01-12,121.73850526529031
2016-01-13,125.32008095119677
2016-01-14,129.34469644014953
2016-01-15,133.99412033364885
2016-01-18,137.65250953798943
2016-01-19,140.52917172929855
2016-01-20,143.66243748839128
2016-01-21,146.8440035913249
2016-01-22,150.49834455955357
2016-01-25,154.5397775892646
2016-01-26,156.76526866386737
2016-01-27,159.18627395086767
2016-01-28,162.92387820622514
2016-01-29,164.91048586487142
2016-02-01,166.72136228808634
2016-02-02,169.04517653207006
2016-02-03,171.4334112858058
2016-02-04,174.3753276597596
2016-02-05,176.02345592397307
2016-02-08,176.46032181875233
2016-02-09,175.55328018813003
2016-02-10,175.25071131475778
2016-02-11,174.8144679813798
2016-02-12,172.74146530117315
2016-02-15,171.0913700779945
2016-02-16,170.5151971387799
2016-02-17,167.38241287907894
2016-02-18,163.5110005659662
2016-02-19,158.72863632013699
2016-02-22,152.69154217715018
2016-02-23,147.92724588271489
2016-02-24,143.21163050260583
2016-02-25,137.68503488135534
2016-02-26,133.416984622164
2016-02-29,130.46579984101118
2016-03-01,126.82095259634119
2016-03-02,123.14958292877895
2016-03-03,118.82872570928059
2016-03-04,114.67865440941027
2016-03-07,111.54502717621654
2016-03-08,109.11148932413923
2016-03-09,105.28573131833714
2016-03-10,101.58527155266708
2016-03-11,98.65738045234728
2016-03-14,96.36410034819359
2016-03-15,93.14195563484505
2016-03-16,91.86968061281812
2016-03-17,89.82630558886267
2016-03-18,88.056820817204
2016-03-21,87.3763305790786
2016-03-22,86.65423788991987
2016-03-23,85.26530657565442
2016-03-24,83.86149043911647
2016-03-25,81.98341327225333
2016-03-27,80.28248309322124
2016-03-28,79.34730889436396
2016-03-29,77.73150290752001
2016-03-30,75.17787468750642
2016-03-31,73.19178852024399
2016-04-03,71.58854432297709
2016-04-04,69.64511305462531
2016-04-05,68.57045722127319
2016-04-06,67.87043338806038
2016-04-07,66.7482790709631
2016-04-10,65.30272243026226
2016-04-11,64.33494950865214
2016-04-12,63.10604752584079
2016-04-13,62.88023936975586
2016-04-14,62.23527722362915
2016-04-17,61.397364164787994
2016-04-18,60.94411939162793
2016-04-19,60.878637926929784
2016-04-20,60.89044884888174
2016-04-21,61.30765838495631
2016-04-24,60.73653290649264
2016-04-25,59.4781551236559
2016-04-26,59.11022612376995
2016-04-27,59.54637767314669
2016-04-28,60.885191949742804
2016-05-01,62.699259296659456
2016-05-02,63.72058130882815
2016-05-03,63.842046717977425
2016-05-04,64.6801748401014
2016-05-05,66.23459310157472
2016-05-08,67.58685522747776
2016-05-09,68.82322359031147
2016-05-10,70.12779892228949
2016-05-11,70.56539966222539
2016-05-12,71.2562847105821
2016-05-15,72.37749423434335
2016-05-16,73.7737088523196
2016-05-17,75.02019700844724
2016-05-18,76.55920381379433
2016-05-19,78.32702410982104
2016-05-22,80.13450305541899
2016-05-23,81.17361343708181
2016-05-24,81.65777530103693
2016-05-25,82.28434058902829
2016-05-26,82.45122071136578
2016-05-29,82.77534283552207
2016-05-30,84.77532921835322
2016-05-31,87.94209749516821
2016-06-01,90.11530444764345
2016-06-02,91.88558207677718
2016-06-05,93.18803905881904
2016-06-06,94.4081822893211
2016-06-07,96.49354745869377
2016-06-08,99.6422953305127
2016-06-09,102.28506095674943
2016-06-12,103.92915702710825
2016-06-13,105.77196773752712
2016-06-14,107.64098857115962
2016-06-15,108.90422177849578
2016-06-16,109.92009915055262
2016-06-19,110.83312045925568
2016-06-20,111.05986081879644
2016-06-21,110.99258899527342
2016-06-22,111.14592608234909
2016-06-23,111.19097507180788
2016-06-26,110.75848842029241
2016-06-27,109.95911830272917
2016-06-28,109.19367185962756
2016-06-29,108.25690697203575
2016-06-30,106.48878476254015
2016-07-03,104.82383933108625
2016-07-04,103.6349305505164
2016-07-05,101.38784139701654
2016-07-06,98.50102598299493
2016-07-07,96.33319207176831
2016-07-10,94.33243089618387
2016-07-11,91.23422863838098
2016-07-12,87.62691928717271
2016-07-13,84.09121404571705
2016-07-14,80.42319278357587
2016-07-17,77.30800881896064
2016-07-18,75.96336815457087
2016-07-19,75.1856102054075
2016-07-20,73.85285213324133
2016-07-21,72.39653998528189
2016-07-24,70.97771031536739
2016-07-25,69.37561303035545
2016-07-26,67.35190110126409
2016-07-27,66.09965555951793
2016-07-28,65.41032174908189
2016-07-31,64.87922059706771
2016-08-01,63.56235718654659
2016-08-02,62.815993923712576
2016-08-03,62.43429548031018
2016-08-04,61.89169425864689
2016-08-07,61.9820982323691
2016-08-08,62.70406645245019
2016-08-09,63.62769926958303
2016-08-10,64.893922882775
2016-08-11,65.75922578920057
2016-08-14,66.2397226004784
2016-08-15,66.82366478712885
2016-08-16,67.81410799601291
2016-08-17,68.88734329817177
2016-08-18,69.78930737741044
2016-08-21,70.14034602816767
2016-08-22,69.65349091647371
2016-08-23,68.70437740980047
2016-08-24,67.34388980492056
2016-08-25,66.55446139542008
2016-08-28,66.26453511995254
2016-08-29,66.92774100091404
2016-08-30,67.51815389966181
2016-08-31,68.84164130980017
2016-09-01,69.65070194113882
2016-09-04,69.68678090931297
2016-09-05,70.11429331289563
2016-09-06,70.7855394206866
2016-09-07,70.82732242939775
2016-09-08,71.55328335631644
2016-09-11,72.19775480343006
2016-09-12,72.20220669707949
2016-09-13,71.94900263365942
2016-09-14,71.9613179464964
2016-09-15,72.35599195241147
2016-09-18,73.22244472612647
2016-09-19,74.17996743431081
2016-09-20,75.23706465490777
2016-09-21,77.35090031035078
2016-09-22,80.23818801041381
2016-09-25,83.24227147917878
2016-09-26,86.80568713209433
2016-09-27,91.30839813609528
2016-09-28,94.54377581513707
2016-09-29,97.2062176776208
2016-10-02,99.60040227233432
2016-10-03,101.31924200143999
2016-10-04,102.0474754201281
2016-10-05,103.34910136889502
2016-10-06,104.32430203052408
2016-10-09,105.67927819168838
2016-10-10,107.50533112011958
2016-10-11,108.63519330962663
2016-10-12,109.82327750729141
2016-10-13,110.97296252930266
2016-10-16,111.14693156717358
2016-10-17,112.65044503021423
2016-10-18,114.14130794923945
2016-10-19,114.47425798328177
2016-10-20,113.35841882139957
2016-10-23,111.65152392068788
2016-10-24,108.92740116528232
2016-10-25,106.04732152648167
2016-10-26,103.33896985723493
2016-10-27,101.01493946739778
2016-10-31,98.58467273230511
2016-11-01,96.06394704042656
2016-11-02,93.75651506918067
2016-11-03,90.76737374332974
2016-11-04,87.94173795686368
2016-11-07,85.05378653361718
2016-11-08,81.98137694685747
2016-11-09,80.02827148862622
2016-11-10,78.5478500275194
2016-11-11,76.90150951779592
2016-11-14,76.09564252335855
2016-11-15,75.05182950457181
2016-11-16,74.21945423777153
2016-11-17,73.83418631620094
2016-11-18,72.94386392652193
2016-11-21,72.16137476951386
2016-11-22,71.82513706215236
2016-11-23,72.03806795200754
2016-11-24,75.0138129969671
2016-11-25,78.82023768313128
2016-11-28,83.87854027155414
2016-11-29,88.77145784060254
2016-11-30,94.0815781467002
2016-12-01,99.06481546289922
2016-12-02,103.60474120716974
2016-12-05,107.65607528931605
2016-12-06,111.93205227981532
2016-12-07,116.48664892469836
2016-12-08,120.48344430991922
2016-12-09,124.53213205170519
2016-12-12,128.57016963516367
2016-12-13,132.75810490311818
2016-12-14,136.80985971450568
2016-12-15,141.39708339429447
2016-12-16,145.44318056716506
2016-12-19,148.9535866663191
2016-12-20,151.35257464837673
2016-12-21,152.12475655415992
2016-12-22,150.28276053563272
2016-12-23,148.00856143279253
2016-12-26,145.21702046780257
2016-12-27,142.86183030989804
2016-12-28,141.31298514338116
2016-12-29,139.41510658286106
2016-12-30,136.7841902396871
2017-01-02,134.34419646276572
2017-01-03,131.29456232045715
2017-01-04,127.45376393426143
2017-01-05,123.07249325304929
2017-01-06,118.75982228430443
2017-01-09,114.92140360362657
2017-01-10,110.46862289380798
2017-01-11,105.95655472990731
2017-01-12,100.14061416951553
2017-01-13,95.72189323106086
2017-01-16,92.19093592991473
2017-01-17,89.23093667062923
2017-01-18,86.1092030257756
2017-01-19,82.95988360433986
2017-01-20,79.17354100361626
2017-01-23,75.46573734528207
2017-01-24,72.12323222471557
2017-01-25,68.41960768601155
2017-01-26,65.98832598571248
2017-01-27,64.8900947026399
2017-01-30,64.22442927093091
2017-01-31,63.91531748820779
2017-02-01,63.93052708081677
2017-02-02,63.2891568710392
2017-02-03,62.26564561372245
2017-02-06,60.746026131415896
2017-02-07,59.33102986886788
2017-02-08,58.44594113561161
2017-02-09,58.13643774809784
2017-02-10,57.969432577051634
2017-02-13,57.61388647602943
2017-02-14,57.572563176874766
2017-02-15,57.68240341113377
2017-02-16,58.07726391827602
2017-02-17,59.28907904646303
2017-02-20,60.29713947480593
2017-02-21,60.75747631470641
2017-02-22,61.47399414668174
2017-02-23,62.415603389076885
2017-02-24,63.1759993707509
2017-02-27,63.36088087288679
2017-02-28,63.40685115157014
2017-03-01,62.596759756716985
2017-03-02,63.457639618368205
2017-03-03,64.3021427233511
2017-03-06,64.88918008523629
2017-03-07,64.98533577208325
2017-03-08,64.84388015031757
2017-03-09,64.74149440803865
2017-03-10,65.19630180387051
2017-03-13,65.85966999835716
2017-03-14,66.32438674401786
2017-03-15,66.91849824818883
2017-03-16,68.01754004706103
2017-03-17,68.6814427053511
2017-03-20,70.16548166243733
2017-03-21,72.08848281814903
2017-03-22,73.87531472388628
2017-03-23,75.9409369946278
2017-03-24,77.32018796946132
2017-03-26,79.40533839917317
2017-03-27,81.62419871072105
2017-03-28,83.48303719290602
2017-03-29,84.60415149682329
2017-03-30,85.73958412516492
2017-04-02,87.00295643107944
2017-04-03,89.0244669140281
2017-04-04,91.70255456983566
2017-04-05,95.1982976111619
2017-04-06,96.94410085982157
2017-04-09,98.67384256446661
2017-04-10,100.42239006924406
2017-04-11,102.09412760739221
2017-04-12,104.21693556936711
2017-04-13,105.7723534852206
2017-04-16,106.29262114615815
2017-04-17,106.22044749725444
2017-04-18,106.1262088904999
2017-04-19,105.81085771152334
2017-04-20,105.6093803467052
2017-04-23,105.5648090890199
2017-04-24,105.30453519977027
2017-04-25,105.59563336776834
2017-04-26,105.41904008034714
2017-04-27,105.03397540238723
2017-04-30,104.98003764229686
2017-05-01,104.35345956276721
2017-05-02,103.20830630410747
2017-05-03,101.93158594757813
2017-05-04,100.95010442733702
2017-05-07,100.26105226993168
2017-05-08,100.52460762494515
2017-05-09,101.01834212469801
2017-05-10,100.49473959204184
2017-05-11,100.19193430567493
2017-05-14,100.67063927288702
2017-05-15,100.78528536536224
2017-05-16,100.95552061611714
2017-05-17,101.38678186241359
2017-05-18,101.63285619763096
2017-05-21,102.23072197651581
2017-05-22,102.38886831187077
2017-05-23,103.10296119190221
2017-05-24,103.2858842305961
2017-05-25,103.26940676270912
2017-05-28,102.70953568471839
2017-05-29,102.31355690647624
2017-05-30,104.50128454971454
2017-05-31,107.54756095118007
2017-06-01,109.79744782259911
2017-06-04,112.06648310516968
2017-06-05,113.74198671037493
2017-06-06,115.76745805146861
2017-06-07,117.18020003842562
2017-06-08,119.02884281709434
2017-06-11,121.69337244845322
2017-06-12,124.55686174122789
2017-06-13,126.22887364086564
2017-06-14,127.1005743987613
2017-06-15,128.923106053266
2017-06-18,130.52553837469887
2017-06-19,132.44598060961908
2017-06-20,134.68379073691779
2017-06-21,137.4109080246907
2017-06-22,140.97343599083857
2017-06-25,145.87199218912926
2017-06-26,149.83222167617632
2017-06-27,151.14051721873835
2017-06-28,151.35506306986022
2017-06-29,154.28142025238574
2017-07-02,157.58676267283136
2017-07-03,162.1423698516435
2017-07-04,166.81241462270106
2017-07-05,167.89036486734108
2017-07-06,166.94867550513226
2017-07-09,165.55198640774182
2017-07-10,164.80712599025193
2017-07-11,164.60034039835094
2017-07-12,164.4992067080107
2017-07-13,164.2594667678248
2017-07-16,164.43379634448326
2017-07-17,164.3135268815085
2017-07-18,163.78009310978595
2017-07-19,163.91953596172613
2017-07-20,163.09225243914918
2017-07-23,160.74243481642574
2017-07-24,158.78771023445
2017-07-25,156.44743935406555
2017-07-26,153.20602477510377
2017-07-27,148.6628047963058
2017-07-30,142.4715041276595
2017-07-31,133.60833299694588
2017-08-01,124.40557803568822
2017-08-02,119.2607868084662
2017-08-03,116.63590042610016
2017-08-06,112.83337889400991
2017-08-07,108.96139429795946
2017-08-08,104.87964334315006
2017-08-09,100.75692105743543
2017-08-10,96.30558107274469
2017-08-13,90.75406646207519
2017-08-14,86.18169503468911
2017-08-15,81.16223397547792
2017-08-16,76.16264294603452
2017-08-17,71.8530488447078
2017-08-20,68.20641350385476
2017-08-21,64.74626693945702
2017-08-22,61.67224638602984
2017-08-23,59.13501431749199
2017-08-24,57.23439250686043
2017-08-27,56.43255023618652
2017-08-28,56.42501516410999
2017-08-29,56.017687041184885
2017-08-30,56.333413107161675
2017-08-31,56.341120629079434
2017-09-03,56.94701368964617
2017-09-04,57.73677204126879
2017-09-05,59.13129076687013
2017-09-06,60.951492410374286
2017-09-07,63.8387679150758
2017-09-10,66.54972601971198
2017-09-11,68.88271544591926
2017-09-12,70.8171960454218
2017-09-13,72.69828190143797
2017-09-14,74.42394522457954
2017-09-17,75.97861573394957
2017-09-18,78.02363656746275
2017-09-19,79.52824260092302
2017-09-20,81.00831702189278
2017-09-21,81.72215333490155
2017-09-24,81.58541536100813
2017-09-25,82.04463574488658
2017-09-26,82.6239336468
2017-09-27,82.11739483601681
2017-09-28,81.42407827796043
2017-10-01,80.30162262025556
2017-10-02,78.67662815760303
2017-10-03,77.34068752552717
2017-10-04,75.90779827777071
2017-10-05,73.3603022770997
2017-10-08,71.96133156097687
2017-10-09,70.96450007325191
2017-10-10,70.96684720913575
2017-10-11,70.70405923741879
2017-10-12,70.37215059556293
2017-10-15,69.70605785448464
2017-10-16,68.35713477720616
2017-10-17,67.3598303107156
2017-10-18,66.83743278961556
2017-10-19,66.97173296961418
2017-10-22,68.0041321414823
2017-10-23,68.76586707194171
2017-10-24,69.74020291879893
2017-10-25,71.47371018291666
2017-10-26,73.24055433703118
2017-10-30,75.71180764783921
2017-10-31,78.63738285721061
2017-11-01,81.01015570216904
2017-11-02,83.26003204415497
2017-11-03,86.55220697499252
2017-11-06,90.10165110420542
2017-11-07,92.54852141904792
2017-11-08,95.05351991173544
2017-11-09,98.33984290010518
2017-11-10,101.31063087619087
2017-11-13,105.2206768869593
2017-11-14,108.76704630143699
2017-11-15,111.58687318246123
2017-11-16,114.18809806416155
2017-11-17,116.97243245879194
2017-11-20,118.96333667263018
2017-11-21,121.07364540646566
2017-11-22,123.24970196141035
2017-11-23,125.52502968575166
2017-11-24,128.04473088482402
2017-11-27,130.38969146244705
2017-11-28,132.5006352441214
2017-11-29,135.47577853961397
2017-11-30,138.68487422433196
2017-12-01,141.1785741008814
2017-12-04,143.10580548147118
2017-12-05,144.78400904949893
2017-12-06,145.906159012776
2017-12-07,145.94884490283025
2017-12-08,146.29269037045384
2017-12-11,145.2417462798665
2017-12-12,144.09861024901863
2017-12-13,144.94274814004524
2017-12-14,145.30401868085647
2017-12-15,144.06425605747776
2017-12-18,143.25352691237703
2017-12-19,141.78298796939464
2017-12-20,141.35867401897022
2017-12-21,141.69382139470449
2017-12-22,141.10468464632118
2017-12-25,140.69233087066036
2017-12-26,140.87199486074044
2017-12-27,141.4725050376945
2017-12-28,142.36407240720723
2017-12-29,141.68347435840965
2018-01-01,139.37377780222948
2018-01-02,137.27269086898815
2018-01-03,135.40688063367335
2018-01-04,133.9159421003918
2018-01-05,133.17988396109868
2018-01-08,132.9653021222768
2018-01-09,133.41107269388357
2018-01-10,132.66424162738522
2018-01-11,132.1441045604751
2018-01-12,132.86998915414313
2018-01-15,133.00576206498687
2018-01-16,133.2115767608136
2018-01-17,131.99808071269214
2018-01-18,129.0289361507543
2018-01-19,126.8351321819658
2018-01-22,124.44672840707285
2018-01-23,121.91452920287884
2018-01-24,118.12608644868737
2018-01-25,112.63054419672123
2018-01-26,107.91457652201447
