Date,kdjd
2010-01-04,-0.16623444738327947
2010-01-05,0.16089878660888357
2010-01-06,0.4937266779957354
2010-01-07,0.8113817286292535
2010-01-08,1.013965917669959
2010-01-11,1.1344855309706738
2010-01-12,1.2581404137271184
2010-01-13,1.4417978179056823
2010-01-14,1.6215548739693482
2010-01-15,1.7778511591907977
2010-01-18,1.8759128652504375
2010-01-19,1.9790737729243428
2010-01-20,2.0961023694164513
2010-01-21,2.1990557523292225
2010-01-22,2.244978333248602
2010-01-25,2.0846378734503723
2010-01-26,2.0191178326173773
2010-01-27,1.9925510429375082
2010-01-28,2.0425944254988475
2010-01-29,2.1341356841292094
2010-02-01,2.110199946264677
2010-02-02,1.8886060445720803
2010-02-03,1.6689506409609691
2010-02-04,1.6073609194217757
2010-02-05,1.6267221974831028
2010-02-08,1.6163620511759076
2010-02-09,1.4322355452128948
2010-02-10,1.2344601707538676
2010-02-11,1.0577002414437617
2010-02-12,0.9523645182896958
2010-02-15,0.8499460727107802
2010-02-16,0.6753903237921453
2010-02-17,0.44157703880579136
2010-02-18,0.17302652183530484
2010-02-19,-0.12269794479630151
2010-02-22,-0.2740423839747432
2010-02-23,-0.2826975181683128
2010-02-24,-0.2322928428592899
2010-02-25,-0.02355453431442614
2010-02-26,0.06416281080806364
2010-03-01,0.040858080275780466
2010-03-02,-0.33312747885706273
2010-03-03,-0.4766634346777459
2010-03-04,-0.4987230149711288
2010-03-05,-0.5295657221313465
2010-03-08,-0.5045711230143758
2010-03-09,-0.47950060272747896
2010-03-10,-0.5019003933183719
2010-03-11,-0.45816742494950685
2010-03-12,-0.38092020254334313
2010-03-15,-0.28954046095342995
2010-03-16,-0.16449536892835187
2010-03-17,-0.07122714153765151
2010-03-18,0.07037240532524965
2010-03-19,0.3885209303209635
2010-03-22,0.7107900313809011
2010-03-23,0.8748983970940314
2010-03-24,1.0361930893777813
2010-03-25,1.216785802670534
2010-03-26,1.4581054997180025
2010-03-28,1.6135285636209868
2010-03-29,1.6262457975456712
2010-03-30,1.4582367125468199
2010-03-31,1.125813654454639
2010-04-01,0.7879236860351888
2010-04-04,0.45711458493173374
2010-04-05,0.14523052830696404
2010-04-06,0.03255318044684962
2010-04-07,0.0033572492937920233
2010-04-08,0.07537870060400283
2010-04-11,0.14071287118019724
2010-04-12,-0.13241960341019168
2010-04-13,-0.2515035851994283
2010-04-14,-0.24548806746262605
2010-04-15,-0.14056794444348691
2010-04-18,0.025731053373060586
2010-04-19,0.14551073872649695
2010-04-20,0.2424668835424051
2010-04-21,0.5230154881074425
2010-04-22,0.8476172858856942
2010-04-25,0.9846141260316696
2010-04-26,1.2141507655888486
2010-04-27,1.380796541718356
2010-04-28,1.256012004419426
2010-04-29,1.0646080687478257
2010-05-02,0.8905653556656754
2010-05-03,0.872809292157228
2010-05-04,1.0092442810493956
2010-05-05,1.2235633917253272
2010-05-06,1.41876352393967
2010-05-09,1.327950252900963
2010-05-10,1.1221678684257168
2010-05-11,0.8812941721630962
2010-05-12,0.6395854658655933
2010-05-13,0.5344151262346674
2010-05-16,0.45234179453565865
2010-05-17,0.431859130904996
2010-05-18,0.5026893861310631
2010-05-19,0.7414216612122976
2010-05-20,0.8686732354346086
2010-05-23,0.9873915437644909
2010-05-24,1.083465090114446
2010-05-25,1.1393478379945834
2010-05-26,0.9522115331986306
2010-05-27,0.6686811380755516
2010-05-30,0.41277748424844063
2010-05-31,0.270484640121794
2010-06-01,0.18333786867382637
2010-06-02,0.08723941619517558
2010-06-03,0.07036663212635148
2010-06-06,0.35130379374025156
2010-06-07,0.6569290303504437
2010-06-08,0.8576505343812248
2010-06-09,0.8542813142207406
2010-06-10,0.7103666107356138
2010-06-13,0.4677823258902355
2010-06-14,0.11814293505799274
2010-06-15,-0.169775479343678
2010-06-16,-0.40473709328196583
2010-06-17,-0.6370028552929691
2010-06-20,-0.8157945912077289
2010-06-21,-0.9253015595972188
2010-06-22,-0.6618602181700044
2010-06-23,-0.4013446246969277
2010-06-24,-0.15994287695431228
2010-06-27,0.08541571364130683
2010-06-28,0.4812280327155195
2010-06-29,0.7655953864571561
2010-06-30,1.0282094785036702
2010-07-01,1.0708847804095922
2010-07-04,1.0020031215909735
2010-07-05,0.8435328140142841
2010-07-06,0.6479589864861721
2010-07-07,0.4991114244310723
2010-07-08,0.3116641509638334
2010-07-11,0.16950257214575926
2010-07-12,0.03710231025171125
2010-07-13,0.07565542203091806
2010-07-14,0.28315642943880015
2010-07-15,0.6274314004640257
2010-07-18,1.006982590082206
2010-07-19,1.2026187743770873
2010-07-20,1.2788274601307297
2010-07-21,1.2158193674214168
2010-07-22,1.1000185034926433
2010-07-25,1.008988655330092
2010-07-26,0.8886155356639809
2010-07-27,0.7804103861331895
2010-07-28,0.7081276318822818
2010-07-29,0.6132429360985182
2010-08-01,0.4814991874294624
2010-08-02,0.44976448198910407
2010-08-03,0.52164134943363
2010-08-04,0.6212091540430056
2010-08-05,0.7399077641392936
2010-08-08,0.41190014566481137
2010-08-09,0.34772313015001005
2010-08-10,0.4788320158148303
2010-08-11,0.7103834290441235
2010-08-12,0.9434054466458295
2010-08-15,0.7824036652481055
2010-08-16,0.741589430715363
2010-08-17,0.6956012558567066
2010-08-18,0.6607293416405045
2010-08-19,0.7326833559871558
2010-08-22,0.41336988591500423
2010-08-23,0.37371207217758107
2010-08-24,0.45924757802099847
2010-08-25,0.6259656839719168
2010-08-26,0.7348938113929278
2010-08-29,0.3383891721161067
2010-08-30,0.22713985136970746
2010-08-31,0.2141249594397691
2010-09-01,0.180274238356141
2010-09-02,0.19426298646536694
2010-09-05,-0.19106974186625267
2010-09-06,-0.33757856637365435
2010-09-07,-0.3241534709715673
2010-09-08,-0.32057380227347365
2010-09-09,-0.28434081859217464
2010-09-12,-0.6248242812433189
2010-09-13,-0.6247622958884125
2010-09-14,-0.5320449304387744
2010-09-15,-0.2273798546494268
2010-09-16,0.12446184204385377
2010-09-19,-0.038583906611790765
2010-09-20,0.14287876653963516
2010-09-21,0.4390136405338867
2010-09-22,0.29437869746618306
2010-09-23,0.36659551614111374
2010-09-26,0.03914339337845343
2010-09-27,-0.02105097271658979
2010-09-28,0.049556682943970844
2010-09-29,0.1446192671165007
2010-09-30,0.21955870331456862
2010-10-03,-0.16200748948882177
2010-10-04,-0.21409289970162806
2010-10-05,-0.2344973722843302
2010-10-06,-0.10485927092914657
2010-10-07,0.03551493590787732
2010-10-10,-0.18296032237503565
2010-10-11,-0.2652013934028882
2010-10-12,-0.17501344165660368
2010-10-13,-0.1313302342648626
2010-10-14,-0.057115883325647834
2010-10-17,-0.34946981148197676
2010-10-18,-0.3179163464051732
2010-10-19,-0.020418804865778902
2010-10-20,0.25764484193894754
2010-10-21,0.6154063826907153
2010-10-24,0.6055498676025234
2010-10-25,0.785988501201617
2010-10-26,0.995444281654092
2010-10-27,1.2805173254348352
2010-10-28,1.5303114171131293
2010-11-01,1.2549845075184167
2010-11-02,1.191627256379561
2010-11-03,1.1730150482533839
2010-11-04,1.0873215231353968
2010-11-05,0.9351221753923552
2010-11-08,0.7990305602983858
2010-11-09,0.7989011433606987
2010-11-10,0.8819700944740657
2010-11-11,1.0575710238604306
2010-11-12,1.3202255890676222
2010-11-15,1.25852775910592
2010-11-16,1.3284902548301563
2010-11-17,1.4944035629041748
2010-11-18,1.6250067429237833
2010-11-19,1.5944207474557202
2010-11-22,1.2110291122810573
2010-11-23,1.0589471778429547
2010-11-24,1.1277234046260718
2010-11-25,1.1898979098147529
2010-11-26,1.1873366330329043
2010-11-29,1.2753649473420272
2010-11-30,1.311860404055529
2010-12-01,1.2991973582103462
2010-12-02,1.2077625605890063
2010-12-03,1.0838919411014563
2010-12-06,0.5584925794009806
2010-12-07,0.2404630800133767
2010-12-08,0.0242699659464446
2010-12-09,-0.019147272508237518
2010-12-10,0.12767341587838166
2010-12-13,0.38960912669775205
2010-12-14,0.5882164170383577
2010-12-15,0.7366102660172236
2010-12-16,0.8881806111987846
2010-12-17,1.0627455911668389
2010-12-20,0.9268381742396306
2010-12-21,0.9714230268349978
2010-12-22,1.0279814293740526
2010-12-23,1.112336222831896
2010-12-24,1.1353852905904307
2010-12-27,1.1204231248124823
2010-12-28,1.0550484855216713
2010-12-29,1.0192537075626906
2010-12-30,0.9251394463956781
2010-12-31,0.7400098986214954
2011-01-03,0.25957181663121187
2011-01-04,-0.027476364220969048
2011-01-05,-0.018519843738931098
2011-01-06,0.17407767383086664
2011-01-07,0.5053824979269467
2011-01-10,0.4956776074459047
2011-01-11,0.7030052122940553
2011-01-12,0.6581447269212649
2011-01-13,0.39009192184818126
2011-01-14,0.35694154526534083
2011-01-17,0.23400583000695388
2011-01-18,0.34580509587827585
2011-01-19,0.45125380523156317
2011-01-20,0.5312717162852606
2011-01-21,0.2809522708047397
2011-01-24,-0.24354783506816696
2011-01-25,-0.31940314674586817
2011-01-26,-0.21510902340230137
2011-01-27,-0.49224064141038115
2011-01-28,-0.34468694837019703
2011-01-31,-0.4285916795464059
2011-02-01,-0.27988472160953415
2011-02-02,-0.0507395717314487
2011-02-03,0.16548912345827127
2011-02-04,0.4048618747639827
2011-02-07,0.21763846150384972
2011-02-08,-0.10403548443204014
2011-02-09,-0.10998505138634446
2011-02-10,0.0061414529029859685
2011-02-11,0.21797241998985187
2011-02-14,-0.024447109839109606
2011-02-15,0.054799116442772744
2011-02-16,0.2886517973176472
2011-02-17,0.5691298806271275
2011-02-18,0.7863025584807221
2011-02-21,0.4751584443687553
2011-02-22,0.5047935243434191
2011-02-23,0.7140921565100167
2011-02-24,0.9961835282638694
2011-02-25,1.1904055519822636
2011-02-28,1.2950821246603832
2011-03-01,1.3354801298624306
2011-03-02,1.3278297135134385
2011-03-03,1.2634378871965224
2011-03-04,1.1316808756975776
2011-03-07,0.8774464321868218
2011-03-08,0.6831297198742597
2011-03-09,0.44910279643681594
2011-03-10,0.3939446395574395
2011-03-11,0.5062642375399787
2011-03-14,0.5569745852262796
2011-03-15,0.6201748449735394
2011-03-16,0.6511281585389583
2011-03-17,0.8960336620263661
2011-03-18,1.2507705823406754
2011-03-21,1.3373079592230954
2011-03-22,1.2157281719144983
2011-03-23,0.8092194302837918
2011-03-24,0.39536319712899454
2011-03-25,-0.0057467827838950675
2011-03-27,-0.5424674679681551
2011-03-28,-0.8328477393452306
2011-03-29,-0.8260089757891823
2011-03-30,-0.9509322890920492
2011-03-31,-0.9560246586323081
2011-04-03,-1.0455803623129785
2011-04-04,-1.2301427112313552
2011-04-05,-1.4185773618516206
2011-04-06,-1.4717505772839368
2011-04-07,-1.5052743893666243
2011-04-10,-1.6615376177903876
2011-04-11,-1.7717586779597492
2011-04-12,-1.7046052398778824
2011-04-13,-1.5021580850260248
2011-04-14,-1.6043632322879378
2011-04-17,-1.766175802695509
2011-04-18,-1.6568153356426716
2011-04-19,-1.4468682466294063
2011-04-20,-1.3739313117004344
2011-04-21,-1.3699918824677009
2011-04-24,-1.528908717981709
2011-04-25,-1.5081310278118911
2011-04-26,-1.531172321943143
2011-04-27,-1.5405050808150242
2011-04-28,-1.1728380916513372
2011-05-01,-1.0782788074691083
2011-05-02,-0.9038943777083182
2011-05-03,-0.6600271514100595
2011-05-04,-0.34101031482753374
2011-05-05,0.1710025351154647
2011-05-08,0.4339437775968443
2011-05-09,0.6923520622289381
2011-05-10,0.824471750404044
2011-05-11,1.0069843484435315
2011-05-12,1.0366780299417977
2011-05-15,1.2065895097607178
2011-05-16,1.326970114362733
2011-05-17,1.1974245985934922
2011-05-18,0.8588981599691938
2011-05-19,0.5422045135534163
2011-05-22,0.19330335964622036
2011-05-23,0.3037302444927681
2011-05-24,0.4426616928049509
2011-05-25,0.5533521672742187
2011-05-26,0.6127179954711066
2011-05-29,0.27829874474856964
2011-05-30,-0.08052916312906004
2011-05-31,-0.5092177742507916
2011-06-01,-0.7900575653290302
2011-06-02,-0.922601754546406
2011-06-05,-1.0298403456230614
2011-06-06,-1.0230347532135073
2011-06-07,-0.943113254494495
2011-06-08,-0.6654926188605649
2011-06-09,-0.28014001334237587
2011-06-12,0.20423673231476527
2011-06-13,0.6098211152680452
2011-06-14,0.8175741204383868
2011-06-15,0.9575738051605478
2011-06-16,1.1482481859380986
2011-06-19,1.019524706145345
2011-06-20,0.835772971539047
2011-06-21,0.5057913510511841
2011-06-22,0.13822704035014632
2011-06-23,-0.14040642901648384
2011-06-26,-0.35781205995821597
2011-06-27,-0.42607223725042515
2011-06-28,-0.5470387380176104
2011-06-29,-0.7031536721726761
2011-06-30,-0.8976995376032604
2011-07-03,-1.2435080880376772
2011-07-04,-1.5720898537031498
2011-07-05,-1.708720931692191
2011-07-06,-1.678234862377203
2011-07-07,-1.7360228205799222
2011-07-10,-1.6264092497351204
2011-07-11,-1.1362452121184963
2011-07-12,-0.6255381330442842
2011-07-13,-0.2867658177993999
2011-07-14,0.09423739371217348
2011-07-17,0.29527926801506826
2011-07-18,0.5166580841589451
2011-07-19,0.5472525457230708
2011-07-20,0.42832570398315906
2011-07-21,0.05377628977174782
2011-07-24,-0.22635031512998596
2011-07-25,-0.4686289153184191
2011-07-26,-0.7861116267288324
2011-07-27,-0.7654933424021314
2011-07-28,-0.5015885062829954
2011-07-31,-0.38086667420249576
2011-08-01,-0.18552342058307683
2011-08-02,0.09862743018973803
2011-08-03,0.30282582140281444
2011-08-04,0.48392650234938034
2011-08-07,0.7096744518209754
2011-08-08,0.6889222430308886
2011-08-09,0.743901742091814
2011-08-10,0.789600795978335
2011-08-11,0.829391562258147
2011-08-14,0.7907196645048872
2011-08-15,0.5852426633209451
2011-08-16,0.1813358207385309
2011-08-17,-0.3259688772545595
2011-08-18,-0.5982061390541751
2011-08-21,-0.7789224922644323
2011-08-22,-0.8262914728055171
2011-08-23,-0.8048463259120905
2011-08-24,-0.5300332784462723
2011-08-25,-0.1472381565953351
2011-08-28,0.09195711266834909
2011-08-29,0.0717532158711673
2011-08-30,-0.17431676650548114
2011-08-31,-0.5666532265257213
2011-09-01,-0.8175837852768595
2011-09-04,-0.754007944094399
2011-09-05,-0.45245713176672064
2011-09-06,0.005332748740888225
2011-09-07,0.43068196338961245
2011-09-08,0.6859418987092334
2011-09-11,0.8900132473134953
2011-09-12,1.1150240336219872
2011-09-13,1.2826697904161153
2011-09-14,1.4461229677928564
2011-09-15,1.4863944544596273
2011-09-18,1.2659101893004545
2011-09-19,1.2695251225883337
2011-09-20,1.252741323339976
2011-09-21,1.1360360131977247
2011-09-22,1.0721557859217574
2011-09-25,0.983846384425147
2011-09-26,0.868822825018333
2011-09-27,0.6334737926775234
2011-09-28,0.39147964052526657
2011-09-29,0.1070337936404124
2011-10-02,-0.0987782556896395
2011-10-03,-0.1179014991944408
2011-10-04,-0.16871867193996917
2011-10-05,-0.27634903911007686
2011-10-06,-0.40653730865788973
2011-10-09,-0.6657223818252546
2011-10-10,-1.0144953469402775
2011-10-11,-1.3964455880983802
2011-10-12,-1.611149636583629
2011-10-13,-1.813207983153021
2011-10-16,-2.0254298805353628
2011-10-17,-1.9970709808730447
2011-10-18,-1.7498249253054061
2011-10-19,-1.474753736361592
2011-10-20,-0.9942098299317635
2011-10-23,-0.6445784623098089
2011-10-24,-0.551244953320868
2011-10-25,-0.47601427473472846
2011-10-26,-0.4094575663254202
2011-10-27,-0.5448876035989664
2011-10-31,-0.7957080471272531
2011-11-01,-1.043946296716545
2011-11-02,-0.9889741473600281
2011-11-03,-0.8297718477601852
2011-11-04,-0.6070926309051278
2011-11-07,-0.2705634214261992
2011-11-08,0.14625717850776973
2011-11-09,0.47932105910403194
2011-11-10,0.7346210033062552
2011-11-11,0.9145973008628385
2011-11-14,0.8069362321448836
2011-11-15,0.767949235210454
2011-11-16,0.8236417587677244
2011-11-17,0.893040401141305
2011-11-18,0.8940184917198734
2011-11-21,0.8323747465027628
2011-11-22,0.9294151636624431
2011-11-23,0.9152790405289758
2011-11-24,0.9879827499913871
2011-11-25,1.0654496438062
2011-11-28,1.1457204002434285
2011-11-29,1.1063985595187675
2011-11-30,0.9565056810031252
2011-12-01,0.5611552800631605
2011-12-02,0.12125182521844562
2011-12-05,-0.3065503035381932
2011-12-06,-0.7511293008135846
2011-12-07,-1.102840582922367
2011-12-08,-1.3131733494965296
2011-12-09,-1.225442719222598
2011-12-12,-1.138007273819879
2011-12-13,-0.9792714141076714
2011-12-14,-0.6144298494587984
2011-12-15,-0.10688296050005934
2011-12-16,0.2971404197445464
2011-12-19,0.5662401337278775
2011-12-20,0.8343003907282256
2011-12-21,0.8747376100145667
2011-12-22,0.9091844915810249
2011-12-23,0.7497137831221933
2011-12-26,0.6129772347946033
2011-12-27,0.49502336544409264
2011-12-28,0.4279188253745839
2011-12-29,0.5555524765205256
2011-12-30,0.6192720561017422
2012-01-02,0.6131384457817365
2012-01-03,0.66907581801295
2012-01-04,0.4572017555540076
2012-01-05,0.0018613177030437373
2012-01-06,-0.2849859610801047
2012-01-09,-0.42279529050081094
2012-01-10,-0.44598229780234533
2012-01-11,-0.7007052953714459
2012-01-12,-0.9223819197203939
2012-01-13,-1.1822637848681774
2012-01-16,-1.3416138548810588
2012-01-17,-1.514559797678472
2012-01-18,-1.6728838633418044
2012-01-19,-1.8372888495338284
2012-01-20,-2.0733272469892756
2012-01-23,-2.159683575465075
2012-01-24,-2.2506379970429298
2012-01-25,-2.2234399618029608
2012-01-26,-1.9677336033432602
2012-01-27,-0.5602461859853349
2012-01-30,-0.1324170767557988
2012-01-31,-0.0021560116626754655
2012-02-01,-0.04402174625515956
2012-02-02,-0.2661243549370603
2012-02-03,-0.6496438696370932
2012-02-06,-1.0509446127672455
2012-02-07,-1.2959293435576247
2012-02-08,-1.407656904406489
2012-02-09,-1.494405558796077
2012-02-10,-1.595228883161488
2012-02-13,-1.6426155346893845
2012-02-14,-1.6764158444708848
2012-02-15,-1.6832765935022789
2012-02-16,-1.3799149201628944
2012-02-17,-1.2295107965191996
2012-02-20,-1.2983399514043006
2012-02-21,-1.2855277011101551
2012-02-22,-1.296444216068284
2012-02-23,-1.3221591113943856
2012-02-24,-1.2347850669148643
2012-02-27,-1.200911327193452
2012-02-28,-1.205198230206268
2012-02-29,-1.2474404418128207
2012-03-01,-0.9842688944780869
2012-03-02,-0.6844378485933127
2012-03-05,-0.3247737506734239
2012-03-06,-0.026021494620356043
2012-03-07,0.314948203117251
2012-03-08,0.6439362222332656
2012-03-09,0.8891868861896196
2012-03-12,1.053351772572567
2012-03-13,1.17399743943377
2012-03-14,1.2182835528299392
2012-03-15,1.2897328030292556
2012-03-16,1.3412001022671847
2012-03-19,1.3666130115579227
2012-03-20,1.4406049306336577
2012-03-21,1.462158519428946
2012-03-22,1.478474267670336
2012-03-23,1.4535414546160255
2012-03-25,1.297474783429615
2012-03-26,1.2029054931833756
2012-03-27,1.2000218728438092
2012-03-28,1.1982053915286353
2012-03-29,1.1573472796720004
2012-04-01,1.178529797020367
2012-04-02,1.3333923124822427
2012-04-03,1.3861612383768143
2012-04-04,1.3657180024552031
2012-04-05,1.1751845206970855
2012-04-08,0.9130701901507918
2012-04-09,0.6510746533652628
2012-04-10,0.6188576736553869
2012-04-11,0.7235509617813807
2012-04-12,0.7526334691491614
2012-04-15,0.8228753215194972
2012-04-16,0.995856733863807
2012-04-17,1.1515312894822898
2012-04-18,1.3122683673605073
2012-04-19,1.4704302223595813
2012-04-22,1.5265296365371945
2012-04-23,1.595680103913126
2012-04-24,1.6589073162225942
2012-04-25,1.6968559581972456
2012-04-26,1.7540553144541595
2012-04-29,1.7845002470166136
2012-04-30,1.870986034507706
2012-05-01,1.9258237541766068
2012-05-02,1.9469551013975315
2012-05-03,1.8272967109275486
2012-05-06,1.8139732991304993
2012-05-07,1.7251058355834274
2012-05-08,1.5764732818330098
2012-05-09,1.6056608574901745
2012-05-10,1.5703485791963214
2012-05-13,1.5248409726289398
2012-05-14,1.5949689149159663
2012-05-15,1.7157953762534188
2012-05-16,1.8391197537866146
2012-05-17,1.9081965349560726
2012-05-20,1.9020284031086099
2012-05-21,1.8453038696667934
2012-05-22,1.8552417823237464
2012-05-23,1.634365197584001
2012-05-24,1.2622532686374568
2012-05-27,0.6956426257515471
2012-05-28,0.10199053869827004
2012-05-29,-0.39044032255645184
2012-05-30,-0.675974073247618
2012-05-31,-0.7891449718430568
2012-06-03,-0.7499418435427377
2012-06-04,-0.38699814441968294
2012-06-05,-0.13440289659990476
2012-06-06,0.1098866387581993
2012-06-07,0.3097168740907344
2012-06-10,0.3208798568323691
2012-06-11,0.585416980909781
2012-06-12,0.9252744231285492
2012-06-13,1.2399802880684219
2012-06-14,1.3902897945035126
2012-06-17,1.3641762964955924
2012-06-18,1.3699725229634314
2012-06-19,1.0986451387926033
2012-06-20,0.6855546863583211
2012-06-21,0.6055354905204668
2012-06-24,0.7092759257857483
2012-06-25,0.8287871726051749
2012-06-26,1.041184016564324
2012-06-27,1.1860111954563453
2012-06-28,1.302532151716725
2012-07-01,1.0150837180329204
2012-07-02,0.4664310650437732
2012-07-03,-0.0025440423091428375
2012-07-04,-0.28261017620117174
2012-07-05,-0.4906458897644255
2012-07-08,-0.593142018830789
2012-07-09,-0.6158194157369052
2012-07-10,-0.5524115478682293
2012-07-11,-0.29483499173120575
2012-07-12,0.033685190544760775
2012-07-15,0.33233942999519556
2012-07-16,0.5207503895888634
2012-07-17,0.462992177693982
2012-07-18,0.24430223775970147
2012-07-19,-0.02410961081987075
2012-07-22,-0.15098309422802347
2012-07-23,-0.04645344634228054
2012-07-24,0.281090382860635
2012-07-25,0.5182850950108782
2012-07-26,0.538288665903983
2012-07-29,0.4691072699553786
2012-07-30,0.561917499448731
2012-07-31,0.8359682910018736
2012-08-01,0.9856636653649581
2012-08-02,1.1386604188509921
2012-08-05,1.020672425688299
2012-08-06,0.8132620855101192
2012-08-07,0.5724422349441142
2012-08-08,0.2719093096940442
2012-08-09,-0.13539238717842636
2012-08-12,-0.4630031708067268
2012-08-13,-0.6245877247422411
2012-08-14,-0.6130135098600182
2012-08-15,-0.4112283697327703
2012-08-16,-0.2943022304609197
2012-08-19,-0.23845781607828423
2012-08-20,-0.17315922032486508
2012-08-21,-0.17802758558956172
2012-08-22,-0.12668767637119766
2012-08-23,0.07811509217823429
2012-08-26,0.33420162503207057
2012-08-27,0.502743622368275
2012-08-28,0.7102349116773418
2012-08-29,0.9521964155746756
2012-08-30,1.1638992617178114
2012-09-02,1.1310671855304621
2012-09-03,0.9545957910808032
2012-09-04,0.8447126057754085
2012-09-05,0.7697926838005865
2012-09-06,0.5409045720830387
2012-09-09,0.37685774477426426
2012-09-10,0.19497126502561568
2012-09-11,-0.03847099683404968
2012-09-12,-0.06875247358475109
2012-09-13,-0.08151507266561522
2012-09-16,-0.20608071890817398
2012-09-17,-0.06323377218303153
2012-09-18,0.11316492180295591
2012-09-19,0.3118306225929477
2012-09-20,0.4358125247045394
2012-09-23,0.5248979648206505
2012-09-24,0.66963104160356
2012-09-25,0.8612720920973647
2012-09-26,1.1325829382920451
2012-09-27,1.2720163138139382
2012-09-30,1.2434195295852088
2012-10-01,1.1518587633062893
2012-10-02,1.0873154330016945
2012-10-03,0.9053326374803258
2012-10-04,0.6549070539909706
2012-10-07,0.022478525594249427
2012-10-08,-0.0777643494262085
2012-10-09,0.05333027189313585
2012-10-10,0.3866039517503635
2012-10-11,0.7515241783971419
2012-10-14,1.1215965437692592
2012-10-15,1.3490229147508057
2012-10-16,1.4537166204081577
2012-10-17,1.3689475308355925
2012-10-18,1.1603905303577384
2012-10-21,0.91998968064174
2012-10-22,0.6698438397046839
2012-10-23,0.4853277032159169
2012-10-24,0.3276417513151234
2012-10-25,0.26454376709952326
2012-10-29,0.20372581103242682
2012-10-30,0.2505572005042951
2012-10-31,0.3067364394895853
2012-11-01,0.3415533521860111
2012-11-02,0.39104340765334905
2012-11-05,0.42411960634108137
2012-11-06,0.5429155465593785
2012-11-07,0.584486625821444
2012-11-08,0.6550188618702946
2012-11-09,0.6091690791172172
2012-11-12,0.6062764364551951
2012-11-13,0.6560752727998302
2012-11-14,0.7786887517577129
2012-11-15,0.9731041991738713
2012-11-16,1.1340780977948601
2012-11-19,1.2623818734315955
2012-11-20,1.3037584110132763
2012-11-21,1.319959563911792
2012-11-22,1.4412054876812124
2012-11-23,1.5377213354823096
2012-11-26,1.40396302794107
2012-11-27,1.163059949641615
2012-11-28,0.9046787334304583
2012-11-29,0.7388335460539276
2012-11-30,0.6733542743373709
2012-12-03,0.8158776458598033
2012-12-04,0.9198198094388259
2012-12-05,0.9888391052283697
2012-12-06,0.7918334518733359
2012-12-07,0.3948760692383632
2012-12-10,-0.06696960883594094
2012-12-11,-0.4491733078670939
2012-12-12,-0.7580124149618389
2012-12-13,-1.0389202278957443
2012-12-14,-1.114290135508184
2012-12-17,-1.0676393893980465
2012-12-18,-0.7665486636528694
2012-12-19,-0.47345390182667135
2012-12-20,-0.3814334614499529
2012-12-21,-0.3879519649209378
2012-12-24,-0.5742901764816921
2012-12-25,-0.6241878939728734
2012-12-26,-0.5576476719345124
2012-12-27,-0.6261598093661312
2012-12-28,-0.7942289853370877
2012-12-31,-0.9222731639701504
2013-01-01,-0.9559192816247615
2013-01-02,-0.9941316210747944
2013-01-03,-1.0301275769394553
2013-01-04,-1.0161354318526488
2013-01-07,-1.0824546557414831
2013-01-08,-1.0642704363714828
2013-01-09,-0.8231410611313442
2013-01-10,-0.4105018572450753
2013-01-11,-0.2285776146188702
2013-01-14,-0.11639410119386025
2013-01-15,0.0038165626514818276
2013-01-16,-0.30226865257749497
2013-01-17,-0.2114701954864342
2013-01-18,-0.009601616507123538
2013-01-21,0.04976788671425452
2013-01-22,0.19271966385494949
2013-01-23,0.37237934668740197
2013-01-24,0.42722131308233974
2013-01-25,0.27391929141557675
2013-01-28,0.16828212624199543
2013-01-29,-0.08381439864026714
2013-01-30,-0.43912875981275407
2013-01-31,-0.7300142303150663
2013-02-01,-0.942211225128743
2013-02-04,-1.1282397647373406
2013-02-05,-1.1832214965044956
2013-02-06,-1.2686000979957048
2013-02-07,-1.3003191107256677
2013-02-08,-1.243304270081003
2013-02-11,-1.07710369569507
2013-02-12,-0.8675034681347864
2013-02-13,-0.6839025601296677
2013-02-14,-0.5866759317243758
2013-02-15,-0.6301109396865912
2013-02-18,-0.600776204624531
2013-02-19,-0.6114083059113794
2013-02-20,-0.5917521174274053
2013-02-21,-0.486345023468644
2013-02-22,-0.16752585606177947
2013-02-25,0.16756204847102246
2013-02-26,0.5594891230718383
2013-02-27,0.8829301680653965
2013-02-28,1.0453207947634613
2013-03-01,1.1586647501051812
2013-03-04,1.2794206435464501
2013-03-05,1.1982548449532933
2013-03-06,0.8975480377753551
2013-03-07,0.6650391935135044
2013-03-08,0.3476612829156677
2013-03-11,-0.047654585439816835
2013-03-12,-0.2436418324764186
2013-03-13,-0.23247671701105058
2013-03-14,-0.0526436939723557
2013-03-15,0.27651341682290614
2013-03-18,0.4517777531211374
2013-03-19,0.5726073430514825
2013-03-20,0.6541464095095318
2013-03-21,0.7242092606666587
2013-03-22,0.898420426995721
2013-03-25,1.0683419742557767
2013-03-26,1.2009452620096845
2013-03-27,1.3289254696070907
2013-03-28,1.3901840334982767
2013-03-29,1.5104202991187028
2013-03-31,1.6329370518656914
2013-04-01,1.6763456443311755
2013-04-02,1.7120120155452272
2013-04-03,1.7834838851723451
2013-04-04,1.7289714345783869
2013-04-07,1.3152555922440072
2013-04-08,0.8705193739178737
2013-04-09,0.39659231734617356
2013-04-10,-0.04678725268660874
2013-04-11,-0.411745550069844
2013-04-14,-0.7460813857229766
2013-04-15,-0.7418148726119316
2013-04-16,-0.6695166007731764
2013-04-17,-0.46106113705243246
2013-04-18,-0.3688651996471907
2013-04-21,-0.10629824429319891
2013-04-22,0.283322217028576
2013-04-23,0.6804723402857886
2013-04-24,0.94891829475381
2013-04-25,0.9752654613090053
2013-04-28,0.8189378717815123
2013-04-29,0.6882454487677291
2013-04-30,0.518398314974302
2013-05-01,0.35311953880128366
2013-05-02,0.28879768843762077
2013-05-05,0.25325334855005294
2013-05-06,0.3422217525290324
2013-05-07,0.47469913815603687
2013-05-08,0.5126176317344654
2013-05-09,0.5046494649477576
2013-05-12,0.5514557683336653
2013-05-13,0.4895488348809994
2013-05-14,0.5263390860634147
2013-05-15,0.6271191195824616
2013-05-16,0.7084906919767551
2013-05-19,0.8735569100409447
2013-05-20,1.0554285185676862
2013-05-21,1.1885618329444108
2013-05-22,1.3375006717653914
2013-05-23,1.4304005603245178
2013-05-26,1.5345112243427097
2013-05-27,1.5700924622841257
2013-05-28,1.5512065446852479
2013-05-29,1.6511917916328775
2013-05-30,1.6334843669926595
2013-06-02,1.4701209419415924
2013-06-03,1.425504779218779
2013-06-04,1.4293482980373475
2013-06-05,1.4598604300409512
2013-06-06,1.4854765840705815
2013-06-09,1.4054940242482454
2013-06-10,1.2056743571795967
2013-06-11,0.9747959387868808
2013-06-12,0.9783194460756479
2013-06-13,0.7698340226970237
2013-06-16,0.31083788126827266
2013-06-17,0.26342563940429076
2013-06-18,0.47941087480174405
2013-06-19,0.6411201538259436
2013-06-20,0.8782977347404086
2013-06-23,1.0584729654222762
2013-06-24,1.1451512832522286
2013-06-25,1.1231713771578746
2013-06-26,0.9657726460575199
2013-06-27,0.6662724065105271
2013-06-30,0.2620846870383339
2013-07-01,0.037328299057828696
2013-07-02,0.0795647231243422
2013-07-03,0.3487927313534778
2013-07-04,0.5741581823653803
2013-07-07,0.7648879959899144
2013-07-08,1.0114267475968413
2013-07-09,1.1859806745983144
2013-07-10,1.4219335803200197
2013-07-11,1.471717129830291
2013-07-14,1.4818256708096256
2013-07-15,1.1123227675706353
2013-07-16,0.9155635110526058
2013-07-17,0.5780424953303925
2013-07-18,0.20529551397020646
2013-07-21,0.07090245509240453
2013-07-22,-0.07757366976131796
2013-07-23,-0.395358101620645
2013-07-24,-0.4403040403590404
2013-07-25,-0.33600471993451525
2013-07-28,-0.04199054261829231
2013-07-29,0.3293820420926027
2013-07-30,0.6337241241555305
2013-07-31,0.8363422073288216
2013-08-01,1.0797689331393194
2013-08-04,1.2119996094876513
2013-08-05,1.3765490856149867
2013-08-06,1.467828671400691
2013-08-07,1.5937564727093954
2013-08-08,1.4417495776945195
2013-08-11,1.0789662589837057
2013-08-12,0.8300682113427373
2013-08-13,0.9073402317905356
2013-08-14,0.9651438331432596
2013-08-15,1.0415831913657085
2013-08-18,1.1626881050927866
2013-08-19,1.3787697799416498
2013-08-20,1.5093241424675372
2013-08-21,1.6837108721861678
2013-08-22,1.8019926238635577
2013-08-25,1.5060183952684587
2013-08-26,1.1651810988771027
2013-08-27,0.7597740808742431
2013-08-28,0.2257805891211822
2013-08-29,-0.23551826860722713
2013-09-01,-0.48570998868041193
2013-09-02,-0.6448668114041775
2013-09-03,-0.8355327146634972
2013-09-04,-0.9685742630227613
2013-09-05,-1.1233094306872968
2013-09-08,-1.3216231528855937
2013-09-09,-1.5573633636766653
2013-09-10,-1.7546623681039295
2013-09-11,-1.9490565859962348
2013-09-12,-2.1178097782462983
2013-09-15,-2.213077562563502
2013-09-16,-2.249753014217951
2013-09-17,-2.3313540669764405
2013-09-18,-2.429410348622064
2013-09-19,-2.4153477609712213
2013-09-22,-2.372653167111855
2013-09-23,-2.358264401454537
2013-09-24,-2.361466384052859
2013-09-25,-2.283428362063141
2013-09-26,-2.129261320617648
2013-09-29,-2.008942961000364
2013-09-30,-1.9347156048057141
2013-10-01,-1.9359062620268013
2013-10-02,-2.0302592317653883
2013-10-03,-1.970231446121047
2013-10-06,-1.8284470558986963
2013-10-07,-1.921359101787871
2013-10-08,-1.8712668669488604
2013-10-09,-1.759933374408977
2013-10-10,-1.7093490099927275
2013-10-13,-1.7356807578908424
2013-10-14,-1.6993281591855278
2013-10-15,-1.5996363090926553
2013-10-16,-1.4749390211481985
2013-10-17,-1.468442128936794
2013-10-20,-1.641978248985602
2013-10-21,-1.6007383766407828
2013-10-22,-1.3950075109871247
2013-10-23,-1.0537968426235287
2013-10-24,-0.538644414031803
2013-10-28,-0.17521258603805903
2013-10-29,0.007237207289046616
2013-10-30,0.13669747785458955
2013-10-31,0.10730839795462692
2013-11-01,0.21957058339969954
2013-11-04,0.5076074624790512
2013-11-05,0.6202497934234821
2013-11-06,0.8152938425155242
2013-11-07,1.0233950511132623
2013-11-08,1.1620846109014553
2013-11-11,1.2681337055060928
2013-11-12,1.4030686860152721
2013-11-13,1.5254449593553343
2013-11-14,1.6188113070569001
2013-11-15,1.5689629255226898
2013-11-18,1.4380910744218445
2013-11-19,0.950749423863359
2013-11-20,0.4153554412709275
2013-11-21,-0.08257631325881815
2013-11-22,-0.2849527679150294
2013-11-25,-0.5029694218679439
2013-11-26,-0.6516428323473861
2013-11-27,-0.5611945405307653
2013-11-28,-0.23713683210036363
2013-11-29,0.06692638716029899
2013-12-02,0.33046531093308895
2013-12-03,0.6679849546934427
2013-12-04,1.0001084674359775
2013-12-05,1.3156312377406336
2013-12-06,1.401069644866664
2013-12-09,1.1315689291267637
2013-12-10,0.6942525329959425
2013-12-11,0.1703162347056365
2013-12-12,-0.12380745998074869
2013-12-13,-0.32615883665492784
2013-12-16,-0.5102135364219976
2013-12-17,-0.6791782094748684
2013-12-18,-0.8161649603469224
2013-12-19,-0.7735252055476367
2013-12-20,-0.5842346501000886
2013-12-23,-0.1586915180967207
2013-12-24,0.09982959170461517
2013-12-25,0.2646787917342582
2013-12-26,0.36416339783754215
2013-12-27,0.4065213371230702
2013-12-30,0.2733234126719745
2013-12-31,0.25704060204375445
2014-01-01,0.2936814739371979
2014-01-02,0.24659115607181042
2014-01-03,0.35322212317681867
2014-01-06,0.42751135071140645
2014-01-07,0.49397451739437653
2014-01-08,0.515932810695761
2014-01-09,0.6724422675281687
2014-01-10,0.7773520229960997
2014-01-13,0.5451623330505692
2014-01-14,0.21984425408025218
2014-01-15,-0.06378992817487111
2014-01-16,-0.2639296618464371
2014-01-17,-0.3609762978907493
2014-01-20,-0.4884588672096033
2014-01-21,-0.6719383515286587
2014-01-22,-0.6967876260560193
2014-01-23,-0.508349340159608
2014-01-24,-0.30052381700164454
2014-01-27,-0.09361871646555825
2014-01-28,0.2384007897526367
2014-01-29,0.5362060089037826
2014-01-30,0.8316864558496416
2014-01-31,0.9406706562602597
2014-02-03,1.035013665301777
2014-02-04,1.1867862707840597
2014-02-05,0.981735108442601
2014-02-06,0.6062583393893548
2014-02-07,0.1290967465222726
2014-02-10,-0.37468970730928386
2014-02-11,-0.5560490746035258
2014-02-12,-0.6049308371590566
2014-02-13,-0.44849066392624665
2014-02-14,-0.45319802747721055
2014-02-17,-0.5708586524007707
2014-02-18,-0.7489079483359562
2014-02-19,-0.89052614441334
2014-02-20,-0.9463349940183512
2014-02-21,-1.0549958896962266
2014-02-24,-1.2476049416551684
2014-02-25,-1.4584279585768112
2014-02-26,-1.6135286347400997
2014-02-27,-1.6588109146909316
2014-02-28,-1.816733572087368
2014-03-03,-1.908562081723682
2014-03-04,-1.8659409869571986
2014-03-05,-1.7357530507298553
2014-03-06,-1.59523822235933
2014-03-07,-1.4319787591946314
2014-03-10,-1.0816484531007122
2014-03-11,-0.6317302572468271
2014-03-12,-0.1648313706938533
2014-03-13,0.19408520860740758
2014-03-14,0.5258689180231912
2014-03-17,0.6299199519830742
2014-03-18,0.66980344563915
2014-03-19,0.49075048579577074
2014-03-20,0.36356593699068906
2014-03-21,0.05894440954259678
2014-03-24,-0.32625239844642145
2014-03-25,-0.6425985635634719
2014-03-26,-0.9051309808951038
2014-03-27,-1.0492710507972902
2014-03-28,-1.2879398699149927
2014-03-30,-1.5415209683205566
2014-03-31,-1.6942641967895757
2014-04-01,-1.8164647325660825
2014-04-02,-1.861787002882331
2014-04-03,-1.732878452643199
2014-04-06,-1.740910562712389
2014-04-07,-1.7690890885156678
2014-04-08,-1.8463136361508508
2014-04-09,-1.9647416222884018
2014-04-10,-1.962059751326362
2014-04-13,-1.8499803109653856
2014-04-14,-1.7106720321055093
2014-04-15,-1.4288859437509482
2014-04-16,-0.9223749024784423
2014-04-17,-0.4560685367983633
2014-04-20,-0.05944273423492686
2014-04-21,0.2621443955473974
2014-04-22,0.561124493319219
2014-04-23,0.5517685583316054
2014-04-24,0.3162086256906665
2014-04-27,0.37200255704318275
2014-04-28,0.32404953092484
2014-04-29,0.3330791145880251
2014-04-30,0.31056572715668984
2014-05-01,0.30554170560620264
2014-05-04,0.14017876260187392
2014-05-05,0.21522050099593276
2014-05-06,0.22439792582458207
2014-05-07,0.021256680701571065
2014-05-08,-0.25936746354052387
2014-05-11,-0.5786565146044135
2014-05-12,-0.8093513215337401
2014-05-13,-0.9515342966159493
2014-05-14,-1.0960471767513378
2014-05-15,-1.0455739788446452
2014-05-18,-0.9040023319022187
2014-05-19,-0.7944513999744827
2014-05-20,-0.547053747319783
2014-05-21,-0.39362988327528203
2014-05-22,-0.20445078797812352
2014-05-25,0.11564547003623561
2014-05-26,0.3158213695741099
2014-05-27,0.5351148729102464
2014-05-28,0.6783309712541739
2014-05-29,0.7255080105730282
2014-06-01,0.6866494228735882
2014-06-02,0.8862443612847721
2014-06-03,1.097426206042523
2014-06-04,1.2741233878436102
2014-06-05,1.2598744231798784
2014-06-08,1.0422194327511332
2014-06-09,0.6202912030803458
2014-06-10,0.1252719474143056
2014-06-11,-0.25822317366853376
2014-06-12,-0.5763222795214834
2014-06-15,-0.8882998461044497
2014-06-16,-1.073556556540515
2014-06-17,-0.7439093241108072
2014-06-18,-0.685405095845666
2014-06-19,-0.7562794759687262
2014-06-22,-0.7902705380484438
2014-06-23,-0.929922948258858
2014-06-24,-0.9843626615750699
2014-06-25,-1.1134766036208836
2014-06-26,-1.2803577748547668
2014-06-29,-1.424713757020774
2014-06-30,-1.304681393201036
2014-07-01,-1.2137036767666343
2014-07-02,-0.9173014918647018
2014-07-03,-0.7116933761394512
2014-07-06,-0.5404137991096888
2014-07-07,-0.2812072363185709
2014-07-08,-0.13778721752366993
2014-07-09,-0.08100992734671349
2014-07-10,-0.008185983626095614
2014-07-13,0.05073611881444905
2014-07-14,-0.06760655828887284
2014-07-15,0.008805146016057867
2014-07-16,0.04651107069933449
2014-07-17,0.3493457880395626
2014-07-20,0.4046876066031383
2014-07-21,0.3027993082958803
2014-07-22,0.04314861130357626
2014-07-23,-0.18161258516555198
2014-07-24,-0.371906190003158
2014-07-27,-0.48025078078696315
2014-07-28,-0.5700693919560685
2014-07-29,-0.5593556349683616
2014-07-30,-0.43200952694375994
2014-07-31,-0.18467987033496452
2014-08-03,0.027390510587896277
2014-08-04,0.20020208785878205
2014-08-05,0.4353270220976406
2014-08-06,0.6255349428691234
2014-08-07,0.8714843396522437
2014-08-10,1.008873443027085
2014-08-11,0.9800247434499888
2014-08-12,0.8739794965883646
2014-08-13,0.7800003537451933
2014-08-14,0.4782158955313614
2014-08-17,-0.023261545775879435
2014-08-18,-0.44260656008660604
2014-08-19,-0.802005503980803
2014-08-20,-0.8908907524556486
2014-08-21,-0.7289369175354696
2014-08-24,-0.4018524982528861
2014-08-25,0.060489064785020384
2014-08-26,0.25462006076594185
2014-08-27,0.13701725678015514
2014-08-28,-0.127533271552256
2014-08-31,-0.4478138807095154
2014-09-01,-0.6467716617440011
2014-09-02,-0.80141190148739
2014-09-03,-0.9749061732461741
2014-09-04,-1.0865744736143554
2014-09-07,-1.065992964107833
2014-09-08,-0.8436463535457793
2014-09-09,-0.46691980889700374
2014-09-10,-0.04707534891953504
2014-09-11,0.19019041428074285
2014-09-14,0.1764079624623777
2014-09-15,0.40614075311026676
2014-09-16,0.6851526100236849
2014-09-17,0.948903985006062
2014-09-18,1.199801840985311
2014-09-21,1.3417867387814615
2014-09-22,1.4888928421692011
2014-09-23,1.6614838701819796
2014-09-24,1.5825171696670164
2014-09-25,1.5878680907754106
2014-09-28,1.4834809311527424
2014-09-29,1.4229321188633595
2014-09-30,1.3337743948845513
2014-10-01,1.3865470242276576
2014-10-02,1.5009894401076707
2014-10-05,1.4553667444554195
2014-10-06,1.2046183700521145
2014-10-07,0.7046131749260035
2014-10-08,0.1228992805429678
2014-10-09,-0.3369382616583637
2014-10-12,-0.7313553050234034
2014-10-13,-1.0327287214118186
2014-10-14,-1.2341957219441353
2014-10-15,-1.1044983270813478
2014-10-16,-0.7798552107524837
2014-10-19,-0.5667497001788788
2014-10-20,-0.2818259916587733
2014-10-21,0.05955284993582008
2014-10-22,0.39451765563371716
2014-10-23,0.7476309464509605
2014-10-27,0.8036734283465071
2014-10-28,0.8746729719022225
2014-10-29,0.640518508888282
2014-10-30,0.38263437628941854
2014-10-31,-0.08295649764948726
2014-11-03,-0.5413144483671055
2014-11-04,-0.6289073205468496
2014-11-05,-0.5355543032961337
2014-11-06,-0.34241993035296636
2014-11-07,0.015894126091875013
2014-11-10,0.3486574138227843
2014-11-11,0.6347620460622306
2014-11-12,0.8824752191849463
2014-11-13,1.1014991478961889
2014-11-14,1.1823382577987769
2014-11-17,1.242506178529357
2014-11-18,1.3221970418407554
2014-11-19,1.1919828318104309
2014-11-20,0.9129509946290199
2014-11-21,0.6515760275102116
2014-11-24,0.1687265625459818
2014-11-25,-0.1995124868634611
2014-11-26,-0.5348818748613237
2014-11-27,-0.9456008438897703
2014-11-28,-1.1739828268713977
2014-12-01,-1.250930878985081
2014-12-02,-1.0120450129183272
2014-12-03,-0.6239639659232262
2014-12-04,-0.35387366338042603
2014-12-05,0.013431853405876907
2014-12-08,0.37035089936593607
2014-12-09,0.717884315574677
2014-12-10,0.9409531735537199
2014-12-11,1.0145720027423413
2014-12-12,1.1300349990477665
2014-12-15,1.1781898666837003
2014-12-16,1.1712073920208548
2014-12-17,1.2659016333391688
2014-12-18,1.3087074468056343
2014-12-19,1.1306859675641696
2014-12-22,0.8640993012282084
2014-12-23,0.5621231442796667
2014-12-24,0.328802312875652
2014-12-25,0.15191949631409515
2014-12-26,0.036417057531634184
2014-12-29,-0.022277735340445613
2014-12-30,0.141141884436515
2014-12-31,0.03849248044826278
2015-01-01,-0.18714377625559472
2015-01-02,-0.47522068112507104
2015-01-05,-0.4546059297772949
2015-01-06,-0.2244257917278981
2015-01-07,0.02092376601438933
2015-01-08,0.11839363159697283
2015-01-09,0.028610772219740444
2015-01-12,-0.3373382014369942
2015-01-13,-0.4915691819914242
2015-01-14,-0.6459539655666409
2015-01-15,-0.9023061367216644
2015-01-16,-1.0368132330412385
2015-01-19,-1.1921598518145795
2015-01-20,-1.1458837343265798
2015-01-21,-1.164016472918314
2015-01-22,-1.148226449578392
2015-01-23,-1.2486129679996787
2015-01-26,-1.3088274092949015
2015-01-27,-1.3312259348235838
2015-01-28,-1.4013164508392664
2015-01-29,-1.4608010814835306
2015-01-30,-1.4274956799556517
2015-02-02,-1.078475164417962
2015-02-03,-0.5141833364989228
2015-02-04,-0.056184463924447564
2015-02-05,0.39248630954680824
2015-02-06,0.7383836017018045
2015-02-09,1.0735874965953245
2015-02-10,1.2290405314663118
2015-02-11,1.363789525582817
2015-02-12,1.5428103528450419
2015-02-13,1.5440324540760935
2015-02-16,1.5152193295536331
2015-02-17,1.441615602611804
2015-02-18,1.3059996235074083
2015-02-19,1.1776949281270896
2015-02-20,1.195624741973169
2015-02-23,1.1252170812945677
2015-02-24,1.0998761711312095
2015-02-25,0.9696320419968193
2015-02-26,0.8924015249245765
2015-02-27,0.992963550752424
2015-03-02,0.749441162428701
2015-03-03,0.7000743617937264
2015-03-04,0.6296395258018203
2015-03-05,0.7266201731071467
2015-03-06,0.802119197443977
2015-03-09,0.9335410934383821
2015-03-10,1.0990078141304986
2015-03-11,1.219570578027581
2015-03-12,1.35672044522323
2015-03-13,1.3750794585471635
2015-03-16,1.4754491218786143
2015-03-17,1.5766424148734797
2015-03-18,1.6742112093084567
2015-03-19,1.6132563525440133
2015-03-20,1.6482121822354199
2015-03-23,1.5401935284175867
2015-03-24,1.114684514046919
2015-03-25,0.5786476199559137
2015-03-26,0.235301978519838
2015-03-27,-0.037349184203705775
2015-03-29,-0.06424116600599279
2015-03-30,-0.02425890477269708
2015-03-31,-0.0708559258891658
2015-04-01,-0.19433051064759377
2015-04-02,-0.4801770223323776
2015-04-05,-0.7970732526082298
2015-04-06,-1.0925586655605726
2015-04-07,-1.2759320313689617
2015-04-08,-1.5086476235945203
2015-04-09,-1.7068078109430098
2015-04-12,-1.763706662764048
2015-04-13,-1.5406214288415485
2015-04-14,-1.3895820951590683
2015-04-15,-1.4165254588875653
2015-04-16,-1.549837523852064
2015-04-19,-1.610299530930937
2015-04-20,-1.6640981158311592
2015-04-21,-1.695809262351208
2015-04-22,-1.7319424778447463
2015-04-23,-1.8558888222549514
2015-04-26,-1.8897144980870682
2015-04-27,-1.9366406994949559
2015-04-28,-1.9075538963663128
2015-04-29,-1.7659897961219746
2015-04-30,-1.4373204206269923
2015-05-03,-1.062011964520055
2015-05-04,-0.4920543142733232
2015-05-05,0.00624156036832063
2015-05-06,0.339923850398093
2015-05-07,0.5398956648370777
2015-05-10,0.43326102238289477
2015-05-11,0.5009694894766518
2015-05-12,0.4347038275520199
2015-05-13,0.40904021826428627
2015-05-14,0.17671032767606243
2015-05-17,-0.09279981673981857
2015-05-18,-0.2706390595441068
2015-05-19,-0.24777804885683394
2015-05-20,-0.3007342342823369
2015-05-21,-0.22140194907555
2015-05-24,-0.027796930971727057
2015-05-25,0.154223211173621
2015-05-26,0.4151799833721513
2015-05-27,0.6393608340189203
2015-05-28,0.8622262562173432
2015-05-31,1.065759876185941
2015-06-01,1.2192516111259777
2015-06-02,1.1748769399068761
2015-06-03,0.952791676059833
2015-06-04,0.7021403544606182
2015-06-07,0.40058549095108126
2015-06-08,0.005338288636092508
2015-06-09,-0.37781129249698675
2015-06-10,-0.6301988496339501
2015-06-11,-0.8918632750884938
2015-06-14,-0.9666494627372962
2015-06-15,-0.9135399878924833
2015-06-16,-1.0090360266350924
2015-06-17,-1.1944744680205661
2015-06-18,-1.363988011925888
2015-06-21,-1.3387452057310318
2015-06-22,-1.2717212429617202
2015-06-23,-1.1818433831830104
2015-06-24,-0.9620785933806033
2015-06-25,-0.5309443463921691
2015-06-28,-0.18261232209336828
2015-06-29,0.039876548602845806
2015-06-30,0.12533535641899712
2015-07-01,0.3137526977599122
2015-07-02,0.2237582376822699
2015-07-05,0.22728484210573013
2015-07-06,0.18255790010471204
2015-07-07,0.18688923267128346
2015-07-08,0.43793668066721325
2015-07-09,0.725662835228633
2015-07-12,0.7150319260629494
2015-07-13,0.46798654551554664
2015-07-14,0.16612331082867232
2015-07-15,-0.21688391440084814
2015-07-16,-0.5161784935815236
2015-07-19,-0.5668910451443265
2015-07-20,-0.43923747120455986
2015-07-21,-0.3369626385912304
2015-07-22,-0.2233759242098727
2015-07-23,0.0009560053877389934
2015-07-26,0.3467484096778047
2015-07-27,0.6661453382735515
2015-07-28,0.9182948009136082
2015-07-29,1.0239304515034715
2015-07-30,1.1533196481759762
2015-08-02,1.2987841821040935
2015-08-03,1.445658126138568
2015-08-04,1.5649668127951337
2015-08-05,1.5370776173630252
2015-08-06,1.5694852282890468
2015-08-09,1.6250905741602357
2015-08-10,1.438463971458189
2015-08-11,1.23150556630478
2015-08-12,0.9437990919430108
2015-08-13,0.8089902453586313
2015-08-16,0.5692255183406602
2015-08-17,0.30355435796967284
2015-08-18,0.002789139577813676
2015-08-19,-0.05359594665194302
2015-08-20,-0.18619207270709245
2015-08-23,-0.3071273464305675
2015-08-24,-0.16478796340087776
2015-08-25,0.09259876902882465
2015-08-26,0.3178024091276556
2015-08-27,0.3656301657982996
2015-08-30,0.36908568277799964
2015-08-31,0.4650906877080357
2015-09-01,0.6297126835763657
2015-09-02,0.8142838199682116
2015-09-03,0.9362425096515241
2015-09-06,1.1802957702870969
2015-09-07,1.4413342260676916
2015-09-08,1.639620625805112
2015-09-09,1.6033431753232046
2015-09-10,1.5776759324167886
2015-09-13,1.5821013863904496
2015-09-14,1.3756299910913823
2015-09-15,1.2709192319196603
2015-09-16,1.029257083586938
2015-09-17,0.9858830801059056
2015-09-20,0.9995884564092572
2015-09-21,0.535526236299643
2015-09-22,0.39773432119733637
2015-09-23,0.49361993412927524
2015-09-24,0.33446750251798235
2015-09-27,0.11012323339018348
2015-09-28,0.08710187439705058
2015-09-29,0.03976299734363103
2015-09-30,-0.22898358195172744
2015-10-01,-0.46928650172991815
2015-10-04,-0.8004758487233001
2015-10-05,-1.0867489063341251
2015-10-06,-1.3384505909358952
2015-10-07,-1.489427446419817
2015-10-08,-1.6546501768491484
2015-10-11,-1.8281268056453834
2015-10-12,-1.9777230746329715
2015-10-13,-1.8350131663150673
2015-10-14,-1.6731596405951388
2015-10-15,-1.556360184102891
2015-10-18,-1.0558341746005817
2015-10-19,-0.544485087073056
2015-10-20,-0.11870843405206032
2015-10-21,0.3110481807298562
2015-10-22,0.594360398911485
2015-10-26,0.6458399098525677
2015-10-27,0.6903530643608696
2015-10-28,0.633413515902796
2015-10-29,0.5292504717642865
2015-10-30,0.1621319996937288
2015-11-02,-0.24870796458049302
2015-11-03,-0.42360134807293176
2015-11-04,-0.7418668220159526
2015-11-05,-0.9987389771811831
2015-11-06,-1.2485960367068183
2015-11-09,-1.5110319615161394
2015-11-10,-1.6466060865604912
2015-11-11,-1.7303095048008823
2015-11-12,-1.7008791004409851
2015-11-13,-1.608768355743988
2015-11-16,-1.1819072454569501
2015-11-17,-0.7155609081552553
2015-11-18,-0.35483130924859296
2015-11-19,-0.25104251490252666
2015-11-20,-0.29316226508091836
2015-11-23,-0.5951086750330206
2015-11-24,-0.8686936822083867
2015-11-25,-1.2223637982744977
2015-11-26,-1.409718271802485
2015-11-27,-1.4565719737172453
2015-11-30,-1.222915772104795
2015-12-01,-0.8162938334281575
2015-12-02,-0.4251254136927987
2015-12-03,-0.13821272293627374
2015-12-04,-0.16045042097212825
2015-12-07,-0.3322402950679241
2015-12-08,-0.5759610991974914
2015-12-09,-0.6422552117038554
2015-12-10,-0.8724053236101932
2015-12-11,-0.9097174635103457
2015-12-14,-0.8735245607010277
2015-12-15,-0.5758393909012884
2015-12-16,-0.22877980934102637
2015-12-17,0.06657340850591958
2015-12-18,0.2613238454052547
2015-12-21,0.49794779902891584
2015-12-22,0.7916750837583792
2015-12-23,0.9907383501891575
2015-12-24,0.9363163313225531
2015-12-25,0.6775728840756782
2015-12-28,0.3197691629268972
2015-12-29,-0.17106767889811034
2015-12-30,-0.6368989199832552
2015-12-31,-0.7353681018278799
2016-01-01,-0.6341889321903493
2016-01-04,-0.5460647937906055
2016-01-05,-0.21480019440554016
2016-01-06,0.15721130531057112
2016-01-07,0.463903218184768
2016-01-08,0.7683184571824518
2016-01-11,0.8884681978086298
2016-01-12,1.0383697690022087
2016-01-13,1.0457094233973656
2016-01-14,0.912383882920532
2016-01-15,0.644125258645774
2016-01-18,0.3354129133517346
2016-01-19,0.35172176904825325
2016-01-20,0.3817653798662192
2016-01-21,0.4344369015176825
2016-01-22,0.6619443663171565
2016-01-25,0.7322731921113426
2016-01-26,0.6909584771920451
2016-01-27,0.5038416495819661
2016-01-28,0.4202444201913609
2016-01-29,0.24480293985350354
2016-02-01,-0.10879220514657915
2016-02-02,-0.590642652673847
2016-02-03,-0.9506571208424607
2016-02-04,-1.2318075829220962
2016-02-05,-1.4607543801325622
2016-02-08,-1.6126582088925412
2016-02-09,-1.729375796894817
2016-02-10,-1.8291486517057154
2016-02-11,-1.7004091476808927
2016-02-12,-1.2550225734887592
2016-02-15,-0.773302026007744
2016-02-16,-0.36634812116006804
2016-02-17,0.1353943397011025
2016-02-18,0.35961820930081095
2016-02-19,0.5768717743349866
2016-02-22,0.7403769867701124
2016-02-23,0.47299419329061454
2016-02-24,0.03230774601210492
2016-02-25,-0.3627212091090244
2016-02-26,-0.704437485119758
2016-02-29,-0.9288279357250899
2016-03-01,-0.8476983207514938
2016-03-02,-0.9570364380850718
2016-03-03,-1.0724898167113175
2016-03-04,-1.1012995066495923
2016-03-07,-1.1376045954724296
2016-03-08,-1.151037886603451
2016-03-09,-1.2040007382890983
2016-03-10,-1.3856935354974833
2016-03-11,-1.6298518744282742
2016-03-14,-1.9179791721730863
2016-03-15,-2.0218819624834987
2016-03-16,-1.7494396750982137
2016-03-17,-1.4013829551629466
2016-03-18,-1.3354327513025896
2016-03-21,-1.400996883916457
2016-03-22,-1.5380272711355085
2016-03-23,-1.7747068280971534
2016-03-24,-1.7850565895154729
2016-03-25,-1.7022235629892568
2016-03-27,-1.5720729389009516
2016-03-28,-1.2905309684207493
2016-03-29,-1.0988522331274613
2016-03-30,-1.0168304831282164
2016-03-31,-1.0264646683811252
2016-04-03,-1.2092275105115355
2016-04-04,-1.2070576157159965
2016-04-05,-0.8924258969703468
2016-04-06,-0.61340352045349
2016-04-07,-0.20839700436544334
2016-04-10,-0.09676680163679471
2016-04-11,-0.3317871335905975
2016-04-12,-0.7111650748711116
2016-04-13,-1.0824747111025452
2016-04-14,-1.420146288213338
2016-04-17,-1.5570407997329625
2016-04-18,-1.3891442847016395
2016-04-19,-1.3001668210538233
2016-04-20,-1.166942804035582
2016-04-21,-1.0288563207436228
2016-04-24,-0.7541477494065533
2016-04-25,-0.4962774885127942
2016-04-26,-0.3939120067198619
2016-04-27,-0.44289348996281314
2016-04-28,-0.5823068750001348
2016-05-01,-0.8675083113542568
2016-05-02,-0.958072144109946
2016-05-03,-0.7432732925829263
2016-05-04,-0.39548520162441275
2016-05-05,-0.07632474680421669
2016-05-08,-0.0604613654453589
2016-05-09,-0.14463539883935644
2016-05-10,-0.3750547918055664
2016-05-11,-0.7059170283221284
2016-05-12,-0.9855166661652273
2016-05-15,-1.0672319337083715
2016-05-16,-1.1487557826651065
2016-05-17,-1.243921448809559
2016-05-18,-1.1381903410821244
2016-05-19,-0.8472083089007857
2016-05-22,-0.5186213160956252
2016-05-23,-0.17814830961554728
2016-05-24,0.07829264581293002
2016-05-25,0.2897260204374914
2016-05-26,0.4632496431857084
2016-05-29,0.715956074581129
2016-05-30,0.7190242236842119
2016-05-31,0.6765571901234602
2016-06-01,0.6606769020724207
2016-06-02,0.5581025867789157
2016-06-05,0.21401093810427788
2016-06-06,-0.19627159380342865
2016-06-07,-0.554325379608586
2016-06-08,-0.9626427220727742
2016-06-09,-1.262827130611923
2016-06-12,-1.4374954153091004
2016-06-13,-1.3706739318472674
2016-06-14,-1.1885262888188337
2016-06-15,-0.8835256903943733
2016-06-16,-0.5378373617084342
2016-06-19,-0.3941397404206574
2016-06-20,-0.43537880842654114
2016-06-21,-0.5169013987621383
2016-06-22,-0.7158221993503735
2016-06-23,-1.0108558668208658
2016-06-26,-1.207347755484626
2016-06-27,-1.2451249848557409
2016-06-28,-1.279454800203647
2016-06-29,-1.3901253235774083
2016-06-30,-1.6047356432333084
2016-07-03,-1.777563636732834
2016-07-04,-1.7622844114530434
2016-07-05,-1.637577348834908
2016-07-06,-1.3466301509068286
2016-07-07,-0.8737358508591666
2016-07-10,-0.5189729610813624
2016-07-11,-0.219997782637721
2016-07-12,-0.03206960498847562
2016-07-13,-0.08490697185747889
2016-07-14,-0.30017212715596975
2016-07-17,-0.4414015344101553
2016-07-18,-0.6520043877411318
2016-07-19,-0.8765452861854098
2016-07-20,-0.9785757830480455
2016-07-21,-0.8914896077120882
2016-07-24,-0.831448345423754
2016-07-25,-0.47946404341499765
2016-07-26,-0.18722054765463045
2016-07-27,-0.08000377873525957
2016-07-28,0.19269466469765467
2016-07-31,0.13727976865813285
2016-08-01,0.06910158688067172
2016-08-02,-0.055426506659041766
2016-08-03,-0.18644152182853382
2016-08-04,-0.43763392146507013
2016-08-07,-0.7676896336818595
2016-08-08,-1.0100188851990521
2016-08-09,-1.2447630572711907
2016-08-10,-1.4875189943669986
2016-08-11,-1.656748384158546
2016-08-14,-1.5940139333145873
2016-08-15,-1.3479126800869667
2016-08-16,-0.9445188958052928
2016-08-17,-0.4979187739495793
2016-08-18,0.023715820980445054
2016-08-21,0.36756647512282753
2016-08-22,0.5675974779963172
2016-08-23,0.8290934284793378
2016-08-24,0.9783337066246828
2016-08-25,1.096601015423334
2016-08-28,1.1827005182771073
2016-08-29,1.0184213379904523
2016-08-30,0.8085135295444802
2016-08-31,0.5325312340775252
2016-09-01,0.43192263223680355
2016-09-04,0.43567928643807224
2016-09-05,0.5576404825799886
2016-09-06,0.31801432682354486
2016-09-07,-0.03834049719708864
2016-09-08,-0.2638916018069172
2016-09-11,-0.18560163066553326
2016-09-12,-0.1308744874186883
2016-09-13,0.0962933449466281
2016-09-14,0.41463572805219817
2016-09-15,0.5955778338861606
2016-09-18,0.5834606752736243
2016-09-19,0.5054793488587215
2016-09-20,0.24336435838521828
2016-09-21,-0.1525760790410971
2016-09-22,-0.5377732214827747
2016-09-25,-0.7825349776920746
2016-09-26,-0.9469004604060905
2016-09-27,-1.0211148457557568
2016-09-28,-1.0385475177815284
2016-09-29,-0.7252338544308471
2016-10-02,-0.2203769710508495
2016-10-03,-0.09637503052468728
2016-10-04,0.19383750313101494
2016-10-05,0.11256165065444325
2016-10-06,0.05114867456289912
2016-10-09,-0.06641863096434276
2016-10-10,-0.3467637467487115
2016-10-11,-0.7301127419422057
2016-10-12,-1.0730179816342322
2016-10-13,-1.329783373269808
2016-10-16,-1.3633390806630066
2016-10-17,-1.2182273926256562
2016-10-18,-1.173261805077592
2016-10-19,-1.2341350552343708
2016-10-20,-1.4508978219127715
2016-10-23,-1.5294977975434951
2016-10-24,-1.6070801145484883
2016-10-25,-1.7463973225912608
2016-10-26,-1.722914488639629
2016-10-27,-1.4666187644733093
2016-10-31,-0.9033335115683498
2016-11-01,-0.41473394008225206
2016-11-02,0.11594636265706815
2016-11-03,0.6356004820602882
2016-11-04,1.0841145871836955
2016-11-07,1.3392834123961241
2016-11-08,1.3078366257240013
2016-11-09,0.8736180968011604
2016-11-10,0.4328467171629552
2016-11-11,0.2907359588104166
2016-11-14,0.28610269209344324
2016-11-15,0.4423438259844121
2016-11-16,0.6554872291236667
2016-11-17,0.8879978969962128
2016-11-18,1.0671697852329407
2016-11-21,1.1038637417513828
2016-11-22,1.0506422390083379
2016-11-23,0.6943957040797922
2016-11-24,0.5666402510655237
2016-11-25,0.3958666188093526
2016-11-28,0.3717105582012722
2016-11-29,0.34855980948341114
2016-11-30,0.5541412147223109
2016-12-01,0.5724947047261068
2016-12-02,0.8020330941314334
2016-12-05,0.8157675114813719
2016-12-06,0.5138561399390847
2016-12-07,0.09345256442557186
2016-12-08,-0.4087909712449115
2016-12-09,-0.877604635639865
2016-12-12,-1.2373210596531912
2016-12-13,-1.5690908420650405
2016-12-14,-1.8248479810866927
2016-12-15,-1.8780179775049037
2016-12-16,-1.7904250818321537
2016-12-19,-1.3968179877644586
2016-12-20,-1.065445683111407
2016-12-21,-0.8432701798837419
2016-12-22,-0.8637974431243511
2016-12-23,-1.0166350499802792
2016-12-26,-1.2861407031088874
2016-12-27,-1.5771082403120884
2016-12-28,-1.821502459331478
2016-12-29,-1.920306288674287
2016-12-30,-2.0603147830243373
2017-01-02,-2.18956002021456
2017-01-03,-2.0985243643300096
2017-01-04,-1.7933985011414397
2017-01-05,-1.7179128534112587
2017-01-06,-1.800471576617231
2017-01-09,-1.7903069174356543
2017-01-10,-1.850296942612541
2017-01-11,-1.9407427270466655
2017-01-12,-1.9289204934671302
2017-01-13,-1.9197344201679014
2017-01-16,-1.8776722900193406
2017-01-17,-1.3602828426381353
2017-01-18,-0.9266572787321936
2017-01-19,-0.425243706142593
2017-01-20,-0.21789639424512233
2017-01-23,-0.5579325222118167
2017-01-24,-0.9559782427690193
2017-01-25,-1.2823606089103365
2017-01-26,-1.5016797645155333
2017-01-27,-1.5756390340595279
2017-01-30,-1.842061965139123
2017-01-31,-2.012841947665014
2017-02-01,-1.9095903464277166
2017-02-02,-1.8320272542740819
2017-02-03,-1.8120910756290618
2017-02-06,-1.843612138753654
2017-02-07,-1.9401857019780335
2017-02-08,-2.0211717647905703
2017-02-09,-2.0587279904028435
2017-02-10,-1.921033170224417
2017-02-13,-1.9760615067699863
2017-02-14,-1.8610807783321808
2017-02-15,-1.7669451573064345
2017-02-16,-1.7824432659910474
2017-02-17,-1.6212741157373756
2017-02-20,-1.3249583365077229
2017-02-21,-1.0759721377071572
2017-02-22,-0.8131309915362158
2017-02-23,-0.7923779129673026
2017-02-24,-0.8857090621278011
2017-02-27,-0.6931095982783926
2017-02-28,-0.2955073091688202
2017-03-01,0.12258612280831979
2017-03-02,0.26511096709909826
2017-03-03,0.5798984610159174
2017-03-06,0.7237603311854163
2017-03-07,0.8813116198536095
2017-03-08,0.883392184639362
2017-03-09,0.9367851497188526
2017-03-10,1.1375076325345357
2017-03-13,1.135232318043976
2017-03-14,1.070528708093424
2017-03-15,1.0187063851628773
2017-03-16,0.6024051475156796
2017-03-17,0.18918813710860946
2017-03-20,-0.33073153414884743
2017-03-21,-0.8025207816473152
2017-03-22,-1.1268007887985922
2017-03-23,-1.3400563971473611
2017-03-24,-1.1997123465823316
2017-03-26,-1.0672985283541605
2017-03-27,-0.745862971994759
2017-03-28,-0.2835147749766266
2017-03-29,0.07571999274019159
2017-03-30,0.3772290391871593
2017-04-02,0.4283396156232498
2017-04-03,0.3063836460692673
2017-04-04,0.010626138241027773
2017-04-05,-0.17666491837561407
2017-04-06,-0.15546325489825144
2017-04-09,-0.023573949451808535
2017-04-10,0.06069881797928103
2017-04-11,0.14628871255410028
2017-04-12,0.22882792352342274
2017-04-13,0.4543220240470349
2017-04-16,0.7288536782872964
2017-04-17,0.8620908660881217
2017-04-18,0.6989724011954752
2017-04-19,0.8064627534483092
2017-04-20,0.9947238426148868
2017-04-23,1.1982487616845159
2017-04-24,1.1732611599028708
2017-04-25,1.0785608259034138
2017-04-26,1.1033697620596425
2017-04-27,1.149770662759061
2017-04-30,1.175561006011933
2017-05-01,1.184315241716194
2017-05-02,1.0597695553237714
2017-05-03,0.9494400352977117
2017-05-04,0.933936624065392
2017-05-07,0.8597395481393468
2017-05-08,0.9166147142242124
2017-05-09,0.9388870451819397
2017-05-10,0.8013458145458993
2017-05-11,0.46193216055016867
2017-05-14,0.42902591021537806
2017-05-15,0.12400126435339351
2017-05-16,-0.34283178026533423
2017-05-17,-0.7791091602247805
2017-05-18,-0.6651907177412841
2017-05-21,-0.5591175390868279
2017-05-22,-0.44324703112019376
2017-05-23,-0.3292665669991999
2017-05-24,-0.21718796357998602
2017-05-25,-0.11985814159130292
2017-05-28,-0.24427046039935355
2017-05-29,-0.3343242143814902
2017-05-30,-0.5719756675278093
2017-05-31,-0.9250702395460942
2017-06-01,-1.0603352553765477
2017-06-04,-1.0891895831708736
2017-06-05,-0.7084349070005637
2017-06-06,-0.3521821290522341
2017-06-07,-0.1174935287704425
2017-06-08,-0.025829409486089108
2017-06-11,-0.637292478979247
2017-06-12,-0.6270378093468244
2017-06-13,-0.36408173983030756
2017-06-14,-0.34176674388248807
2017-06-15,-0.49126614548648656
2017-06-18,-0.5721856202791251
2017-06-19,-0.6777994931733963
2017-06-20,-0.40279450284455404
2017-06-21,-0.03368825498518453
2017-06-22,0.39217286674216123
2017-06-25,0.8119244453156961
2017-06-26,0.7676263627335012
2017-06-27,0.6704421926802964
2017-06-28,0.2553360311979628
2017-06-29,-0.041407219233229195
2017-07-02,-1.4031048705564544
2017-07-03,-1.9565335948605407
2017-07-04,-2.001460654755944
2017-07-05,-2.0244268364109748
2017-07-06,-1.8830936790610635
2017-07-09,-2.6996151748537427
2017-07-10,-3.1216444901990377
2017-07-11,-3.1062905793181264
2017-07-12,-3.075039954100968
2017-07-13,-2.95627894680784
2017-07-16,-2.9222013612461994
2017-07-17,-2.82772765963716
2017-07-18,-2.8095370785738427
2017-07-19,-2.7673002542756984
2017-07-20,-2.7025168651505442
2017-07-23,-2.3906505427673115
2017-07-24,-2.0787505962330735
2017-07-25,-1.6356840455698305
2017-07-26,-1.3065230291285037
2017-07-27,-0.9395049662344689
2017-07-30,-0.34516454016535264
2017-07-31,-0.14473635566017237
2017-08-01,-0.16644236453245387
2017-08-02,-0.3576669935863458
2017-08-03,-0.6086078638893977
2017-08-06,-0.7152522862466774
2017-08-07,-0.7216515804464007
2017-08-08,-0.6609044665093965
2017-08-09,-0.3301451080241469
2017-08-10,0.13635765712786782
2017-08-13,0.47625961267813527
2017-08-14,0.7785715077945634
2017-08-15,0.890095350131661
2017-08-16,0.7823850021368167
2017-08-17,0.7108612047604081
2017-08-20,0.6889559996215345
2017-08-21,0.5482894802312176
2017-08-22,0.3483894845562945
2017-08-23,-0.04286619162147401
2017-08-24,-0.4101527869590659
2017-08-27,-0.45852259793824013
2017-08-28,-0.25444340148959155
2017-08-29,-0.0006534617437864941
2017-08-30,0.1617143724142936
2017-08-31,0.15261822907795614
2017-09-03,0.47249711926038074
2017-09-04,0.48208505374486327
2017-09-05,0.1456211065029307
2017-09-06,-0.355988687541966
2017-09-07,-0.806520963178573
2017-09-10,-0.5624282008998649
2017-09-11,-0.5934667786453699
2017-09-12,-0.48442563280397655
2017-09-13,-0.20806569659533064
2017-09-14,-0.02436789493948139
2017-09-17,0.012914920275352746
2017-09-18,0.23544471919323234
2017-09-19,0.4943757404854203
2017-09-20,0.7184999589878942
2017-09-21,0.9361772108118184
2017-09-24,0.8343029794800523
2017-09-25,0.8563006658002495
2017-09-26,0.8273933151368802
2017-09-27,0.9783090293153954
2017-09-28,1.0968141685163098
2017-10-01,1.0451043463751803
2017-10-02,0.8379031518999027
2017-10-03,0.4859895736978018
2017-10-04,0.04691306177575843
2017-10-05,-0.23792893364757808
2017-10-08,-0.39646051338717225
2017-10-09,-0.19573473803713368
2017-10-10,0.1118369475337531
2017-10-11,0.3607726007583381
2017-10-12,0.5492021839938951
2017-10-15,0.46877077953432367
2017-10-16,0.5114179524238588
2017-10-17,0.4497991405986845
2017-10-18,0.49181901987281273
2017-10-19,0.4703568507220987
2017-10-22,0.5251078248880718
2017-10-23,0.6493325436118649
2017-10-24,0.8307647528512456
2017-10-25,0.9616686965707669
2017-10-26,1.1654194716696529
2017-10-30,1.158899699293048
2017-10-31,1.2791154788980543
2017-11-01,1.3537498534779357
2017-11-02,1.3494544328002014
2017-11-03,1.1162341922644161
2017-11-06,0.9652328919719204
2017-11-07,0.5510548151474319
2017-11-08,0.20042472039402856
2017-11-09,-0.20596145779550692
2017-11-10,-0.6416433642651073
2017-11-13,-0.8498413008678208
2017-11-14,-0.937269569049277
2017-11-15,-0.7116537747919199
2017-11-16,-0.8913955612329564
2017-11-17,-1.2313249628242744
2017-11-20,-1.4541736889620964
2017-11-21,-1.6045257394166754
2017-11-22,-1.640857941953489
2017-11-23,-1.818189621241875
2017-11-24,-2.041614388869614
2017-11-27,-2.1398773139485834
2017-11-28,-2.075732852312779
2017-11-29,-2.093984402049659
2017-11-30,-1.8889116537879478
2017-12-01,-1.4040669368183278
2017-12-04,-0.9550225642193065
2017-12-05,-0.6857559368509253
2017-12-06,-0.5440210114629712
2017-12-07,-0.5888586629790802
2017-12-08,-0.411222721817745
2017-12-11,-0.15103962687100642
2017-12-12,0.11644573045123471
2017-12-13,0.3562793844603727
2017-12-14,0.5320000652588757
2017-12-15,0.8262875122656715
2017-12-18,0.8731980762654654
2017-12-19,0.7826116733152325
2017-12-20,0.5329784560854199
2017-12-21,0.30031184651464904
2017-12-22,0.17818100725638147
2017-12-25,0.3524237907654269
2017-12-26,0.6203037949471386
2017-12-27,0.7218146377415948
2017-12-28,0.7660908181430474
2017-12-29,0.7883469748924774
2018-01-01,0.7694919780885382
2018-01-02,0.7581871095245195
2018-01-03,0.4252378771822805
2018-01-04,-0.04872560022448677
2018-01-05,-0.5462017991479334
2018-01-08,-1.0297163249955685
2018-01-09,-1.3674913641688116
2018-01-10,-1.5424394242373554
2018-01-11,-1.7646361006597753
2018-01-12,-1.929950232959517
2018-01-15,-1.9642476023703788
2018-01-16,-1.8078200284459884
2018-01-17,-1.503984075465001
2018-01-18,-1.1726045523695714
2018-01-19,-1.0098440319857658
2018-01-22,-1.0277134584142666
2018-01-23,-1.0175607737465022
2018-01-24,-0.6320422790323996
2018-01-25,-0.6170332980905915
2018-01-26,-0.7582547614503377
