Date,trix
2010-01-04,
2010-01-05,0.16641518809384892
2010-01-06,0.1038991272582756
2010-01-07,0.08727643539490532
2010-01-08,0.06884742446409217
2010-01-11,0.05375933090852005
2010-01-12,0.04635933503293322
2010-01-13,0.046422121102920086
2010-01-14,0.056497891858011386
2010-01-15,0.06835079076880468
2010-01-18,0.07848674467928331
2010-01-19,0.08972243153930869
2010-01-20,0.10436259444612385
2010-01-21,0.12185607668263063
2010-01-22,0.14341610465529084
2010-01-25,0.1553440439365383
2010-01-26,0.17296834395829672
2010-01-27,0.1953553115105699
2010-01-28,0.2221013720889692
2010-01-29,0.24940531993483261
2010-02-01,0.27152691352986347
2010-02-02,0.28078060553373907
2010-02-03,0.28512278866839225
2010-02-04,0.2917441218495294
2010-02-05,0.29852560699978087
2010-02-08,0.3013408051179351
2010-02-09,0.2944325493627578
2010-02-10,0.28270625886085565
2010-02-11,0.2680154822459376
2010-02-12,0.2529637016442872
2010-02-15,0.23627624376216827
2010-02-16,0.2170098844789093
2010-02-17,0.19473165189945565
2010-02-18,0.1685591398186172
2010-02-19,0.13801845130654336
2010-02-22,0.10724060954611705
2010-02-23,0.0802414512196269
2010-02-24,0.056757571487585645
2010-02-25,0.04016779135961939
2010-02-26,0.022660628289747593
2010-03-01,0.004040185366857676
2010-03-02,-0.027141833682749993
2010-03-03,-0.05278618520543829
2010-03-04,-0.07317169671129914
2010-03-05,-0.09091889599774036
2010-03-08,-0.10428843402147558
2010-03-09,-0.11452737986501917
2010-03-10,-0.1244132131206717
2010-03-11,-0.13282279463607893
2010-03-12,-0.14093976252585427
2010-03-15,-0.1477912256004072
2010-03-16,-0.15195564528081643
2010-03-17,-0.15452958029438038
2010-03-18,-0.15361145137498386
2010-03-19,-0.14523192472958726
2010-03-22,-0.13150307378406045
2010-03-23,-0.11863050461675995
2010-03-24,-0.10409004704754238
2010-03-25,-0.08792037821080707
2010-03-26,-0.06659180085085863
2010-03-28,-0.046184447236722756
2010-03-29,-0.030454993239746087
2010-03-30,-0.021160149641209505
2010-03-31,-0.019354127344194397
2010-04-01,-0.02221501113539462
2010-04-04,-0.028558618011987492
2010-04-05,-0.03803463871078942
2010-04-06,-0.04378841340568157
2010-04-07,-0.047576578177938464
2010-04-08,-0.0501681130359481
2010-04-11,-0.05470528232779632
2010-04-12,-0.06864850131341038
2010-04-13,-0.08054602110519073
2010-04-14,-0.08934797803715984
2010-04-15,-0.09412869883307394
2010-04-18,-0.09498845941994404
2010-04-19,-0.09466714013587392
2010-04-20,-0.09423098207051353
2010-04-21,-0.0902337716130082
2010-04-22,-0.08414249196667146
2010-04-25,-0.08072413824277629
2010-04-26,-0.07453543954966184
2010-04-27,-0.06820583484573849
2010-04-28,-0.06752811069195523
2010-04-29,-0.07055778198450831
2010-05-02,-0.07492030626870827
2010-05-03,-0.07577025523307429
2010-05-04,-0.06785783443678169
2010-05-05,-0.04364896614471268
2010-05-06,-0.007737229560044274
2010-05-09,0.01756911100798269
2010-05-10,0.0348795363063247
2010-05-11,0.04569322389824116
2010-05-12,0.05098912157843251
2010-05-13,0.059133468492411
2010-05-16,0.0684230321841736
2010-05-17,0.08017331452001326
2010-05-18,0.0951785101318834
2010-05-19,0.12217106618902263
2010-05-20,0.14636578125213617
2010-05-23,0.1699047546738862
2010-05-24,0.19215638316940456
2010-05-25,0.2103178244589712
2010-05-26,0.21442875654660207
2010-05-27,0.2086711267267711
2010-05-30,0.19659807559863593
2010-05-31,0.184760400518142
2010-06-01,0.1725370174698561
2010-06-02,0.15788720572610931
2010-06-03,0.14607836864605195
2010-06-06,0.14327919886321652
2010-06-07,0.14273537099147296
2010-06-08,0.1394346097818586
2010-06-09,0.1282057088093465
2010-06-10,0.11231144629313392
2010-06-13,0.09223301471204078
2010-06-14,0.06716070694470501
2010-06-15,0.04087247168776329
2010-06-16,0.015095680289794083
2010-06-17,-0.011408430957518393
2010-06-20,-0.03837474505294145
2010-06-21,-0.06312513754932973
2010-06-22,-0.07790868856602245
2010-06-23,-0.0899581214148144
2010-06-24,-0.09896795444710524
2010-06-27,-0.10481006380641011
2010-06-28,-0.10280363256570446
2010-06-29,-0.0991778907422218
2010-06-30,-0.09282965973775227
2010-07-01,-0.08980643162316956
2010-07-04,-0.08889486980786726
2010-07-05,-0.09029695434203888
2010-07-06,-0.0930976465301129
2010-07-07,-0.0955720382675568
2010-07-08,-0.09975807481233506
2010-07-11,-0.10363621419042729
2010-07-12,-0.1075242167055366
2010-07-13,-0.10876050257744792
2010-07-14,-0.10710429055739451
2010-07-15,-0.10084582888592526
2010-07-18,-0.09106582582660191
2010-07-19,-0.08200069440525763
2010-07-20,-0.07411636361730058
2010-07-21,-0.06946690646701359
2010-07-22,-0.06676525983634243
2010-07-25,-0.06413459805824652
2010-07-26,-0.062484242051300314
2010-07-27,-0.06098087154055634
2010-07-28,-0.05892992239042819
2010-07-29,-0.05775435903943794
2010-08-01,-0.06017466211827812
2010-08-02,-0.062193302241688994
2010-08-03,-0.06361654478355355
2010-08-04,-0.06458513982478227
2010-08-05,-0.06479885270179842
2010-08-08,-0.07376787288082279
2010-08-09,-0.07827254219397356
2010-08-10,-0.0776464027022937
2010-08-11,-0.07191037200185452
2010-08-12,-0.06360536448428267
2010-08-15,-0.0632003525714882
2010-08-16,-0.06049295985512637
2010-08-17,-0.057910857346791175
2010-08-18,-0.05515234453702285
2010-08-19,-0.049820548923089236
2010-08-22,-0.0529791737979435
2010-08-23,-0.05085587819541303
2010-08-24,-0.04555952815146071
2010-08-25,-0.03767848666188009
2010-08-26,-0.030376123257701445
2010-08-29,-0.03562497056079974
2010-08-30,-0.03644567356937217
2010-08-31,-0.03541340796856856
2010-09-01,-0.03529181221311052
2010-09-02,-0.035706536495588345
2010-09-05,-0.0499042873568903
2010-09-06,-0.060805054093257524
2010-09-07,-0.06773809104796452
2010-09-08,-0.07383007215521363
2010-09-09,-0.07792896359367874
2010-09-12,-0.09178942287122707
2010-09-13,-0.10026232699594609
2010-09-14,-0.10770409126028291
2010-09-15,-0.10954777097613456
2010-09-16,-0.10825312686652536
2010-09-19,-0.11564230865275425
2010-09-20,-0.11463988733799262
2010-09-21,-0.10860375359519821
2010-09-22,-0.11005221600808757
2010-09-23,-0.10643306640568753
2010-09-26,-0.1108107463033536
2010-09-27,-0.10997303336686085
2010-09-28,-0.10562105768080975
2010-09-29,-0.10018881136636347
2010-09-30,-0.09564809939646643
2010-10-03,-0.1048557647506564
2010-10-04,-0.10789934198159837
2010-10-05,-0.11266807103567746
2010-10-06,-0.11459701383859375
2010-10-07,-0.11558717095492331
2010-10-10,-0.12661016679201761
2010-10-11,-0.1350280332629657
2010-10-12,-0.13899643186364202
2010-10-13,-0.1432565624859623
2010-10-14,-0.14518466467229071
2010-10-17,-0.15668344376836718
2010-10-18,-0.15864981535755684
2010-10-19,-0.15024690266190469
2010-10-20,-0.13874553634045245
2010-10-21,-0.12148010072677327
2010-10-24,-0.1121796278070019
2010-10-25,-0.09581820087971693
2010-10-26,-0.07530573094766399
2010-10-27,-0.049676624410057164
2010-10-28,-0.02358119031685245
2010-11-01,-0.013379285039780583
2010-11-02,-0.0008176220355781655
2010-11-03,0.011659047316510756
2010-11-04,0.02064037910901581
2010-11-05,0.023753434120545314
2010-11-08,0.02396000924686485
2010-11-09,0.025990918978968897
2010-11-10,0.0289009531769207
2010-11-11,0.035083404896687626
2010-11-12,0.04521107350794494
2010-11-15,0.04584861805571064
2010-11-16,0.05126763953274812
2010-11-17,0.0625009152983763
2010-11-18,0.07417733173003135
2010-11-19,0.08181137183221536
2010-11-22,0.07800937606970547
2010-11-23,0.0775633965178257
2010-11-24,0.08162265645765313
2010-11-25,0.08536414247609078
2010-11-26,0.08695882994767884
2010-11-29,0.08986274406003425
2010-11-30,0.0903322939712189
2010-12-01,0.08843188242374525
2010-12-02,0.08305391569604365
2010-12-03,0.07467464109847836
2010-12-06,0.05075432015244162
2010-12-07,0.02845510053054076
2010-12-08,0.007532274394283847
2010-12-09,-0.008050394939344731
2010-12-10,-0.016902165950455718
2010-12-13,-0.02075336133524894
2010-12-14,-0.02382001207843601
2010-12-15,-0.02613003971676896
2010-12-16,-0.02647754326207621
2010-12-17,-0.024361064467620965
2010-12-20,-0.028952953931528955
2010-12-21,-0.028565579288055504
2010-12-22,-0.026493099435015707
2010-12-23,-0.023648368099218664
2010-12-24,-0.02186614518532607
2010-12-27,-0.02110511960478337
2010-12-28,-0.02215719649975068
2010-12-29,-0.02304628880859924
2010-12-30,-0.026313463124792148
2010-12-31,-0.03415304234132462
2011-01-03,-0.054126348475098805
2011-01-04,-0.0733513604914471
2011-01-05,-0.08613960856921504
2011-01-06,-0.0922936078206
2011-01-07,-0.09135142447256218
2011-01-10,-0.09668672411046134
2011-01-11,-0.09361832756833774
2011-01-12,-0.09553008675999268
2011-01-13,-0.103660200380834
2011-01-14,-0.10510871380925296
2011-01-17,-0.10655200059604004
2011-01-18,-0.1001496762242335
2011-01-19,-0.09131786118833593
2011-01-20,-0.08156244570823515
2011-01-21,-0.07913244841850617
2011-01-24,-0.08448306122599977
2011-01-25,-0.08277485392380415
2011-01-26,-0.07719633445231652
2011-01-27,-0.08011288038589691
2011-01-28,-0.07593477592323744
2011-01-31,-0.0757354129106622
2011-02-01,-0.07054614405185164
2011-02-02,-0.06279197663358875
2011-02-03,-0.05429057744411407
2011-02-04,-0.044429314120689206
2011-02-07,-0.043891501543528194
2011-02-08,-0.0480770316415035
2011-02-09,-0.04666452712437967
2011-02-10,-0.04232348203778923
2011-02-11,-0.0358660119663734
2011-02-14,-0.03907552747393477
2011-02-15,-0.03660307723393662
2011-02-16,-0.03024587619603465
2011-02-17,-0.021737973189111633
2011-02-18,-0.013926981791387174
2011-02-21,-0.017430233191249225
2011-02-22,-0.01585049716565377
2011-02-23,-0.010528329231513017
2011-02-24,-0.003172170755730092
2011-02-25,0.0031331057463728955
2011-02-28,0.007793651784195799
2011-03-01,0.01086779505437826
2011-03-02,0.01243717844705283
2011-03-03,0.012245960193989092
2011-03-04,0.009922686671473856
2011-03-07,0.004309675973066493
2011-03-08,-0.0002715000851962435
2011-03-09,-0.0035173848363384
2011-03-10,-0.005581068519513435
2011-03-11,-0.005831360336009006
2011-03-14,-0.005583365078312309
2011-03-15,-0.003093756229343777
2011-03-16,0.00023293848055547372
2011-03-17,0.00666866810081849
2011-03-18,0.015322152219269813
2011-03-21,0.021235344781858748
2011-03-22,0.025011120648786946
2011-03-23,0.026214848351142028
2011-03-24,0.02584274226734835
2011-03-25,0.02389713288496062
2011-03-27,0.019367364091559574
2011-03-28,0.015709493257536226
2011-03-29,0.011855505282064001
2011-03-30,0.0020713386507918404
2011-03-31,-0.010974261840707494
2011-04-03,-0.0284646577485128
2011-04-04,-0.04893352382924001
2011-04-05,-0.06934821949642743
2011-04-06,-0.08650704723718033
2011-04-07,-0.10509993972083255
2011-04-10,-0.12800582710978967
2011-04-11,-0.15015642999989673
2011-04-12,-0.1668725942887872
2011-04-13,-0.17843161722281467
2011-04-14,-0.18261049803929078
2011-04-17,-0.19068558385969134
2011-04-18,-0.1944800166037195
2011-04-19,-0.1972395512667086
2011-04-20,-0.20067468015296436
2011-04-21,-0.20345901993166665
2011-04-24,-0.20668823816206258
2011-04-25,-0.2059299182478376
2011-04-26,-0.20449786154029653
2011-04-27,-0.20150944951287475
2011-04-28,-0.1924076610477843
2011-05-01,-0.18481758841917323
2011-05-02,-0.17488517815087617
2011-05-03,-0.16097745709502664
2011-05-04,-0.1409093331226518
2011-05-05,-0.1132485544551713
2011-05-08,-0.08824214922891689
2011-05-09,-0.06241149530794924
2011-05-10,-0.03946788815989458
2011-05-11,-0.016633105171838615
2011-05-12,0.0039448552336073806
2011-05-15,0.0262049640643468
2011-05-16,0.04684473145483836
2011-05-17,0.062059164175584984
2011-05-18,0.07124534408947943
2011-05-19,0.07698507197919752
2011-05-22,0.07893611082509053
2011-05-23,0.08411787122244183
2011-05-24,0.08859564073796514
2011-05-25,0.09157466838882244
2011-05-26,0.09216132455778793
2011-05-29,0.08456041109694334
2011-05-30,0.07190134605259181
2011-05-31,0.0534933596282229
2011-06-01,0.03561140494447524
2011-06-02,0.01577204688989305
2011-06-05,-0.006018019713295955
2011-06-06,-0.025002765532642964
2011-06-07,-0.04172252715620079
2011-06-08,-0.05484315474301263
2011-06-09,-0.06353062560355137
2011-06-12,-0.06695766266256686
2011-06-13,-0.06805034114276776
2011-06-14,-0.06966128141730965
2011-06-15,-0.06716354099973428
2011-06-16,-0.06001447570277972
2011-06-19,-0.053987537325805565
2011-06-20,-0.0478716794342
2011-06-21,-0.04339795673032698
2011-06-22,-0.040161618128880694
2011-06-23,-0.0369375854619711
2011-06-26,-0.033905867720095156
2011-06-27,-0.029918885254801197
2011-06-28,-0.029379290922906986
2011-06-29,-0.03275452667106039
2011-06-30,-0.040068397045696695
2011-07-03,-0.05204442658421889
2011-07-04,-0.06528895370216761
2011-07-05,-0.07544333586818974
2011-07-06,-0.08155202363137223
2011-07-07,-0.08789538507645597
2011-07-10,-0.09199303828365087
2011-07-11,-0.0899590643836184
2011-07-12,-0.0852201428154184
2011-07-13,-0.0804391651064156
2011-07-14,-0.07361882105532452
2011-07-17,-0.06768278254550486
2011-07-18,-0.06080135874416448
2011-07-19,-0.05586838145713742
2011-07-20,-0.053037055232556446
2011-07-21,-0.0535941358312196
2011-07-24,-0.05561008676591086
2011-07-25,-0.06044950022425189
2011-07-26,-0.06888600382674878
2011-07-27,-0.0719222650831032
2011-07-28,-0.0712976875198614
2011-07-31,-0.07201046310420404
2011-08-01,-0.07061025904068424
2011-08-02,-0.06648357095789115
2011-08-03,-0.06079116637125494
2011-08-04,-0.051080484701087635
2011-08-07,-0.035592600114527397
2011-08-08,-0.016546104014929723
2011-08-09,0.010786993131384237
2011-08-10,0.039883681345204376
2011-08-11,0.06834982525898194
2011-08-14,0.09157177567694783
2011-08-15,0.10450610258285756
2011-08-16,0.10893500017166668
2011-08-17,0.10624321702350593
2011-08-18,0.10563328361747455
2011-08-21,0.10322210649530494
2011-08-22,0.10116106686320721
2011-08-23,0.09787020991423978
2011-08-24,0.09599308602295033
2011-08-25,0.09512682169759769
2011-08-28,0.09250406118589817
2011-08-29,0.08733842186903887
2011-08-30,0.07885720742389908
2011-08-31,0.06771163163617408
2011-09-01,0.05920761974940474
2011-09-04,0.05968670074908711
2011-09-05,0.06981094096711894
2011-09-06,0.08730293791088847
2011-09-07,0.10630316242030793
2011-09-08,0.1241499681399069
2011-09-11,0.14499186285794438
2011-09-12,0.17225061514155984
2011-09-13,0.20275498218813545
2011-09-14,0.23526778142483876
2011-09-15,0.2625599713362422
2011-09-18,0.2842148004594707
2011-09-19,0.31664593599366947
2011-09-20,0.3537065321727212
2011-09-21,0.3991241775739406
2011-09-22,0.4544393173469873
2011-09-25,0.5053987383791213
2011-09-26,0.5460630395640451
2011-09-27,0.5659442918870541
2011-09-28,0.573284591269921
2011-09-29,0.5725649684028962
2011-10-02,0.5690003214105508
2011-10-03,0.5704599651790752
2011-10-04,0.5644937265776028
2011-10-05,0.5488119945695533
2011-10-06,0.5205767611212831
2011-10-09,0.4754547836829301
2011-10-10,0.4182885760542043
2011-10-11,0.35448500114666165
2011-10-12,0.2968913064804308
2011-10-13,0.23927504193643254
2011-10-16,0.1819425828928649
2011-10-17,0.1352782723520915
2011-10-18,0.09557444464085753
2011-10-19,0.06303406361465357
2011-10-20,0.04193582592823235
2011-10-23,0.02496303968544457
2011-10-24,0.007721979827982649
2011-10-25,-0.006112148045052239
2011-10-26,-0.017700945591727375
2011-10-27,-0.03718146175176971
2011-10-31,-0.06457651302933794
2011-11-01,-0.09373472585171995
2011-11-02,-0.11161537855484159
2011-11-03,-0.12291628594511685
2011-11-04,-0.12944166299596174
2011-11-07,-0.12858206351870005
2011-11-08,-0.12263498391834762
2011-11-09,-0.11567517653098117
2011-11-10,-0.10458162025111824
2011-11-11,-0.0905903017503061
2011-11-14,-0.07956230970311515
2011-11-15,-0.06667735285968754
2011-11-16,-0.05120276953130565
2011-11-17,-0.03474402824249746
2011-11-18,-0.019815048203588224
2011-11-21,-0.003928236752087167
2011-11-22,0.01702849777250107
2011-11-23,0.04120949383136972
2011-11-24,0.07552578888538043
2011-11-25,0.11682985844929855
2011-11-28,0.16021289514116568
2011-11-29,0.19608771128849906
2011-11-30,0.22160011377245306
2011-12-01,0.23144379602464288
2011-12-02,0.2284976197976709
2011-12-05,0.21642400072861054
2011-12-06,0.19565203992374458
2011-12-07,0.1726093892714881
2011-12-08,0.1506272735512767
2011-12-09,0.133877060725422
2011-12-12,0.11685439992427026
2011-12-13,0.10275325478021692
2011-12-14,0.10079258969007815
2011-12-15,0.10968302588053216
2011-12-16,0.12059023003574514
2011-12-19,0.1303822508753856
2011-12-20,0.1411077524853055
2011-12-21,0.14618376599689564
2011-12-22,0.14970082149469585
2011-12-23,0.15062521802722334
2011-12-26,0.15077249454592478
2011-12-27,0.14977909208765644
2011-12-28,0.1481055001103314
2011-12-29,0.1489199269315331
2011-12-30,0.1483265881852782
2012-01-02,0.14579223352549325
2012-01-03,0.14326389603822073
2012-01-04,0.1332889155807924
2012-01-05,0.11578172201116578
2012-01-06,0.09931830315931656
2012-01-09,0.08508969055798041
2012-01-10,0.07150385181640355
2012-01-11,0.050603538545155535
2012-01-12,0.027325321807330424
2012-01-13,-0.0004775940112086588
2012-01-16,-0.027298571383016782
2012-01-17,-0.05400938513806973
2012-01-18,-0.07874173047400178
2012-01-19,-0.1026608607301248
2012-01-20,-0.12676481792750197
2012-01-23,-0.14811896361781493
2012-01-24,-0.16756061027585786
2012-01-25,-0.1827680462143658
2012-01-26,-0.19349057737502717
2012-01-27,-0.18164280349693482
2012-01-30,-0.1790403018891799
2012-01-31,-0.1799437367537364
2012-02-01,-0.1825960775330408
2012-02-02,-0.1881441170619411
2012-02-03,-0.1971960033011733
2012-02-06,-0.20769965358138318
2012-02-07,-0.21601157786533867
2012-02-08,-0.22151207077644072
2012-02-09,-0.22546088969734632
2012-02-10,-0.22801928935246416
2012-02-13,-0.22809679092387672
2012-02-14,-0.22659053572048682
2012-02-15,-0.22322932077598576
2012-02-16,-0.21577105530060162
2012-02-17,-0.2080261567716353
2012-02-20,-0.2011339689997025
2012-02-21,-0.19284498710069517
2012-02-22,-0.1840963700377312
2012-02-23,-0.17691325540416356
2012-02-24,-0.16890295878938283
2012-02-27,-0.1615809453546187
2012-02-28,-0.15470788963126653
2012-02-29,-0.14970323280859324
2012-03-01,-0.1416577647470652
2012-03-02,-0.13240791182897102
2012-03-05,-0.11921158007965656
2012-03-06,-0.10222583898937415
2012-03-07,-0.0791094952361032
2012-03-08,-0.052072084181505475
2012-03-09,-0.025131790894695524
2012-03-12,0.005982671835264455
2012-03-13,0.039653953275516796
2012-03-14,0.07097228548983968
2012-03-15,0.10112199048004032
2012-03-16,0.1273844108567672
2012-03-19,0.1487106949357539
2012-03-20,0.16997751589459123
2012-03-21,0.1877916047299905
2012-03-22,0.20271582394157833
2012-03-23,0.21392506221983915
2012-03-25,0.21952227731281349
2012-03-26,0.2221708943550026
2012-03-27,0.2228850063742537
2012-03-28,0.2220037234332993
2012-03-29,0.21884762248518627
2012-04-01,0.21471660986299196
2012-04-02,0.21092124814661753
2012-04-03,0.20604379628138852
2012-04-04,0.1997128352121421
2012-04-05,0.19123303994357754
2012-04-08,0.18109492435593755
2012-04-09,0.1693532567148534
2012-04-10,0.1595216109907112
2012-04-11,0.15130949542567448
2012-04-12,0.14234091297795612
2012-04-15,0.13523424320244876
2012-04-16,0.13088347110540421
2012-04-17,0.13055032893724705
2012-04-18,0.1360619047791073
2012-04-19,0.1445922474477419
2012-04-22,0.15229890725208753
2012-04-23,0.16004162309499265
2012-04-24,0.1666010788047977
2012-04-25,0.1712953111810778
2012-04-26,0.17491582504716474
2012-04-29,0.17743587867910904
2012-04-30,0.18240102974535738
2012-05-01,0.18794605593212965
2012-05-02,0.19590032188393314
2012-05-03,0.20159145744917562
2012-05-06,0.20816341652865908
2012-05-07,0.2124523022841355
2012-05-08,0.21803921401713794
2012-05-09,0.22941084782193902
2012-05-10,0.23921334571720615
2012-05-13,0.24909485112575644
2012-05-14,0.2627578303952189
2012-05-15,0.2781988685582012
2012-05-16,0.2925188702925829
2012-05-17,0.30569514519991003
2012-05-20,0.3188866442849513
2012-05-21,0.3319553380824038
2012-05-22,0.3533141701586184
2012-05-23,0.3653522727208078
2012-05-24,0.3696535561318101
2012-05-27,0.359537670965629
2012-05-28,0.3395785824213759
2012-05-29,0.3156659345975104
2012-05-30,0.2940597389468493
2012-05-31,0.2760847596005358
2012-06-03,0.26293568243892973
2012-06-04,0.25516657010728955
2012-06-05,0.24435096644607537
2012-06-06,0.2333627165981583
2012-06-07,0.22174332887028794
2012-06-10,0.20827395252055883
2012-06-11,0.20144748281442934
2012-06-12,0.19886934778222423
2012-06-13,0.1990149485351276
2012-06-14,0.19764890952561123
2012-06-17,0.1929723726033516
2012-06-18,0.1880504361057429
2012-06-19,0.17675554074720812
2012-06-20,0.16072606896092198
2012-06-21,0.14946933027375742
2012-06-24,0.14194550902509454
2012-06-25,0.13560201097156388
2012-06-26,0.1324693582737073
2012-06-27,0.1309459518576575
2012-06-28,0.1304171373669453
2012-07-01,0.1178243514205705
2012-07-02,0.09402153055975115
2012-07-03,0.06890219216296564
2012-07-04,0.04754429759529412
2012-07-05,0.028289707390773276
2012-07-08,0.01302042304254104
2012-07-09,0.0017653037414883746
2012-07-10,-0.0061539339956097035
2012-07-11,-0.011044533388692983
2012-07-12,-0.01348105210756452
2012-07-15,-0.014119177572716924
2012-07-16,-0.014147362668932842
2012-07-17,-0.016166083243074596
2012-07-18,-0.01957992582213419
2012-07-19,-0.02485724304057243
2012-07-22,-0.02874671013067459
2012-07-23,-0.029028288192071414
2012-07-24,-0.025369856854062445
2012-07-25,-0.021753708425288863
2012-07-26,-0.020570404549859648
2012-07-29,-0.020719566541376633
2012-07-30,-0.018116589391058643
2012-07-31,-0.011006153479674978
2012-08-01,-0.004192266761495421
2012-08-02,0.0031514979517028685
2012-08-05,0.006501033351738983
2012-08-06,0.0074621433386831
2012-08-07,0.006637232906448383
2012-08-08,0.0036840659301583915
2012-08-09,-0.0010999789490166402
2012-08-12,-0.0072578548608459225
2012-08-13,-0.012791057905908686
2012-08-14,-0.016454742785517767
2012-08-15,-0.019087176623512263
2012-08-16,-0.022381709817241444
2012-08-19,-0.025894989115351957
2012-08-20,-0.02926009136630767
2012-08-21,-0.03282595488173501
2012-08-22,-0.03537922245835984
2012-08-23,-0.03568207999035075
2012-08-26,-0.03441745252039471
2012-08-27,-0.030738228597775342
2012-08-28,-0.023937299835536305
2012-08-29,-0.014491972849522514
2012-08-30,-0.004261822969756369
2012-09-02,0.0026065947843323116
2012-09-03,0.00715157283253242
2012-09-04,0.011428717450910281
2012-09-05,0.015138767536875061
2012-09-06,0.01620020445619233
2012-09-09,0.015584884904103381
2012-09-10,0.01285887524916787
2012-09-11,0.007652721975817813
2012-09-12,0.00338612342162119
2012-09-13,-0.0010578715751039507
2012-09-16,-0.006921168939954295
2012-09-17,-0.009474312853279803
2012-09-18,-0.01169311001556646
2012-09-19,-0.013238264654150773
2012-09-20,-0.01483973686154425
2012-09-23,-0.016193864748235948
2012-09-24,-0.016408416176454214
2012-09-25,-0.015013994942575092
2012-09-26,-0.011779328312516695
2012-09-27,-0.008707082409352992
2012-09-30,-0.006688549507685295
2012-10-01,-0.005340912456491672
2012-10-02,-0.004088539465479768
2012-10-03,-0.0041099252458883274
2012-10-04,-0.005354472516120258
2012-10-07,-0.01060524918825053
2012-10-08,-0.012280524800852777
2012-10-09,-0.011277882741109678
2012-10-10,-0.007109419634678113
2012-10-11,-0.0013158569051087388
2012-10-14,0.005601619219549482
2012-10-15,0.011586083848701979
2012-10-16,0.016202707550495903
2012-10-17,0.01900694705706731
2012-10-18,0.019763620410927652
2012-10-21,0.019160157361768123
2012-10-22,0.017162526351735017
2012-10-23,0.014817259856861015
2012-10-24,0.012123502629759274
2012-10-25,0.009328416181750855
2012-10-29,0.006831844869657565
2012-10-30,0.0056745175822989855
2012-10-31,0.0050400260921676775
2012-11-01,0.00454666372247064
2012-11-02,0.004441125124322638
2012-11-05,0.004435287657888243
2012-11-06,0.005444118394763134
2012-11-07,0.006067230492757164
2012-11-08,0.007095371361567993
2012-11-09,0.009031716336415401
2012-11-12,0.012672593780507465
2012-11-13,0.01792879845048659
2012-11-14,0.025179731311760923
2012-11-15,0.03424830636854115
2012-11-16,0.04390680630357208
2012-11-19,0.055973903359967894
2012-11-20,0.06790479443054886
2012-11-21,0.0792702669143641
2012-11-22,0.09202296385003193
2012-11-23,0.1058235613841446
2012-11-26,0.1148235947232617
2012-11-27,0.12013027131460526
2012-11-28,0.1227213719279165
2012-11-29,0.12463493751369778
2012-11-30,0.12621021884907982
2012-12-03,0.1338102081833989
2012-12-04,0.1414242387727093
2012-12-05,0.14788126967459556
2012-12-06,0.14715174388383398
2012-12-07,0.13963279310884147
2012-12-10,0.12755253649362527
2012-12-11,0.11350856153347486
2012-12-12,0.09866233432772792
2012-12-13,0.0830109202789561
2012-12-14,0.0700140967479758
2012-12-17,0.05933709235470287
2012-12-18,0.0522814334444625
2012-12-19,0.04643059277080844
2012-12-20,0.03821985780766579
2012-12-21,0.028984959479472
2012-12-24,0.017338948015829966
2012-12-25,0.008167942314651329
2012-12-26,0.0014342436361549978
2012-12-27,-0.008492366197514001
2012-12-28,-0.0207944707956
2012-12-31,-0.03308632019442793
2013-01-01,-0.04349458658766563
2013-01-02,-0.05283935289736016
2013-01-03,-0.060758750591975545
2013-01-04,-0.06655124022060577
2013-01-07,-0.07330816606145309
2013-01-08,-0.08101590118801416
2013-01-09,-0.08611821921299138
2013-01-10,-0.08767062501034176
2013-01-11,-0.09017424728449007
2013-01-14,-0.09242300705256182
2013-01-15,-0.09356796301417758
2013-01-16,-0.0921981506081852
2013-01-17,-0.08900068494335199
2013-01-18,-0.08531130457720047
2013-01-21,-0.08264994810804019
2013-01-22,-0.07871520714736767
2013-01-23,-0.0735365114492143
2013-01-24,-0.06900932906167076
2013-01-25,-0.06590683022066449
2013-01-28,-0.06360330062482862
2013-01-29,-0.06801661122901842
2013-01-30,-0.07732184178977312
2013-01-31,-0.08832410476136841
2013-02-01,-0.09888873380346926
2013-02-04,-0.10890607108229014
2013-02-05,-0.11604647773291073
2013-02-06,-0.12270185200316008
2013-02-07,-0.1276507893309661
2013-02-08,-0.13483916970508084
2013-02-11,-0.14125262957475201
2013-02-12,-0.14617447161789002
2013-02-13,-0.14969914930310538
2013-02-14,-0.1524674322563663
2013-02-15,-0.15548827435069254
2013-02-18,-0.15628569197415562
2013-02-19,-0.15612040451021286
2013-02-20,-0.1558768047363218
2013-02-21,-0.15391652415444496
2013-02-22,-0.1483518877814205
2013-02-25,-0.14090291734652105
2013-02-26,-0.13018661476901133
2013-02-27,-0.11739447277717754
2013-02-28,-0.10513194477949671
2013-03-01,-0.09298184111051748
2013-03-04,-0.08070860298192603
2013-03-05,-0.07068067011040785
2013-03-06,-0.06397601805445058
2013-03-07,-0.05797665964140881
2013-03-08,-0.054635154667001626
2013-03-11,-0.05615907875160685
2013-03-12,-0.057503665306356075
2013-03-13,-0.056918581057152556
2013-03-14,-0.053906399820163486
2013-03-15,-0.04932427246924474
2013-03-18,-0.04264682840662564
2013-03-19,-0.03422865106434842
2013-03-20,-0.025201706667196757
2013-03-21,-0.015955984167400593
2013-03-22,-0.0032867882522930555
2013-03-25,0.01091901004236673
2013-03-26,0.02501397340815165
2013-03-27,0.03968831414649301
2013-03-28,0.05275665319306874
2013-03-29,0.06547703938906395
2013-03-31,0.07688790086868369
2013-04-01,0.08576794797693744
2013-04-02,0.09287184336294575
2013-04-03,0.09854103713174114
2013-04-04,0.1011065581818981
2013-04-07,0.09582894928924107
2013-04-08,0.08699643397345715
2013-04-09,0.0746003879908737
2013-04-10,0.059221063047373027
2013-04-11,0.04310037082184361
2013-04-14,0.0258320607293266
2013-04-15,0.014686456931208163
2013-04-16,0.005453900759182951
2013-04-17,0.00023081925996610238
2013-04-18,-0.005045794141211166
2013-04-21,-0.005707493059926879
2013-04-22,-0.0015550688315287995
2013-04-23,0.005712163969669894
2013-04-24,0.012609311680699087
2013-04-25,0.017078021845936372
2013-04-28,0.01863210251329469
2013-04-29,0.020518545295231595
2013-04-30,0.02164376218717888
2013-05-01,0.022193628738454933
2013-05-02,0.023227932225332242
2013-05-05,0.024130713219324328
2013-05-06,0.024899117720826865
2013-05-07,0.025427752259352957
2013-05-08,0.02475464928418832
2013-05-09,0.024874322158279377
2013-05-12,0.026195218400157868
2013-05-13,0.026678223545352923
2013-05-14,0.02874764803424487
2013-05-15,0.03181256289231126
2013-05-16,0.03565848430261633
2013-05-19,0.04116452560287824
2013-05-20,0.047988904175662116
2013-05-21,0.05446855399931404
2013-05-22,0.0624482786667292
2013-05-23,0.06977362806291015
2013-05-26,0.07702626695997096
2013-05-27,0.08467911207464231
2013-05-28,0.09544362579913974
2013-05-29,0.11309925570343188
2013-05-30,0.13341749821039867
2013-06-02,0.15030381640383128
2013-06-03,0.1691157272722231
2013-06-04,0.18770462461499546
2013-06-05,0.2044277319171497
2013-06-06,0.218567553385855
2013-06-09,0.22939525069786493
2013-06-10,0.23664988739833595
2013-06-11,0.24038351642957126
2013-06-12,0.2453401576676941
2013-06-13,0.24341163782342778
2013-06-16,0.23295185372726807
2013-06-17,0.2297723701709415
2013-06-18,0.23202733982250734
2013-06-19,0.2446975282916042
2013-06-20,0.26736710302630984
2013-06-23,0.29050322676052465
2013-06-24,0.30901456584561415
2013-06-25,0.31965749083978345
2013-06-26,0.31949821531684847
2013-06-27,0.3133351756899927
2013-06-30,0.3016396120172813
2013-07-01,0.29207034103042034
2013-07-02,0.2874139461559355
2013-07-03,0.2876731443491508
2013-07-04,0.28680389485718
2013-07-07,0.28447646777946634
2013-07-08,0.2827112196713324
2013-07-09,0.27907506427844736
2013-07-10,0.27623530698305643
2013-07-11,0.26992560816238326
2013-07-14,0.2625826646885295
2013-07-15,0.2465077590972099
2013-07-16,0.2307279317863275
2013-07-17,0.2109940382094036
2013-07-18,0.18920284674609902
2013-07-21,0.17068838552014104
2013-07-22,0.15230237648546058
2013-07-23,0.13129252809920558
2013-07-24,0.11510097509022665
2013-07-25,0.10195542439555622
2013-07-28,0.09336593422296487
2013-07-29,0.08973453403034669
2013-07-30,0.09109527510938245
2013-07-31,0.0941117851129347
2013-08-01,0.1020815315575837
2013-08-04,0.10933623703661804
2013-08-05,0.11831835529784948
2013-08-06,0.12611297497059737
2013-08-07,0.13366408718052453
2013-08-08,0.13591716169221518
2013-08-11,0.13271741677288804
2013-08-12,0.12852395369325023
2013-08-13,0.12776836054362825
2013-08-14,0.13040527052881276
2013-08-15,0.13706280810935467
2013-08-18,0.15321492643968285
2013-08-19,0.17701716353882466
2013-08-20,0.20067214760424748
2013-08-21,0.2305677897059085
2013-08-22,0.2589073550376789
2013-08-25,0.26954901760836586
2013-08-26,0.27273012673342106
2013-08-27,0.26895100474354316
2013-08-28,0.2561266383820533
2013-08-29,0.23990437707893883
2013-09-01,0.22568129307251028
2013-09-02,0.21181263329323946
2013-09-03,0.19531887434384013
2013-09-04,0.17787497882369582
2013-09-05,0.15448528968598757
2013-09-08,0.12537090248376745
2013-09-09,0.09006180821116659
2013-09-10,0.054258118678140836
2013-09-11,0.01860419771619703
2013-09-12,-0.014642966522654656
2013-09-15,-0.04364498627712757
2013-09-16,-0.06736189572172072
2013-09-17,-0.09098835033391028
2013-09-18,-0.12328443690132028
2013-09-19,-0.1561437698457473
2013-09-22,-0.1851697365741771
2013-09-23,-0.2112550420398072
2013-09-24,-0.23337855531765153
2013-09-25,-0.24641226741963154
2013-09-26,-0.2497542372493782
2013-09-29,-0.2486683652389264
2013-09-30,-0.24497469275057301
2013-10-01,-0.23975495405540762
2013-10-02,-0.23674790840924365
2013-10-03,-0.23200682475933496
2013-10-06,-0.22526775730300103
2013-10-07,-0.21520947484487987
2013-10-08,-0.20541512190302627
2013-10-09,-0.19601645045881522
2013-10-10,-0.1911891928534833
2013-10-13,-0.189679948069268
2013-10-14,-0.18809494405227645
2013-10-15,-0.1860948141325296
2013-10-16,-0.18311238731519175
2013-10-17,-0.18235761719972865
2013-10-20,-0.18449522881600403
2013-10-21,-0.18331730696255336
2013-10-22,-0.1796961387355259
2013-10-23,-0.1713634392786207
2013-10-24,-0.1576830743520127
2013-10-28,-0.1437612346117328
2013-10-29,-0.13120551880090162
2013-10-30,-0.119046966077635
2013-10-31,-0.1076183589649472
2013-11-01,-0.08851076608605331
2013-11-04,-0.06231923508631803
2013-11-05,-0.03509444299895357
2013-11-06,-0.0027813807897495743
2013-11-07,0.03140581770197292
2013-11-08,0.06778837445626859
2013-11-11,0.1039389566153341
2013-11-12,0.14026367950460072
2013-11-13,0.17420786382185843
2013-11-14,0.2035880568729693
2013-11-15,0.22458781100720698
2013-11-18,0.2390647034443318
2013-11-19,0.23865259100682945
2013-11-20,0.22980437021386996
2013-11-21,0.2155922834538133
2013-11-22,0.20372080260636158
2013-11-25,0.18866650893665818
2013-11-26,0.17311116998983445
2013-11-27,0.1597254357665566
2013-11-28,0.15328573257042333
2013-11-29,0.14892054391603157
2013-12-02,0.1480948964160492
2013-12-03,0.15252186991386238
2013-12-04,0.16241793655499412
2013-12-05,0.17675717974939018
2013-12-06,0.18707504535798478
2013-12-09,0.1880957324779288
2013-12-10,0.18198648910166665
2013-12-11,0.16955597590774193
2013-12-12,0.15869689070416343
2013-12-13,0.14783437202360158
2013-12-16,0.13601558015781634
2013-12-17,0.12354925100479669
2013-12-18,0.11001392569427668
2013-12-19,0.09827412607046085
2013-12-20,0.0920480881944288
2013-12-23,0.09365346241293578
2013-12-24,0.09501788997147033
2013-12-25,0.09598588404730383
2013-12-26,0.09618693892052844
2013-12-27,0.09521100067711977
2013-12-30,0.09028778281988024
2013-12-31,0.08700826469210617
2014-01-01,0.08459551214085184
2014-01-02,0.08222093331535242
2014-01-03,0.08403198120454618
2014-01-06,0.08588224157466182
2014-01-07,0.08766266568971584
2014-01-08,0.08818271999296831
2014-01-09,0.09121085149864747
2014-01-10,0.09459778154014409
2014-01-13,0.09226973916062166
2014-01-14,0.0868141172520169
2014-01-15,0.07869517744299283
2014-01-16,0.06980549041493615
2014-01-17,0.061554845529051584
2014-01-20,0.05196530628291967
2014-01-21,0.040907242173437774
2014-01-22,0.032194908864184406
2014-01-23,0.02716491009320674
2014-01-24,0.027877747035584977
2014-01-27,0.03227365438576689
2014-01-28,0.042391910991341514
2014-01-29,0.05593879805027801
2014-01-30,0.0718696248324846
2014-01-31,0.08430649507362781
2014-02-03,0.0955963772721069
2014-02-04,0.10740205079099613
2014-02-05,0.11361706439337299
2014-02-06,0.11395958871647582
2014-02-07,0.1078601041271256
2014-02-10,0.09721137540579493
2014-02-11,0.08889329005078322
2014-02-12,0.08145506722140372
2014-02-13,0.07711136739081108
2014-02-14,0.07065997946795051
2014-02-17,0.06203711757316563
2014-02-18,0.0520771110599841
2014-02-19,0.04241184212533299
2014-02-20,0.03382979825865023
2014-02-21,0.02337186498850628
2014-02-24,0.007943528549724466
2014-02-25,-0.01019595458085478
2014-02-26,-0.028410085472881888
2014-02-27,-0.04401408893154551
2014-02-28,-0.06131294199402659
2014-03-03,-0.0761354190589776
2014-03-04,-0.08707499813018751
2014-03-05,-0.0951611419784814
2014-03-06,-0.10379993622229976
2014-03-07,-0.11144943772476318
2014-03-10,-0.11522985041113785
2014-03-11,-0.11484186293568609
2014-03-12,-0.10904252016265441
2014-03-13,-0.1010153744345662
2014-03-14,-0.09042072368553977
2014-03-17,-0.0817809931871432
2014-03-18,-0.07371741051117763
2014-03-19,-0.068824773227067
2014-03-20,-0.06357290279319353
2014-03-21,-0.06149665030430383
2014-03-24,-0.06179984680826594
2014-03-25,-0.0634919242939759
2014-03-26,-0.06716263765982187
2014-03-27,-0.07407146390300234
2014-03-28,-0.08793564335809348
2014-03-30,-0.1048571855819321
2014-03-31,-0.12015528841807478
2014-04-01,-0.1347944434713588
2014-04-02,-0.14659911161409175
2014-04-03,-0.15363013146401214
2014-04-06,-0.16390826511783702
2014-04-07,-0.17752936195386987
2014-04-08,-0.19413340157126835
2014-04-09,-0.21361437376033843
2014-04-10,-0.22934992963244796
2014-04-13,-0.23945292073026403
2014-04-14,-0.24490936337510907
2014-04-15,-0.24295789474815585
2014-04-16,-0.23501381627060056
2014-04-17,-0.22466201455915755
2014-04-20,-0.21268789244211217
2014-04-21,-0.19971443104891243
2014-04-22,-0.18482008813383902
2014-04-23,-0.17209197402671228
2014-04-24,-0.1623005480540001
2014-04-27,-0.14953423092247095
2014-04-28,-0.13820455578576094
2014-04-29,-0.12588288437042344
2014-04-30,-0.11412125229573594
2014-05-01,-0.10259388974648334
2014-05-04,-0.09411204105632207
2014-05-05,-0.08324915177457169
2014-05-06,-0.07380915394503985
2014-05-07,-0.06767755364623552
2014-05-08,-0.06386251337570854
2014-05-11,-0.06236071382227718
2014-05-12,-0.06174319976554571
2014-05-13,-0.061202177637044185
2014-05-14,-0.06246142686676503
2014-05-15,-0.0619153709974955
2014-05-18,-0.06094943235076532
2014-05-19,-0.0607785552204118
2014-05-20,-0.05926405469902101
2014-05-21,-0.058074841435266734
2014-05-22,-0.056016074618299515
2014-05-25,-0.05201467881541145
2014-05-26,-0.04655508087002252
2014-05-27,-0.03847021998869843
2014-05-28,-0.0300183307890281
2014-05-29,-0.02242812392247235
2014-06-01,-0.013596706998572133
2014-06-02,0.0015445370527831315
2014-06-03,0.019996119382380946
2014-06-04,0.038998966503726466
2014-06-05,0.05383723857601466
2014-06-08,0.0627890650241188
2014-06-09,0.06465496358736597
2014-06-10,0.06071824237624525
2014-06-11,0.05515319832042081
2014-06-12,0.048202814869580765
2014-06-15,0.0394744614982703
2014-06-16,0.031750974774872445
2014-06-17,0.029748039810058528
2014-06-18,0.024842817971852938
2014-06-19,0.01837139739143967
2014-06-22,0.012489079335194
2014-06-23,0.005041429087139722
2014-06-24,-0.0014952559759803586
2014-06-25,-0.009799724850779502
2014-06-26,-0.02039058641101299
2014-06-29,-0.03196465808000321
2014-06-30,-0.040038625962357174
2014-07-01,-0.047555500215982524
2014-07-02,-0.05013400466804815
2014-07-03,-0.051905009769689564
2014-07-06,-0.052395898833534876
2014-07-07,-0.049811290364267964
2014-07-08,-0.04748792342510886
2014-07-09,-0.04562621107150965
2014-07-10,-0.04216230398817333
2014-07-13,-0.037973292081945116
2014-07-14,-0.03514528710793692
2014-07-15,-0.03180069301837124
2014-07-16,-0.027435582027172244
2014-07-17,-0.016932915002602848
2014-07-20,-0.008749933831127115
2014-07-21,-0.0031365193130506465
2014-07-22,-0.0010527091476127402
2014-07-23,1.1365757400635767e-05
2014-07-24,0.00029123035337051857
2014-07-27,0.0011937063036065794
2014-07-28,0.0019517199707403217
2014-07-29,0.0038311367458515235
2014-07-30,0.008998100968110911
2014-07-31,0.0185189531932313
2014-08-03,0.028686053782783494
2014-08-04,0.03876613282687875
2014-08-05,0.05166184851402245
2014-08-06,0.064322173659497
2014-08-07,0.07962032592892034
2014-08-10,0.09275632962075074
2014-08-11,0.10231220025941307
2014-08-12,0.10911651925281782
2014-08-13,0.11400195408902392
2014-08-14,0.11460936175289617
2014-08-17,0.10919187125852967
2014-08-18,0.10164851558410368
2014-08-19,0.09103269252180918
2014-08-20,0.0811516590712304
2014-08-21,0.0735919746609021
2014-08-24,0.06863795711904509
2014-08-25,0.0669436586209201
2014-08-26,0.06314736396691856
2014-08-27,0.05566598878173963
2014-08-28,0.04519842937191887
2014-08-31,0.03252511295609543
2014-09-01,0.02106632963658862
2014-09-02,0.010462880927501356
2014-09-03,7.72567299860802e-05
2014-09-04,-0.008660488668640475
2014-09-07,-0.01605591087220647
2014-09-08,-0.017715903382611822
2014-09-09,-0.012788570574029559
2014-09-10,-0.0038117363453420644
2014-09-11,0.00862841338244671
2014-09-14,0.018622853908900262
2014-09-15,0.037349928460025106
2014-09-16,0.05908495001102456
2014-09-17,0.08450443544454425
2014-09-18,0.11146267145700813
2014-09-21,0.13746837229295475
2014-09-22,0.1656237273763352
2014-09-23,0.1948513035762814
2014-09-24,0.2172030675472308
2014-09-25,0.24044673508220832
2014-09-28,0.2609091639507853
2014-09-29,0.28111966707577424
2014-09-30,0.2975507626894574
2014-10-01,0.31672747708239074
2014-10-02,0.3366863203588531
2014-10-05,0.3486252532711536
2014-10-06,0.3489842777563786
2014-10-07,0.33604348080454804
2014-10-08,0.3117423992367294
2014-10-09,0.2843144602346134
2014-10-12,0.2543695482478646
2014-10-13,0.2246170360078016
2014-10-14,0.19694284719048505
2014-10-15,0.180231337039855
2014-10-16,0.17259249884568634
2014-10-19,0.16487353931194085
2014-10-20,0.16180759417813428
2014-10-21,0.16354789107933654
2014-10-22,0.1684153350903439
2014-10-23,0.17594965363393972
2014-10-27,0.17986658660376997
2014-10-28,0.18835918156059733
2014-10-29,0.18905116997079197
2014-10-30,0.1842365409931375
2014-10-31,0.16726560154188194
2014-11-03,0.14525415857482044
2014-11-04,0.13293345246450972
2014-11-05,0.12699284015215673
2014-11-06,0.12591866037036176
2014-11-07,0.13715138584808592
2014-11-10,0.15191353598268495
2014-11-11,0.16734374460652127
2014-11-12,0.18228239227882273
2014-11-13,0.19655267488099507
2014-11-14,0.21212521115993813
2014-11-17,0.22826636271897743
2014-11-18,0.24398453390696515
2014-11-19,0.25370744643599946
2014-11-20,0.25672485910151843
2014-11-21,0.25466279682879206
2014-11-24,0.24028466816387276
2014-11-25,0.22300901028645206
2014-11-26,0.20204537046142287
2014-11-27,0.17523588127515202
2014-11-28,0.1502518539045573
2014-12-01,0.12804792636708912
2014-12-02,0.11216596806938416
2014-12-03,0.10184504780912311
2014-12-04,0.09288644378211758
2014-12-05,0.09063703166877524
2014-12-08,0.09193012698647574
2014-12-09,0.09644948282976806
2014-12-10,0.10124581433348936
2014-12-11,0.10891395112198408
2014-12-12,0.1222350198136557
2014-12-15,0.13806002828780609
2014-12-16,0.15992965707304502
2014-12-17,0.1895674066390818
2014-12-18,0.21790388626670754
2014-12-19,0.23525637610901093
2014-12-22,0.24357169753180988
2014-12-23,0.2458240098421122
2014-12-24,0.24742673518788935
2014-12-25,0.24759549140508944
2014-12-26,0.2465164354568104
2014-12-29,0.24347506458008306
2014-12-30,0.23945839692692455
2014-12-31,0.22790634428374876
2015-01-01,0.21174570169175044
2015-01-02,0.19294151338949098
2015-01-05,0.17832401699219924
2015-01-06,0.16815617431461066
2015-01-07,0.15980008482281577
2015-01-08,0.1503011916930128
2015-01-09,0.13726428218569153
2015-01-12,0.11784973274789041
2015-01-13,0.10142967442936343
2015-01-14,0.08329689361051572
2015-01-15,0.0612164201469804
2015-01-16,0.04158765996124798
2015-01-19,0.021553429620360953
2015-01-20,0.006745056486351066
2015-01-21,-0.009066807654453312
2015-01-22,-0.026355485604600583
2015-01-23,-0.04696896513515425
2015-01-26,-0.06715759682691003
2015-01-27,-0.08529145583117831
2015-01-28,-0.10219150410151069
2015-01-29,-0.1163978542697914
2015-01-30,-0.12393453821891233
2015-02-02,-0.1156690448480678
2015-02-03,-0.09170786140998848
2015-02-04,-0.06386548056011901
2015-02-05,-0.028678879871066192
2015-02-06,0.00927902542544904
2015-02-09,0.05169238434238569
2015-02-10,0.09202687886924812
2015-02-11,0.1370750986238831
2015-02-12,0.18623799835526048
2015-02-13,0.2272511070768734
2015-02-16,0.26167901510048663
2015-02-17,0.2881857581835511
2015-02-18,0.3070256140545468
2015-02-19,0.3199632950335138
2015-02-20,0.3312468691393043
2015-02-23,0.3396178742133613
2015-02-24,0.3458057516887181
2015-02-25,0.3465637820956627
2015-02-26,0.34426993587378824
2015-02-27,0.34380784401029496
2015-03-02,0.33408409404625816
2015-03-03,0.3255958766334917
2015-03-04,0.3218104234168083
2015-03-05,0.32557960684060305
2015-03-06,0.336128725300263
2015-03-09,0.3561688357688181
2015-03-10,0.3877128014933646
2015-03-11,0.41974088007008575
2015-03-12,0.45150086406214096
2015-03-13,0.48380716140567986
2015-03-16,0.5227881616122425
2015-03-17,0.5606753651240063
2015-03-18,0.5934613242506818
2015-03-19,0.6150087529550863
2015-03-20,0.6349659918711609
2015-03-23,0.6418359756673058
2015-03-24,0.6260022969582244
2015-03-25,0.5963137877251102
2015-03-26,0.5655627430941921
2015-03-27,0.531886626596484
2015-03-29,0.5041248861293062
2015-03-30,0.4779501367809294
2015-03-31,0.44813706704626943
2015-04-01,0.4135474721864058
2015-04-02,0.3718457358442269
2015-04-05,0.3271848196113821
2015-04-06,0.28246428252617695
2015-04-07,0.239988223622026
2015-04-08,0.19147951032471505
2015-04-09,0.14285714922038106
2015-04-12,0.09869204374120256
2015-04-13,0.06519996265743642
2015-04-14,0.03368394654351389
2015-04-15,0.0007352662185528356
2015-04-16,-0.0318490446860902
2015-04-19,-0.059938412663077784
2015-04-20,-0.0841753824694572
2015-04-21,-0.10465243291627534
2015-04-22,-0.12362178883648965
2015-04-23,-0.14434432838428107
2015-04-26,-0.16670186972283876
2015-04-27,-0.19221356412823198
2015-04-28,-0.21485288633174854
2015-04-29,-0.2314890917446666
2015-04-30,-0.2357347739186421
2015-05-03,-0.23131955764780715
2015-05-04,-0.21254129589081106
2015-05-05,-0.18894940531413015
2015-05-06,-0.16612232058399062
2015-05-07,-0.14548139210658897
2015-05-10,-0.13293352100414693
2015-05-11,-0.11543932674264576
2015-05-12,-0.1002774370501513
2015-05-13,-0.08485321047718956
2015-05-14,-0.07552890123766928
2015-05-17,-0.0700500223222011
2015-05-18,-0.06527160515970465
2015-05-19,-0.05788357368685165
2015-05-20,-0.05276578142932346
2015-05-21,-0.0449474753187918
2015-05-24,-0.029525191060098727
2015-05-25,-0.00985648813099536
2015-05-26,0.0177680901049001
2015-05-27,0.04715753340889364
2015-05-28,0.07801112597974028
2015-05-31,0.10955152266234587
2015-06-01,0.13828481565691456
2015-06-02,0.1580190451610154
2015-06-03,0.1709962217203083
2015-06-04,0.17925010472030078
2015-06-07,0.18337613912709327
2015-06-08,0.18052108622600008
2015-06-09,0.17126440812316435
2015-06-10,0.16031722606195487
2015-06-11,0.14527776980486828
2015-06-14,0.13172619353224466
2015-06-15,0.12025122461841224
2015-06-16,0.10600196598199137
2015-06-17,0.08630188197128198
2015-06-18,0.06513389224195067
2015-06-21,0.0483655718180364
2015-06-22,0.034114094327032427
2015-06-23,0.020921757684453875
2015-06-24,0.01161712462061621
2015-06-25,0.008686405332350279
2015-06-28,0.009923149270882827
2015-06-29,0.012309961350588303
2015-06-30,0.014372582783927938
2015-07-01,0.020464417883682792
2015-07-02,0.022476298093170748
2015-07-05,0.025944982500876505
2015-07-06,0.030671802912155977
2015-07-07,0.040866841931728876
2015-07-08,0.05978935707833924
2015-07-09,0.08130489996971892
2015-07-12,0.09501184488851916
2015-07-13,0.0999033853962914
2015-07-14,0.0994074154559533
2015-07-15,0.09521932718455195
2015-07-16,0.09047384239518264
2015-07-19,0.08940181455635156
2015-07-20,0.09137036902419823
2015-07-21,0.09207665217491166
2015-07-22,0.09720975269686628
2015-07-23,0.11181066368605726
2015-07-26,0.13909996426431606
2015-07-27,0.17239827440953961
2015-07-28,0.20564316100656985
2015-07-29,0.23234311354303405
2015-07-30,0.2578631268186934
2015-08-02,0.2855820485182217
2015-08-03,0.3150446284491284
2015-08-04,0.3443617139181612
2015-08-05,0.37227735133905454
2015-08-06,0.4014454014212419
2015-08-09,0.4278129905013656
2015-08-10,0.4382449785514558
2015-08-11,0.4407136634031178
2015-08-12,0.4370064632756768
2015-08-13,0.4330762655326285
2015-08-16,0.42301006473105407
2015-08-17,0.4081798108027982
2015-08-18,0.3886427168567949
2015-08-19,0.3686648732080295
2015-08-20,0.34501938227354567
2015-08-23,0.3237967840137823
2015-08-24,0.30961030006571444
2015-08-25,0.30622418864127815
2015-08-26,0.3064837232088617
2015-08-27,0.30303099705794745
2015-08-30,0.2994717943401479
2015-08-31,0.29925412978706006
2015-09-01,0.3076899337169717
2015-09-02,0.3260627978500153
2015-09-03,0.34590112905619375
2015-09-06,0.37495384121461
2015-09-07,0.4055975832825068
2015-09-08,0.4315305646015124
2015-09-09,0.44733086393534816
2015-09-10,0.46144048676402605
2015-09-13,0.47383513170009944
2015-09-14,0.47660439902509955
2015-09-15,0.47658287417982026
2015-09-16,0.4698728180812892
2015-09-17,0.4641426945490825
2015-09-20,0.46235021629333206
2015-09-21,0.4495802991248797
2015-09-22,0.45514786134776236
2015-09-23,0.4825958262427114
2015-09-24,0.49171951364364563
2015-09-27,0.4910228473315447
2015-09-28,0.49673525749578706
2015-09-29,0.4984509502811488
2015-09-30,0.48449018535980776
2015-10-01,0.4656331939797703
2015-10-04,0.43620899272404273
2015-10-05,0.3991027080168385
2015-10-06,0.3524767241130954
2015-10-07,0.30502343110634283
2015-10-08,0.24961892698335938
2015-10-11,0.1900262353035129
2015-10-12,0.13126071468379527
2015-10-13,0.08849514409971788
2015-10-14,0.050032884559270546
2015-10-15,0.015067076101250722
2015-10-18,-0.0035127025958059865
2015-10-19,-0.014098329646700975
2015-10-20,-0.017756408091374413
2015-10-21,-0.013684268226842647
2015-10-22,-0.008380130569643766
2015-10-26,-0.005150678447593805
2015-10-27,-0.0007034599200587924
2015-10-28,0.002271927907636418
2015-10-29,0.005454612677885022
2015-10-30,0.003606710485360756
2015-11-02,-0.0005526948712638076
2015-11-03,-0.004078936081693586
2015-11-04,-0.016663570171771867
2015-11-05,-0.031199892203000595
2015-11-06,-0.04734214524269967
2015-11-09,-0.06456566596370003
2015-11-10,-0.07804603973537533
2015-11-11,-0.09317857797271367
2015-11-12,-0.10638540368554127
2015-11-13,-0.11683827607265236
2015-11-16,-0.11759126245576378
2015-11-17,-0.11339119758882413
2015-11-18,-0.1076705798387962
2015-11-19,-0.10489899879506581
2015-11-20,-0.10427931200998804
2015-11-23,-0.11047837134187691
2015-11-24,-0.11726004446408211
2015-11-25,-0.12666301000114635
2015-11-26,-0.1325107073871658
2015-11-27,-0.13545259680247765
2015-11-30,-0.12612694308087696
2015-12-01,-0.10705480790560451
2015-12-02,-0.08439615431515657
2015-12-03,-0.062437003993899017
2015-12-04,-0.049391731259259906
2015-12-07,-0.04288019368921592
2015-12-08,-0.03977784065941785
2015-12-09,-0.03352024720687977
2015-12-10,-0.03251509065207409
2015-12-11,-0.028392279604004107
2015-12-14,-0.022066577501466088
2015-12-15,-0.007839723170290018
2015-12-16,0.012363768161286322
2015-12-17,0.03359992781605276
2015-12-18,0.052377543585285104
2015-12-21,0.07806194072831531
2015-12-22,0.10913289683213649
2015-12-23,0.13851565984938677
2015-12-24,0.16021022096448168
2015-12-25,0.17257446436433452
2015-12-28,0.17740560420661844
2015-12-29,0.17166844740621745
2015-12-30,0.1601606936408299
2015-12-31,0.15411569075547404
2016-01-01,0.15054248515991794
2016-01-04,0.14804333234546171
2016-01-05,0.1541299829489712
2016-01-06,0.16343344021216571
2016-01-07,0.1727944551623005
2016-01-08,0.18295862281290373
2016-01-11,0.18772158279735454
2016-01-12,0.19357321658196008
2016-01-13,0.1966126345166504
2016-01-14,0.19598711790624618
2016-01-15,0.19169954315761661
2016-01-18,0.18462289998340778
2016-01-19,0.1800905176064438
2016-01-20,0.17727388903645855
2016-01-21,0.17898187448334804
2016-01-22,0.1874335567521943
2016-01-25,0.192791019275544
2016-01-26,0.1950641207702341
2016-01-27,0.19267451073303418
2016-01-28,0.19039251513516559
2016-01-29,0.18414751288454131
2016-02-01,0.16886406660833128
2016-02-02,0.14510495553796698
2016-02-03,0.11957215233768562
2016-02-04,0.08573183343403436
2016-02-05,0.04818225901340416
2016-02-08,0.011722169905241457
2016-02-09,-0.022439808641589076
2016-02-10,-0.05389313852375622
2016-02-11,-0.07747288706289004
2016-02-12,-0.08896252480940044
2016-02-15,-0.09382126387693147
2016-02-16,-0.09157011574164191
2016-02-17,-0.07866324088459425
2016-02-18,-0.06724418547057995
2016-02-19,-0.053224885531950546
2016-02-22,-0.03907069957960491
2016-02-23,-0.03230951437200636
2016-02-24,-0.029370376103330254
2016-02-25,-0.02874783528110488
2016-02-26,-0.029694113873942014
2016-02-29,-0.03025477592397646
2016-03-01,-0.026030980704019067
2016-03-02,-0.02738934966566466
2016-03-03,-0.03493807690620046
2016-03-04,-0.05416293101009581
2016-03-07,-0.08156486539550493
2016-03-08,-0.11079794043978727
2016-03-09,-0.14153400777217234
2016-03-10,-0.17774066322875337
2016-03-11,-0.22021376627264136
2016-03-14,-0.26704910747167065
2016-03-15,-0.3050905419781991
2016-03-16,-0.324456072785157
2016-03-17,-0.3324779195523782
2016-03-18,-0.3427375881334927
2016-03-21,-0.35252817374186374
2016-03-22,-0.3610310358595472
2016-03-23,-0.3702775721496235
2016-03-24,-0.3684732060692569
2016-03-25,-0.3589970390098143
2016-03-27,-0.34354363652560194
2016-03-28,-0.32477412707186115
2016-03-29,-0.3080502821594239
2016-03-30,-0.2962729744644309
2016-03-31,-0.28814890432749846
2016-04-03,-0.2854321833544821
2016-04-04,-0.27853907472266426
2016-04-05,-0.26303458868033985
2016-04-06,-0.24593263959320186
2016-04-07,-0.22352130397047582
2016-04-10,-0.2079245369209024
2016-04-11,-0.20633744929633074
2016-04-12,-0.21327336105058145
2016-04-13,-0.2231530413880205
2016-04-14,-0.23552077042931788
2016-04-17,-0.24202308494354519
2016-04-18,-0.2358465485919628
2016-04-19,-0.22990295504099528
2016-04-20,-0.22375182739411703
2016-04-21,-0.2170677714069013
2016-04-24,-0.20590384061012365
2016-04-25,-0.19316490744191464
2016-04-26,-0.18261580507358155
2016-04-27,-0.1732823570399537
2016-04-28,-0.16888511230142503
2016-05-01,-0.17192567338936324
2016-05-02,-0.17224215332260656
2016-05-03,-0.16433142890890848
2016-05-04,-0.15227915583319704
2016-05-05,-0.13916672083127204
2016-05-08,-0.12921505914459278
2016-05-09,-0.1199201365043906
2016-05-10,-0.11554066099924533
2016-05-11,-0.11641354865164373
2016-05-12,-0.11692442860186203
2016-05-15,-0.1113105462717023
2016-05-16,-0.10559433930723422
2016-05-17,-0.10066158957107937
2016-05-18,-0.08869361202871028
2016-05-19,-0.07263456145825345
2016-05-22,-0.05521383505170961
2016-05-23,-0.03692135839477613
2016-05-24,-0.019047170903797508
2016-05-25,-0.001506032432812499
2016-05-26,0.015315894315198548
2016-05-29,0.03327442586264671
2016-05-30,0.046357864257275797
2016-05-31,0.05711006207208637
2016-06-01,0.06635428542326642
2016-06-02,0.07272229916285669
2016-06-05,0.07094440205336482
2016-06-06,0.059980056973915404
2016-06-07,0.038845049387742116
2016-06-08,0.004808179391641129
2016-06-09,-0.030945597738289365
2016-06-12,-0.0633309849383774
2016-06-13,-0.08508621569504338
2016-06-14,-0.09894745455030887
2016-06-15,-0.10738800241867942
2016-06-16,-0.11245639109588353
2016-06-19,-0.11975753966436145
2016-06-20,-0.12971784177893242
2016-06-21,-0.1380999604725279
2016-06-22,-0.1484306285367629
2016-06-23,-0.1626558636102042
2016-06-26,-0.17460148995378738
2016-06-27,-0.1815487497319045
2016-06-28,-0.1934439597934613
2016-06-29,-0.21373636971354845
2016-06-30,-0.24048501333193487
2016-07-03,-0.2661091493769479
2016-07-04,-0.28245869102561805
2016-07-05,-0.29003654339890395
2016-07-06,-0.2878157350436001
2016-07-07,-0.2750998644850656
2016-07-10,-0.26253399207612993
2016-07-11,-0.2488998342298696
2016-07-12,-0.23604855843687103
2016-07-13,-0.2270686538310844
2016-07-14,-0.22163522948139183
2016-07-17,-0.21488380584653388
2016-07-18,-0.20993006705162517
2016-07-19,-0.20580503737687159
2016-07-20,-0.20119556896071988
2016-07-21,-0.19413627525122196
2016-07-24,-0.18719779701509512
2016-07-25,-0.176759663439024
2016-07-26,-0.16553290834263787
2016-07-27,-0.15518704083018411
2016-07-28,-0.14291478329122473
2016-07-31,-0.1336516863813819
2016-08-01,-0.12498254853527037
2016-08-02,-0.11738953668034496
2016-08-03,-0.11251693429220122
2016-08-04,-0.11447345800428804
2016-08-07,-0.12295258723637245
2016-08-08,-0.13355888342652247
2016-08-09,-0.14717414787798558
2016-08-10,-0.16327508242181105
2016-08-11,-0.17772517240871727
2016-08-14,-0.18390932003842062
2016-08-15,-0.18465527497607329
2016-08-16,-0.17954999041690126
2016-08-17,-0.17015229850287297
2016-08-18,-0.1544022641269484
2016-08-21,-0.13896698718515105
2016-08-22,-0.12484795688031794
2016-08-23,-0.10782322883910349
2016-08-24,-0.09109098747708241
2016-08-25,-0.07470068790615045
2016-08-28,-0.05524000460088029
2016-08-29,-0.039076512882248275
2016-08-30,-0.024760875888732294
2016-08-31,-0.013610673347369984
2016-09-01,-0.0019636335200671207
2016-09-04,0.009575960193465913
2016-09-05,0.02153316448702574
2016-09-06,0.024876785631455248
2016-09-07,0.022067535236641643
2016-09-08,0.01836971793675615
2016-09-11,0.020724901262474688
2016-09-12,0.02371464158388994
2016-09-13,0.03440472364573208
2016-09-14,0.05226439567030615
2016-09-15,0.06818380544451487
2016-09-18,0.07777971173551396
2016-09-19,0.08329003429069272
2016-09-20,0.08396797334831248
2016-09-21,0.07614012717222024
2016-09-22,0.06423187298440561
2016-09-25,0.05333216893118373
2016-09-26,0.0432524039429663
2016-09-27,0.03325643811215245
2016-09-28,0.022166795742061894
2016-09-29,0.01569935621945461
2016-10-02,0.012440679992283607
2016-10-03,0.005553750280677141
2016-10-04,0.0020266099878416322
2016-10-05,-0.003287264142973637
2016-10-06,-0.008357385948470155
2016-10-09,-0.013813559743749258
2016-10-10,-0.020969834878039918
2016-10-11,-0.02938997222300174
2016-10-12,-0.037397904857310336
2016-10-13,-0.047142362132587844
2016-10-16,-0.054379480691268155
2016-10-17,-0.059194784372486896
2016-10-18,-0.06455388416314664
2016-10-19,-0.07142909096406362
2016-10-20,-0.08157712461796096
2016-10-23,-0.09167857984275087
2016-10-24,-0.1035433811697966
2016-10-25,-0.116960647836924
2016-10-26,-0.12685582013516927
2016-10-27,-0.13053766282104523
2016-10-31,-0.12545565285650445
2016-11-01,-0.11546345282618749
2016-11-02,-0.09850164555978372
2016-11-03,-0.07602221391224444
2016-11-04,-0.050675642263049304
2016-11-07,-0.027988703600538595
2016-11-08,-0.011840361149617337
2016-11-09,-0.004384581951744841
2016-11-10,0.004738543462166501
2016-11-11,0.032802088232578436
2016-11-14,0.06977190408342769
2016-11-15,0.11519956540597623
2016-11-16,0.16249324837015502
2016-11-17,0.20820378007421741
2016-11-18,0.2470650521791343
2016-11-21,0.27261651589312985
2016-11-22,0.2880104489323172
2016-11-23,0.29251323983580896
2016-11-24,0.29663860974062933
2016-11-25,0.29461522291788883
2016-11-28,0.29129499289858696
2016-11-29,0.2847741933127797
2016-11-30,0.28084531779070415
2016-12-01,0.2724130510564604
2016-12-02,0.2791667764489693
2016-12-05,0.28270909177581416
2016-12-06,0.27702197138088364
2016-12-07,0.26363178105428026
2016-12-08,0.24281920020397382
2016-12-09,0.21714930785194592
2016-12-12,0.18978586615135282
2016-12-13,0.15818000304922666
2016-12-14,0.12514700097665055
2016-12-15,0.09667592391026011
2016-12-16,0.07207002553537079
2016-12-19,0.05376851510961069
2016-12-20,0.037394134557890146
2016-12-21,0.021930432856951423
2016-12-22,0.004941322728271118
2016-12-23,-0.016117844659410702
2016-12-26,-0.040059659651761864
2016-12-27,-0.0640853299001363
2016-12-28,-0.08644539206056741
2016-12-29,-0.104672718724559
2016-12-30,-0.12213628626406016
2017-01-02,-0.13751502106292013
2017-01-03,-0.14684603075142194
2017-01-04,-0.15361407870765925
2017-01-05,-0.16321790151841423
2017-01-06,-0.17516001362551994
2017-01-09,-0.18450132266966682
2017-01-10,-0.19394152045706986
2017-01-11,-0.20228548212256195
2017-01-12,-0.20853677328549838
2017-01-13,-0.21343478287485926
2017-01-16,-0.21645460830344676
2017-01-17,-0.21145920779395347
2017-01-18,-0.20452320669333526
2017-01-19,-0.19391787946096578
2017-01-20,-0.1848944142422138
2017-01-23,-0.1825902547161962
2017-01-24,-0.1817249119647275
2017-01-25,-0.1803683160550613
2017-01-26,-0.17818094541063106
2017-01-27,-0.17414144542032933
2017-01-30,-0.17606470404741562
2017-01-31,-0.17909760467475228
2017-02-01,-0.17921789925782555
2017-02-02,-0.17941200173083194
2017-02-03,-0.17962626934516396
2017-02-06,-0.17954420241627442
2017-02-07,-0.179309343088609
2017-02-08,-0.17802133376679546
2017-02-09,-0.1756322058976574
2017-02-10,-0.1706280213925022
2017-02-13,-0.16621260873343646
2017-02-14,-0.16149892749335976
2017-02-15,-0.1596342236580743
2017-02-16,-0.1619362039565269
2017-02-17,-0.16245358294795306
2017-02-20,-0.1603540816373041
2017-02-21,-0.15737364808010812
2017-02-22,-0.1525133259931049
2017-02-23,-0.14992237384120813
2017-02-24,-0.14857523917385992
2017-02-27,-0.1435639398035733
2017-02-28,-0.13487882807219218
2017-03-01,-0.12370376502020788
2017-03-02,-0.1135767110180913
2017-03-03,-0.09657611524710315
2017-03-06,-0.08015504956780696
2017-03-07,-0.06282705507516582
2017-03-08,-0.048308494772430335
2017-03-09,-0.031168985319305703
2017-03-10,-0.009674018890533636
2017-03-13,0.008000682797406615
2017-03-14,0.022771171506459482
2017-03-15,0.03607278738633328
2017-03-16,0.040040364860153714
2017-03-17,0.04022592929422948
2017-03-20,0.034145184570962425
2017-03-21,0.022716775668170652
2017-03-22,0.010543450850908371
2017-03-23,-0.0015778040086586172
2017-03-24,-0.006670519797303659
2017-03-26,-0.010472445974887857
2017-03-27,-0.011402992789830584
2017-03-28,-0.008951538428797649
2017-03-29,-0.00647707039584908
2017-03-30,-0.0011333336615260408
2017-04-02,0.002587974964639496
2017-04-03,0.004051831608665879
2017-04-04,0.0020082906164174616
2017-04-05,0.0007654022064810535
2017-04-06,0.002641025862119256
2017-04-09,0.006650231987598586
2017-04-10,0.010165580727499901
2017-04-11,0.013703879832289205
2017-04-12,0.015427495649876985
2017-04-13,0.018091575061814615
2017-04-16,0.021240339292887954
2017-04-17,0.02284021299749245
2017-04-18,0.02054078559051125
2017-04-19,0.020827326671485458
2017-04-20,0.022444870387225146
2017-04-23,0.024647627222756492
2017-04-24,0.024666214032760064
2017-04-25,0.025624809365587545
2017-04-26,0.029780956323427345
2017-04-27,0.036661366279483174
2017-04-30,0.04403238576099332
2017-05-01,0.05094863633622286
2017-05-02,0.054062353471283534
2017-05-03,0.05586110907456844
2017-05-04,0.05919232993601719
2017-05-07,0.06218202603163166
2017-05-08,0.06671354314340758
2017-05-09,0.07052616277341206
2017-05-10,0.07095418319002475
2017-05-11,0.06595726836744488
2017-05-14,0.062239120276651114
2017-05-15,0.05126765666990993
2017-05-16,0.034994673654575016
2017-05-17,0.020771135712687565
2017-05-18,0.03583001013726751
2017-05-21,0.054153295028405456
2017-05-22,0.07446663225320782
2017-05-23,0.09476215092683409
2017-05-24,0.11402308157044566
2017-05-25,0.13090121713536232
2017-05-28,0.13374388722728314
2017-05-29,0.13636109179114456
2017-05-30,0.1382559177633749
2017-05-31,0.1355175730209281
2017-06-01,0.13239299838907628
2017-06-04,0.1287689294359312
2017-06-05,0.12994697291105106
2017-06-06,0.13117078093007745
2017-06-07,0.13086531127765524
2017-06-08,0.12829681161456535
2017-06-11,0.11476594362617436
2017-06-12,0.11082290793261451
2017-06-13,0.11224522170141378
2017-06-14,0.11167038126458351
2017-06-15,0.1096270187538659
2017-06-18,0.10811554949770884
2017-06-19,0.10577714344752158
2017-06-20,0.10769602610286674
2017-06-21,0.11254768336385787
2017-06-22,0.11914350969597245
2017-06-25,0.12612201652103863
2017-06-26,0.12717717793604658
2017-06-27,0.12604436756348997
2017-06-28,0.1195664804729799
2017-06-29,0.11243164151394644
2017-07-02,0.09101148181669474
2017-07-03,0.07569386720361551
2017-07-04,0.06573236260692836
2017-07-05,0.05693433099396574
2017-07-06,0.05033928790696417
2017-07-09,0.03202686711958278
2017-07-10,0.018169889687664125
2017-07-11,0.005393400072229651
2017-07-12,-0.011612487570957883
2017-07-13,-0.02940145671484102
2017-07-16,-0.050160586052954315
2017-07-17,-0.07060779650060084
2017-07-18,-0.09255280126771981
2017-07-19,-0.11413847073050666
2017-07-20,-0.13704326624211494
2017-07-23,-0.15187034537068872
2017-07-24,-0.16413655299054064
2017-07-25,-0.17038205605776605
2017-07-26,-0.17581679708752093
2017-07-27,-0.17804283673855353
2017-07-30,-0.17466466591864796
2017-07-31,-0.17338787615552206
2017-08-01,-0.17318251348394362
2017-08-02,-0.17422634843227625
2017-08-03,-0.17541772423800986
2017-08-06,-0.17396128585965562
2017-08-07,-0.1709442912081656
2017-08-08,-0.16635972228055362
2017-08-09,-0.1574883380889788
2017-08-10,-0.1435559763479382
2017-08-13,-0.1264314941357289
2017-08-14,-0.10689686845500501
2017-08-15,-0.08899775773244467
2017-08-16,-0.0747682277548027
2017-08-17,-0.060880107591322695
2017-08-20,-0.047353787258733675
2017-08-21,-0.036427876856584544
2017-08-22,-0.027930748727737032
2017-08-23,-0.023788258443979807
2017-08-24,-0.021634058556101326
2017-08-27,-0.01933810405224511
2017-08-28,-0.0162138481107135
2017-08-29,-0.012911749454908963
2017-08-30,-0.010287499079721662
2017-08-31,-0.009679062952755262
2017-09-03,-0.0066420072689297865
2017-09-04,-0.0067171829074084595
2017-09-05,-0.011369406112373049
2017-09-06,-0.02052162889489141
2017-09-07,-0.03178095935822105
2017-09-10,-0.03425202363372901
2017-09-11,-0.04011147609510838
2017-09-12,-0.04494842444112889
2017-09-13,-0.04757668885576843
2017-09-14,-0.05008606211320944
2017-09-17,-0.05315467646201535
2017-09-18,-0.05326294450338333
2017-09-19,-0.05161788697634202
2017-09-20,-0.04908069915199168
2017-09-21,-0.045533488712050624
2017-09-24,-0.04270779908756268
2017-09-25,-0.036426546392936944
2017-09-26,-0.027549595892536777
2017-09-27,-0.01431449425712408
2017-09-28,-0.0005041958117456576
2017-10-01,0.01074367458735881
2017-10-02,0.018461924859374968
2017-10-03,0.02207765753774953
2017-10-04,0.022016330409192916
2017-10-05,0.02187843116901762
2017-10-08,0.021982330443206584
2017-10-09,0.025772429301380607
2017-10-10,0.030414229071182897
2017-10-11,0.034224640137199724
2017-10-12,0.037081275997907566
2017-10-15,0.036403267786112664
2017-10-16,0.03628504039647392
2017-10-17,0.03473800347608326
2017-10-18,0.03391688464628557
2017-10-19,0.03286240412070621
2017-10-22,0.034617562149869684
2017-10-23,0.04285688653732249
2017-10-24,0.055278972541398484
2017-10-25,0.06791192511566316
2017-10-26,0.08598204763692334
2017-10-30,0.0998928640707654
2017-10-31,0.11606078762409391
2017-11-01,0.13007282412199603
2017-11-02,0.1409965417083716
2017-11-03,0.14863671100517606
2017-11-06,0.15644996349348692
2017-11-07,0.1581635055918736
2017-11-08,0.15803455485869514
2017-11-09,0.15407246560632665
2017-11-10,0.14718996195783082
2017-11-13,0.1415942165510244
2017-11-14,0.13655296375470907
2017-11-15,0.13574251998329348
2017-11-16,0.1319036953014504
2017-11-17,0.12599875690776524
2017-11-20,0.11696744170752231
2017-11-21,0.10628531137517648
2017-11-22,0.09545296887664463
2017-11-23,0.08038572376467859
2017-11-24,0.06333994324275682
2017-11-27,0.04770922581516814
2017-11-28,0.0330210359702854
2017-11-29,0.017758707839169382
2017-11-30,0.007349257230056944
2017-12-01,0.0036241177347904334
2017-12-04,0.002487634569123536
2017-12-05,0.001234679629529401
2017-12-06,-0.0002758525001396934
2017-12-07,-0.002531681111232577
2017-12-08,0.000998218983215611
2017-12-11,0.007839253349485114
2017-12-12,0.017963880105267834
2017-12-13,0.02931457522929959
2017-12-14,0.0411775817937136
2017-12-15,0.056021636567896306
2017-12-18,0.0660168964524674
2017-12-19,0.07202193313376767
2017-12-20,0.07473688148020277
2017-12-21,0.0759121107480256
2017-12-22,0.0769554824085048
2017-12-25,0.08106034553332793
2017-12-26,0.08616490496946856
2017-12-27,0.0883392450953858
2017-12-28,0.08867866551271836
2017-12-29,0.08731505274735256
2018-01-01,0.08429904473025765
2018-01-02,0.08054677857739781
2018-01-03,0.07038605864723552
2018-01-04,0.05427664345459577
2018-01-05,0.035141659183201224
2018-01-08,0.014550911775149796
2018-01-09,-0.004289502812579064
2018-01-10,-0.01999537884760022
2018-01-11,-0.034995966688243084
2018-01-12,-0.04984678130205684
2018-01-15,-0.06498759002068638
2018-01-16,-0.07773113252938407
2018-01-17,-0.08688436964629305
2018-01-18,-0.09302545851686404
2018-01-19,-0.09851892341239633
2018-01-22,-0.10407925090206602
2018-01-23,-0.10829070852786626
2018-01-24,-0.10714775985215248
2018-01-25,-0.11253263622083598
2018-01-26,-0.1209488992090144
