Date,cci_20
2010-01-04,
2010-01-05,0.503059514891345
2010-01-06,0.4456242363598598
2010-01-07,1.1105480378198782
2010-01-08,0.866334945640396
2010-01-11,-0.5996150620868814
2010-01-12,0.5569124592532364
2010-01-13,1.0123102273680815
2010-01-14,1.782902058922505
2010-01-15,1.2661145191998995
2010-01-18,1.14408339318484
2010-01-19,0.9680693250778505
2010-01-20,1.1815964806525274
2010-01-21,1.330339117438189
2010-01-22,1.5266439584430636
2010-01-25,1.0707575922009582
2010-01-26,1.6938942304026408
2010-01-27,1.4468479373215208
2010-01-28,1.41113234231017
2010-01-29,1.2885315527734071
2010-02-01,1.1308017025591781
2010-02-02,0.6459308565206757
2010-02-03,0.5141191570084694
2010-02-04,0.8088213668641209
2010-02-05,0.8321467867074617
2010-02-08,0.728774220989215
2010-02-09,0.42513907416047053
2010-02-10,0.23944820405253534
2010-02-11,0.2164387425533861
2010-02-12,0.30835279146086814
2010-02-15,0.20020766445171895
2010-02-16,-0.03385849724522016
2010-02-17,-0.3909172889451935
2010-02-18,-1.170945997626056
2010-02-19,-1.602361204215574
2010-02-22,-2.1253034181578747
2010-02-23,-1.409310830100414
2010-02-24,-1.049259557454369
2010-02-25,-0.6575232358421815
2010-02-26,-0.9701856183686777
2010-03-01,-1.3409467311477758
2010-03-02,-1.872965068609107
2010-03-03,-1.1979879155852968
2010-03-04,-1.0953317689272775
2010-03-05,-1.1294267949087542
2010-03-08,-1.0856791958838572
2010-03-09,-0.87795523635632
2010-03-10,-1.1258654570113698
2010-03-11,-1.1089963307414026
2010-03-12,-1.1721545815695245
2010-03-15,-1.0889672527978536
2010-03-16,-0.9747016626258408
2010-03-17,-0.932391560435281
2010-03-18,-0.6250035561872578
2010-03-19,0.10792928163655713
2010-03-22,0.3506736152772442
2010-03-23,-0.1332199332944636
2010-03-24,-0.004711513320076898
2010-03-25,0.5815439760216171
2010-03-26,1.757734760483452
2010-03-28,1.4116203555106035
2010-03-29,0.4204028038554147
2010-03-30,-0.07953778531627757
2010-03-31,-0.5917481765700173
2010-04-01,-0.8837572008777178
2010-04-04,-0.9109663903467093
2010-04-05,-0.9170872750443152
2010-04-06,-0.55507762025638
2010-04-07,-0.38313820321287373
2010-04-08,-0.337758389754845
2010-04-11,-0.8854108019660214
2010-04-12,-1.482585817560404
2010-04-13,-1.2655236338856901
2010-04-14,-1.1217029858276466
2010-04-15,-0.8283431402414562
2010-04-18,-0.5632727051366878
2010-04-19,-0.795220582425749
2010-04-20,-0.8217403746873507
2010-04-21,-0.43242968230227397
2010-04-22,-0.2455218947404615
2010-04-25,-0.8578906379625488
2010-04-26,-0.30197238898953616
2010-04-27,0.3534423143559458
2010-04-28,-1.269471844149161
2010-04-29,-1.9953566480045393
2010-05-02,-1.5907761585128388
2010-05-03,-0.6818122579227177
2010-05-04,1.1809231287020547
2010-05-05,2.914019797178153
2010-05-06,3.1063157536428383
2010-05-09,1.2365714718565974
2010-05-10,0.24291731936216862
2010-05-11,0.31118037740021276
2010-05-12,-0.015354444557952868
2010-05-13,0.5740515828640357
2010-05-16,0.7172805156723949
2010-05-17,0.701786317259886
2010-05-18,1.072036188680589
2010-05-19,1.4417546028755583
2010-05-20,1.302952341773029
2010-05-23,0.88972802783819
2010-05-24,1.095476374168019
2010-05-25,0.6322700973205301
2010-05-26,0.48347633019111236
2010-05-27,-0.08693261145387689
2010-05-30,-0.4170596342660751
2010-05-31,0.2594385493375043
2010-06-01,0.1683904555149078
2010-06-02,-0.31244866731674975
2010-06-03,0.36015918974695604
2010-06-06,0.5858117028799494
2010-06-07,0.7109677072045215
2010-06-08,0.15119532392805163
2010-06-09,-0.2554751807051922
2010-06-10,-1.1079159083969405
2010-06-13,-1.2293413935613655
2010-06-14,-1.2813618185885052
2010-06-15,-1.410490627840391
2010-06-16,-1.3068847982228085
2010-06-17,-1.3016636282371092
2010-06-20,-1.338892139746742
2010-06-21,-1.209620809998968
2010-06-22,-0.5506822535512751
2010-06-23,-0.7099121092293064
2010-06-24,-0.7286232050174175
2010-06-27,-0.762156559782807
2010-06-28,-0.3494031425330564
2010-06-29,-0.20314645834625503
2010-06-30,0.12470117245678095
2010-07-01,-0.6055621897181955
2010-07-04,-0.9334609887595798
2010-07-05,-0.9262771092829527
2010-07-06,-0.7789531262654885
2010-07-07,-1.0559573413241026
2010-07-08,-1.3473763837161945
2010-07-11,-1.2276439251919269
2010-07-12,-1.1864767594248684
2010-07-13,-0.97231523701014
2010-07-14,-0.5500347274548304
2010-07-15,-0.23913969028862858
2010-07-18,0.12010064886193364
2010-07-19,0.2453953437058454
2010-07-20,-0.36600667810878423
2010-07-21,-0.35406392171913764
2010-07-22,-0.9402886135351185
2010-07-25,-0.62859172861442
2010-07-26,-0.7228906972660366
2010-07-27,-0.5088280156089667
2010-07-28,-0.3075406722383511
2010-07-29,-0.9750872722963628
2010-08-01,-1.6370195847681175
2010-08-02,-1.1038621480787396
2010-08-03,-0.8701263714167863
2010-08-04,-1.0483124267093487
2010-08-05,-0.8870268060914136
2010-08-08,-1.6825384520037867
2010-08-09,-0.790213278151839
2010-08-10,-0.2749548378907667
2010-08-11,0.49970803418151527
2010-08-12,0.25109113089401136
2010-08-15,-0.6499651450614963
2010-08-16,-0.6039830248944263
2010-08-17,-0.8417443048340214
2010-08-18,-0.4740136018632943
2010-08-19,0.042356145535669666
2010-08-22,-1.3696029804621221
2010-08-23,1.00910823114578
2010-08-24,0.8305711668933079
2010-08-25,0.46938967666727105
2010-08-26,0.09793194692426063
2010-08-29,-1.935530101363733
2010-08-30,0.1227973700537299
2010-08-31,-0.31382168057410137
2010-09-01,-1.1423425434971763
2010-09-02,-1.8318936999503934
2010-09-05,-2.4584183178599357
2010-09-06,-1.3652170409361735
2010-09-07,-1.0642192265625305
2010-09-08,-1.1930046746834257
2010-09-09,-1.0496302889823972
2010-09-12,-1.5921863350266252
2010-09-13,-1.0804755245552848
2010-09-14,-1.056898867603173
2010-09-15,-0.6123669628289984
2010-09-16,-0.810065155227492
2010-09-19,-1.0949743497459024
2010-09-20,-0.13557471972100274
2010-09-21,-0.4825281457604414
2010-09-22,-1.0210116420900113
2010-09-23,-0.2787722356482813
2010-09-26,-1.418415239858927
2010-09-27,-0.6277477732749305
2010-09-28,-0.6035054975954992
2010-09-29,-1.0066851184768761
2010-09-30,-1.6570782457984836
2010-10-03,-2.279354255445989
2010-10-04,-0.7630226251409102
2010-10-05,-1.9078807606986594
2010-10-06,-1.233221738736368
2010-10-07,-1.0650576898233015
2010-10-10,-1.9121772541716346
2010-10-11,-1.1866590846065885
2010-10-12,-1.1061621406970517
2010-10-13,-1.2447970871964809
2010-10-14,-0.9759499318773058
2010-10-17,-1.1978325435344015
2010-10-18,-0.22135791164783486
2010-10-19,-0.04453898915300695
2010-10-20,-0.06677580149584843
2010-10-21,0.5660218334752286
2010-10-24,0.14463601808015292
2010-10-25,0.8149599908838673
2010-10-26,1.0972202641391933
2010-10-27,1.5069697707178182
2010-10-28,0.9938076718474803
2010-11-01,0.00819444697632924
2010-11-02,0.7424064739826137
2010-11-03,0.6197983573736441
2010-11-04,0.09022728331542586
2010-11-05,-0.40828782805397673
2010-11-08,-0.09693593923569814
2010-11-09,0.3952368766226102
2010-11-10,0.5305636388687948
2010-11-11,0.8102363275190384
2010-11-12,1.0276480823861613
2010-11-15,0.2708070145892434
2010-11-16,1.230188507674947
2010-11-17,1.7294652870612064
2010-11-18,0.9579668089766253
2010-11-19,0.31419117770283667
2010-11-22,-0.2875662900031456
2010-11-23,0.8251429129633997
2010-11-24,1.0262220152865946
2010-11-25,0.4858809874755364
2010-11-26,0.5029201666809683
2010-11-29,0.6599118569811903
2010-11-30,0.2146574919692458
2010-12-01,-0.07558051532132579
2010-12-02,-0.5216946767226017
2010-12-03,-0.9885811959102675
2010-12-06,-2.350770831788848
2010-12-07,-1.7286374362929113
2010-12-08,-1.330287539304679
2010-12-09,-0.7556570201404521
2010-12-10,-0.13178852293422544
2010-12-13,-0.29465364288477713
2010-12-14,-0.697734142235768
2010-12-15,-0.5570744093673561
2010-12-16,-0.13485038074647784
2010-12-17,-0.08234693920684277
2010-12-20,-0.4767166575103989
2010-12-21,-0.037623085427772485
2010-12-22,-0.37980515528503084
2010-12-23,-0.2369481026717456
2010-12-24,-1.2323018639047416
2010-12-27,-0.5481850124785927
2010-12-28,-0.8198368608489646
2010-12-29,-0.46147437851946865
2010-12-30,-1.150079231445425
2010-12-31,-2.1988051060742984
2011-01-03,-2.2314755123611403
2011-01-04,-1.5746619635435386
2011-01-05,-0.9494900674506281
2011-01-06,-0.38814121420789843
2011-01-07,-0.07246026067019229
2011-01-10,-0.6601054721321687
2011-01-11,0.10092196655089998
2011-01-12,-0.6678217650911249
2011-01-13,-1.0472342865041804
2011-01-14,-0.19135336712239154
2011-01-17,-0.2967307212427801
2011-01-18,0.11876032769502237
2011-01-19,-0.2191572132368598
2011-01-20,-0.20204170489781387
2011-01-21,-0.8040888634977925
2011-01-24,-0.8690357807219384
2011-01-25,-0.017478925807295275
2011-01-26,-0.0581718474827399
2011-01-27,-1.043872110875601
2011-01-28,0.3960281680412177
2011-01-31,-0.3136372811078816
2011-02-01,-0.4657082004639217
2011-02-02,-0.633264096214561
2011-02-03,-0.40655994894338726
2011-02-04,0.019406903235197767
2011-02-07,-0.996598666031942
2011-02-08,-0.7207658473803328
2011-02-09,-0.241571065889107
2011-02-10,-0.321102589530994
2011-02-11,0.21290994543615183
2011-02-14,-1.8292325534727434
2011-02-15,0.08690595981413075
2011-02-16,0.3513060651676566
2011-02-17,0.6445185767145498
2011-02-18,0.01236327461897239
2011-02-21,-1.750509616705183
2011-02-22,0.3328332847964348
2011-02-23,0.38207082421445604
2011-02-24,0.8535844916733094
2011-02-25,1.7684106895365426
2011-02-28,0.962404087259329
2011-03-01,0.8917801316067846
2011-03-02,0.7500360161481192
2011-03-03,0.15207893750812138
2011-03-04,-0.6040342890285294
2011-03-07,-0.44787236750450343
2011-03-08,-0.03351595088616751
2011-03-09,-0.41122951981047456
2011-03-10,0.2627538880520448
2011-03-11,0.7885587224707621
2011-03-14,0.8189277966824544
2011-03-15,1.23526162742038
2011-03-16,0.728245206813408
2011-03-17,1.4014833148495545
2011-03-18,1.4439295551080362
2011-03-21,0.3348719982292865
2011-03-22,0.36503997431641155
2011-03-23,-0.10307576858320878
2011-03-24,-0.2831479607243037
2011-03-25,-0.4390891152821949
2011-03-27,-0.5545389363179294
2011-03-28,-0.05811356129145991
2011-03-29,-1.5920140442815673
2011-03-30,-2.51376871187516
2011-03-31,-2.527303797992799
2011-04-03,-2.2300775772630885
2011-04-04,-1.8512647731218248
2011-04-05,-1.565689410654614
2011-04-06,-1.2836498255743871
2011-04-07,-1.6128384275862506
2011-04-10,-1.5649948428912273
2011-04-11,-1.208837546674162
2011-04-12,-0.952901388736749
2011-04-13,-0.8930977245970598
2011-04-14,
2011-04-17,
2011-04-18,
2011-04-19,
2011-04-20,
2011-04-21,
2011-04-24,
2011-04-25,
2011-04-26,
2011-04-27,
2011-04-28,
2011-05-01,
2011-05-02,
2011-05-03,
2011-05-04,
2011-05-05,
2011-05-08,
2011-05-09,
2011-05-10,
2011-05-11,
2011-05-12,1.0035944778716235
2011-05-15,1.095821393792096
2011-05-16,0.9293965564943873
2011-05-17,0.5415706107888782
2011-05-18,0.2751376488551122
2011-05-19,0.35607935445042677
2011-05-22,0.5163181409196324
2011-05-23,0.7120274016412091
2011-05-24,0.5808337458437045
2011-05-25,0.4794289939185289
2011-05-26,-0.22636000633210956
2011-05-29,-1.3880789348536708
2011-05-30,-1.7669765165736158
2011-05-31,-2.1779976100641836
2011-06-01,-1.4157697982643391
2011-06-02,-1.958335942984935
2011-06-05,-1.3958563798971264
2011-06-06,-1.3174729161921195
2011-06-07,-0.8676334584817682
2011-06-08,-0.7304548379826727
2011-06-09,-0.5083199536925177
2011-06-12,-0.3658124568737206
2011-06-13,-0.49061497663248615
2011-06-14,-0.5226867540548218
2011-06-15,0.15600020215694627
2011-06-16,0.09708600702287087
2011-06-19,0.02059099936567968
2011-06-20,-0.07213098801759489
2011-06-21,-0.2789803786030821
2011-06-22,0.008195777188708678
2011-06-23,0.3619729289518293
2011-06-26,0.636939888261792
2011-06-27,0.08090255314342674
2011-06-28,-1.1487663228758522
2011-06-29,-1.578398249323134
2011-06-30,-1.8489920063528527
2011-07-03,-1.8653559659922057
2011-07-04,-1.596523397913599
2011-07-05,-0.9379803676860555
2011-07-06,-0.899435218099776
2011-07-07,-1.059704571886701
2011-07-10,-0.68859292735322
2011-07-11,-0.06047220675144918
2011-07-12,-0.2470277001533545
2011-07-13,-0.3830852258210127
2011-07-14,-0.09709500841909807
2011-07-17,-0.04813082934962637
2011-07-18,-0.17074007196091917
2011-07-19,-0.4961603195601788
2011-07-20,-0.7763141928222519
2011-07-21,-1.1385489533301494
2011-07-24,-1.3596342388390874
2011-07-25,-1.9210759126020285
2011-07-26,-1.1967226941539528
2011-07-27,-0.1169001502373333
2011-07-28,-0.1602970168582037
2011-07-31,-0.8739464287761126
2011-08-01,-0.27353136429837693
2011-08-02,0.008742838252850936
2011-08-03,0.07114499132803045
2011-08-04,1.1859624789283396
2011-08-07,1.4727258777716428
2011-08-08,2.550213060769712
2011-08-09,1.778190469481953
2011-08-10,1.7197824533293289
2011-08-11,1.1799731315179727
2011-08-14,0.6788765720355867
2011-08-15,0.19873273712467676
2011-08-16,0.05803008246591211
2011-08-17,0.22780792708010456
2011-08-18,0.3687696457955375
2011-08-21,0.24399484173356595
2011-08-22,0.3404800447509771
2011-08-23,0.20580814754368348
2011-08-24,0.45423728467401925
2011-08-25,0.43477190704860064
2011-08-28,0.018335223461565797
2011-08-29,-0.38662364542880884
2011-08-30,-0.5960956315579512
2011-08-31,-0.539745757743558
2011-09-01,0.4973473991196374
2011-09-04,1.7970773063090617
2011-09-05,1.942739564582447
2011-09-06,1.7408238053331007
2011-09-07,1.4172563252554025
2011-09-08,1.3955498469333456
2011-09-11,1.48262327724241
2011-09-12,1.6028397667017333
2011-09-13,1.4604593364438754
2011-09-14,1.1483579274831992
2011-09-15,0.9968748542409633
2011-09-18,1.2205174557150862
2011-09-19,1.5416472553044653
2011-09-20,1.4517405904201142
2011-09-21,1.6729062587226
2011-09-22,1.6037307331177415
2011-09-25,1.0846511677154076
2011-09-26,0.7828686710809308
2011-09-27,0.5656095612412583
2011-09-28,0.6360706569029673
2011-09-29,0.6508023639890972
2011-10-02,0.7932282184144182
2011-10-03,0.8733369328350891
2011-10-04,0.4790553357760302
2011-10-05,0.21945103057365112
2011-10-06,-0.29178822966468926
2011-10-09,-0.6343961551029152
2011-10-10,-0.6671420895355284
2011-10-11,-0.7555098480629315
2011-10-12,-0.7518335404549914
2011-10-13,-1.1567875998511388
2011-10-16,-1.1653828311092316
2011-10-17,-0.6948246604336611
2011-10-18,-0.8119998579041793
2011-10-19,-0.49158168740220587
2011-10-20,-0.3719079231662911
2011-10-23,-0.5381824024802638
2011-10-24,-0.7507855854964282
2011-10-25,-0.5668131431628948
2011-10-26,-0.785961782426236
2011-10-27,-1.4862972838233797
2011-10-31,-1.8405550673600521
2011-11-01,-1.2154830120758453
2011-11-02,-0.57205508137739
2011-11-03,-0.6823544982570373
2011-11-04,-0.33630143342159885
2011-11-07,0.013436568524737215
2011-11-08,-0.11914286824343565
2011-11-09,-0.14845333658837556
2011-11-10,0.5868591751358961
2011-11-11,0.26300824013736857
2011-11-14,0.012874765040364099
2011-11-15,0.44631197664334676
2011-11-16,0.8128802636718456
2011-11-17,0.8367990184516414
2011-11-18,0.8171450950994578
2011-11-21,1.3745567457590495
2011-11-22,1.525633724262889
2011-11-23,1.768167714970554
2011-11-24,2.030969135174358
2011-11-25,1.9631579190750936
2011-11-28,1.4010187642499738
2011-11-29,0.8238233934601217
2011-11-30,0.46492352260096925
2011-12-01,0.008420333383245287
2011-12-02,-0.21067444581370062
2011-12-05,-0.26820468329858876
2011-12-06,-0.36010342075901014
2011-12-07,-0.2664487306993013
2011-12-08,-0.17545290984439055
2011-12-09,0.018193750238242413
2011-12-12,-0.0844586856941596
2011-12-13,0.31154136490139966
2011-12-14,0.919548591843962
2011-12-15,0.874731878499389
2011-12-16,0.4542225452392163
2011-12-19,0.4195948826785345
2011-12-20,0.43547842438042844
2011-12-21,0.20605899348906517
2011-12-22,0.38262856464344036
2011-12-23,0.30047332894702566
2011-12-26,0.5819498894279209
2011-12-27,0.41499571307777255
2011-12-28,0.6303509551457446
2011-12-29,0.7772262281069037
2011-12-30,0.38352515748612703
2012-01-02,0.44043330112783
2012-01-03,0.26885716498594614
2012-01-04,-0.8334555132589991
2012-01-05,-0.978613694984513
2012-01-06,-0.43331465635295646
2012-01-09,-0.4875298783526584
2012-01-10,-1.9253463802344772
2012-01-11,-2.3740229136267477
2012-01-12,-2.093071564939175
2012-01-13,-1.9306904523283432
2012-01-16,-1.5399060459131693
2012-01-17,-1.4872050295133876
2012-01-18,-1.2541162492165199
2012-01-19,-1.344256525710876
2012-01-20,-1.2197792102599239
2012-01-23,-1.1225775635219795
2012-01-24,-1.025720664328328
2012-01-25,-1.0013337400422821
2012-01-26,-1.009180218462154
2012-01-27,-0.45254286109964886
2012-01-30,-1.0927192080679862
2012-01-31,-1.054097181497664
2012-02-01,-0.9855642235904071
2012-02-02,-1.2008600335303339
2012-02-03,-1.2387373512316715
2012-02-06,-1.3385815829933214
2012-02-07,-1.1673804653002466
2012-02-08,-1.1565203947377962
2012-02-09,-1.1710235715315966
2012-02-10,-1.0139871719284335
2012-02-13,-0.959216540596288
2012-02-14,-0.9834015982242036
2012-02-15,-0.8351014026159367
2012-02-16,-0.38175761107397044
2012-02-17,-0.9002237140916536
2012-02-20,-0.8217510157520785
2012-02-21,-0.5807502164316605
2012-02-22,-0.8101658696230066
2012-02-23,-1.2885017117955588
2012-02-24,-0.9913615212269149
2012-02-27,-0.9939455390742512
2012-02-28,-1.4257815951984938
2012-02-29,-1.4300329460512826
2012-03-01,0.07929353230814594
2012-03-02,0.11648656362644881
2012-03-05,1.5890430727930067
2012-03-06,2.473473194490909
2012-03-07,2.100587113626819
2012-03-08,2.2389276949215002
2012-03-09,1.683740092382864
2012-03-12,2.0055944850715894
2012-03-13,1.777318148769013
2012-03-14,1.3357191133502682
2012-03-15,1.0711563560104602
2012-03-16,0.8525962642074046
2012-03-19,0.836067942017973
2012-03-20,0.9674024941928236
2012-03-21,0.7757321459710713
2012-03-22,0.8041330880286827
2012-03-23,0.6565545836980426
2012-03-25,0.47427504547303184
2012-03-26,0.5579986807202436
2012-03-27,0.5447881956050523
2012-03-28,0.6323594049464459
2012-03-29,0.5303822563058278
2012-04-01,0.7925071313883447
2012-04-02,0.7890882989935457
2012-04-03,0.7406689126665944
2012-04-04,0.5153046022227321
2012-04-05,0.6294023532613047
2012-04-08,0.6330681895813757
2012-04-09,0.06578038245097492
2012-04-10,0.8985289405104574
2012-04-11,0.9465943271414977
2012-04-12,0.3958884494787524
2012-04-15,1.4148973489910335
2012-04-16,1.7880124688272352
2012-04-17,2.549177712534875
2012-04-18,2.73525155561607
2012-04-19,1.9938608951486672
2012-04-22,1.38366534084303
2012-04-23,1.2664572359859112
2012-04-24,1.1091527624728619
2012-04-25,0.8510820461603568
2012-04-26,0.7918195779201539
2012-04-29,0.7599783037836196
2012-04-30,1.1083301905738288
2012-05-01,0.976339457688726
2012-05-02,1.2167435018750008
2012-05-03,0.8746095764309028
2012-05-06,1.125332484581971
2012-05-07,1.0201574054622293
2012-05-08,1.4148153165029762
2012-05-09,1.549658633839138
2012-05-10,1.0602746944132866
2012-05-13,1.2699820862257838
2012-05-14,1.4834319203164295
2012-05-15,1.3576300732047701
2012-05-16,1.1492507258087363
2012-05-17,1.1287287606556309
2012-05-20,1.1787801543427223
2012-05-21,1.1988660165183453
2012-05-22,1.537940638387972
2012-05-23,0.7587732279743261
2012-05-24,0.536852217040292
2012-05-27,-0.011465105725650111
2012-05-28,-0.0481476791456028
2012-05-29,0.15573852639484723
2012-05-30,0.38738405936547504
2012-05-31,0.4843077382290577
2012-06-03,0.6526277944996813
2012-06-04,0.7462469919364415
2012-06-05,0.194297876808169
2012-06-06,0.4189989998934297
2012-06-07,0.2726943323920288
2012-06-10,0.003790479729830695
2012-06-11,1.1243189719001725
2012-06-12,1.0858431554319972
2012-06-13,1.0948539495211116
2012-06-14,0.6364807548126014
2012-06-17,0.4055100676081973
2012-06-18,0.44938942186655045
2012-06-19,-0.26201492370046275
2012-06-20,-0.22808803858600063
2012-06-21,0.7213870201508662
2012-06-24,0.8101252378176403
2012-06-25,0.6175087496145015
2012-06-26,0.9242201306442365
2012-06-27,0.993211666759757
2012-06-28,0.18146520854645146
2012-07-01,-1.688336040517666
2012-07-02,-1.7427915521183686
2012-07-03,-1.0209012533248112
2012-07-04,-0.632628750087837
2012-07-05,-0.710510072472103
2012-07-08,-0.5638674588834256
2012-07-09,-0.48383444532715614
2012-07-10,-0.42055318855043583
2012-07-11,-0.18891479925626303
2012-07-12,-0.09000738253754059
2012-07-15,-0.06766722147579202
2012-07-16,-0.1657625350738628
2012-07-17,-0.5002072893590992
2012-07-18,-0.7062329566649168
2012-07-19,-0.8511673672410457
2012-07-22,-0.34108688422031885
2012-07-23,0.2718895128404068
2012-07-24,0.5934702304179494
2012-07-25,0.07968091947852633
2012-07-26,-0.2830591143704542
2012-07-29,-0.3674797004993893
2012-07-30,0.8454898223234539
2012-07-31,1.512847888385855
2012-08-01,0.6154456217288234
2012-08-02,0.5543212938704581
2012-08-05,-0.6919179088119701
2012-08-06,-0.5222900530729077
2012-08-07,-0.5390381440555184
2012-08-08,-0.7415748741266017
2012-08-09,-0.8715779760946335
2012-08-12,-1.0531079088775976
2012-08-13,-0.7530323893762817
2012-08-14,-0.44640574529311156
2012-08-15,-0.7040084642475446
2012-08-16,-1.0467888933827183
2012-08-19,-1.0433561995063376
2012-08-20,-0.9619510512056061
2012-08-21,-1.0089233873094081
2012-08-22,-0.42396470901646216
2012-08-23,-0.26655426580176683
2012-08-26,-0.30392596743066785
2012-08-27,0.6733379316222354
2012-08-28,1.4146848167148578
2012-08-29,1.7568810547894727
2012-08-30,1.3262504843666878
2012-09-02,0.0935077214439284
2012-09-03,0.3965209321136756
2012-09-04,0.7537864430427914
2012-09-05,0.535713839650755
2012-09-06,-0.3096834205688939
2012-09-09,-0.6464626501524584
2012-09-10,-0.6682670498972683
2012-09-11,-0.9168840701113884
2012-09-12,-0.3273759549179304
2012-09-13,-0.7337998918726317
2012-09-16,-0.8631124672983128
2012-09-17,0.08210118184494865
2012-09-18,-0.6067607986096685
2012-09-19,-0.46955531706769493
2012-09-20,-0.4030176071117927
2012-09-23,-0.6067326430886569
2012-09-24,-0.4377430585903965
2012-09-25,0.12253345134590064
2012-09-26,0.5346384661196057
2012-09-27,0.5719657847321267
2012-09-30,-0.25687165766806014
2012-10-01,-0.17788976527921693
2012-10-02,-0.01568048405872705
2012-10-03,-0.5040998804300881
2012-10-04,-0.6827451163481763
2012-10-07,-0.8652782798388909
2012-10-08,1.423971848724915
2012-10-09,1.155388215924913
2012-10-10,1.4621223123924167
2012-10-11,1.2574556797176355
2012-10-14,1.1945036393680681
2012-10-15,0.5328932921027792
2012-10-16,0.275969956635476
2012-10-17,0.017088563181085856
2012-10-18,-0.4298212668881247
2012-10-21,-0.4398197155231013
2012-10-22,-0.7045795999252469
2012-10-23,-0.5456647011452271
2012-10-24,-0.6422610985246363
2012-10-25,-0.4130789641687664
2012-10-29,0.11574294259002761
2012-10-30,0.5213196764485859
2012-10-31,-0.23052467621416498
2012-11-01,0.32317434968942277
2012-11-02,0.29426302208076427
2012-11-05,-0.1285661309316471
2012-11-06,0.12200684952973283
2012-11-07,-0.16911528594208325
2012-11-08,0.9001449453407617
2012-11-09,2.2193571557322747
2012-11-12,1.6127517313063442
2012-11-13,2.2263849678177965
2012-11-14,1.8159278304565618
2012-11-15,1.6528530603221503
2012-11-16,1.4482165830141203
2012-11-19,1.6380570887418735
2012-11-20,1.2107848011259768
2012-11-21,1.3313259253935557
2012-11-22,1.2905810391631822
2012-11-23,1.3696590796787622
2012-11-26,0.5843094725793075
2012-11-27,0.5857090555788351
2012-11-28,0.5847075312848209
2012-11-29,0.7728262676290172
2012-11-30,0.9399642866519523
2012-12-03,1.4044591595444376
2012-12-04,0.9560531560518613
2012-12-05,0.9229955818782706
2012-12-06,0.018886852850574048
2012-12-07,-0.45881862846576216
2012-12-10,-0.5338699836925089
2012-12-11,-0.7317590089489113
2012-12-12,-0.6924402359746249
2012-12-13,-0.8502772068471983
2012-12-14,-0.3546003856725867
2012-12-17,-0.2313029542488683
2012-12-18,0.23297135976759845
2012-12-19,-0.4418028683579416
2012-12-20,-1.1595709224160284
2012-12-21,-0.9150595387953622
2012-12-24,-0.8238275476971091
2012-12-25,-0.33180705118978837
2012-12-26,-0.8720248465927566
2012-12-27,-1.7228208827419453
2012-12-28,-1.7256423938273433
2012-12-31,-1.5425261898057374
2013-01-01,-1.0767808192104755
2013-01-02,-1.2225586242800095
2013-01-03,-1.1740982533978988
2013-01-04,-0.996468422783877
2013-01-07,-1.334895861496256
2013-01-08,-1.3464792278053976
2013-01-09,-0.7497078987560811
2013-01-10,-0.686674220031895
2013-01-11,-0.9843699989570746
2013-01-14,-0.9542886852276972
2013-01-15,-0.7947958083875747
2013-01-16,
2013-01-17,
2013-01-18,
2013-01-21,
2013-01-22,
2013-01-23,
2013-01-24,
2013-01-25,
2013-01-28,
2013-01-29,
2013-01-30,
2013-01-31,
2013-02-01,
2013-02-04,
2013-02-05,
2013-02-06,
2013-02-07,
2013-02-08,
2013-02-11,
2013-02-12,
2013-02-13,-0.9097511622139849
2013-02-14,-0.9359581470358045
2013-02-15,-0.9962926172541642
2013-02-18,-0.8019844352075244
2013-02-19,-0.9576710610732719
2013-02-20,-1.1306051083014539
2013-02-21,-0.5365417565899332
2013-02-22,-0.2907862537994672
2013-02-25,-0.26228689849131503
2013-02-26,0.41221020421682086
2013-02-27,0.6448234247573914
2013-02-28,0.09819945906887824
2013-03-01,0.645812158555816
2013-03-04,0.45466715768950344
2013-03-05,-0.36442722549962575
2013-03-06,-0.39413383667295737
2013-03-07,-0.056820189626225634
2013-03-08,-1.098453197030883
2013-03-11,-1.8665209279976105
2013-03-12,-0.9459017323806316
2013-03-13,-0.1713600395797087
2013-03-14,0.2648834301186068
2013-03-15,0.2739554814998324
2013-03-18,1.407379779277276
2013-03-19,0.5568549022655703
2013-03-20,0.7396953363604231
2013-03-21,0.9457006311839118
2013-03-22,1.8920162041094086
2013-03-25,1.4151436004651599
2013-03-26,1.3494428994613314
2013-03-27,1.441408726921661
2013-03-28,0.941841049958931
2013-03-29,1.1531987269629007
2013-03-31,0.9130712620555803
2013-04-01,0.7043421811383153
2013-04-02,0.6631924728179974
2013-04-03,0.6221549059043292
2013-04-04,0.23920903548174585
2013-04-07,-0.5421778482085666
2013-04-08,-0.5186063994222362
2013-04-09,-0.8868506436506151
2013-04-10,-1.1973036565410753
2013-04-11,-1.094189930197823
2013-04-14,-1.1741142938153808
2013-04-15,-0.253732755148
2013-04-16,-0.5521553470670483
2013-04-17,-0.05757546570490159
2013-04-18,-0.2347015762633668
2013-04-21,0.09703113623825182
2013-04-22,0.4876841288798826
2013-04-23,0.6013905126465598
2013-04-24,0.20654662897235637
2013-04-25,0.019720992003753827
2013-04-28,-0.22742853839055102
2013-04-29,0.31113877752138386
2013-04-30,0.11470245079966224
2013-05-01,0.2921452396674708
2013-05-02,0.5231917535454637
2013-05-05,0.46872809332319937
2013-05-06,0.36983287152624467
2013-05-07,0.215882210834814
2013-05-08,-0.0078059292586448465
2013-05-09,0.8898668000006227
2013-05-12,0.9558189515076094
2013-05-13,0.27575357308319304
2013-05-14,1.4440943294134116
2013-05-15,1.2417429105448068
2013-05-16,1.4935525015983104
2013-05-19,1.6381968955135726
2013-05-20,1.6235973769213057
2013-05-21,1.229201051414575
2013-05-22,1.589083219331519
2013-05-23,1.1702333486692271
2013-05-26,0.9560119548026385
2013-05-27,1.3408804148912041
2013-05-28,1.9256592204833822
2013-05-29,2.1422164977304825
2013-05-30,1.922063465642396
2013-06-02,1.6107916265657258
2013-06-03,1.371136486987967
2013-06-04,1.078460080750404
2013-06-05,0.9841573147149985
2013-06-06,0.881601867206986
2013-06-09,0.8066349991690455
2013-06-10,0.7321366722567512
2013-06-11,0.6557994863704782
2013-06-12,0.7527604082901085
2013-06-13,0.3116842104401306
2013-06-16,0.2424458881034488
2013-06-17,1.0625585264241149
2013-06-18,1.148060227635691
2013-06-19,2.2185833388092826
2013-06-20,2.184152995748033
2013-06-23,1.541398746514156
2013-06-24,0.958593087435053
2013-06-25,0.6068695877743677
2013-06-26,0.22398874806415803
2013-06-27,0.4372549456969227
2013-06-30,0.561858379396078
2013-07-01,0.6534059355797901
2013-07-02,0.8819480912770638
2013-07-03,0.9129898447600882
2013-07-04,0.6765511574237077
2013-07-07,0.6256045126061979
2013-07-08,0.6811627919168789
2013-07-09,0.5994623138530012
2013-07-10,0.6898250595312048
2013-07-11,0.5422355844886306
2013-07-14,0.5321181796205487
2013-07-15,-0.3451202119909116
2013-07-16,0.18652832127172697
2013-07-17,-0.5056432931186091
2013-07-18,-0.49388155021221586
2013-07-21,0.061318799219801656
2013-07-22,-0.2868221261574893
2013-07-23,-0.7036366818265078
2013-07-24,0.05920709181567313
2013-07-25,-0.010813344899348355
2013-07-28,0.3083020478801013
2013-07-29,0.898833831715449
2013-07-30,1.4528922344591173
2013-07-31,1.1731677733082826
2013-08-01,1.6865742753382247
2013-08-04,0.8396035593194783
2013-08-05,1.3050137984282373
2013-08-06,0.9968050994755276
2013-08-07,0.8821993913334291
2013-08-08,0.3456497657383364
2013-08-11,0.06782998987898638
2013-08-12,0.5592037449299507
2013-08-13,0.9578364671925306
2013-08-14,1.2765533150654327
2013-08-15,1.5103705719173337
2013-08-18,2.1806195644462427
2013-08-19,1.9417081013805237
2013-08-20,1.5420349516605023
2013-08-21,1.7384610740341857
2013-08-22,1.053483183233664
2013-08-25,0.5139393348297546
2013-08-26,0.5452934069580075
2013-08-27,0.21557345998516755
2013-08-28,-0.016993074985346593
2013-08-29,0.13822664745295765
2013-09-01,0.5231119575820659
2013-09-02,0.27135772777065403
2013-09-03,-0.13800709980832804
2013-09-04,-0.25286820699816065
2013-09-05,-0.9734291949538307
2013-09-08,-0.534195049092605
2013-09-09,-1.8571989649033012
2013-09-10,-1.4988404194683198
2013-09-11,-1.5409925196295258
2013-09-12,-1.3746636215628336
2013-09-15,-1.2611648106841364
2013-09-16,-1.0524376783849978
2013-09-17,-1.200465288468726
2013-09-18,-1.6906193955001365
2013-09-19,-1.3961293199380052
2013-09-22,-0.6382269983080737
2013-09-23,-1.2537211848304768
2013-09-24,-1.0996509494619169
2013-09-25,-0.7923683281527021
2013-09-26,-0.5384210583083359
2013-09-29,-0.6162356169825318
2013-09-30,-0.8405737042879418
2013-10-01,-0.7864993051282663
2013-10-02,-1.0215147879774238
2013-10-03,-0.7928877599520607
2013-10-06,-0.6665743509216683
2013-10-07,
2013-10-08,
2013-10-09,
2013-10-10,
2013-10-13,
2013-10-14,
2013-10-15,
2013-10-16,
2013-10-17,
2013-10-20,
2013-10-21,
2013-10-22,
2013-10-23,
2013-10-24,
2013-10-28,
2013-10-29,
2013-10-30,
2013-10-31,
2013-11-01,
2013-11-04,
2013-11-05,1.9646004452620975
2013-11-06,2.0013718945871393
2013-11-07,1.5569744732201842
2013-11-08,1.5759836761394008
2013-11-11,1.2236171053424187
2013-11-12,1.2507595368024915
2013-11-13,0.9727079774171163
2013-11-14,0.8680845674805092
2013-11-15,0.6163890622933401
2013-11-18,0.4600740104336124
2013-11-19,-0.008205183458884763
2013-11-20,0.03631702128493387
2013-11-21,0.19146131682952033
2013-11-22,0.34225812358720403
2013-11-25,-0.03276201269857977
2013-11-26,0.09799991413864442
2013-11-27,0.2552726492170152
2013-11-28,0.8465233063219503
2013-11-29,0.5897706900753339
2013-12-02,1.1151273691358106
2013-12-03,1.2917659786734565
2013-12-04,1.5815275207774437
2013-12-05,1.5648927859902944
2013-12-06,0.7580854798172174
2013-12-09,-0.0705922120710655
2013-12-10,-0.1895450431294753
2013-12-11,-0.17099795840179238
2013-12-12,0.4283444299311003
2013-12-13,0.21550714405097532
2013-12-16,0.0011334159185163424
2013-12-17,-0.045561757364119916
2013-12-18,-0.22594270126685367
2013-12-19,0.23278430549308213
2013-12-20,0.8679901282336292
2013-12-23,1.1544840740417934
2013-12-24,0.38052243570627303
2013-12-25,0.4151872890840103
2013-12-26,0.3986927519210082
2013-12-27,0.1451254622401437
2013-12-30,-0.32632601341837514
2013-12-31,0.33910377914795087
2014-01-01,0.3933692353055389
2014-01-02,0.9532636496230933
2014-01-03,1.0807299198445546
2014-01-06,0.8104703897903236
2014-01-07,0.5174086974993314
2014-01-08,0.5674153384926095
2014-01-09,1.2644238581049922
2014-01-10,0.8919433618803777
2014-01-13,-0.38033410227518344
2014-01-14,-0.2895319962925492
2014-01-15,-0.911617506165569
2014-01-16,-0.28333621061228287
2014-01-17,-0.3582339514911142
2014-01-20,-1.149789859054068
2014-01-21,-0.6582988083606103
2014-01-22,-0.3518792592879275
2014-01-23,0.5808413387786684
2014-01-24,1.7667381722911149
2014-01-27,1.3521215913717262
2014-01-28,1.5366803830368359
2014-01-29,1.7802717870015516
2014-01-30,1.3218802976457809
2014-01-31,0.7403760293566317
2014-02-03,0.7511348098614209
2014-02-04,0.8901162069456093
2014-02-05,0.32443937891846886
2014-02-06,0.10998290309739733
2014-02-07,-0.2108088313195982
2014-02-10,-0.15060660041214652
2014-02-11,0.20345868587574326
2014-02-12,0.13272493412497302
2014-02-13,0.5408247159913392
2014-02-14,-0.38894245107551584
2014-02-17,-0.6413574950970223
2014-02-18,-0.6809398758834814
2014-02-19,-0.45878080942441446
2014-02-20,-1.032435909372386
2014-02-21,-1.5302634567079287
2014-02-24,-2.064942251169319
2014-02-25,-1.8856950554414913
2014-02-26,-1.5716201230525826
2014-02-27,-1.2788363988804343
2014-02-28,-1.5048725146047228
2014-03-03,-1.1513116667475578
2014-03-04,-0.8843000684554012
2014-03-05,-0.8923361804137866
2014-03-06,-1.228790058252759
2014-03-07,-0.8899702833461538
2014-03-10,-0.6542080648978628
2014-03-11,-0.39186944354404735
2014-03-12,0.11725484806737721
2014-03-13,-0.11377877064210888
2014-03-14,0.3626668588538803
2014-03-17,-0.28713144206043195
2014-03-18,0.02696207136430735
2014-03-19,-0.5413041623772774
2014-03-20,0.02417104367997772
2014-03-21,-1.1850040026471573
2014-03-24,-1.0759056667322864
2014-03-25,-1.2362974777838955
2014-03-26,-1.5493564846900916
2014-03-27,-2.0508835140975616
2014-03-28,-2.476149750827888
2014-03-30,-1.9238906396612185
2014-03-31,-1.490760185502755
2014-04-01,-1.3735925978317194
2014-04-02,-1.022607496802073
2014-04-03,-0.9866074086767992
2014-04-06,-1.3561274039287852
2014-04-07,-1.4930925965915143
2014-04-08,-1.4290538342815329
2014-04-09,-1.4615001709923043
2014-04-10,-1.1150194901809942
2014-04-13,-0.950542352375858
2014-04-14,-0.8292802296391086
2014-04-15,-0.53627702617137
2014-04-16,-0.3734838053467143
2014-04-17,-0.36284182289634126
2014-04-20,-0.3398771839085863
2014-04-21,-0.27283846128147643
2014-04-22,-0.11418948985710878
2014-04-23,-0.5677795916721906
2014-04-24,-0.6260902338330308
2014-04-27,0.14677774323575318
2014-04-28,-0.4548335427738163
2014-04-29,0.31182276796404845
2014-04-30,-0.013285915882385995
2014-05-01,0.21902660881439914
2014-05-04,-0.2723201490568682
2014-05-05,0.6431602593641843
2014-05-06,-0.1216609694613683
2014-05-07,-1.0487451249400748
2014-05-08,-1.0110201287176401
2014-05-11,-1.2649120390813977
2014-05-12,-1.150161136453559
2014-05-13,-1.0160744884376618
2014-05-14,-1.1953429078394928
2014-05-15,-0.5953184294111585
2014-05-18,-0.8128371174928074
2014-05-19,-1.0536466504401805
2014-05-20,-0.6336785970384277
2014-05-21,-0.8712206797937069
2014-05-22,-0.5035034531445869
2014-05-25,-0.06533773587848928
2014-05-26,0.48090519051958086
2014-05-27,1.2297168712325792
2014-05-28,0.6851776804381129
2014-05-29,0.6951227486948099
2014-06-01,1.6488397548520066
2014-06-02,2.4823493802423005
2014-06-03,2.1000395558075415
2014-06-04,1.56948702717147
2014-06-05,0.7049490195065544
2014-06-08,0.23257489406724133
2014-06-09,-0.08747814995257258
2014-06-10,-0.40790802927911735
2014-06-11,-0.23845674783174808
2014-06-12,-0.2677884617481366
2014-06-15,-0.528427487844704
2014-06-16,-0.026701952394955684
2014-06-17,0.64185540136071
2014-06-18,-0.8680344055802026
2014-06-19,-0.6613593183945043
2014-06-22,-0.5730735848992435
2014-06-23,-1.0323277436220488
2014-06-24,-0.8886161698409496
2014-06-25,-1.230200708277089
2014-06-26,-1.389074204442101
2014-06-29,-1.3673332984611213
2014-06-30,-0.7289743415189553
2014-07-01,-0.9819042849113538
2014-07-02,0.07750511243874417
2014-07-03,-0.770728675043564
2014-07-06,-0.5811663970081491
2014-07-07,0.039276959381927316
2014-07-08,-0.6017278197003295
2014-07-09,-0.4104092072827375
2014-07-10,0.019599898727132657
2014-07-13,-0.07757372247165022
2014-07-14,-0.404849836753222
2014-07-15,0.08512781185013539
2014-07-16,0.8934243977832713
2014-07-17,2.3123589826094126
2014-07-20,0.49070784208859153
2014-07-21,0.11483784326608283
2014-07-22,-0.32719463747154715
2014-07-23,-0.03690314810194872
2014-07-24,0.09910818542724495
2014-07-27,0.6030971544168106
2014-07-28,0.12873999322354684
2014-07-29,1.0784045643946967
2014-07-30,2.094931734757689
2014-07-31,2.180400963901334
2014-08-03,1.2433756380299357
2014-08-04,1.4150362069466393
2014-08-05,1.5802202963794418
2014-08-06,1.126886007782361
2014-08-07,1.417861037853194
2014-08-10,0.8470173055579783
2014-08-11,0.6306148333454327
2014-08-12,0.605109965706084
2014-08-13,0.5902040836607263
2014-08-14,0.25063893827788464
2014-08-17,-0.08937402861128439
2014-08-18,-0.06663024173687161
2014-08-19,-0.44640195229457297
2014-08-20,-0.14392776772973678
2014-08-21,0.2381234067474633
2014-08-24,0.3961094051982917
2014-08-25,0.6923778175484978
2014-08-26,-0.6569506608576001
2014-08-27,-1.1391725435304831
2014-08-28,-1.5520665614390887
2014-08-31,-1.6132770578551106
2014-09-01,-0.9109623874120619
2014-09-02,-1.0747241287920706
2014-09-03,-1.050309502661322
2014-09-04,-0.8501369516314782
2014-09-07,-0.6953872310222575
2014-09-08,0.5932662743995342
2014-09-09,1.236547822892997
2014-09-10,1.1943842428899218
2014-09-11,1.6855000172170758
2014-09-14,1.557978144418272
2014-09-15,1.7133868898054878
2014-09-16,1.4058823618547847
2014-09-17,1.5329540783290305
2014-09-18,1.3316267107394466
2014-09-21,1.1933139996945288
2014-09-22,1.2913624357808984
2014-09-23,1.2003272874094337
2014-09-24,0.8676764183379043
2014-09-25,1.1171665758623552
2014-09-28,1.0417793683043222
2014-09-29,1.0452064247260453
2014-09-30,0.9350173490229564
2014-10-01,1.1744852787103675
2014-10-02,1.145749319144598
2014-10-05,0.5813707979882746
2014-10-06,0.21441451895570293
2014-10-07,-0.014222482627153565
2014-10-08,-0.3930699636828332
2014-10-09,-0.12975275378228368
2014-10-12,-0.2303362946925792
2014-10-13,-0.36093518037681593
2014-10-14,-0.1984908771985093
2014-10-15,0.8538888793167964
2014-10-16,0.5901262510230092
2014-10-19,0.1945639883443778
2014-10-20,0.8807834736253607
2014-10-21,0.8072933835990217
2014-10-22,0.9526364565630687
2014-10-23,0.7375693785868264
2014-10-27,0.9141204752137495
2014-10-28,0.9130388826943616
2014-10-29,-0.055564687546792856
2014-10-30,-0.24707813487876842
2014-10-31,-0.5424536743653949
2014-11-03,0.016871409972797884
2014-11-04,0.9499143663078592
2014-11-05,0.8666787143658363
2014-11-06,0.9681022446031722
2014-11-07,1.6249980349118334
2014-11-10,1.1433909830301134
2014-11-11,1.1188990906251834
2014-11-12,0.9757575205653575
2014-11-13,1.0193717024262308
2014-11-14,1.3889918215992554
2014-11-17,1.177046020071056
2014-11-18,1.0133537768228496
2014-11-19,0.6902463380300221
2014-11-20,0.41778983358104765
2014-11-21,0.22740421002966615
2014-11-24,-0.2392007954703556
2014-11-25,-0.03388668902825901
2014-11-26,-0.34476268926544584
2014-11-27,-0.6842546602243913
2014-11-28,-0.07843961513582215
2014-12-01,-0.05454362542825324
2014-12-02,0.14367737468500483
2014-12-03,0.2309870253373905
2014-12-04,0.05259615833266441
2014-12-05,0.7760084063019099
2014-12-08,0.671577027512352
2014-12-09,0.8148613737535644
2014-12-10,0.5913976517745281
2014-12-11,1.1650031588643253
2014-12-12,1.5856672442494577
2014-12-15,1.514569161424648
2014-12-16,2.0191500493477075
2014-12-17,1.7390792348896738
2014-12-18,1.1142224433918038
2014-12-19,0.5342783315397409
2014-12-22,0.4445838747414417
2014-12-23,0.5821293429756114
2014-12-24,0.6907929673614219
2014-12-25,0.6206315365133637
2014-12-26,0.5852968491596736
2014-12-29,0.42021977161448004
2014-12-30,0.4043556701547921
2014-12-31,-0.1325523423199771
2015-01-01,-0.14095186372986995
2015-01-02,0.11485288391835784
2015-01-05,0.564178639819233
2015-01-06,0.7186504144399757
2015-01-07,0.18198671413822926
2015-01-08,-0.05355372851161506
2015-01-09,-1.0116605793638465
2015-01-12,-1.364137206638428
2015-01-13,-0.6229043527477589
2015-01-14,-1.481833113779296
2015-01-15,-1.7685018162587252
2015-01-16,-1.086692278960635
2015-01-19,-1.3801662943522233
2015-01-20,-0.7306391921892665
2015-01-21,-1.4228344231939443
2015-01-22,-1.6851155043486223
2015-01-23,-1.532224242435835
2015-01-26,-1.2051085997709492
2015-01-27,-1.2023593927419804
2015-01-28,-1.2310244965822073
2015-01-29,-0.8962309237272071
2015-01-30,-0.07730279137171399
2015-02-02,0.8640937907001986
2015-02-03,1.4365781180038417
2015-02-04,1.233046081272907
2015-02-05,1.5674941060752174
2015-02-06,1.5436412661372172
2015-02-09,1.4464836542984396
2015-02-10,1.2626054171373313
2015-02-11,1.460110668396774
2015-02-12,1.309670206004953
2015-02-13,0.9215968953693152
2015-02-16,0.7915924271933389
2015-02-17,0.6797180276756377
2015-02-18,0.6381098300495904
2015-02-19,0.6533045354552031
2015-02-20,0.7536130065122114
2015-02-23,0.7559496076060511
2015-02-24,0.6791716970121306
2015-02-25,0.525332827429077
2015-02-26,0.5754211794815697
2015-02-27,0.8312335864892667
2015-03-02,0.32877879405117466
2015-03-03,0.9776939394477688
2015-03-04,1.6665654972260349
2015-03-05,1.9341011057367274
2015-03-06,2.0304168831619873
2015-03-09,2.1181570072215505
2015-03-10,2.0235983577741057
2015-03-11,1.4045115907437509
2015-03-12,1.162383705842493
2015-03-13,1.421254821972032
2015-03-16,1.3400297560198366
2015-03-17,1.182871527767469
2015-03-18,1.0094217665848537
2015-03-19,0.8761761878586145
2015-03-20,0.8659764250300124
2015-03-23,0.5249814818717713
2015-03-24,0.15052180857232636
2015-03-25,0.14975553426178084
2015-03-26,0.39731924303574334
2015-03-27,0.38849436903127477
2015-03-29,0.6517965253155926
2015-03-30,0.376415038831303
2015-03-31,-0.07090742118812865
2015-04-01,-0.29788890390365635
2015-04-02,-0.8356370751856116
2015-04-05,-1.1096000869362093
2015-04-06,-0.8571339356825975
2015-04-07,-1.0792697255091133
2015-04-08,-1.69093494318564
2015-04-09,-1.29394728939902
2015-04-12,-0.9839783300267895
2015-04-13,-0.681638823471194
2015-04-14,-0.9835811614616136
2015-04-15,-1.3555662132412194
2015-04-16,-1.2161080405487525
2015-04-19,-1.0468084416603232
2015-04-20,-1.0372913059792117
2015-04-21,-1.0233826151100625
2015-04-22,-1.0888963027853171
2015-04-23,-1.3013527804629648
2015-04-26,-1.5711795511075353
2015-04-27,-1.7382073050208489
2015-04-28,-1.3090737961987462
2015-04-29,-0.8506457052680316
2015-04-30,-0.019257698595947597
2015-05-03,-0.06887013483677622
2015-05-04,0.594473712399123
2015-05-05,0.3336749597014418
2015-05-06,0.10395713353000054
2015-05-07,-0.16802885167328085
2015-05-10,-0.46970406928808023
2015-05-11,0.5744362325221405
2015-05-12,-0.0654330604600792
2015-05-13,0.19589835528153163
2015-05-14,-0.34433286951007963
2015-05-17,-0.13663057738851583
2015-05-18,0.07794838548793293
2015-05-19,0.44806032272617136
2015-05-20,0.05847635700739866
2015-05-21,0.5797243605630275
2015-05-24,1.5264669041458938
2015-05-25,1.6005835504207948
2015-05-26,2.2011156965799272
2015-05-27,1.5903657371507207
2015-05-28,1.4350524629626067
2015-05-31,1.3380373172837485
2015-06-01,0.9055360789910404
2015-06-02,0.4695547266322535
2015-06-03,0.5182565277863533
2015-06-04,0.5075589537449211
2015-06-07,0.3577149859732419
2015-06-08,0.05338451961888564
2015-06-09,-0.16976439718563133
2015-06-10,0.2436659547109798
2015-06-11,-0.1497250869957452
2015-06-14,-0.00542909307155713
2015-06-15,-0.02293813403101376
2015-06-16,-0.7415560350714653
2015-06-17,-1.657086416075473
2015-06-18,-1.3769019007248584
2015-06-21,-0.8125820556585177
2015-06-22,-0.7063150651189789
2015-06-23,-0.9212717376991811
2015-06-24,-0.403093452057941
2015-06-25,0.2038296638959786
2015-06-28,0.7040540542537734
2015-06-29,0.13560711520897167
2015-06-30,0.05226959290112138
2015-07-01,0.7666330869288508
2015-07-02,-0.018631311453925048
2015-07-05,1.0139179233862823
2015-07-06,1.2000833832964268
2015-07-07,2.0254219713831585
2015-07-08,2.0929534196619968
2015-07-09,1.3811784551205473
2015-07-12,0.47407256864219716
2015-07-13,-0.03438805612385406
2015-07-14,0.1012659187570615
2015-07-15,0.011922792415457318
2015-07-16,0.40672671367436697
2015-07-19,0.9142111546544994
2015-07-20,0.6830083038761008
2015-07-21,0.5255342421338444
2015-07-22,1.3853559593425764
2015-07-23,1.8971373209465416
2015-07-26,2.1689058354351056
2015-07-27,1.8243024149408569
2015-07-28,1.3404917126346911
2015-07-29,0.9859197903513482
2015-07-30,1.0958551793617264
2015-08-02,1.2664257531051013
2015-08-03,1.2011228814263382
2015-08-04,1.109598329263382
2015-08-05,1.1342938161837002
2015-08-06,1.079769078369747
2015-08-09,0.8580838623966207
2015-08-10,0.5516049372162617
2015-08-11,0.594285698493587
2015-08-12,0.5996040568421024
2015-08-13,0.628002469324579
2015-08-16,0.4458477135142693
2015-08-17,0.3910054433365342
2015-08-18,0.32096533807707156
2015-08-19,0.39030552984720035
2015-08-20,0.1167258364157374
2015-08-23,0.7710637881480562
2015-08-24,0.9972001680186193
2015-08-25,2.072514587201749
2015-08-26,1.3225044736868288
2015-08-27,0.9526330974357635
2015-08-30,1.428165285216747
2015-08-31,1.5476726423678488
2015-09-01,1.931873176835887
2015-09-02,1.931392788534927
2015-09-03,1.4335137038107606
2015-09-06,1.6047710147411816
2015-09-07,1.2445255414921814
2015-09-08,0.9778877348748629
2015-09-09,0.9286209269334064
2015-09-10,0.939969791658534
2015-09-13,0.8652737543180264
2015-09-14,0.589575202752558
2015-09-15,0.6399043116613509
2015-09-16,0.5827901342125453
2015-09-17,0.7616108279906211
2015-09-20,1.0280155511603988
2015-09-21,
2015-09-22,
2015-09-23,
2015-09-24,
2015-09-27,
2015-09-28,
2015-09-29,
2015-09-30,
2015-10-01,
2015-10-04,
2015-10-05,
2015-10-06,
2015-10-07,
2015-10-08,
2015-10-11,
2015-10-12,
2015-10-13,
2015-10-14,
2015-10-15,
2015-10-18,
2015-10-19,-0.39305036459164916
2015-10-20,-0.08874947191460765
2015-10-21,0.19874532329957234
2015-10-22,-0.09288102557075165
2015-10-26,-0.3260420625573727
2015-10-27,0.1894898251740871
2015-10-28,0.029546427490684736
2015-10-29,0.48083443117168506
2015-10-30,-0.25693847934908015
2015-11-02,-0.28445181161610555
2015-11-03,-0.3548081952621915
2015-11-04,-1.1979286694306897
2015-11-05,-0.8652936051263203
2015-11-06,-0.9003156414667823
2015-11-09,-1.1587682738461542
2015-11-10,-0.9032435669740503
2015-11-11,-1.4966535035111066
2015-11-12,-0.9348975569060216
2015-11-13,-0.801233444727706
2015-11-16,-0.09261137525778809
2015-11-17,-0.40509602509150994
2015-11-18,-0.5491477547020455
2015-11-19,-1.0590164999764096
2015-11-20,-1.1035150645509872
2015-11-23,-1.4404099760656073
2015-11-24,-1.2260459196321172
2015-11-25,-1.020057886798214
2015-11-26,-0.7278222155096209
2015-11-27,-0.7630290592128177
2015-11-30,0.9070026934808194
2015-12-01,1.5670757916801221
2015-12-02,1.067732763947936
2015-12-03,0.4108039601141905
2015-12-04,-0.4931068145855212
2015-12-07,-0.5195923462783648
2015-12-08,-0.14650726001708853
2015-12-09,-0.018402089539645623
2015-12-10,-0.47889357835244134
2015-12-11,0.6768659456672643
2015-12-14,1.110993913405648
2015-12-15,1.1158980915077055
2015-12-16,1.419470739051508
2015-12-17,0.8746559524014129
2015-12-18,0.828328143452382
2015-12-21,1.5808082853941343
2015-12-22,1.399248715695403
2015-12-23,1.0892231929584346
2015-12-24,0.6669640818502177
2015-12-25,0.3815502828269075
2015-12-28,0.3487276908631136
2015-12-29,-0.23393097068665056
2015-12-30,0.22801345786909336
2015-12-31,0.651320943554327
2016-01-01,0.5342414764434845
2016-01-04,0.854232135216216
2016-01-05,1.1873620677038428
2016-01-06,1.0641116781862092
2016-01-07,1.0551080226140763
2016-01-08,0.8768955398599668
2016-01-11,0.588692700149657
2016-01-12,0.8090013986408705
2016-01-13,0.383533325210596
2016-01-14,0.41767265123080216
2016-01-15,0.49000113844190635
2016-01-18,0.46171746406999187
2016-01-19,0.5901828761800523
2016-01-20,0.9832851668289442
2016-01-21,1.4102115502139243
2016-01-22,1.4916603728053122
2016-01-25,0.8720190631045505
2016-01-26,0.8090107396116621
2016-01-27,0.21083239855103977
2016-01-28,0.6371554677149415
2016-01-29,-0.003841170294494336
2016-02-01,-1.1700783777084653
2016-02-02,-1.3565171044853643
2016-02-03,-1.3201371474571602
2016-02-04,-2.3682727731297484
2016-02-05,-1.7700724046371181
2016-02-08,-1.5113586904161844
2016-02-09,-1.2997521993315473
2016-02-10,-1.1094073403754556
2016-02-11,-0.6417321046531446
2016-02-12,-0.26211254572742665
2016-02-15,-0.25642760684341037
2016-02-16,-0.03830867977682112
2016-02-17,0.2298713900990249
2016-02-18,-0.09991503990429114
2016-02-19,0.4240771124959679
2016-02-22,0.07285161457694557
2016-02-23,-0.39847440073341955
2016-02-24,-0.12465658679010193
2016-02-25,-0.4040885974496689
2016-02-26,-0.16689281274980583
2016-02-29,0.0796219650174382
2016-03-01,0.513588437060653
2016-03-02,-0.6835961592725072
2016-03-03,-1.3541761525075002
2016-03-04,-2.5729119790098074
2016-03-07,-2.026109934366608
2016-03-08,-1.5818248302628437
2016-03-09,-1.6820675386500035
2016-03-10,-1.6840194999637084
2016-03-11,-1.6332551946215483
2016-03-14,-1.4919547773345405
2016-03-15,-0.920899982327708
2016-03-16,-0.3904153907333322
2016-03-17,-0.7478272340682737
2016-03-18,-1.004934738117607
2016-03-21,-0.976888420961552
2016-03-22,-0.944466411086368
2016-03-23,-0.9190023832071339
2016-03-24,-0.4353652918110749
2016-03-25,-0.5035419475994225
2016-03-27,-0.5396747818221782
2016-03-28,-0.5540685840587144
2016-03-29,-0.7452646547891036
2016-03-30,-1.1372046549450046
2016-03-31,-1.091743656863434
2016-04-03,-1.2310994515638078
2016-04-04,-0.3323148052830572
2016-04-05,0.3977904667940824
2016-04-06,0.04332071046570062
2016-04-07,0.14267885313031944
2016-04-10,-1.331855196593943
2016-04-11,-1.8603304034008357
2016-04-12,-1.673371221951345
2016-04-13,-1.5019888814192497
2016-04-14,-1.4247530430481046
2016-04-17,-0.7739805546025111
2016-04-18,-0.2135700259487893
2016-04-19,-0.7489277064749079
2016-04-20,-0.7945347945604814
2016-04-21,-0.4532294920708611
2016-04-24,-0.33259808379604755
2016-04-25,-0.45016159060283284
2016-04-26,-0.6462270046379668
2016-04-27,-0.8071185429694604
2016-04-28,-1.2574728928493841
2016-05-01,-1.3095134921327465
2016-05-02,-0.4191640158044481
2016-05-03,0.13534715127438096
2016-05-04,-0.04317798989987002
2016-05-05,0.27343821040668986
2016-05-08,0.4879699094060519
2016-05-09,-0.702076909614039
2016-05-10,-1.3867320575906006
2016-05-11,-1.3552463269528934
2016-05-12,-0.7721254870405172
2016-05-15,-0.08971308799563234
2016-05-16,-0.42686988726038566
2016-05-17,-0.24400945964069365
2016-05-18,1.0353611925012718
2016-05-19,0.6923289143430474
2016-05-22,0.6055242511087476
2016-05-23,0.8032308765168414
2016-05-24,1.0418716081383044
2016-05-25,0.9111092970365604
2016-05-26,0.9749213816865676
2016-05-29,1.1321822226511882
2016-05-30,0.6031196191658763
2016-05-31,0.8620222725352713
2016-06-01,0.6348590011017851
2016-06-02,0.25439674593683087
2016-06-05,-0.4684533455944808
2016-06-06,-1.002697098343112
2016-06-07,-1.844512670609666
2016-06-08,-2.236688743796788
2016-06-09,-1.4844674695017968
2016-06-12,-1.148458735489523
2016-06-13,-0.5583859177467968
2016-06-14,-0.5821393396034545
2016-06-15,-0.47205900984585414
2016-06-16,-0.6871720299385349
2016-06-19,-1.0526297655791406
2016-06-20,-1.0824937214489005
2016-06-21,-0.868487094972597
2016-06-22,-1.1079210392081331
2016-06-23,-0.9909542041602073
2016-06-26,-0.8058588967412362
2016-06-27,-0.8940687106464835
2016-06-28,-1.623734054055621
2016-06-29,-2.0121986277913875
2016-06-30,-1.8968615449705428
2016-07-03,-1.52670190282559
2016-07-04,-0.9510773447638924
2016-07-05,-0.6442521892918397
2016-07-06,-0.3782989569886477
2016-07-07,-0.3145139483332626
2016-07-10,-0.6113401209409789
2016-07-11,-0.5808593930036736
2016-07-12,-0.5396071929782962
2016-07-13,-0.923651138514227
2016-07-14,-0.8145466745477812
2016-07-17,-0.5755761318537973
2016-07-18,-0.6968548778629043
2016-07-19,-0.7637659076870349
2016-07-20,-0.6095790560196147
2016-07-21,-0.2981955077986833
2016-07-24,-0.4261225458972041
2016-07-25,0.12410281970945017
2016-07-26,-0.07834352919887777
2016-07-27,-0.4472842233878153
2016-07-28,-0.3306511024499234
2016-07-31,-0.8093284509903036
2016-08-01,-0.6671666054390144
2016-08-02,-0.3303519270298281
2016-08-03,-1.6408955548098298
2016-08-04,-2.8156872151152244
2016-08-07,-2.8012634531014844
2016-08-08,-2.2444561133389933
2016-08-09,-2.0198648399552273
2016-08-10,-1.6861822494716945
2016-08-11,-1.2219588851754235
2016-08-14,-0.6403460601713181
2016-08-15,-0.6153202677356682
2016-08-16,-0.19158667655147837
2016-08-17,-0.20580148758058234
2016-08-18,0.19472448746315527
2016-08-21,-0.09121590922443555
2016-08-22,-0.18556087376372835
2016-08-23,0.43752330412635204
2016-08-24,0.3042439088783959
2016-08-25,0.19731942753586135
2016-08-28,1.0260885403211317
2016-08-29,0.5020024214358485
2016-08-30,0.5840722837074124
2016-08-31,0.4917142390093953
2016-09-01,0.752892562597455
2016-09-04,0.9083289855785094
2016-09-05,0.7694908310744585
2016-09-06,-0.5144478574369484
2016-09-07,-0.7753992850260456
2016-09-08,0.26417821971543226
2016-09-11,1.428432828931734
2016-09-12,1.0220073622318486
2016-09-13,1.987800721574395
2016-09-14,1.9389855732709276
2016-09-15,0.9410901887238361
2016-09-18,0.1862194339868391
2016-09-19,0.10285817737897204
2016-09-20,-0.2186863594818757
2016-09-21,-1.1445437904033056
2016-09-22,-0.8449462200067765
2016-09-25,-0.292418835399059
2016-09-26,-0.4429363577520311
2016-09-27,-0.3728912582904719
2016-09-28,-0.7247791650616384
2016-09-29,-0.1382848316438375
2016-10-02,-0.14949669694281761
2016-10-03,-0.7852937625681883
2016-10-04,-0.20449175882720505
2016-10-05,-0.7434940569630291
2016-10-06,-0.8581772572273524
2016-10-09,-0.9262536162272936
2016-10-10,-0.9619104348274116
2016-10-11,-1.170033643959131
2016-10-12,-0.9528991125370889
2016-10-13,-1.6453110085481653
2016-10-16,-0.9468368305610301
2016-10-17,-0.9634660834697597
2016-10-18,-1.342966869809569
2016-10-19,-1.7203178750713202
2016-10-20,-1.788198132132735
2016-10-23,-1.6917852250216614
2016-10-24,-1.8068577692902803
2016-10-25,-1.5751537989190472
2016-10-26,-0.9675921181020957
2016-10-27,-0.38762634525743545
2016-10-31,0.04880578105430076
2016-11-01,0.2835116215997782
2016-11-02,0.9838215941423218
2016-11-03,1.1296385862396292
2016-11-04,1.1948204277813677
2016-11-07,0.5935176647409482
2016-11-08,0.2255707050524451
2016-11-09,0.06250766745253111
2016-11-10,1.4997456605057493
2016-11-11,2.960937631361332
2016-11-14,2.0410614223049284
2016-11-15,1.7253081136624264
2016-11-16,1.3161939178264714
2016-11-17,1.0662090900238683
2016-11-18,0.8240370763020333
2016-11-21,0.46642714245803424
2016-11-22,0.394350294384015
2016-11-23,0.37502968237957063
2016-11-24,0.5659900880347394
2016-11-25,0.4858209575234385
2016-11-28,0.4153119452523704
2016-11-29,0.29237934833707874
2016-11-30,0.4905074000057054
2016-12-01,0.40662549516339325
2016-12-02,1.3245258203745294
2016-12-05,0.7802896427884594
2016-12-06,0.3125163408450464
2016-12-07,-0.5031175221397397
2016-12-08,-0.850290686813839
2016-12-09,-1.0205685522557078
2016-12-12,-1.0030758722079365
2016-12-13,-1.5037887851368352
2016-12-14,-1.5005212159060861
2016-12-15,-0.5989546376915746
2016-12-16,-0.6065070246790947
2016-12-19,-0.36068303178679695
2016-12-20,-0.7763236358836118
2016-12-21,-1.0478784361216429
2016-12-22,-1.206246427074298
2016-12-23,-1.7836473689455592
2016-12-26,-1.6439715654213574
2016-12-27,-1.4029600903099402
2016-12-28,-1.2560825899557195
2016-12-29,-1.1420022579298437
2016-12-30,-1.2532129699822612
2017-01-02,-1.073414494652014
2017-01-03,-0.7967130253329305
2017-01-04,-1.0072689468268479
2017-01-05,-1.3028807031422924
2017-01-06,-1.3373345091316173
2017-01-09,-1.0703348519200062
2017-01-10,-1.2675747337379255
2017-01-11,-1.0625333037061024
2017-01-12,-1.2348002943183762
2017-01-13,-0.9898317484740076
2017-01-16,-0.7317330840607834
2017-01-17,-0.4084436194330238
2017-01-18,-0.6796363890174899
2017-01-19,-0.35526206684442735
2017-01-20,-0.866251773413328
2017-01-23,-1.4933053342766553
2017-01-24,-1.2705522821136808
2017-01-25,-1.1402233573995844
2017-01-26,-1.030730045609827
2017-01-27,-0.9922745128714721
2017-01-30,-1.7777765004983326
2017-01-31,-1.6785170767701865
2017-02-01,-0.9573618357856476
2017-02-02,-1.380609089296702
2017-02-03,-1.2368706377432541
2017-02-06,-1.20741565981932
2017-02-07,-1.0426646057612459
2017-02-08,-0.9416748933249416
2017-02-09,-0.8830569630460982
2017-02-10,-0.7453931929695926
2017-02-13,-0.8513609261064837
2017-02-14,-0.9350991026230874
2017-02-15,-1.461578769594387
2017-02-16,-1.9720534471991666
2017-02-17,-1.0161482487918168
2017-02-20,-0.8986631315313982
2017-02-21,-0.927095450230158
2017-02-22,-0.8934277623728807
2017-02-23,-1.460819650839778
2017-02-24,-1.0101662086976282
2017-02-27,-0.07532683613181172
2017-02-28,-0.16155422957933424
2017-03-01,0.2593242685469587
2017-03-02,-0.15999198269558132
2017-03-03,1.5112374797239019
2017-03-06,0.32168200020036036
2017-03-07,0.8711341419076809
2017-03-08,0.8100374707689005
2017-03-09,1.774371068538809
2017-03-10,1.766063292648544
2017-03-13,0.7958612402095671
2017-03-14,0.8131590909722453
2017-03-15,0.8718869322076638
2017-03-16,-0.43693425649046014
2017-03-17,-0.27031114814106166
2017-03-20,-0.6555279433521546
2017-03-21,-1.0893419673310532
2017-03-22,-0.6717067465832335
2017-03-23,-0.6187706388223898
2017-03-24,0.1827767537645569
2017-03-26,-0.35647352705780083
2017-03-27,-0.005129234676475979
2017-03-28,0.08178069611431772
2017-03-29,-0.3179983007717392
2017-03-30,0.5505348681797153
2017-04-02,-0.3089165852630806
2017-04-03,-0.25070084679094007
2017-04-04,-1.0032607863779537
2017-04-05,-0.2823912021079616
2017-04-06,0.4475025429499733
2017-04-09,0.6793227069830523
2017-04-10,0.5360641759736576
2017-04-11,0.7260324954251851
2017-04-12,0.19289745045321408
2017-04-13,0.7223361167780589
2017-04-16,0.20659171517356723
2017-04-17,-0.374858131731671
2017-04-18,-0.6487435797001417
2017-04-19,0.6755918857884842
2017-04-20,0.9493098013907288
2017-04-23,-0.2974537285464925
2017-04-24,0.14863359086060443
2017-04-25,1.1340098807217478
2017-04-26,1.605023963011086
2017-04-27,1.7849681899893033
2017-04-30,1.213832779558434
2017-05-01,1.0913786028362285
2017-05-02,0.12399557440588746
2017-05-03,0.5217104783143595
2017-05-04,1.093851501087211
2017-05-07,0.8951471683869242
2017-05-08,1.0514259297398643
2017-05-09,0.556640375100746
2017-05-10,0.027771724757817095
2017-05-11,-0.6723123806266468
2017-05-14,-0.7916049853999798
2017-05-15,-1.622244524565423
2017-05-16,-1.6052324692264102
2017-05-17,1.5573602485244193
2017-05-18,3.1352772939180373
2017-05-21,1.466067309858484
2017-05-22,1.2613941635757098
2017-05-23,1.0099134892947914
2017-05-24,0.9653163438951049
2017-05-25,0.7569190695938093
2017-05-28,0.3041009109187371
2017-05-29,0.48888117928991653
2017-05-30,0.3516954680852798
2017-05-31,0.06681375335838788
2017-06-01,0.20839793120711955
2017-06-04,0.37817609381482625
2017-06-05,0.6373980250374085
2017-06-06,0.4420672079585702
2017-06-07,0.3819396047943182
2017-06-08,0.23887710488240668
2017-06-11,0.019291321414367516
2017-06-12,1.2046498510783252
2017-06-13,0.8946156147528967
2017-06-14,0.06946498995027396
2017-06-15,0.39858696636197755
2017-06-18,0.8400604473186462
2017-06-19,0.7146427239459389
2017-06-20,1.4685805576682858
2017-06-21,1.4797749952456951
2017-06-22,1.267329656628025
2017-06-25,0.988405632126656
2017-06-26,0.17365935892642784
2017-06-27,0.3656735852154763
2017-06-28,-0.25573445171451975
2017-06-29,0.1280520361710178
2017-07-02,-1.1967470498724613
2017-07-03,0.1134317960343205
2017-07-04,0.18010032043436772
2017-07-05,-0.18169603640127055
2017-07-06,-0.43067965834832006
2017-07-09,-2.0180477219547157
2017-07-10,
2017-07-11,
2017-07-12,
2017-07-13,
2017-07-16,
2017-07-17,
2017-07-18,
2017-07-19,
2017-07-20,
2017-07-23,
2017-07-24,
2017-07-25,
2017-07-26,
2017-07-27,
2017-07-30,
2017-07-31,
2017-08-01,
2017-08-02,
2017-08-03,
2017-08-06,
2017-08-07,-0.6946273656984913
2017-08-08,-0.4852385389671757
2017-08-09,0.2061550216907281
2017-08-10,0.8825729524457074
2017-08-13,1.3433629291066431
2017-08-14,1.457498702251536
2017-08-15,0.6692493816367237
2017-08-16,0.01606783711218625
2017-08-17,0.5509193411216703
2017-08-20,0.1236842834589782
2017-08-21,0.23604498029070153
2017-08-22,0.30947724470311
2017-08-23,-0.37007992978015125
2017-08-24,-0.19711645505806796
2017-08-27,0.16361194323713577
2017-08-28,0.4513454469357412
2017-08-29,0.3553991536002134
2017-08-30,-0.057783242931365865
2017-08-31,-0.8352835185366869
2017-09-03,-0.32217333852020336
2017-09-04,-1.3882202227526863
2017-09-05,-2.0754057480167476
2017-09-06,-2.1461727926057805
2017-09-07,-1.9169096014606455
2017-09-10,-0.9886668380853038
2017-09-11,-1.3553724940324678
2017-09-12,-0.49564031054761415
2017-09-13,-0.360649807657984
2017-09-14,-0.5930942635906711
2017-09-17,-0.7154330278983698
2017-09-18,-0.1370621721830803
2017-09-19,-0.15311618458519186
2017-09-20,-0.0653811469429778
2017-09-21,-0.06551023112148129
2017-09-24,-0.06114003965787595
2017-09-25,1.2526175586076194
2017-09-26,1.7014084824122375
2017-09-27,2.0430459876060056
2017-09-28,1.306185098497348
2017-10-01,0.8592135665005219
2017-10-02,0.40427313033180273
2017-10-03,-0.11397684022708622
2017-10-04,-0.3213661360043289
2017-10-05,0.459464225245476
2017-10-08,0.3250399075921834
2017-10-09,0.948095906038663
2017-10-10,0.5486530376930586
2017-10-11,0.3241064371993186
2017-10-12,0.36472461747073986
2017-10-15,-0.334915210118107
2017-10-16,0.44819402122463886
2017-10-17,0.0048690606576359385
2017-10-18,0.3508493839713114
2017-10-19,0.5545581746557146
2017-10-22,1.6631914209550622
2017-10-23,2.840325463410623
2017-10-24,1.9625246227335726
2017-10-25,1.6774550176418728
2017-10-26,1.961206670744729
2017-10-30,1.1248789048075756
2017-10-31,1.2698302416218301
2017-11-01,0.9535858419019079
2017-11-02,0.6618681353651181
2017-11-03,0.8538564310520238
2017-11-06,0.8581711927360819
2017-11-07,0.4030969490574863
2017-11-08,0.37932052361094
2017-11-09,0.20312109705590606
2017-11-10,0.2311833675837228
2017-11-13,0.5393334847139799
2017-11-14,0.6006001297542765
2017-11-15,1.2033608776994533
2017-11-16,
2017-11-17,
2017-11-20,
2017-11-21,
2017-11-22,
2017-11-23,
2017-11-24,
2017-11-27,
2017-11-28,
2017-11-29,
2017-11-30,
2017-12-01,
2017-12-04,
2017-12-05,
2017-12-06,
2017-12-07,
2017-12-08,
2017-12-11,
2017-12-12,
2017-12-13,
2017-12-14,
2017-12-15,1.456334487126679
2017-12-18,0.7411837346535531
2017-12-19,0.43788692160099213
2017-12-20,0.1913909206030277
2017-12-21,0.4888797263308162
2017-12-22,0.5272616895655042
2017-12-25,1.0786608094284327
2017-12-26,0.833919501886962
2017-12-27,0.28009929191295263
2017-12-28,0.19445139776638884
2017-12-29,0.1275385421730303
2018-01-01,0.28681325249379375
2018-01-02,-0.2977713181830498
2018-01-03,-1.9787916093723779
2018-01-04,-2.5161458351333295
2018-01-05,-1.963991785999124
2018-01-08,-1.6926624346375685
2018-01-09,-1.2518495100013234
2018-01-10,-0.983838903868488
2018-01-11,-1.1738334829853718
2018-01-12,-1.261065244562565
2018-01-15,-1.3829014338789063
2018-01-16,-0.8920683908353987
2018-01-17,-0.7040276706710862
2018-01-18,-0.8009940816077015
2018-01-19,-0.8871781210421311
2018-01-22,-1.039148321529318
2018-01-23,-0.7129858602718605
2018-01-24,-0.5900472572833368
2018-01-25,-2.161316270964057
2018-01-26,-1.8531198795413353
