Date,cr
2010-01-04,
2010-01-05,-0.7639879169918141
2010-01-06,-0.831703394539756
2010-01-07,-0.6637937148001493
2010-01-08,-0.5497134320753472
2010-01-11,-0.8718152097374677
2010-01-12,-0.7229191386835606
2010-01-13,-0.6694056746492055
2010-01-14,-0.4882355430374678
2010-01-15,-0.540777566923209
2010-01-18,-0.5070557029404937
2010-01-19,-0.5506232760329433
2010-01-20,-0.497090240405073
2010-01-21,-0.43258962547110025
2010-01-22,-0.32429144588934705
2010-01-25,-0.36467005934341384
2010-01-26,-0.14101292596086168
2010-01-27,-0.1716181450771487
2010-01-28,-0.13420228525334538
2010-01-29,-0.1462082675742259
2010-02-01,-0.13183819834925506
2010-02-02,-0.2778639521324614
2010-02-03,-0.3524624859663414
2010-02-04,-0.25629758181373813
2010-02-05,-0.24720650035647182
2010-02-08,-0.26985468238501553
2010-02-09,-0.33715636884781264
2010-02-10,-0.38020763559376114
2010-02-11,-0.37483983832976625
2010-02-12,-0.3678062457189299
2010-02-15,-0.40471729177505317
2010-02-16,-0.36144338366013956
2010-02-17,-0.4115548621342538
2010-02-18,-0.4875806465917177
2010-02-19,-0.5668246245266493
2010-02-22,-0.6221044638275224
2010-02-23,-0.6095843951190324
2010-02-24,-0.5857051535598992
2010-02-25,-0.5954471573199365
2010-02-26,-0.6651764388679153
2010-03-01,-0.7852677048416573
2010-03-02,-0.8273924675528859
2010-03-03,-0.8816878945963911
2010-03-04,-0.9016973340628305
2010-03-05,-0.9553116612942782
2010-03-08,-0.9785582274134598
2010-03-09,-0.9889908709141126
2010-03-10,-0.9707226607135135
2010-03-11,-0.9645389106840153
2010-03-12,-1.0801464487979655
2010-03-15,-1.108942407469751
2010-03-16,-1.1126281160815243
2010-03-17,-1.085573185341751
2010-03-18,-1.0202722935048478
2010-03-19,-0.9608559226921686
2010-03-22,-0.9626491308223883
2010-03-23,-0.998086547318172
2010-03-24,-0.9901086387632251
2010-03-25,-0.9576769899215769
2010-03-26,-0.8377181778563989
2010-03-28,-0.8296192073650849
2010-03-29,-0.8462164678430298
2010-03-30,-0.9159853457230112
2010-03-31,-0.9665541282710627
2010-04-01,-1.0257204634103931
2010-04-04,-1.0184930326040877
2010-04-05,-0.9696689400585617
2010-04-06,-0.9059083374737339
2010-04-07,-0.9443044373077446
2010-04-08,-0.9336162593009377
2010-04-11,-0.9620237774743672
2010-04-12,-0.9632988045792985
2010-04-13,-0.9845558957743754
2010-04-14,-0.9443577595692535
2010-04-15,-0.9071789898830873
2010-04-18,-0.8623182240430576
2010-04-19,-0.8952598635434478
2010-04-20,-0.9046558615010991
2010-04-21,-0.8722182905687018
2010-04-22,-0.9084073213834472
2010-04-25,-1.014929191782551
2010-04-26,-1.023014186923992
2010-04-27,-0.9491914518749172
2010-04-28,-1.0032474820386599
2010-04-29,-1.0855365331171858
2010-05-02,-1.1486146659872865
2010-05-03,-1.0952622436931747
2010-05-04,-0.9266687249509248
2010-05-05,-0.737085780261068
2010-05-06,-0.5605427943074922
2010-05-09,-0.6199905640099701
2010-05-10,-0.7089605679576021
2010-05-11,-0.6820907466394369
2010-05-12,-0.7468376797723827
2010-05-13,-0.6812855074837932
2010-05-16,-0.6483164908511176
2010-05-17,-0.5999632817562796
2010-05-18,-0.47840727301163355
2010-05-19,-0.38152550133103647
2010-05-20,-0.2898979046391562
2010-05-23,-0.3937886007375215
2010-05-24,-0.29557054331836863
2010-05-25,-0.3711115685897466
2010-05-26,-0.32019042116548796
2010-05-27,-0.4554619173694712
2010-05-30,-0.5294896944452825
2010-05-31,-0.37981169832650485
2010-06-01,-0.38872276918436693
2010-06-02,-0.5031417505821991
2010-06-03,-0.33809118769291857
2010-06-06,-0.24304625853370443
2010-06-07,-0.1918158430815561
2010-06-08,-0.31391302413188077
2010-06-09,-0.4404288339553493
2010-06-10,-0.6833442841299996
2010-06-13,-0.8174772024352737
2010-06-14,-0.7275058723395396
2010-06-15,-0.6737078611544257
2010-06-16,-0.7178332869621716
2010-06-17,-0.6972303274287508
2010-06-20,-0.8085125472841322
2010-06-21,-0.8439802178998694
2010-06-22,-0.7600694402395075
2010-06-23,-0.8730640244513826
2010-06-24,-0.9798815852853028
2010-06-27,-1.0635563043491314
2010-06-28,-0.959794818664741
2010-06-29,-1.0391814300071227
2010-06-30,-0.9099404064254838
2010-07-01,-1.0176354469946076
2010-07-04,-0.9817411659001268
2010-07-05,-0.9248134988083054
2010-07-06,-1.0027339015741201
2010-07-07,-1.030469044396994
2010-07-08,-0.9871225266860383
2010-07-11,-1.077438716718366
2010-07-12,-1.121469367261319
2010-07-13,-1.1574090748201944
2010-07-14,-1.0744276689033492
2010-07-15,-1.0511288274522381
2010-07-18,-0.9494395834277437
2010-07-19,-0.902241064730482
2010-07-20,-0.9606320806353621
2010-07-21,-0.9056334463599911
2010-07-22,-0.93306708691589
2010-07-25,-0.8947119145529796
2010-07-26,-0.8695212400091549
2010-07-27,-0.8619442877449521
2010-07-28,-0.9512343646744079
2010-07-29,-0.9634990732823346
2010-08-01,-0.9846071422025794
2010-08-02,-0.9517015336781719
2010-08-03,-0.9970889670731308
2010-08-04,-1.0422027585596538
2010-08-05,-1.0805302462419735
2010-08-08,-1.0059363194880648
2010-08-09,-0.9101866991848673
2010-08-10,-0.8798944154295366
2010-08-11,-0.8584822220194696
2010-08-12,-0.8477768356833808
2010-08-15,-0.8184877570258096
2010-08-16,-0.8216933610631043
2010-08-17,-0.8291401761755317
2010-08-18,-0.8080292536875522
2010-08-19,-0.8206298124924881
2010-08-22,-0.8406649359155254
2010-08-23,-0.7534554636081797
2010-08-24,-0.7878146059860378
2010-08-25,-0.7615353646128851
2010-08-26,-0.7953217673517071
2010-08-29,-0.7714482703925628
2010-08-30,-0.6884216597461456
2010-08-31,-0.6993871505572827
2010-09-01,-0.7595858265207313
2010-09-02,-0.8356925719516253
2010-09-05,-0.801975657814969
2010-09-06,-0.7193787929329181
2010-09-07,-0.7342922923357288
2010-09-08,-0.7691691418333129
2010-09-09,-0.756573604040466
2010-09-12,-0.7769523045853818
2010-09-13,-0.7556448071397311
2010-09-14,-0.8068493384446458
2010-09-15,-0.7994057502869647
2010-09-16,-0.8913531160914213
2010-09-19,-0.8559642884178411
2010-09-20,-0.7461574610464488
2010-09-21,-0.7924711295164887
2010-09-22,-0.7769087319229735
2010-09-23,-0.7400196121268173
2010-09-26,-0.8003744962216632
2010-09-27,-0.7390354815920013
2010-09-28,-0.8636221172868325
2010-09-29,-0.9007486010409737
2010-09-30,-0.9378507229257841
2010-10-03,-0.927228198799893
2010-10-04,-0.803959637169701
2010-10-05,-0.9935533717553694
2010-10-06,-0.9507130188735414
2010-10-07,-0.900525385492454
2010-10-10,-0.8979829136857777
2010-10-11,-0.8400712307677642
2010-10-12,-0.9087936745168683
2010-10-13,-0.9421271543492123
2010-10-14,-0.9031718545965999
2010-10-17,-0.8693024069517163
2010-10-18,-0.7087247031468482
2010-10-19,-0.7407241456615765
2010-10-20,-0.7347001162110891
2010-10-21,-0.720287664477818
2010-10-24,-0.6432627532697689
2010-10-25,-0.6026569271120086
2010-10-26,-0.6848617591249122
2010-10-27,-0.584955474181406
2010-10-28,-0.6424075667985469
2010-11-01,-0.7292785885955517
2010-11-02,-0.6174087152017944
2010-11-03,-0.6827970694685881
2010-11-04,-0.7356980723313915
2010-11-05,-0.7529074342340674
2010-11-08,-0.6338789728015138
2010-11-09,-0.5739536299086607
2010-11-10,-0.6436826022745502
2010-11-11,-0.49782079160790826
2010-11-12,-0.5092903257952336
2010-11-15,-0.517957621624735
2010-11-16,-0.34300953063399775
2010-11-17,-0.35236308133742605
2010-11-18,-0.39588144734370906
2010-11-19,-0.4091202216578058
2010-11-22,-0.41706474586026815
2010-11-23,-0.33325702838718546
2010-11-24,-0.4715798519617838
2010-11-25,-0.5270939170360729
2010-11-26,-0.5098061609884434
2010-11-29,-0.5552856312151653
2010-11-30,-0.6302553144247033
2010-12-01,-0.7236790354971663
2010-12-02,-0.7958056338684533
2010-12-03,-0.8699162344292721
2010-12-06,-0.8690429380514709
2010-12-07,-0.8240721888344642
2010-12-08,-0.8581767020172119
2010-12-09,-0.8027521249841514
2010-12-10,-0.6753058576905995
2010-12-13,-0.638217250131095
2010-12-14,-0.7401229794520227
2010-12-15,-0.7809779920781141
2010-12-16,-0.772499926163836
2010-12-17,-0.8042059632599763
2010-12-20,-0.8044913429071346
2010-12-21,-0.778904680300695
2010-12-22,-0.899094482214361
2010-12-23,-0.9467348901664854
2010-12-24,-0.9423568182763111
2010-12-27,-0.8675041601831571
2010-12-28,-0.902987770718256
2010-12-29,-0.9883364289467059
2010-12-30,-1.0580973543832946
2010-12-31,-1.0616921377538668
2011-01-03,-1.0637242925395327
2011-01-04,-1.0310018314352873
2011-01-05,-0.9600237567339515
2011-01-06,-0.868929727228247
2011-01-07,-0.8074171707382807
2011-01-10,-0.766244286584322
2011-01-11,-0.6433053674679146
2011-01-12,-0.7012672630254266
2011-01-13,-0.7215035585047259
2011-01-14,-0.676927193642561
2011-01-17,-0.7208842737269735
2011-01-18,-0.6807066884000408
2011-01-19,-0.6681071465899523
2011-01-20,-0.6854932447274428
2011-01-21,-0.7336984686666788
2011-01-24,-0.6760740708104457
2011-01-25,-0.6418832751845226
2011-01-26,-0.6818920884521688
2011-01-27,-0.6395650949113065
2011-01-28,-0.5303438313363978
2011-01-31,-0.4418958322923895
2011-02-01,-0.5004785009341478
2011-02-02,-0.4857211412495664
2011-02-03,-0.4853232600857843
2011-02-04,-0.3996420897723284
2011-02-07,-0.3124203850716775
2011-02-08,-0.2551816681654226
2011-02-09,-0.29637941737145557
2011-02-10,-0.3487748088380741
2011-02-11,-0.39451062835220474
2011-02-14,-0.4466579475807742
2011-02-15,-0.36893576667810707
2011-02-16,-0.44876296951184186
2011-02-17,-0.397889162878392
2011-02-18,-0.43035371434805936
2011-02-21,-0.5309062734146566
2011-02-22,-0.48643419655863235
2011-02-23,-0.5167047168004333
2011-02-24,-0.4589115400870953
2011-02-25,-0.38609597664336043
2011-02-28,-0.3802470049168249
2011-03-01,-0.4296142606242384
2011-03-02,-0.472855021528166
2011-03-03,-0.45596264687406896
2011-03-04,-0.4582178683856817
2011-03-07,-0.5543352317766145
2011-03-08,-0.54580433205672
2011-03-09,-0.5380557477407762
2011-03-10,-0.445128706593717
2011-03-11,-0.3960113988454365
2011-03-14,-0.362678569998034
2011-03-15,-0.30828556119270384
2011-03-16,-0.4432234285589436
2011-03-17,-0.38128127440411735
2011-03-18,-0.33370359679371536
2011-03-21,-0.4248788146081641
2011-03-22,-0.3173943497576776
2011-03-23,-0.484428341427884
2011-03-24,-0.4734322600733706
2011-03-25,-0.47843330523949645
2011-03-27,-0.33712344601627375
2011-03-28,-0.1944291807516338
2011-03-29,-0.6836384013595911
2011-03-30,-0.7778895817893982
2011-03-31,-0.9642744423642367
2011-04-03,-1.1736375245553
2011-04-04,-1.154914089716456
2011-04-05,-1.2003970067273275
2011-04-06,-1.2054098083003597
2011-04-07,-1.3051975048856348
2011-04-10,-1.3188896761328919
2011-04-11,-1.2432652545369671
2011-04-12,-1.1989649355704126
2011-04-13,-1.180478506702432
2011-04-14,-1.2597419170450395
2011-04-17,-1.3239189381079366
2011-04-18,-1.3256204759492134
2011-04-19,-1.477817424280165
2011-04-20,-1.4889891808101043
2011-04-21,-1.5680297618861672
2011-04-24,-1.6082049236583116
2011-04-25,-1.5329711647065283
2011-04-26,-1.5556856928126792
2011-04-27,-1.3425426697370586
2011-04-28,-1.3002983704953934
2011-05-01,-1.31899797892206
2011-05-02,-1.174431059402431
2011-05-03,-1.084528429834988
2011-05-04,-0.713464046652683
2011-05-05,-0.5967612903547587
2011-05-08,-0.42282702664754584
2011-05-09,-0.3273072155859003
2011-05-10,-0.3089897077503286
2011-05-11,-0.06452909548071592
2011-05-12,0.06997767639279769
2011-05-15,0.7115553955445072
2011-05-16,0.9896771457603675
2011-05-17,0.4404512925801233
2011-05-18,0.1340090332147955
2011-05-19,0.31314869841377124
2011-05-22,0.5425151413615303
2011-05-23,0.5894832745767452
2011-05-24,0.4232083124086621
2011-05-25,0.6641961300994507
2011-05-26,0.4240398637037445
2011-05-29,0.2414850914213036
2011-05-30,0.13303871488636426
2011-05-31,-0.07327666932718395
2011-06-01,0.12868266147362684
2011-06-02,-0.43736716978658063
2011-06-05,-0.3262772872608725
2011-06-06,-0.38992326663269394
2011-06-07,-0.4536599783310506
2011-06-08,-0.5563059521691043
2011-06-09,-0.6809464372146175
2011-06-12,-0.6402861214340769
2011-06-13,-0.719114978750471
2011-06-14,-0.7057261960234397
2011-06-15,-0.4817595145910954
2011-06-16,-0.689562628584828
2011-06-19,-0.7593148053673321
2011-06-20,-0.9042942002158725
2011-06-21,-0.9527160715240216
2011-06-22,-0.8293106231526551
2011-06-23,-0.6996916116988576
2011-06-26,-0.6845370832967062
2011-06-27,-0.9338845851793101
2011-06-28,-1.0760943657831996
2011-06-29,-1.1024648386750693
2011-06-30,-1.132847698023697
2011-07-03,-1.0554219460816963
2011-07-04,-0.9171708856304458
2011-07-05,-0.7190836714896449
2011-07-06,-0.6747748131072737
2011-07-07,-0.8376323995930796
2011-07-10,-0.41680733541199116
2011-07-11,-0.381414825333451
2011-07-12,-0.30237470236193054
2011-07-13,-0.5115288665563621
2011-07-14,-0.484040448605782
2011-07-17,-0.5466271892050905
2011-07-18,-0.642355965038027
2011-07-19,-0.6072117051583353
2011-07-20,-0.7063013610146358
2011-07-21,-1.0133582053879828
2011-07-24,-1.0130322436895804
2011-07-25,-1.1226416371992656
2011-07-26,-0.8499438683285019
2011-07-27,-0.615627145001702
2011-07-28,-0.6528841565440947
2011-07-31,-0.7893767170373486
2011-08-01,-0.7257913330995818
2011-08-02,-0.577342615046853
2011-08-03,-0.38829321162510094
2011-08-04,0.024691706513323475
2011-08-07,0.2851792885397078
2011-08-08,0.9493414070793446
2011-08-09,0.5624086823958144
2011-08-10,0.6219153888342754
2011-08-11,0.5092745717153898
2011-08-14,0.3697385177883683
2011-08-15,0.009656601819395724
2011-08-16,-0.19492374917260244
2011-08-17,0.06489461986241173
2011-08-18,0.16413601972627484
2011-08-21,0.058831803983627716
2011-08-22,0.08362576063355517
2011-08-23,0.11031798136140686
2011-08-24,0.2959918921726994
2011-08-25,0.4012238378079285
2011-08-28,0.358952882550132
2011-08-29,0.34187317159828057
2011-08-30,0.5126690184702967
2011-08-31,0.4360403429051116
2011-09-01,0.6082642409157091
2011-09-04,1.0084738967648326
2011-09-05,1.3845140097256003
2011-09-06,1.306130125956415
2011-09-07,1.1686877913571876
2011-09-08,1.4772252105207255
2011-09-11,1.5153554187472869
2011-09-12,1.7658664923942442
2011-09-13,1.4069919418747339
2011-09-14,1.5623068222971386
2011-09-15,1.2899296672630864
2011-09-18,2.465324421705922
2011-09-19,3.886906019471566
2011-09-20,5.320609258371513
2011-09-21,6.930949536663897
2011-09-22,7.391053163853793
2011-09-25,4.399926665534573
2011-09-26,3.4397359278356445
2011-09-27,2.9599755114564505
2011-09-28,3.316354804621424
2011-09-29,3.404696263302974
2011-10-02,3.8765881575307737
2011-10-03,4.494219558392284
2011-10-04,3.5594648715862647
2011-10-05,2.896627233622597
2011-10-06,1.9697215897286604
2011-10-09,1.3581311819975534
2011-10-10,1.2279814843351893
2011-10-11,1.1935274389789539
2011-10-12,1.1254770958837998
2011-10-13,0.9193112484268458
2011-10-16,0.8211685079627706
2011-10-17,0.8572248937719115
2011-10-18,0.5809567663847792
2011-10-19,0.6485857359431701
2011-10-20,0.7390391830251011
2011-10-23,0.5935516662317926
2011-10-24,0.17395802213475753
2011-10-25,0.024448338333805206
2011-10-26,-0.2631929326727611
2011-10-27,-0.821988460423358
2011-10-31,-1.0663212616901347
2011-11-01,-0.7072449351031953
2011-11-02,-0.4833471428319053
2011-11-03,-0.4687584315009372
2011-11-04,-0.48661573738705055
2011-11-07,-0.5398719468019421
2011-11-08,-0.7623853928480058
2011-11-09,-0.8579440266706468
2011-11-10,-0.5873598961953456
2011-11-11,-0.5147987423286153
2011-11-14,-0.2867755099096019
2011-11-15,0.008155591987635383
2011-11-16,0.03199950069892684
2011-11-17,-0.02092852633407232
2011-11-18,-0.006720696537867469
2011-11-21,0.41940263442815
2011-11-22,0.5265139252332209
2011-11-23,0.5682005275828623
2011-11-24,1.106540602027791
2011-11-25,1.1219003382061947
2011-11-28,0.8321104065994138
2011-11-29,0.7324639112995441
2011-11-30,0.5843094127212928
2011-12-01,0.25589209697790566
2011-12-02,0.30560015173971505
2011-12-05,0.5989104577149966
2011-12-06,0.8267555397193092
2011-12-07,0.5037076531836924
2011-12-08,0.39890652727443593
2011-12-09,0.6341049532874298
2011-12-12,0.5089063428438383
2011-12-13,0.6198290490112754
2011-12-14,1.015427050642795
2011-12-15,1.0307624877382118
2011-12-16,0.5712448865375733
2011-12-19,0.7123545329676031
2011-12-20,0.7228151857471478
2011-12-21,0.4988990196388289
2011-12-22,0.4528807908953607
2011-12-23,0.33081604178121177
2011-12-26,0.38327030051485816
2011-12-27,0.06821327521406874
2011-12-28,0.09373677674998566
2011-12-29,-0.0754654933094482
2011-12-30,-0.46086251370944786
2012-01-02,-0.6352541378322717
2012-01-03,-0.587498578509606
2012-01-04,-0.5880607610064534
2012-01-05,-0.3292489552152964
2012-01-06,0.04198443507956334
2012-01-09,0.2775653969753861
2012-01-10,0.00752548657247128
2012-01-11,-0.11635237179888432
2012-01-12,-0.2993903074698109
2012-01-13,-0.44379688482079094
2012-01-16,-0.5482711150681683
2012-01-17,-0.6728274831927238
2012-01-18,-0.840286717182397
2012-01-19,-1.1049790879828474
2012-01-20,-1.1318428920167776
2012-01-23,-1.0604279314986926
2012-01-24,-1.066900898698409
2012-01-25,-1.112193119370877
2012-01-26,-1.1140263654258231
2012-01-27,-1.2132089308441552
2012-01-30,-1.2749943187656176
2012-01-31,-1.3093188832654477
2012-02-01,-1.2584117059398643
2012-02-02,-1.4132514472512654
2012-02-03,-1.4653631519441639
2012-02-06,-1.4161888564136993
2012-02-07,-1.4174934006269229
2012-02-08,-1.4159498318291814
2012-02-09,-1.3535527394044546
2012-02-10,-1.3788395805980989
2012-02-13,-1.4775186762990626
2012-02-14,-1.5237135054734774
2012-02-15,-1.4064606160566908
2012-02-16,-1.2543496275608188
2012-02-17,-1.260195949073351
2012-02-20,-1.2104436623291097
2012-02-21,-1.1349460719547355
2012-02-22,-1.106024964244609
2012-02-23,-1.1991528070537305
2012-02-24,-1.0736140618017826
2012-02-27,-1.0539425485184282
2012-02-28,-1.094016680100501
2012-02-29,-1.0602906059017052
2012-03-01,-0.8830973095207836
2012-03-02,-0.7787229230354297
2012-03-05,-0.5227291627052219
2012-03-06,0.011351868321660002
2012-03-07,-0.005969384204088598
2012-03-08,0.2604447540211488
2012-03-09,0.527402043235999
2012-03-12,1.081047797215009
2012-03-13,1.4775580240664978
2012-03-14,1.3265822046444797
2012-03-15,1.3398123061393443
2012-03-16,1.2862200425214527
2012-03-19,1.3906335353146155
2012-03-20,1.7712982905377546
2012-03-21,1.6233483455524695
2012-03-22,1.7569746693591226
2012-03-23,1.3548554418224241
2012-03-25,1.393177369873039
2012-03-26,1.4516960769424938
2012-03-27,1.270090193917188
2012-03-28,1.4373594088055845
2012-03-29,1.52549290378534
2012-04-01,1.58963413667158
2012-04-02,1.4997558986783595
2012-04-03,1.5459021797103423
2012-04-04,1.401388359232881
2012-04-05,1.2669783376996242
2012-04-08,1.3113697412287162
2012-04-09,0.8658864634395317
2012-04-10,0.7925342589658988
2012-04-11,0.8881678956634895
2012-04-12,0.502495207139389
2012-04-15,0.592806834642973
2012-04-16,0.2836574070371998
2012-04-17,0.2927468347291547
2012-04-18,0.5421307899222877
2012-04-19,0.5943321967109817
2012-04-22,0.6037579099787839
2012-04-23,0.5291782959816225
2012-04-24,0.34557619503801934
2012-04-25,0.3749358429427431
2012-04-26,0.25497113894543866
2012-04-29,0.3669544484213837
2012-04-30,0.7422840500534124
2012-05-01,0.5682104528072057
2012-05-02,0.8470499466006151
2012-05-03,0.5406510254912366
2012-05-06,0.8560645259129294
2012-05-07,0.645527176485081
2012-05-08,1.0958675159453954
2012-05-09,1.4560617675028107
2012-05-10,1.2568711427038466
2012-05-13,1.4800930669631678
2012-05-14,1.703204379859283
2012-05-15,2.056900419402048
2012-05-16,1.75522942167975
2012-05-17,2.0029321686445947
2012-05-20,2.5674597778661963
2012-05-21,2.746356895263803
2012-05-22,3.293289502834786
2012-05-23,1.7948247391421333
2012-05-24,1.1723396880670465
2012-05-27,0.7655755965884606
2012-05-28,0.8333260376366319
2012-05-29,0.979693294895916
2012-05-30,1.129740734658468
2012-05-31,1.274209233325899
2012-06-03,1.407538190713689
2012-06-04,1.3936307810015571
2012-06-05,0.9312194482586634
2012-06-06,1.0633616400272647
2012-06-07,0.8063776730060945
2012-06-10,0.8647859588401444
2012-06-11,0.9641115000623552
2012-06-12,1.0222934420864738
2012-06-13,0.749218415162239
2012-06-14,0.40959788066493086
2012-06-17,0.5122789042704647
2012-06-18,0.2965585653807433
2012-06-19,-0.06287347966558811
2012-06-20,-0.08631555076124633
2012-06-21,0.10359109454104791
2012-06-24,0.03836205199985764
2012-06-25,-0.14508494460220764
2012-06-26,-0.21300029399344214
2012-06-27,-0.4284017567954436
2012-06-28,-0.39962168304708856
2012-07-01,-0.5252734424319383
2012-07-02,-0.4329065880118467
2012-07-03,-0.26811235795414423
2012-07-04,-0.29960541730182577
2012-07-05,-0.4331138190543311
2012-07-08,-0.45085694708421475
2012-07-09,-0.5238028855816587
2012-07-10,-0.5661197692281643
2012-07-11,-0.39281456327148284
2012-07-12,-0.4223647577745798
2012-07-15,-0.3969703191884757
2012-07-16,-0.38152116036051714
2012-07-17,-0.6160942784434977
2012-07-18,-0.6755282598969072
2012-07-19,-0.7354685719888334
2012-07-22,-0.5429699964343766
2012-07-23,-0.43167539398179894
2012-07-24,-0.40001277219332315
2012-07-25,-0.3256364021631455
2012-07-26,-0.41609657590067595
2012-07-29,-0.5774050486313295
2012-07-30,-0.4817257057129909
2012-07-31,-0.3808944646297819
2012-08-01,-0.555548726272026
2012-08-02,-0.631466036225637
2012-08-05,-0.5151807871358799
2012-08-06,-0.17241255244119338
2012-08-07,-0.0640471013089449
2012-08-08,-0.37173161563579077
2012-08-09,-0.5321117532437571
2012-08-12,-0.5533579414197044
2012-08-13,-0.5841756895713122
2012-08-14,-0.5521363010465948
2012-08-15,-0.6068812755024333
2012-08-16,-0.7399738742469618
2012-08-19,-0.7879730337493427
2012-08-20,-0.7809350208688925
2012-08-21,-0.7445208083837406
2012-08-22,-0.6021688560992968
2012-08-23,-0.5147637211232486
2012-08-26,-0.4726380395947306
2012-08-27,-0.48818947646828514
2012-08-28,-0.523268059169613
2012-08-29,-0.5113879329658757
2012-08-30,-0.4759921043037823
2012-09-02,-0.5295739361789938
2012-09-03,-0.4932623636566594
2012-09-04,-0.6148379282797397
2012-09-05,-0.7307202396334961
2012-09-06,-0.7288460672324629
2012-09-09,-0.7722559204715372
2012-09-10,-0.6704464980934316
2012-09-11,-0.7211109313400759
2012-09-12,-0.6388253420228852
2012-09-13,-0.6709120841166769
2012-09-16,-0.6249594274181725
2012-09-17,-0.48126175684251293
2012-09-18,-0.6070726110938375
2012-09-19,-0.6217897709377167
2012-09-20,-0.5419589147598223
2012-09-23,-0.5149680937916767
2012-09-24,-0.49186724905414014
2012-09-25,-0.4266429734012935
2012-09-26,-0.4030230798237589
2012-09-27,-0.5015500228407779
2012-09-30,-0.6117968986826412
2012-10-01,-0.6039320955314088
2012-10-02,-0.765307566706316
2012-10-03,-0.8789090037669867
2012-10-04,-0.9289270848631441
2012-10-07,-0.791137025341249
2012-10-08,-0.533537944415428
2012-10-09,-0.5954505478269074
2012-10-10,-0.6139791651633298
2012-10-11,-0.5860719868984793
2012-10-14,-0.46540416929998074
2012-10-15,-0.46508683600561296
2012-10-16,-0.49152797989471125
2012-10-17,-0.4813356746015773
2012-10-18,-0.6459173306337354
2012-10-21,-0.5679612438899053
2012-10-22,-0.6238322118465902
2012-10-23,-0.7652288657896192
2012-10-24,-0.6956679227722188
2012-10-25,-0.696098450993528
2012-10-29,-0.6205872178627394
2012-10-30,-0.5386348716107789
2012-10-31,-0.6447786503302156
2012-11-01,-0.6583281128268098
2012-11-02,-0.6750063689018738
2012-11-05,-0.693981847104946
2012-11-06,-0.5923529347019859
2012-11-07,-0.6159767928611732
2012-11-08,-0.5185943562303892
2012-11-09,-0.2490086054335515
2012-11-12,-0.2923237880587013
2012-11-13,-0.22943391839514832
2012-11-14,-0.35550232798976533
2012-11-15,-0.28847976160135036
2012-11-16,-0.2876938669453931
2012-11-19,-0.09738525528015593
2012-11-20,-0.16251472912143358
2012-11-21,0.1470854819559143
2012-11-22,0.27289179752801024
2012-11-23,0.509114201614513
2012-11-26,0.23257405470393475
2012-11-27,0.2869249273399933
2012-11-28,0.38554069484138587
2012-11-29,0.5447286815229447
2012-11-30,0.81271255255524
2012-12-03,1.0736459804444158
2012-12-04,0.6045809362593387
2012-12-05,0.4662443882121628
2012-12-06,0.26882573427800105
2012-12-07,0.04921067660893446
2012-12-10,0.04351175852043904
2012-12-11,0.01315600141394309
2012-12-12,0.028543807182232307
2012-12-13,0.03185390753067057
2012-12-14,0.06661993773707213
2012-12-17,-0.07464613060017686
2012-12-18,0.090568361521276
2012-12-19,-0.2124845713816089
2012-12-20,-0.3932263189750868
2012-12-21,-0.3975770966515611
2012-12-24,-0.3567537975134343
2012-12-25,-0.39149221546994906
2012-12-26,-0.49107121894253847
2012-12-27,-0.7347023169693663
2012-12-28,-0.8051886009492758
2012-12-31,-0.8691427296106419
2013-01-01,-0.6857847630490504
2013-01-02,-0.7469360001212237
2013-01-03,-0.7999672993864824
2013-01-04,-0.8921418320479736
2013-01-07,-1.043328005137382
2013-01-08,-1.2096471962213644
2013-01-09,-1.0366514297365113
2013-01-10,-1.0453447275120666
2013-01-11,-0.9900985601669919
2013-01-14,-0.9230044721333716
2013-01-15,-0.9118812298707267
2013-01-16,-0.8840961849321405
2013-01-17,-0.9066565405906538
2013-01-18,-0.890326143270175
2013-01-21,-0.987061033845697
2013-01-22,-0.9446099553164586
2013-01-23,-1.054057289834102
2013-01-24,-1.0160101746998018
2013-01-25,-0.9239846025462578
2013-01-28,-1.0165544097899295
2013-01-29,-1.2259269362936227
2013-01-30,-1.2881775090277325
2013-01-31,-1.250484763129288
2013-02-01,-1.1263545577964311
2013-02-04,-1.1172765426282787
2013-02-05,-1.1121261924494845
2013-02-06,-1.2228346796921714
2013-02-07,-1.1804300066398854
2013-02-08,-1.2579308265420661
2013-02-11,-1.220558586474549
2013-02-12,-1.1473866154249475
2013-02-13,-1.1340145288783876
2013-02-14,-1.2736072684334958
2013-02-15,-1.2965974644618667
2013-02-18,-1.18050090654357
2013-02-19,-1.2288742161036141
2013-02-20,-1.3087987131711247
2013-02-21,-1.167944552639068
2013-02-22,-1.1326512671249462
2013-02-25,-1.1503862417616708
2013-02-26,-1.0714734036623976
2013-02-27,-1.1166251046678137
2013-02-28,-1.1594917277312875
2013-03-01,-1.040246447285231
2013-03-04,-1.047616004627426
2013-03-05,-1.0922244926631706
2013-03-06,-0.9457596834087284
2013-03-07,-0.9357799761697206
2013-03-08,-0.955210724024437
2013-03-11,-1.0424019638713646
2013-03-12,-0.9275750339243273
2013-03-13,-0.8810984777005441
2013-03-14,-0.7476748255562753
2013-03-15,-0.7262191961970126
2013-03-18,-0.2153650405085628
2013-03-19,-0.4348952862149832
2013-03-20,-0.3760025484576211
2013-03-21,-0.2381022404702171
2013-03-22,0.0875900525771086
2013-03-25,0.08027542174660629
2013-03-26,0.05617794336977867
2013-03-27,0.3606812565052465
2013-03-28,0.35720409821265203
2013-03-29,0.22035205641799255
2013-03-31,0.13454074848490735
2013-04-01,0.08671772180461151
2013-04-02,-0.05560595721322619
2013-04-03,-0.11570648394898593
2013-04-04,-0.22296012051021072
2013-04-07,-0.525260912905919
2013-04-08,-0.4449641664316993
2013-04-09,-0.39996443036426066
2013-04-10,-0.5110512604342601
2013-04-11,-0.5100657832431648
2013-04-14,-0.4481813626368382
2013-04-15,-0.05678985919185397
2013-04-16,-0.26780574410898667
2013-04-17,-0.16770616172695932
2013-04-18,-0.21912036294202875
2013-04-21,-0.13339737454065395
2013-04-22,-0.26519067295483073
2013-04-23,-0.0910773926723452
2013-04-24,-0.2641400782638836
2013-04-25,-0.39038030859823303
2013-04-28,-0.621029697655921
2013-04-29,-0.4841446234948524
2013-04-30,-0.6027602706241597
2013-05-01,-0.666769365767471
2013-05-02,-0.5439011297183634
2013-05-05,-0.6072998805445726
2013-05-06,-0.5989959917224381
2013-05-07,-0.6005306142353972
2013-05-08,-0.6373661607330416
2013-05-09,-0.5023036690055649
2013-05-12,-0.3527742640802986
2013-05-13,-0.23409393795128206
2013-05-14,-0.12143074464074478
2013-05-15,-0.013347465929332284
2013-05-16,0.192230842236099
2013-05-19,0.2516360166774044
2013-05-20,0.3907966510463339
2013-05-21,0.08339298238469572
2013-05-22,0.3610157509510846
2013-05-23,0.09203951621773766
2013-05-26,0.004154613731431046
2013-05-27,0.10639931930575268
2013-05-28,0.28335761174480056
2013-05-29,0.498214673385175
2013-05-30,0.8793808060225368
2013-06-02,1.2827401401860519
2013-06-03,1.5485617069505744
2013-06-04,1.1323209776632197
2013-06-05,1.3683373251620503
2013-06-06,1.3960936560095838
2013-06-09,1.3803061899324596
2013-06-10,1.408670790596368
2013-06-11,1.4446608853724563
2013-06-12,1.6914022514183085
2013-06-13,1.2767032477404971
2013-06-16,1.1502593650996067
2013-06-17,1.5933648962750004
2013-06-18,1.8046352939401913
2013-06-19,2.3256082185028637
2013-06-20,2.6873445993429668
2013-06-23,2.302866865614132
2013-06-24,1.7834707368945721
2013-06-25,1.4657392889506824
2013-06-26,1.27376236715736
2013-06-27,1.361532647770333
2013-06-30,1.6671531647429456
2013-07-01,1.9515116119318245
2013-07-02,2.039967015491239
2013-07-03,1.8789922063430822
2013-07-04,1.467567703794901
2013-07-07,1.3317665175380284
2013-07-08,1.2296443073159435
2013-07-09,1.1243070341251717
2013-07-10,1.3220933659512206
2013-07-11,1.1947904421029518
2013-07-14,1.1340265873878432
2013-07-15,0.7017879519015315
2013-07-16,0.8871643730503952
2013-07-17,0.6346311835322127
2013-07-18,0.5116324427577762
2013-07-21,0.9289913002078325
2013-07-22,0.7229652062636573
2013-07-23,0.28525288219868616
2013-07-24,0.44427448423642985
2013-07-25,-0.01377546239667742
2013-07-28,-0.12441420089519932
2013-07-29,0.097478984357167
2013-07-30,0.4941765155533912
2013-07-31,0.6543301404980459
2013-08-01,1.1389640451168703
2013-08-04,0.5321637509704278
2013-08-05,0.47924896621817703
2013-08-06,0.2771100472305837
2013-08-07,-0.003100384991304073
2013-08-08,-0.23081918635556345
2013-08-11,-0.24824904186586147
2013-08-12,-0.06830942635320282
2013-08-13,0.00839001225362738
2013-08-14,0.23880988875638756
2013-08-15,0.36316934794311356
2013-08-18,0.7921252546121212
2013-08-19,0.8749496787763479
2013-08-20,1.29725704981693
2013-08-21,1.389192579579928
2013-08-22,1.02473644940822
2013-08-25,0.6895240845606652
2013-08-26,0.6789065618301342
2013-08-27,0.4980504719404604
2013-08-28,0.4430523737314685
2013-08-29,0.4086027062627389
2013-09-01,0.7166878809845278
2013-09-02,0.5250900460189796
2013-09-03,0.2630725063840077
2013-09-04,0.07963102333889199
2013-09-05,-0.1208785351911445
2013-09-08,0.08131489003790439
2013-09-09,-0.0396897544148824
2013-09-10,-0.022645605645853745
2013-09-11,-0.05525734550019161
2013-09-12,-0.03799363818059743
2013-09-15,-0.0006494157927230673
2013-09-16,0.07152685892632664
2013-09-17,-0.14238252653143496
2013-09-18,-0.398620474510916
2013-09-19,-0.44316801481658413
2013-09-22,-0.10678525611858683
2013-09-23,-0.4296876972988255
2013-09-24,-0.41012012621405497
2013-09-25,-0.33303830717971356
2013-09-26,-0.3710827197114863
2013-09-29,-0.22333082331484563
2013-09-30,-0.2154145962035818
2013-10-01,-0.2938299975337827
2013-10-02,-0.24966781558580942
2013-10-03,-0.13829090325729457
2013-10-06,-0.2100970534952519
2013-10-07,-0.42451932048481844
2013-10-08,-0.3614743581866605
2013-10-09,-0.33398636757985156
2013-10-10,-0.3721958566588448
2013-10-13,-0.18454110507781257
2013-10-14,-0.5203587700092946
2013-10-15,-0.3213109290548861
2013-10-16,-0.4582050587470948
2013-10-17,-0.4736753898004666
2013-10-20,-0.4100306791750883
2013-10-21,-0.25333667525083786
2013-10-22,-0.20621168096436826
2013-10-23,0.05492735882362623
2013-10-24,0.4756792029833055
2013-10-28,0.21889407031678565
2013-10-29,-0.5985233565112048
2013-10-30,-0.2134012808022133
2013-10-31,-0.1298320802260589
2013-11-01,0.01630310244794825
2013-11-04,-0.1556536687532943
2013-11-05,0.13724228276365047
2013-11-06,0.6499830872373646
2013-11-07,0.7421283479835272
2013-11-08,1.5362363708147888
2013-11-11,1.2670202009971288
2013-11-12,1.5536247128135607
2013-11-13,1.2238218097214517
2013-11-14,1.1471708960040783
2013-11-15,1.148003996399865
2013-11-18,1.0707297702740763
2013-11-19,0.675220019161205
2013-11-20,0.7596919513250485
2013-11-21,1.179425737947856
2013-11-22,1.4029698584930361
2013-11-25,1.3196712329578772
2013-11-26,1.4146794091653583
2013-11-27,1.404238599824392
2013-11-28,1.5688842181210294
2013-11-29,1.2175485135176907
2013-12-02,1.4696264722181425
2013-12-03,1.8967689271407295
2013-12-04,2.261481701012113
2013-12-05,2.160280645796665
2013-12-06,1.390875413592161
2013-12-09,0.6274461468691341
2013-12-10,0.4860571605533816
2013-12-11,0.2989287764459758
2013-12-12,0.29695217815321534
2013-12-13,0.1647910136232269
2013-12-16,-0.1772344607384807
2013-12-17,-0.14633727679863015
2013-12-18,-0.32650073398788887
2013-12-19,-0.037312944354280765
2013-12-20,0.21026373848548288
2013-12-23,0.4645577611391365
2013-12-24,0.4815150088454457
2013-12-25,0.8757416259087822
2013-12-26,0.82987994771471
2013-12-27,0.4490674069569527
2013-12-30,0.15275696139524206
2013-12-31,0.5097738912506404
2014-01-01,0.33290702046918214
2014-01-02,0.41850227662254286
2014-01-03,0.23856426604754183
2014-01-06,0.2515806119327643
2014-01-07,-0.06591127360130575
2014-01-08,-0.14290671950614736
2014-01-09,-0.1325919275960827
2014-01-10,-0.29153814206818934
2014-01-13,-0.2685987652886307
2014-01-14,0.013043922845690503
2014-01-15,-0.04159877545282267
2014-01-16,0.0867935363316712
2014-01-17,-0.15097533862573256
2014-01-20,-0.23621549479237397
2014-01-21,-0.006650880274279746
2014-01-22,0.02805682251694161
2014-01-23,0.25683554047943513
2014-01-24,0.3504730320117738
2014-01-27,0.049829457370190365
2014-01-28,0.04070974875307346
2014-01-29,0.45101659705851455
2014-01-30,0.3288509538482894
2014-01-31,0.11897310266510963
2014-02-03,0.22134239279816256
2014-02-04,0.46575894255754907
2014-02-05,0.09395762347472655
2014-02-06,0.006433989470735042
2014-02-07,-0.3049204128174447
2014-02-10,-0.26042838017049696
2014-02-11,-0.08237656458036974
2014-02-12,0.014742372137602827
2014-02-13,0.1528130742655814
2014-02-14,-0.2281318352093483
2014-02-17,-0.17938294559482076
2014-02-18,0.065374668707778
2014-02-19,0.16394369676063797
2014-02-20,0.151334072194752
2014-02-21,-0.14528841442322546
2014-02-24,-0.2754109434726472
2014-02-25,-0.17734370718583461
2014-02-26,-0.2632681153335749
2014-02-27,-0.2713848452303023
2014-02-28,-0.5272826474201031
2014-03-03,-0.721058650865615
2014-03-04,-0.6835706781111575
2014-03-05,-0.8094552871131492
2014-03-06,-1.0364797272325212
2014-03-07,-0.9120417699155853
2014-03-10,-0.7641486174165572
2014-03-11,-0.7058711690192847
2014-03-12,-0.6506211955646837
2014-03-13,-0.6000992391701907
2014-03-14,-0.4111597212756292
2014-03-17,-0.4299090201631718
2014-03-18,-0.4465025264407581
2014-03-19,-0.66537386916089
2014-03-20,-0.5882289603225238
2014-03-21,-0.8299266780129094
2014-03-24,-0.6678752194833033
2014-03-25,-0.6744871985228604
2014-03-26,-0.8024945571415738
2014-03-27,-1.026984686548887
2014-03-28,-1.0459273459621625
2014-03-30,-0.928763553654537
2014-03-31,-0.7804806543851839
2014-04-01,-0.76579975727006
2014-04-02,-0.6961003327397842
2014-04-03,-0.7869397882518466
2014-04-06,-0.8377701204771636
2014-04-07,-0.9810589588138441
2014-04-08,-1.0450645441879007
2014-04-09,-1.0636307465754058
2014-04-10,-0.870308801686797
2014-04-13,-0.9270126152807862
2014-04-14,-0.9346804492094895
2014-04-15,-0.9292178962723674
2014-04-16,-0.9911864720824549
2014-04-17,-0.9244266382606063
2014-04-20,-1.0154593808870198
2014-04-21,-0.9054491494078821
2014-04-22,-0.9331905963134345
2014-04-23,-0.9474476522488842
2014-04-24,-0.9883893430418191
2014-04-27,-0.7941673506953653
2014-04-28,-0.8936682513388313
2014-04-29,-0.7112679494257105
2014-04-30,-0.7081159017333972
2014-05-01,-0.544492211855859
2014-05-04,-0.4638990107780783
2014-05-05,-0.37880212480372993
2014-05-06,-0.5196929073384958
2014-05-07,-0.5700343396336307
2014-05-08,-0.6576781621788367
2014-05-11,-0.6121266689872196
2014-05-12,-0.4240940688607275
2014-05-13,-0.24765735490460228
2014-05-14,-0.19925838584705277
2014-05-15,0.03305637067725888
2014-05-18,-0.21968282266317957
2014-05-19,-0.32433337785957267
2014-05-20,-0.35016767246889224
2014-05-21,-0.5096423920090228
2014-05-22,-0.5156036677865766
2014-05-25,-0.4808521293859942
2014-05-26,-0.3820711714342818
2014-05-27,-0.3054303358977497
2014-05-28,-0.4120971894389175
2014-05-29,-0.268825133866311
2014-06-01,0.0008782168078223306
2014-06-02,0.007862718993148317
2014-06-03,0.3223485227058581
2014-06-04,0.021545344394023704
2014-06-05,-0.055832922392706485
2014-06-08,-0.2251035150165006
2014-06-09,-0.21057758685293412
2014-06-10,-0.4342797409556997
2014-06-11,-0.2618897036306394
2014-06-12,-0.14727719512417475
2014-06-15,-0.23077606029198525
2014-06-16,0.01169623411362635
2014-06-17,0.1707452061161196
2014-06-18,-0.10372060063528112
2014-06-19,0.013508132506179249
2014-06-22,-0.05009371902053313
2014-06-23,-0.1162590515023984
2014-06-24,-0.08652937154726725
2014-06-25,-0.2447405210317477
2014-06-26,-0.2839038474899867
2014-06-29,-0.3645327789612482
2014-06-30,-0.2640391377168812
2014-07-01,-0.4065921980944806
2014-07-02,-0.3054693115682321
2014-07-03,-0.36303110765956226
2014-07-06,-0.35912224663490183
2014-07-07,-0.4867989800297689
2014-07-08,-0.7034671518320063
2014-07-09,-0.7274493958191057
2014-07-10,-0.6605023758429672
2014-07-13,-0.5587351852781767
2014-07-14,-0.4911023565685975
2014-07-15,-0.3979969147173056
2014-07-16,-0.1966045593998685
2014-07-17,-0.061030239680162884
2014-07-20,-0.2425170566842485
2014-07-21,-0.24481843234709977
2014-07-22,-0.4683200241974302
2014-07-23,-0.5551861121295482
2014-07-24,-0.3195855556544866
2014-07-27,-0.32446499212355906
2014-07-28,-0.3985605186748445
2014-07-29,-0.13566790913740578
2014-07-30,0.11250410017872822
2014-07-31,0.4176201805323059
2014-08-03,0.37843622275075817
2014-08-04,0.634101195386034
2014-08-05,0.6540094006500786
2014-08-06,0.671266907961344
2014-08-07,0.6265255055200581
2014-08-10,0.6438113905278969
2014-08-11,0.5400374949763739
2014-08-12,0.41740537799381666
2014-08-13,0.5759239378489319
2014-08-14,0.35851782576077484
2014-08-17,0.16265627603247698
2014-08-18,0.2229870711151452
2014-08-19,0.17031160180548796
2014-08-20,0.2522757452544738
2014-08-21,0.26579652428118733
2014-08-24,0.10872987609815468
2014-08-25,0.4492954246217882
2014-08-26,0.28735179941579403
2014-08-27,0.2859932480315834
2014-08-28,0.09389914272524762
2014-08-31,-0.012867637376761866
2014-09-01,0.044169430151816715
2014-09-02,0.014061167420158041
2014-09-03,-0.17737885829531536
2014-09-04,-0.37841225880166834
2014-09-07,-0.49224894922943746
2014-09-08,-0.08837895794834137
2014-09-09,-0.07127902100682691
2014-09-10,-0.25330069136768835
2014-09-11,0.1252067458751663
2014-09-14,0.18234665940687828
2014-09-15,0.5992838391544172
2014-09-16,0.6734338540970638
2014-09-17,0.986922934797932
2014-09-18,1.055494706892133
2014-09-21,1.4111346429929108
2014-09-22,2.0230456686011546
2014-09-23,2.239543501813134
2014-09-24,2.045615489545134
2014-09-25,2.303079337945388
2014-09-28,2.117987123078829
2014-09-29,2.2889943813455336
2014-09-30,2.124897393868035
2014-10-01,3.085464909013083
2014-10-02,3.4920298970901893
2014-10-05,2.0183513992447795
2014-10-06,1.5689318742915774
2014-10-07,1.1804513039051348
2014-10-08,1.0097070883971977
2014-10-09,1.2775155336730166
2014-10-12,1.2579189322572588
2014-10-13,1.2266480552333108
2014-10-14,1.1266359369372747
2014-10-15,1.4005777575765574
2014-10-16,1.214621135490479
2014-10-19,0.8324616254262737
2014-10-20,0.8985979163812515
2014-10-21,0.7527960037936826
2014-10-22,0.885869155655004
2014-10-23,0.5771609497850281
2014-10-27,0.7471376578301218
2014-10-28,0.672184684231445
2014-10-29,0.1855955237089438
2014-10-30,-0.02879142022120344
2014-10-31,-0.02294391995027438
2014-11-03,0.07152033367654298
2014-11-04,0.24679772939328962
2014-11-05,0.20405706723017458
2014-11-06,0.29553194478975875
2014-11-07,0.3532228142505923
2014-11-10,0.17715777496382396
2014-11-11,0.6373051210279462
2014-11-12,0.8613072718421472
2014-11-13,1.1054733803405792
2014-11-14,1.6410930238086021
2014-11-17,1.3741395625643658
2014-11-18,1.3426351917756854
2014-11-19,1.182518433252259
2014-11-20,0.9076973394917244
2014-11-21,0.360468940775099
2014-11-24,0.2705010940048796
2014-11-25,0.4724489839387148
2014-11-26,0.10647085228471578
2014-11-27,0.022324737715838937
2014-11-28,0.19216988919733413
2014-12-01,0.40213511266158275
2014-12-02,0.28698593835064395
2014-12-03,0.3363356829823118
2014-12-04,0.7389906481757469
2014-12-05,1.2730910577828274
2014-12-08,1.482186659291089
2014-12-09,1.1187803216093244
2014-12-10,0.6380530173128227
2014-12-11,0.8795186793196701
2014-12-12,0.9360083496533299
2014-12-15,0.6796833897376268
2014-12-16,1.4267431870403442
2014-12-17,1.3860649605432278
2014-12-18,0.9577211631170206
2014-12-19,0.5240815255718706
2014-12-22,0.2345893417782197
2014-12-23,0.4325649642291277
2014-12-24,0.5638897423840371
2014-12-25,0.6933237300330215
2014-12-26,0.8656045114294136
2014-12-29,0.9309444744365823
2014-12-30,1.1469778006503688
2014-12-31,0.7469042973780601
2015-01-01,1.0252243655504194
2015-01-02,1.4625045073323772
2015-01-05,1.3020532468025372
2015-01-06,1.2344873626201402
2015-01-07,0.8340606958725955
2015-01-08,0.7095992353489219
2015-01-09,0.4339702604441493
2015-01-12,0.19006487417692622
2015-01-13,0.3116840440608775
2015-01-14,0.01718924831735566
2015-01-15,-0.07149230286790993
2015-01-16,-0.16859545551946603
2015-01-19,-0.4112717935763426
2015-01-20,-0.38744473706535204
2015-01-21,-0.8203490614040403
2015-01-22,-0.9823326054298748
2015-01-23,-0.8499985457261198
2015-01-26,-0.633617001669101
2015-01-27,-0.6471908777389105
2015-01-28,-0.8527672850250968
2015-01-29,-0.8288059581427575
2015-01-30,-0.48826148374112033
2015-02-02,-0.22089154304855013
2015-02-03,0.04533926412873485
2015-02-04,0.08689969614429184
2015-02-05,0.48099427862221567
2015-02-06,0.6432719116961748
2015-02-09,0.5944892897789562
2015-02-10,0.5325073730895559
2015-02-11,0.7932874677944246
2015-02-12,1.1358096609126183
2015-02-13,0.9519375026490243
2015-02-16,1.2231826525703644
2015-02-17,1.278548489223654
2015-02-18,1.1741218251743601
2015-02-19,1.7928336088506065
2015-02-20,2.411244046008375
2015-02-23,2.3665479073121913
2015-02-24,2.5568622796736196
2015-02-25,1.959615811830958
2015-02-26,2.5568295180708533
2015-02-27,3.547542620422424
2015-03-02,2.7931213034499924
2015-03-03,3.0178108086552995
2015-03-04,3.9012520346839272
2015-03-05,4.770501536832479
2015-03-06,4.906741707466622
2015-03-09,4.820576700965827
2015-03-10,4.906954460569094
2015-03-11,3.750782451705704
2015-03-12,3.6278495760811453
2015-03-13,4.2175397616719845
2015-03-16,4.237768963545622
2015-03-17,3.9858116897088767
2015-03-18,3.685559952040167
2015-03-19,3.1631763699574273
2015-03-20,2.955442180253656
2015-03-23,2.3256670157370674
2015-03-24,1.6062749032660861
2015-03-25,1.7050062782265691
2015-03-26,1.9701286966771858
2015-03-27,1.9440573765998728
2015-03-29,2.081453984127557
2015-03-30,1.5517023476207221
2015-03-31,1.2255143617283588
2015-04-01,1.235737206473794
2015-04-02,1.0616954508958165
2015-04-05,0.8435774474427341
2015-04-06,1.1748986419945224
2015-04-07,0.7855010155237125
2015-04-08,0.29644812034065154
2015-04-09,0.27823752441085897
2015-04-12,0.21213235837841504
2015-04-13,0.08084541078287462
2015-04-14,-0.23878619399763246
2015-04-15,-0.28483428760926377
2015-04-16,-0.22353129617343565
2015-04-19,-0.5251664424612812
2015-04-20,-0.6574410536686295
2015-04-21,-0.7503639838318041
2015-04-22,-0.8041252322304271
2015-04-23,-0.9268952615846302
2015-04-26,-1.081882486428993
2015-04-27,-1.0266675632045967
2015-04-28,-0.7896635204359356
2015-04-29,-0.6713617164937263
2015-04-30,-0.5952691673435397
2015-05-03,-0.6522241535580878
2015-05-04,-0.7044652521490761
2015-05-05,-0.6816090190960673
2015-05-06,-0.5837719993259446
2015-05-07,-0.6172063972179344
2015-05-10,-0.585468965538312
2015-05-11,-0.3275574954177835
2015-05-12,-0.5411980691631987
2015-05-13,-0.4035086801584713
2015-05-14,-0.340428062770083
2015-05-17,-0.36906090375204215
2015-05-18,-0.4171558769061094
2015-05-19,-0.42311738177127106
2015-05-20,-0.3687835848343408
2015-05-21,-0.06777719342259132
2015-05-24,0.10568505371935953
2015-05-25,0.159888791537358
2015-05-26,0.43562467505449
2015-05-27,0.4592026131124102
2015-05-28,0.6894825824754519
2015-05-31,1.0188252900575128
2015-06-01,1.1199001995740099
2015-06-02,1.0938478110785936
2015-06-03,0.9985555784369614
2015-06-04,0.7378501142300581
2015-06-07,0.29254445191120976
2015-06-08,0.15537592167729064
2015-06-09,-0.13024522413079673
2015-06-10,0.24156203139676996
2015-06-11,0.20834890192022223
2015-06-14,0.47400270462864985
2015-06-15,0.6131295398927392
2015-06-16,0.14094387587952317
2015-06-17,0.17945089347225746
2015-06-18,0.25260775689035136
2015-06-21,0.5942318854688374
2015-06-22,0.5223721707279902
2015-06-23,0.3268107438786917
2015-06-24,0.3787109329813764
2015-06-25,0.6596622537640815
2015-06-28,0.6137772037518201
2015-06-29,0.10541175801247693
2015-06-30,-0.018911444996842476
2015-07-01,-0.13100693956154666
2015-07-02,-0.230783618397966
2015-07-05,-0.16818468426107028
2015-07-06,-0.1647624276582848
2015-07-07,0.2903117483484689
2015-07-08,0.6854301290040278
2015-07-09,0.377173991425752
2015-07-12,0.1160520441056523
2015-07-13,0.055628549295547246
2015-07-14,0.3048419325882805
2015-07-15,0.46729703940536493
2015-07-16,0.382134502653806
2015-07-19,0.8060727343614073
2015-07-20,0.595651694249865
2015-07-21,0.5798806626390596
2015-07-22,1.3036006755966334
2015-07-23,2.1632091081031
2015-07-26,2.3968842887026653
2015-07-27,2.2397274326136962
2015-07-28,1.9211812725653548
2015-07-29,1.9105928123281284
2015-07-30,2.0012502061347153
2015-08-02,2.1895655746328586
2015-08-03,2.217290525755988
2015-08-04,2.9072493343731733
2015-08-05,3.5077901424867086
2015-08-06,3.4260718559195893
2015-08-09,3.1931778955395616
2015-08-10,2.167514438191998
2015-08-11,2.1565058360014016
2015-08-12,1.8627118083142307
2015-08-13,1.7055880461138224
2015-08-16,1.7811865511907665
2015-08-17,2.1491378483989085
2015-08-18,2.4503101130895653
2015-08-19,2.4062126663837913
2015-08-20,2.139923174489046
2015-08-23,2.34509848831947
2015-08-24,2.179149985279465
2015-08-25,2.784637707855677
2015-08-26,2.327010305686732
2015-08-27,1.7399390457049018
2015-08-30,1.791154091210001
2015-08-31,1.7521565726828103
2015-09-01,2.1106360653449574
2015-09-02,2.7821124796372922
2015-09-03,2.799511646017661
2015-09-06,2.8686597722186042
2015-09-07,2.157311374702426
2015-09-08,1.6598211081992802
2015-09-09,1.717516275013041
2015-09-10,1.6402937503779291
2015-09-13,1.5979730236063088
2015-09-14,1.5529180488043122
2015-09-15,2.1633600868287926
2015-09-16,1.994134525601718
2015-09-17,2.212207249389586
2015-09-20,2.6023630097267536
2015-09-21,2.9417890067208665
2015-09-22,3.0639871972785846
2015-09-23,3.882559767034261
2015-09-24,1.630585426159216
2015-09-27,2.0821419637877363
2015-09-28,2.1952510229693702
2015-09-29,1.4176345513713062
2015-09-30,0.882584486797406
2015-10-01,1.2912555411756823
2015-10-04,0.9961061588941026
2015-10-05,0.5607352538683624
2015-10-06,0.21178553023860613
2015-10-07,0.12249016205530601
2015-10-08,-0.27148709907179097
2015-10-11,-0.2980918079450877
2015-10-12,-0.3123020890460937
2015-10-13,-0.07404008500622429
2015-10-14,-0.1357813044965705
2015-10-15,-0.24010684056649526
2015-10-18,-0.1711327189376557
2015-10-19,-0.283800519356537
2015-10-20,-0.0477586201557303
2015-10-21,-0.04812025045552061
2015-10-22,-0.18021905956661957
2015-10-26,-0.38200665473228573
2015-10-27,-0.43756333540173437
2015-10-28,-0.4908824321019376
2015-10-29,-0.39411566676674437
2015-10-30,-0.7188526833463188
2015-11-02,-0.40256509865191425
2015-11-03,-0.6025457140915799
2015-11-04,-0.9158489446033272
2015-11-05,-0.7203904245899626
2015-11-06,-0.5837122433903048
2015-11-09,-0.7334224211817688
2015-11-10,-0.5293111431180749
2015-11-11,-0.5642919416143168
2015-11-12,-0.24875059785462136
2015-11-13,-0.30745045355094996
2015-11-16,0.16643555505832877
2015-11-17,0.08234614372164069
2015-11-18,-0.1699978704206493
2015-11-19,-0.531932104964147
2015-11-20,-0.43987115111558306
2015-11-23,-0.5569019780839859
2015-11-24,-0.7389012628463534
2015-11-25,-0.5353299380753862
2015-11-26,-0.6415734778588316
2015-11-27,-0.7230081094149184
2015-11-30,-0.28017732628327446
2015-12-01,0.030163346577852714
2015-12-02,-0.17647122584353298
2015-12-03,-0.2422124134106207
2015-12-04,-0.5392391391028897
2015-12-07,-0.4040416937101475
2015-12-08,-0.2534115955965463
2015-12-09,-0.1839085327830687
2015-12-10,-0.0822792583248779
2015-12-11,0.14605486422326275
2015-12-14,0.32782420707885784
2015-12-15,0.4111610499595391
2015-12-16,0.5305388918611394
2015-12-17,0.6174121156038612
2015-12-18,0.47687333574344043
2015-12-21,0.7604859723132986
2015-12-22,0.5088510387521623
2015-12-23,0.5564563032838961
2015-12-24,0.551033108405737
2015-12-25,0.7352450766347953
2015-12-28,0.8662102226069589
2015-12-29,0.7736054574230949
2015-12-30,1.1149993339138513
2015-12-31,1.1731102994838798
2016-01-01,1.0511585550170977
2016-01-04,1.4332600459230755
2016-01-05,1.1922653319875787
2016-01-06,0.9528551974113503
2016-01-07,1.1558858911172063
2016-01-08,1.4033067452253327
2016-01-11,1.7719014028636786
2016-01-12,2.008204491509601
2016-01-13,1.4099808865183345
2016-01-14,1.5741149947898316
2016-01-15,1.9538534859143426
2016-01-18,1.5455289778139971
2016-01-19,1.2244507515005396
2016-01-20,1.4747524300417247
2016-01-21,1.494786134200226
2016-01-22,1.8977951463924898
2016-01-25,1.5174971339191137
2016-01-26,0.946240710058724
2016-01-27,0.7565658582756799
2016-01-28,1.0535448801675198
2016-01-29,0.8787693184840845
2016-02-01,0.6140765260178921
2016-02-02,0.5402011421972231
2016-02-03,0.7251703126176396
2016-02-04,-0.08208898535981732
2016-02-05,-0.12655001566595508
2016-02-08,-0.11793405840862571
2016-02-09,-0.37745958759223713
2016-02-10,-0.47271470553831835
2016-02-11,-0.2893434765767516
2016-02-12,-0.23007811115294977
2016-02-15,-0.14106625326791897
2016-02-16,0.0582381073980434
2016-02-17,0.034426846329603376
2016-02-18,0.04397974795527042
2016-02-19,0.19033231488110355
2016-02-22,-0.12247663347915773
2016-02-23,-0.29206728224085915
2016-02-24,-0.20508948473064678
2016-02-25,-0.4582707771021277
2016-02-26,-0.5835325323783996
2016-02-29,-0.5429312098427769
2016-03-01,-0.3660288814233211
2016-03-02,-0.5481169209818763
2016-03-03,-0.5848508682955186
2016-03-04,-0.9340256453854864
2016-03-07,-0.8171771310328539
2016-03-08,-0.6463672903420977
2016-03-09,-0.7580623495384142
2016-03-10,-0.8382041480029295
2016-03-11,-0.7848207822594803
2016-03-14,-0.8832215234439952
2016-03-15,-0.6139144105299791
2016-03-16,-0.3351237091323154
2016-03-17,-0.5945344461772387
2016-03-18,-0.8187788521104317
2016-03-21,-0.9073135624747454
2016-03-22,-0.9256174639771061
2016-03-23,-0.9730705791610104
2016-03-24,-0.8829399570591262
2016-03-25,-0.8601592792630784
2016-03-27,-0.986370252220137
2016-03-28,-0.9372660479056865
2016-03-29,-0.9305494358855568
2016-03-30,-1.0704731308762359
2016-03-31,-1.0232577153153255
2016-04-03,-1.0720452824898543
2016-04-04,-0.9774833933119113
2016-04-05,-0.9371700044396937
2016-04-06,-0.864080302072653
2016-04-07,-0.7801534884299506
2016-04-10,-0.7183538271487331
2016-04-11,-0.8396047023094146
2016-04-12,-0.8323938532364732
2016-04-13,-0.7399280706426542
2016-04-14,-0.646425885642049
2016-04-17,-0.3782575211714174
2016-04-18,-0.2087568015277535
2016-04-19,-0.5694771979881561
2016-04-20,-0.8349407613206516
2016-04-21,-0.5289581902492482
2016-04-24,-0.372114498960978
2016-04-25,-0.40289585209808854
2016-04-26,-0.44197670173716375
2016-04-27,-0.5549472115731925
2016-04-28,-0.8503320756735735
2016-05-01,-0.7990298873981841
2016-05-02,-0.5344177026614829
2016-05-03,-0.3854312072747874
2016-05-04,-0.37150855336900035
2016-05-05,-0.1719878434938004
2016-05-08,-0.019768501386108046
2016-05-09,-0.12534756267956518
2016-05-10,-0.4217710845598282
2016-05-11,-0.5486029827855252
2016-05-12,-0.3988275766924498
2016-05-15,-0.3123119016486244
2016-05-16,-0.08067423555681867
2016-05-17,0.22085264600737836
2016-05-18,0.4164634980634891
2016-05-19,0.3298228126935934
2016-05-22,0.32744188525874457
2016-05-23,0.11179296391818386
2016-05-24,0.04018438560475293
2016-05-25,0.2691215636606433
2016-05-26,0.39395110329145283
2016-05-29,0.24530549559764897
2016-05-30,0.1152758162318593
2016-05-31,0.3427879015058155
2016-06-01,0.36706794722603453
2016-06-02,0.32720100711761213
2016-06-05,0.3816733343526559
2016-06-06,0.2354488880694766
2016-06-07,-0.3321706380159517
2016-06-08,-0.5751866286776364
2016-06-09,-0.3382337260804829
2016-06-12,-0.2945100000373138
2016-06-13,-0.251578953087206
2016-06-14,-0.0950325348777671
2016-06-15,0.11398385462358498
2016-06-16,-0.04035633143782997
2016-06-19,-0.37126274692857564
2016-06-20,-0.5461395472218804
2016-06-21,-0.42963385872876286
2016-06-22,-0.6188552922695393
2016-06-23,-0.7468248516817468
2016-06-26,-0.6113522554629478
2016-06-27,-0.6753602007662021
2016-06-28,-0.8815212878446329
2016-06-29,-1.0584238767474257
2016-06-30,-1.0699951917575827
2016-07-03,-1.067809870516279
2016-07-04,-0.9955709218186917
2016-07-05,-0.8635290790733626
2016-07-06,-0.8825313805746159
2016-07-07,-0.8648965515382286
2016-07-10,-0.8699973946446182
2016-07-11,-0.8122544863337875
2016-07-12,-0.7281294940364362
2016-07-13,-0.685721556843558
2016-07-14,-0.5352032124707677
2016-07-17,-0.643665143034668
2016-07-18,-0.7560135214751592
2016-07-19,-0.9500156286922671
2016-07-20,-0.9137938809236213
2016-07-21,-0.8976597142674146
2016-07-24,-0.825770684783395
2016-07-25,-0.639635478307191
2016-07-26,-0.596222829992784
2016-07-27,-0.6934341015468504
2016-07-28,-0.5696246296036369
2016-07-31,-0.7258701868689734
2016-08-01,-0.8056941440778435
2016-08-02,-0.6327740393192604
2016-08-03,-0.4911403023735304
2016-08-04,-0.4407887195013915
2016-08-07,-0.51357040286422
2016-08-08,-0.6735353808083683
2016-08-09,-0.9205188661724694
2016-08-10,-1.0607804752954286
2016-08-11,-1.07282385116757
2016-08-14,-0.9556216828801853
2016-08-15,-0.8705829955613251
2016-08-16,-0.6879381440969766
2016-08-17,-0.6804818253186602
2016-08-18,-0.3746603541897743
2016-08-21,-0.5060561267054301
2016-08-22,-0.6253782385912737
2016-08-23,-0.4272837741421439
2016-08-24,-0.428179379711159
2016-08-25,-0.5531133378069385
2016-08-28,-0.438993940588577
2016-08-29,-0.5510199009783207
2016-08-30,-0.6310147951345858
2016-08-31,-0.5911983475980872
2016-09-01,-0.435922106730044
2016-09-04,-0.3576080182191775
2016-09-05,-0.3311413068495813
2016-09-06,-0.5421369036361784
2016-09-07,-0.6430498904202193
2016-09-08,-0.23750446192575905
2016-09-11,0.1853409042404295
2016-09-12,0.31653349663082264
2016-09-13,0.7202083119170418
2016-09-14,1.098843732044132
2016-09-15,0.903856118869431
2016-09-18,0.5460546675917082
2016-09-19,0.32072597165733774
2016-09-20,0.25194601792993637
2016-09-21,-0.14040511828375626
2016-09-22,-0.03875291922584871
2016-09-25,-0.05362622339512078
2016-09-26,-0.01557720633621171
2016-09-27,0.0905821809466565
2016-09-28,-0.1447134036828754
2016-09-29,0.03357028914554769
2016-10-02,0.09671026709030008
2016-10-03,-0.262394377500022
2016-10-04,0.052002921960032596
2016-10-05,-0.05390915009978375
2016-10-06,-0.1059333918815332
2016-10-09,-0.25560259332783225
2016-10-10,-0.3579760861227374
2016-10-11,-0.3562767735747214
2016-10-12,-0.03927046271645792
2016-10-13,-0.1663967441579465
2016-10-16,-0.3723268730069814
2016-10-17,-0.6396367318598625
2016-10-18,-0.744163135572283
2016-10-19,-1.0522275014359626
2016-10-20,-1.2199647604765715
2016-10-23,-1.1702259710117286
2016-10-24,-1.1568020753626143
2016-10-25,-1.1235345801669037
2016-10-26,-0.9165174246310722
2016-10-27,-0.5514443251779347
2016-10-31,-0.553870181548255
2016-11-01,-0.5808469137084135
2016-11-02,-0.3604781766014604
2016-11-03,-0.38283689701012547
2016-11-04,-0.25817879663290433
2016-11-07,-0.6074291664391307
2016-11-08,-0.6671904581280933
2016-11-09,-0.4891470256352602
2016-11-10,0.04487292866146239
2016-11-11,1.0095213207561577
2016-11-14,1.1318488824990782
2016-11-15,1.359240625460595
2016-11-16,1.1893594184937675
2016-11-17,1.046160062170746
2016-11-18,0.7492492324352944
2016-11-21,0.6238056464143041
2016-11-22,0.44415394143981923
2016-11-23,0.5661930384011264
2016-11-24,0.8833116575636716
2016-11-25,1.0279597649699919
2016-11-28,1.046040087252043
2016-11-29,1.014854757452544
2016-11-30,1.2944582046655564
2016-12-01,1.2182853783620624
2016-12-02,1.5545434330494703
2016-12-05,0.9914573934277854
2016-12-06,0.7200083390847181
2016-12-07,0.4588553277221862
2016-12-08,0.35001420880853096
2016-12-09,0.2816241518253337
2016-12-12,0.23315905261227343
2016-12-13,0.256114047046328
2016-12-14,0.25866454674090406
2016-12-15,0.4341066155399195
2016-12-16,-0.0007309071969538644
2016-12-19,-0.4158472836834278
2016-12-20,-0.5200525739738022
2016-12-21,-0.6389236047043748
2016-12-22,-0.6344474709176611
2016-12-23,-0.7033765099714989
2016-12-26,-0.6581878030935108
2016-12-27,-0.5019639884807794
2016-12-28,-0.4651365175522781
2016-12-29,-0.564737825538352
2016-12-30,-0.7437279128158795
2017-01-02,-0.754678010256866
2017-01-03,-0.6753116275539234
2017-01-04,-0.7108405126596896
2017-01-05,-0.8835938225822885
2017-01-06,-0.9628848850372105
2017-01-09,-1.2630809131356078
2017-01-10,-1.2090898723469221
2017-01-11,-1.0621852216220464
2017-01-12,-1.0294458511265943
2017-01-13,-0.961494692091572
2017-01-16,-0.849832717820777
2017-01-17,-0.7831019933658716
2017-01-18,-0.7610745698879087
2017-01-19,-0.6284371325188213
2017-01-20,-0.9568252445170488
2017-01-23,-1.062646303044761
2017-01-24,-1.102468391257655
2017-01-25,-1.0242972123619918
2017-01-26,-0.9144962271362722
2017-01-27,-0.8660336275295862
2017-01-30,-0.8206730449793316
2017-01-31,-0.8158119314391528
2017-02-01,-0.7271701421284925
2017-02-02,-0.8401885194504415
2017-02-03,-0.8068488011474957
2017-02-06,-0.784210822102428
2017-02-07,-0.8107370395928715
2017-02-08,-0.8802750116390524
2017-02-09,-0.7463012101298602
2017-02-10,-0.5894012158382713
2017-02-13,-0.5493488531653934
2017-02-14,-0.7100428115659088
2017-02-15,-0.7429086046132742
2017-02-16,-0.9485590149538914
2017-02-17,-0.6166334049133383
2017-02-20,-0.7289260272746549
2017-02-21,-0.8704902384956839
2017-02-22,-0.9862995991595094
2017-02-23,-0.970394907468338
2017-02-24,-0.9064931568630406
2017-02-27,-0.6409478922075496
2017-02-28,-0.5536703057956457
2017-03-01,-0.5435291352431277
2017-03-02,-0.6054148947707
2017-03-03,-0.372543077416694
2017-03-06,-0.5218579936737373
2017-03-07,-0.2242929080198672
2017-03-08,-0.1203672360443796
2017-03-09,-0.040203111947571375
2017-03-10,0.22686580527907815
2017-03-13,-0.004313538361009555
2017-03-14,0.11394110550884964
2017-03-15,0.13391312723826262
2017-03-16,-0.21400624987030376
2017-03-17,-0.17360534206132158
2017-03-20,-0.28023982634443756
2017-03-21,-0.3712464206311553
2017-03-22,-0.18746412790869457
2017-03-23,0.08789859762271392
2017-03-24,0.47491127479557366
2017-03-26,0.048937009512086994
2017-03-27,0.12986759392218664
2017-03-28,0.14744020761474172
2017-03-29,0.055201636955776456
2017-03-30,0.4663218767762136
2017-04-02,0.09279279062018948
2017-04-03,-0.018699978570709017
2017-04-04,-0.14888792456922753
2017-04-05,-0.07744315718689726
2017-04-06,0.10224923277445594
2017-04-09,-0.08393086759499642
2017-04-10,0.09632798802190015
2017-04-11,0.031061315819633027
2017-04-12,-0.09897368181069353
2017-04-13,-0.24338928984034666
2017-04-16,-0.4324049158034171
2017-04-17,-0.39256087651126975
2017-04-18,-0.4350674916599459
2017-04-19,-0.36462888158260587
2017-04-20,-0.029607260362338333
2017-04-23,-0.3389126995837288
2017-04-24,-0.14242350202820533
2017-04-25,0.2515887480248651
2017-04-26,0.25030952044671567
2017-04-27,0.25941111403191625
2017-04-30,-0.026866051454828083
2017-05-01,0.17046872042865083
2017-05-02,-0.10358350191991753
2017-05-03,-0.01017169957767059
2017-05-04,0.27266970985004974
2017-05-07,0.01330973995772063
2017-05-08,0.3325851804771076
2017-05-09,0.09355562559218991
2017-05-10,0.18321269671587392
2017-05-11,-0.1711040293629849
2017-05-14,-0.4389162774488477
2017-05-15,-0.6138037937253641
2017-05-16,-0.5915454800703666
2017-05-17,0.4998902280613631
2017-05-18,1.1741825123107157
2017-05-21,0.5501697238571135
2017-05-22,0.75422575333112
2017-05-23,0.9136935074789159
2017-05-24,1.0507101945542716
2017-05-25,0.8176809921383406
2017-05-28,0.70365770181218
2017-05-29,1.2234045333676937
2017-05-30,1.0279747254105438
2017-05-31,0.6505532509236236
2017-06-01,0.6171376171881092
2017-06-04,0.7335152226283611
2017-06-05,0.9658145351783478
2017-06-06,0.8524521985670416
2017-06-07,1.067522782015543
2017-06-08,0.9065643983350329
2017-06-11,0.9688793935045037
2017-06-12,1.3219469639963088
2017-06-13,0.9734089513962042
2017-06-14,1.0168862540989971
2017-06-15,1.2589640840767218
2017-06-18,1.7065713050852098
2017-06-19,2.060390026212144
2017-06-20,2.7139219199538083
2017-06-21,2.8961606371404325
2017-06-22,1.2436520167386826
2017-06-25,0.3315325648033881
2017-06-26,0.6714782373054913
2017-06-27,0.7336300125631139
2017-06-28,0.5688382822665313
2017-06-29,0.577172858230023
2017-07-02,0.6387777628370559
2017-07-03,1.0347039377798133
2017-07-04,0.8049256020230642
2017-07-05,0.8567270320011682
2017-07-06,0.9616676972205759
2017-07-09,0.6419637390025212
2017-07-10,0.3933751441441957
2017-07-11,0.20096510518350394
2017-07-12,0.09208699762440739
2017-07-13,-0.021937976310942776
2017-07-16,-0.08876208713414574
2017-07-17,-0.38621147747108064
2017-07-18,-0.7885162552134929
2017-07-19,-0.7404700695966788
2017-07-20,-0.7894028494869998
2017-07-23,-0.7057375200782191
2017-07-24,-0.831155118123834
2017-07-25,-0.7964528960103714
2017-07-26,-1.0441374974867939
2017-07-27,-1.0519934645392957
2017-07-30,-1.1202476314717007
2017-07-31,-1.1590748368428536
2017-08-01,-1.001927498536642
2017-08-02,-1.1268014109537028
2017-08-03,-1.0140087535100641
2017-08-06,-1.0610482729913393
2017-08-07,-1.0476570372675564
2017-08-08,-1.1663727516728004
2017-08-09,-1.1226663653409987
2017-08-10,-1.0245699152691314
2017-08-13,-0.8398262703635163
2017-08-14,-0.7030735731987757
2017-08-15,-0.7914938716562123
2017-08-16,-0.9014329514492473
2017-08-17,-0.6646381337815207
2017-08-20,-0.7026917570434591
2017-08-21,-0.5917258039312946
2017-08-22,-0.4843659737241738
2017-08-23,-0.4930688620627909
2017-08-24,-0.3327087267529146
2017-08-27,0.020710136437017742
2017-08-28,-0.08779199496541093
2017-08-29,-0.08000563692500721
2017-08-30,-0.362357330963038
2017-08-31,-0.2706645468245431
2017-09-03,-0.3791220175552151
2017-09-04,-0.4333016038092856
2017-09-05,-0.35824675131966466
2017-09-06,-0.5280947913005444
2017-09-07,-0.43969243996806134
2017-09-10,-0.5577412788147517
2017-09-11,-0.7571079918844026
2017-09-12,-0.6100248489339403
2017-09-13,-0.6725131826065874
2017-09-14,-0.8648058662924036
2017-09-17,-0.9766680060179951
2017-09-18,-1.0352839263571139
2017-09-19,-1.126511155904743
2017-09-20,-1.0209893321217827
2017-09-21,-0.8989401498084816
2017-09-24,-0.9859777760773986
2017-09-25,-0.6406199128548037
2017-09-26,-0.4739211560238267
2017-09-27,-0.3614298188795376
2017-09-28,-0.3745098422094934
2017-10-01,-0.510281563135408
2017-10-02,-0.6965198820246333
2017-10-03,-0.8912974632541758
2017-10-04,-0.9221972162889427
2017-10-05,-0.6461270211726553
2017-10-08,-0.5046701973223724
2017-10-09,-0.34913727595951255
2017-10-10,-0.3090118750837278
2017-10-11,-0.28748721220180606
2017-10-12,-0.17977993942790127
2017-10-15,-0.2784684199242901
2017-10-16,-0.05872465556869952
2017-10-17,0.02958141485896844
2017-10-18,-0.08334635190397059
2017-10-19,-0.009861887258587797
2017-10-22,0.3149831313721891
2017-10-23,0.7620054494942368
2017-10-24,0.4930027444625683
2017-10-25,0.628464454866579
2017-10-26,0.9241385671064403
2017-10-30,0.6636776287066583
2017-10-31,0.8486036649324541
2017-11-01,0.5101128714137463
2017-11-02,0.19210704003280774
2017-11-03,0.38179280498201607
2017-11-06,0.5956085778883774
2017-11-07,0.43760358899849605
2017-11-08,0.5249137889668611
2017-11-09,0.5724198613455532
2017-11-10,0.7193558851229556
2017-11-13,0.7172358872016588
2017-11-14,0.8679278173671221
2017-11-15,0.8637580292478976
2017-11-16,1.0923339211099115
2017-11-17,1.2582687928511622
2017-11-20,1.300412557954127
2017-11-21,1.5235848729544432
2017-11-22,1.1561744417791189
2017-11-23,1.0719017767551975
2017-11-24,0.9410066483678896
2017-11-27,0.79955422122667
2017-11-28,0.4333045977527301
2017-11-29,0.05838253530678735
2017-11-30,0.5256829950757432
2017-12-01,0.5245552220717475
2017-12-04,0.1056945419041097
2017-12-05,0.1172296883206863
2017-12-06,-0.056195574263606676
2017-12-07,0.40474473059323846
2017-12-08,0.8517952734375025
2017-12-11,0.48442812488945297
2017-12-12,0.7049789603215867
2017-12-13,0.9347554192654178
2017-12-14,1.3296360940367122
2017-12-15,1.6105873416709957
2017-12-18,1.031462251918337
2017-12-19,0.6108675991803856
2017-12-20,0.32589293465254915
2017-12-21,0.33459400063215483
2017-12-22,0.35183602774230505
2017-12-25,0.5086878836390717
2017-12-26,0.34850880481322666
2017-12-27,0.23453662782468654
2017-12-28,0.23055954556449434
2017-12-29,0.3190138991526229
2018-01-01,0.39254062375607235
2018-01-02,0.17088274534503736
2018-01-03,0.025135727709798664
2018-01-04,-0.07478960555728693
2018-01-05,-0.32151449435936996
2018-01-08,-0.3824921518151375
2018-01-09,-0.23884085716006737
2018-01-10,-0.06588769470582664
2018-01-11,-0.1674337843430079
2018-01-12,-0.5610729695952059
2018-01-15,-0.8321354348633223
2018-01-16,-0.6901912342848452
2018-01-17,-0.7866578322986724
2018-01-18,-0.8231761891191137
2018-01-19,-1.0151174182071097
2018-01-22,-1.1135900731765336
2018-01-23,-0.897002980922701
2018-01-24,-0.8309236539480979
2018-01-25,-0.9800929645029012
2018-01-26,-1.0510749468810547
