Date,close_-1_r
2010-01-04,
2010-01-05,1.0471204188481575
2010-01-06,-0.3166378814047244
2010-01-07,0.4273751082876087
2010-01-08,-0.3968025763413596
2010-01-11,-0.05773672055426893
2010-01-12,0.3639514731369031
2010-01-13,0.4950210096126062
2010-01-14,1.042442293373047
2010-01-15,0.017005838671280138
2010-01-18,-0.06234413965086061
2010-01-19,0.6181591334429637
2010-01-20,0.8623605005072754
2010-01-21,0.6314613020396598
2010-01-22,0.9995557529986598
2010-01-25,-1.9408401143611087
2010-01-26,2.8090832632464258
2010-01-27,0.8726003490401313
2010-01-28,0.9948096885813218
2010-01-29,0.2623126338329618
2010-02-01,-0.5606279032516426
2010-02-02,-1.718213058419249
2010-02-03,1.0708041958042092
2010-02-04,1.643243243243253
2010-02-05,0.12231440119123693
2010-02-08,-0.5948903170977848
2010-02-09,-1.522842639593902
2010-02-10,0.4123711340206171
2010-02-11,0.04863287582406173
2010-02-12,0.3780718336483968
2010-02-15,-0.3820285176217464
2010-02-16,-0.4807172950199834
2010-02-17,-0.515603799185893
2010-02-18,-0.7637752318603419
2010-02-19,-0.8521165475535941
2010-02-22,0.2495148322705809
2010-02-23,0.641592920353995
2010-02-24,-0.054957133435928895
2010-02-25,0.9567799406136723
2010-02-26,-1.6339869281045805
2010-03-01,-0.44296788482834915
2010-03-02,-3.642936596218027
2010-03-03,3.2034632034632082
2010-03-04,0.02796420581654413
2010-03-05,-0.5870841487279788
2010-03-08,0.37682789651292126
2010-03-09,-0.20731775648568096
2010-03-10,-0.7299270072992692
2010-03-11,0.05656108597285048
2010-03-12,-0.45223289994347216
2010-03-15,0.022714366837028876
2010-03-16,0.2725105030089603
2010-03-17,-0.23779866379798342
2010-03-18,0.5107832009080493
2010-03-19,1.3551665725578754
2010-03-22,0.22284122562674646
2010-03-23,-1.022790439132848
2010-03-24,0.7132427271706154
2010-03-25,0.3178497741593622
2010-03-26,1.3340744858254538
2010-03-28,-0.7953922106417988
2010-03-29,-0.8128283107547651
2010-03-30,-0.741442747240495
2010-03-31,-0.8480763830384652
2010-04-01,-0.022657754616528525
2010-04-04,-0.25495750708215414
2010-04-05,-0.4260153365521213
2010-04-06,1.36908157444382
2010-04-07,-0.22509848058525073
2010-04-08,-0.11280315848843925
2010-04-11,-0.8356860530773558
2010-04-12,-2.431385946930875
2010-04-13,1.8967026553837085
2010-04-14,0.22909507445589838
2010-04-15,0.354285714285707
2010-04-18,0.23345860380366013
2010-04-19,-0.4431062887007897
2010-04-20,-0.2567760342368053
2010-04-21,0.8867276887871922
2010-04-22,-0.03969379075702273
2010-04-25,-1.066485137281592
2010-04-26,1.2041284403669694
2010-04-27,-0.39093484419262525
2010-04-28,-1.5414367783402438
2010-04-29,-0.13287117273254045
2010-05-02,0.1330479551107988
2010-05-03,1.057192374350091
2010-05-04,1.7435545646830253
2010-05-05,3.0509045960220194
2010-05-06,0.8396488741071906
2010-05-09,-4.033522573668558
2010-05-10,0.033804721392760584
2010-05-11,-0.11264432554209947
2010-05-12,-0.1973498731322243
2010-05-13,1.836158192090398
2010-05-16,0.044382801664344385
2010-05-17,0.7042644041479695
2010-05-18,0.7544052863436068
2010-05-19,3.011422637590866
2010-05-20,-2.0161290322580627
2010-05-23,0.833874810483004
2010-05-24,0.33830952636666467
2010-05-25,-0.2943537597002943
2010-05-26,-2.522812667740204
2010-05-27,-0.09361233480176256
2010-05-30,0.005511767623866959
2010-05-31,1.0802469135802406
2010-06-01,-0.16357688113414204
2010-06-02,-0.6335335882031723
2010-06-03,1.0717819061228928
2010-06-06,1.9087497960737387
2010-06-07,-0.7470651013874119
2010-06-08,-0.9677419354838679
2010-06-09,-1.6123778501628716
2010-06-10,-0.03862495171880198
2010-06-13,-0.5464782512695998
2010-06-14,-0.9491036243547857
2010-06-15,0.12327692480107455
2010-06-16,-0.0783523617640336
2010-06-17,-0.7337291363279985
2010-06-20,-0.4908875472549701
2010-06-21,0.18711726014968288
2010-06-22,1.9355934121908502
2010-06-23,-1.2547887402143076
2010-06-24,0.08434073657577201
2010-06-27,0.11235955056179137
2010-06-28,1.4478114478114534
2010-06-29,-0.9348379245491811
2010-06-30,0.44670277514098355
2010-07-01,-1.3563844571682693
2010-07-04,-0.06198929275851306
2010-07-05,-0.36088868839518895
2010-07-06,-0.11318619128466434
2010-07-07,0.18696883852691304
2010-07-08,-0.6729627325680054
2010-07-11,0.204964700523802
2010-07-12,-0.2272727272727315
2010-07-13,0.5694760820045497
2010-07-14,0.22650056625141968
2010-07-15,0.7118644067796609
2010-07-18,0.20756198810725213
2010-07-19,-0.7053686390863789
2010-07-20,-0.12967243615041868
2010-07-21,-0.6322682623913334
2010-07-22,0.01704351778206714
2010-07-25,0.28969042885544916
2010-07-26,-0.27752605346624826
2010-07-27,0.0908729482592241
2010-07-28,0.1418600692277172
2010-07-29,-0.3569809610154073
2010-08-01,-0.8871197042934376
2010-08-02,0.6196568936829516
2010-08-03,0.0
2010-08-04,-0.06272452528939265
2010-08-05,0.0513522766176111
2010-08-08,-2.623324779013403
2010-08-09,2.5475841874084804
2010-08-10,0.5139920045688307
2010-08-11,0.4829545454545503
2010-08-12,-0.11874469889736616
2010-08-15,-2.5135869565217406
2010-08-16,1.9396051103368173
2010-08-17,-0.4329497550415895
2010-08-18,0.0572147843002524
2010-08-19,0.6747483989021141
2010-08-22,-2.714983528342607
2010-08-23,2.8316207379729175
2010-08-24,-0.02271049792768043
2010-08-25,0.22715656766425507
2010-08-26,-0.4872797325627509
2010-08-29,-3.2511529920856264
2010-08-30,3.2838983050847315
2010-08-31,-0.27920227920227303
2010-09-01,-0.5771098794354557
2010-09-02,-0.028735632183907178
2010-09-05,-3.765449841908597
2010-09-06,3.0406212664277232
2010-09-07,0.29566931416313835
2010-09-08,-0.624277456647393
2010-09-09,0.232666356444855
2010-09-12,-3.2033426183844083
2010-09-13,2.907673860911264
2010-09-14,-0.8738712496358825
2010-09-15,1.157801939465175
2010-09-16,-0.21496630257960003
2010-09-19,-3.0276564774381343
2010-09-20,3.6625637946562595
2010-09-21,-0.11584129742253646
2010-09-22,-2.9109886923746053
2010-09-23,2.592128053514897
2010-09-26,-3.102986551784359
2010-09-27,2.6796443162701244
2010-09-28,0.0
2010-09-29,-0.3218256290228205
2010-09-30,-0.43439976518931944
2010-10-03,-3.6908201167384025
2010-10-04,3.917967554331203
2010-10-05,-1.678939617083941
2010-10-06,0.8987417615338389
2010-10-07,-0.3681710213776723
2010-10-10,-3.099296698056986
2010-10-11,2.1835404108746514
2010-10-12,0.5236862697887146
2010-10-13,-1.0479041916167553
2010-10-14,0.4901664145234408
2010-10-17,-3.2638805251114067
2010-10-18,4.083665338645415
2010-10-19,1.0765550239234534
2010-10-20,-0.8875739644970349
2010-10-21,1.134328358208947
2010-10-24,-2.9574970484061436
2010-10-25,3.4004501490358274
2010-10-26,0.14707612660311842
2010-10-27,0.9810256711508147
2010-10-28,-0.3199534613147259
2010-11-01,-3.927633498686889
2010-11-02,3.5293402988701095
2010-11-03,-0.19362788241505946
2010-11-04,-0.7054673721340388
2010-11-05,-0.8466548253404316
2010-11-08,0.25676240520691174
2010-11-09,1.0125074449076843
2010-11-10,0.0
2010-11-11,0.8254716981132004
2010-11-12,0.6725146198830467
2010-11-15,-2.9683415625907594
2010-11-16,2.969348659003823
2010-11-17,0.9302325581395321
2010-11-18,-0.5645161290322553
2010-11-19,-0.8805468659483173
2010-11-22,-2.220923436586797
2010-11-23,2.857142857142869
2010-11-24,0.738028823802872
2010-11-25,-0.6633977502163324
2010-11-26,-0.3774680603948921
2010-11-29,0.8219178082191858
2010-11-30,-0.7284921369102637
2010-12-01,-0.14560279557368494
2010-12-02,-0.5016039661708938
2010-12-03,-0.2579283662582754
2010-12-06,-3.8436673523361664
2010-12-07,2.7626673186235573
2010-12-08,-0.2557544757033181
2010-12-09,0.8944543828264706
2010-12-10,0.6855791962175006
2010-12-13,0.08217891523831788
2010-12-14,-0.7038123167155463
2010-12-15,0.0
2010-12-16,0.3484937979917335
2010-12-17,0.31785272823590116
2010-12-20,-2.2355219151557804
2010-12-21,2.424678910094835
2010-12-22,-0.38673385679127703
2010-12-23,-0.058823529411755615
2010-12-24,-0.39434961742201846
2010-12-27,-0.09454588429946842
2010-12-28,-0.3371384633583774
2010-12-29,0.3086053412462819
2010-12-30,-0.7218080700508778
2010-12-31,-0.9535160905840279
2011-01-03,-2.797833935018046
2011-01-04,1.9189105540080575
2011-01-05,1.2754327361068851
2011-01-06,0.4497751124437732
2011-01-07,0.65074626865671
2011-01-10,-2.98950115665223
2011-01-11,3.2711708957505303
2011-01-12,-2.8063943161634186
2011-01-13,-1.0294834307992162
2011-01-14,2.7266572290268964
2011-01-17,-1.2522468544038379
2011-01-18,2.062981615193249
2011-01-19,-0.6301646751084911
2011-01-20,-0.08973975471133766
2011-01-21,-2.0838323353293386
2011-01-24,-0.9723581213307297
2011-01-25,3.161860062990196
2011-01-26,-0.16761448668064505
2011-01-27,-2.962163458655631
2011-01-28,3.3368349502564287
2011-01-31,-2.27231955988757
2011-02-01,2.0008566358685753
2011-02-02,-0.1079784043191423
2011-02-03,-0.1501321162623026
2011-02-04,0.3428159018463939
2011-02-07,-2.649244785423166
2011-02-08,0.22780445757910606
2011-02-09,2.248295349837215
2011-02-10,-0.15019525382998777
2011-02-11,0.1263537906137202
2011-02-14,-2.9204975662520227
2011-02-15,3.1569173630455083
2011-02-16,0.12601260126012814
2011-02-17,0.02397219225698244
2011-02-18,-0.41941282204913666
2011-02-21,-2.8580024067388576
2011-02-22,3.2827500774233576
2011-02-23,0.19190404797602145
2011-02-24,0.01795654516070222
2011-02-25,-0.49670855774984757
2011-02-28,-0.1623864798219854
2011-03-01,-0.07228915662649271
2011-03-02,-0.08439836026042924
2011-03-03,-0.19307348859660678
2011-03-04,-0.2841252569217745
2011-03-07,-0.5819945438011564
2011-03-08,0.7439478016952217
2011-03-09,0.11500514496700642
2011-03-10,0.04232164449819997
2011-03-11,0.25986583670756236
2011-03-14,-0.17480409885474169
2011-03-15,0.5313688786909188
2011-03-16,-0.10210823472881492
2011-03-17,0.7696007696007756
2011-03-18,0.20883054892602004
2011-03-21,-0.9407561774337658
2011-03-22,-0.00601069904430096
2011-03-23,-0.25847559509497575
2011-03-24,0.04218646417162297
2011-03-25,-0.1506024096385561
2011-03-27,-0.45852187028657676
2011-03-28,0.6121583126249996
2011-03-29,-0.24698795180723154
2011-03-30,-1.6546892928316903
2011-03-31,-0.07982806263433506
2011-04-03,-0.9341199606686224
2011-04-04,-0.42183622828785294
2011-04-05,0.11213555943185849
2011-04-06,0.47915370255133816
2011-04-07,-1.3500959930637269
2011-04-10,-1.4187959068365896
2011-04-11,0.43303827294147723
2011-04-12,0.8813645298332506
2011-04-13,0.06285355122566116
2011-04-14,
2011-04-17,-1.4698492462311585
2011-04-18,1.3005227591482926
2011-04-19,-0.6607929515418443
2011-04-20,-0.601837187203047
2011-04-21,0.0
2011-04-24,-0.4907584448693436
2011-04-25,0.8774738999551612
2011-04-26,-0.6666666666666599
2011-04-27,0.12783636944710963
2011-04-28,1.2639642515161142
2011-05-01,-1.4499148962995756
2011-05-02,0.8443676837459391
2011-05-03,0.6977481763399851
2011-05-04,1.1023622047244164
2011-05-05,1.2461059190031154
2011-05-08,-1.575384615384623
2011-05-09,1.006627485306999
2011-05-10,-0.5261528938409143
2011-05-11,0.8027380211574231
2011-05-12,-0.2098894993518008
2011-05-15,1.1815651098051383
2011-05-16,-0.29347028613352366
2011-05-17,-0.7848908511160158
2011-05-18,-0.4140914709518051
2011-05-19,0.2854837708682334
2011-05-22,-0.28467108113124917
2011-05-23,1.6136039222987675
2011-05-24,-0.5374702253710284
2011-05-25,-0.1228124040528078
2011-05-26,-0.2582231786043665
2011-05-29,-1.7259446464895523
2011-05-30,-0.08154048798846292
2011-05-31,-0.8976773383553072
2011-06-01,0.842465319566732
2011-06-02,-0.9108040201005085
2011-06-05,-0.5515055467511853
2011-06-06,0.7266700662927228
2011-06-07,-0.20250601189722994
2011-06-08,0.28535193405199166
2011-06-09,0.3414479924122693
2011-06-12,0.497825949965347
2011-06-13,-0.363681966390772
2011-06-14,-0.6230333543108868
2011-06-15,1.1335570894813518
2011-06-16,0.5698184095178638
2011-06-19,-1.014880767075521
2011-06-20,0.2641841741099604
2011-06-21,-0.40777917189461776
2011-06-22,-0.031496062992120155
2011-06-23,0.2205419029615685
2011-06-26,-0.03143665513989369
2011-06-27,0.3144654088050203
2011-06-28,-1.0658307210031248
2011-06-29,-0.5259822560202743
2011-06-30,-0.5287634579856149
2011-07-03,-0.8069681055463018
2011-07-04,0.1743285123966931
2011-07-05,0.7863358040605783
2011-07-06,0.3517298714587058
2011-07-07,-0.936783074177916
2011-07-10,0.4696043743969147
2011-07-11,1.1653220642847906
2011-07-12,-0.335443037974692
2011-07-13,-0.444529116657133
2011-07-14,0.5613318874784667
2011-07-17,-0.5391690453536269
2011-07-18,0.44642857142855874
2011-07-19,-0.6349206349206327
2011-07-20,-0.22364217252395235
2011-07-21,-0.5891770733269408
2011-07-24,0.10307285962765089
2011-07-25,-0.6306712143638649
2011-07-26,-0.6735315070267478
2011-07-27,1.9169329073482233
2011-07-28,-0.019192630030062663
2011-07-31,-1.0429997440491445
2011-08-01,0.7306821855803447
2011-08-02,0.3530620105276494
2011-08-03,-0.01919017463059003
2011-08-04,0.8829174664107597
2011-08-07,1.0273972602739656
2011-08-08,0.24482109227872417
2011-08-09,1.9600475922099125
2011-08-10,-0.38693035253655195
2011-08-11,0.08631851532154844
2011-08-14,-0.7330746011211753
2011-08-15,-1.4087129204418458
2011-08-16,-0.28954491093345913
2011-08-17,-0.35351303579319593
2011-08-18,1.80551156160913
2011-08-21,-0.7280647168637189
2011-08-22,0.4513257694477524
2011-08-23,-0.3244929797191931
2011-08-24,0.6260564702936122
2011-08-25,0.10576743607291217
2011-08-28,-0.5593536357986317
2011-08-29,-0.3562500000000024
2011-08-30,-0.4892429279307553
2011-08-31,-0.2521273242987676
2011-09-01,1.0426540284360186
2011-09-04,1.9262038774233936
2011-09-05,1.1964658240274817
2011-09-06,0.6487600800339388
2011-09-07,-0.39156626506023917
2011-09-08,-0.11490777139401276
2011-09-11,1.4107532090094521
2011-09-12,1.707564630724212
2011-09-13,0.46962136777224384
2011-09-14,0.7303534910896747
2011-09-15,-0.8642691415313153
2011-09-18,0.08191445790182161
2011-09-19,4.3320666471792
2011-09-20,0.3922447607306978
2011-09-21,2.36101808439384
2011-09-22,2.3392769507606603
2011-09-25,-1.1189258312020556
2011-09-26,-0.5280741459208871
2011-09-27,-2.3835319609967542
2011-09-28,0.8712541620421677
2011-09-29,0.5501457886339933
2011-10-02,1.055971986649884
2011-10-03,2.203573362208977
2011-10-04,-1.991841924034532
2011-10-05,-0.8864385708880596
2011-10-06,-1.4724327861700415
2011-10-09,-2.4575192339624685
2011-10-10,-0.8738580264427198
2011-10-11,-0.46367851622874934
2011-10-12,2.0243846330803006
2011-10-13,-1.7418263810597523
2011-10-16,-0.7113762836326143
2011-10-17,2.0974172300225247
2011-10-18,-0.537634408602139
2011-10-19,0.216216216216214
2011-10-20,1.459149491852596
2011-10-23,-1.0856183547845455
2011-10-24,-1.035302104548541
2011-10-25,0.6974218258732012
2011-10-26,-0.1986942946352599
2011-10-27,-2.7872582480090946
2011-10-31,-1.2814511410181417
2011-11-01,0.3141485389129173
2011-11-02,2.9307492318600747
2011-11-03,-0.4994259471871376
2011-11-04,-0.1038481509259781
2011-11-07,1.0106843777071939
2011-11-08,0.05145797598626878
2011-11-09,-0.5943196754100266
2011-11-10,0.9830411037654363
2011-11-11,0.19355573266537363
2011-11-14,-1.1420454545454595
2011-11-15,1.1265015230760511
2011-11-16,0.5569764137539179
2011-11-17,0.0565195274967456
2011-11-18,-0.32762808563520096
2011-11-21,0.7537546047038823
2011-11-22,1.4849814377320358
2011-11-23,0.41569670768208944
2011-11-24,2.6273665617927877
2011-11-25,0.8712956489001167
2011-11-28,0.255931751532934
2011-11-29,-1.3614848694357362
2011-11-30,-0.7117053970992715
2011-12-01,-1.8191691555796807
2011-12-02,-0.4977876106194712
2011-12-05,-0.21122846025569686
2011-12-06,-0.8689839572192382
2011-12-07,0.6405933917734252
2011-12-08,0.4299274148520382
2011-12-09,1.0174014566075584
2011-12-12,-1.0842047330764992
2011-12-13,0.6621042675123867
2011-12-14,2.6807428697766866
2011-12-15,1.0012380901114337
2011-12-16,-0.9326866705750669
2011-12-19,-0.3120292661932478
2011-12-20,0.7285483000539772
2011-12-21,-1.323332440396463
2011-12-22,0.7329786078835943
2011-12-23,-0.23176844715140366
2011-12-26,0.3781739600216216
2011-12-27,-0.02691065662002723
2011-12-28,0.1345895020188559
2011-12-29,0.8978494623655964
2011-12-30,-0.6127777481749863
2012-01-02,-0.15547930516833786
2012-01-03,0.418836922085597
2012-01-04,-1.903641516496446
2012-01-05,-0.8776233306077907
2012-01-06,1.3528376594808655
2012-01-09,0.24959305480194427
2012-01-10,-0.35722017752759516
2012-01-11,-2.281368821292773
2012-01-12,0.2501389660922726
2012-01-13,-1.2531189354033967
2012-01-16,0.5558987029030238
2012-01-17,-0.6421710967165373
2012-01-18,0.011240375428545057
2012-01-19,-0.6293902781680294
2012-01-20,-0.7238590736865835
2012-01-23,0.26203360865850733
2012-01-24,-0.4602011249360882
2012-01-25,0.36529680365295913
2012-01-26,0.09099181073703999
2012-01-27,5.255681818181812
2012-01-30,-6.180836707152504
2012-01-31,0.47756041426927354
2012-02-01,-0.08589589417625776
2012-02-02,-0.7508023842274114
2012-02-03,-0.7853554310792932
2012-02-06,-0.16297072347359887
2012-02-07,0.48971025476591823
2012-02-08,0.05801473574287286
2012-02-09,-0.3652809184205963
2012-02-10,-0.16876163873370542
2012-02-13,0.19236374234916642
2012-02-14,-0.20944845240865595
2012-02-15,0.052472014925375454
2012-02-16,0.6759512848901528
2012-02-17,-0.7061411124616557
2012-02-20,-0.3614106674438955
2012-02-21,0.4621774995612338
2012-02-22,-0.15723270440252124
2012-02-23,-0.5482648002333002
2012-02-24,0.451586417218941
2012-02-27,-0.3619803829986057
2012-02-28,-0.04101722723542922
2012-02-29,-0.48068468257225216
2012-03-01,1.1132708959179949
2012-03-02,-0.18058953745775375
2012-03-05,0.92208929092501
2012-03-06,0.4915283640779533
2012-03-07,1.237196455288303
2012-03-08,0.369465128175972
2012-03-09,-0.2548419979612637
2012-03-12,1.578379605972846
2012-03-13,0.5421720418087306
2012-03-14,-0.4169446297531687
2012-03-15,0.6754870764249521
2012-03-16,-0.22180326050791344
2012-03-19,-0.10559075247305039
2012-03-20,1.2906815020862217
2012-03-21,-0.36249794035261296
2012-03-22,0.2811311394079752
2012-03-23,-0.06046613896217856
2012-03-25,-0.48402178098014836
2012-03-26,0.4311059525783367
2012-03-27,0.225634252380158
2012-03-28,0.12079947287502169
2012-03-29,-0.14259076450586772
2012-04-01,0.2691124780316523
2012-04-02,0.38889193186173454
2012-04-03,-0.19642077695329885
2012-04-04,-0.09293680297397522
2012-04-05,-0.25170998632010333
2012-04-08,-0.054857644412742435
2012-04-09,-0.15917448817169833
2012-04-10,0.7421660252886264
2012-04-11,0.11459754433833513
2012-04-12,-0.4578654747628863
2012-04-15,0.6132953674296227
2012-04-16,0.4517252639599345
2012-04-17,0.6880858210976948
2012-04-18,1.038527765820052
2012-04-19,0.095861958779353
2012-04-22,-0.4096834264432081
2012-04-23,0.4273960893257822
2012-04-24,-0.026598574316416546
2012-04-25,-0.02660565104027901
2012-04-26,0.26612731530764044
2012-04-29,0.11678522136107095
2012-04-30,1.0498409331919367
2012-05-01,0.031482841851193655
2012-05-02,0.8287872429710408
2012-05-03,-0.6450941629382978
2012-05-06,0.8953817153628751
2012-05-07,-0.42036431574030697
2012-05-08,0.9954138002918445
2012-05-09,1.6306310955157777
2012-05-10,-0.8885503935008976
2012-05-13,0.676229508196724
2012-05-14,1.3942601261957899
2012-05-15,0.36635551540700195
2012-05-16,-0.025001250062495206
2012-05-17,0.41512453736118893
2012-05-20,0.7122578074413521
2012-05-21,0.509396636993098
2012-05-22,2.7062933622004515
2012-05-23,-2.884108657116846
2012-05-24,0.014799467219184237
2012-05-27,-2.1061458025056767
2012-05-28,-0.14107925631077212
2012-05-29,0.5096119884958838
2012-05-30,1.1495983935742915
2012-05-31,0.516154647873357
2012-06-03,0.6665679158643245
2012-06-04,0.691583284284869
2012-06-05,-1.529543572507186
2012-06-06,0.49962898837496716
2012-06-07,-0.0984445757038932
2012-06-10,-0.3744580212849846
2012-06-11,2.06231454005934
2012-06-12,0.1502156321170789
2012-06-13,0.19837429843234666
2012-06-14,-0.6325752088463976
2012-06-17,-0.4665176401982607
2012-06-18,0.5809979494189932
2012-06-19,-1.5630309208290893
2012-06-20,-0.2662853197889392
2012-06-21,1.9629171817058033
2012-06-24,0.1842692270390911
2012-06-25,-0.27589545014521377
2012-06-26,0.6989273406785568
2012-06-27,-0.009639947944284355
2012-06-28,0.1108700891781167
2012-07-01,-3.279083204930655
2012-07-02,-1.1997809528550896
2012-07-03,1.1992341025899522
2012-07-04,0.8912567217685741
2012-07-05,-0.3750678576716182
2012-07-08,0.44087779263883853
2012-07-09,0.18741369106332062
2012-07-10,0.05414984739589013
2012-07-11,0.13284132841329122
2012-07-12,0.07370283018868218
2012-07-15,0.029459419649424667
2012-07-16,-0.15707063270015142
2012-07-17,-0.6636841846516917
2012-07-18,-0.10392952588339499
2012-07-19,-0.3616546940797605
2012-07-22,0.5817422434367447
2012-07-23,0.6673587423995375
2012-07-24,0.44686702023177816
2012-07-25,-0.6257638719139536
2012-07-26,-0.6198652039159924
2012-07-29,0.03960199990100666
2012-07-30,0.9599683309416518
2012-07-31,0.8038033622506768
2012-08-01,-0.7098750425438838
2012-08-02,0.30850594975759815
2012-08-05,-1.0447178285491021
2012-08-06,0.07400098667982302
2012-08-07,-0.06901651466602043
2012-08-08,-0.2959893443835959
2012-08-09,-0.1979120281035085
2012-08-12,-0.15864359724356847
2012-08-13,0.2879984110432332
2012-08-14,0.3020250532257185
2012-08-15,-0.10859907197156016
2012-08-16,-0.42004348685511506
2012-08-19,-0.029775197260684116
2012-08-20,-0.009928021841643098
2012-08-21,-0.16879312912674305
2012-08-22,0.21880749912974728
2012-08-23,0.3721530293256725
2012-08-26,0.014830927427311735
2012-08-27,0.39048984232119555
2012-08-28,0.4874446085672002
2012-08-29,0.2988877456024275
2012-08-30,-0.07327796775770112
2012-09-02,-0.8702028843803555
2012-09-03,0.04438526409231702
2012-09-04,0.39929015084294583
2012-09-05,-0.02454951637453906
2012-09-06,-0.5500441999803596
2012-09-09,0.014814814814823052
2012-09-10,-0.29625240705082323
2012-09-11,-0.36646362600901705
2012-09-12,0.5914806898951408
2012-09-13,-0.2767071845043878
2012-09-16,-0.4409870181349751
2012-09-17,1.0451400985417747
2012-09-18,-0.5122395705068339
2012-09-19,0.07921184217041244
2012-09-20,-0.16819193668068388
2012-09-23,0.03468609087755592
2012-09-24,0.23281157123042906
2012-09-25,0.23227081788981252
2012-09-26,0.24652401143869795
2012-09-27,-0.30493802872317843
2012-09-30,-0.2170695609274742
2012-10-01,0.019776525264503242
2012-10-02,0.10380622837369291
2012-10-03,-0.3160337761098253
2012-10-04,-0.1287957596473044
2012-10-07,-0.9275333564803145
2012-10-08,1.5670371482927825
2012-10-09,0.09858530093163065
2012-10-10,0.42842369626237
2012-10-11,-0.014710208884971543
2012-10-14,0.1373154823206324
2012-10-15,-0.3134335667760557
2012-10-16,-0.10316875460574249
2012-10-17,-0.17212550408182148
2012-10-18,-0.19212769101927263
2012-10-21,0.0
2012-10-22,-0.14807502467915068
2012-10-23,0.11863568956993475
2012-10-24,-0.06418485237484894
2012-10-25,-0.004940467368197421
2012-10-29,0.05928853754939567
2012-10-30,0.28145368358680756
2012-10-31,-0.0935545817125405
2012-11-01,-0.054213898472155186
2012-11-02,0.07889935401155235
2012-11-05,-0.03449125400345476
2012-11-06,0.2661671924290232
2012-11-07,-0.2507128109330292
2012-11-08,0.192203439948746
2012-11-09,0.20659124446631427
2012-11-12,0.35833496956607647
2012-11-13,0.23477622890681893
2012-11-14,0.385497486946762
2012-11-15,0.3159634454598548
2012-11-16,0.0533023210738115
2012-11-19,0.7652072839984481
2012-11-20,-0.16341439969239646
2012-11-21,0.14442518775275026
2012-11-22,0.7403134314008408
2012-11-23,0.3674365336896246
2012-11-26,-1.1030285741453927
2012-11-27,0.05768953415703493
2012-11-28,0.08167971940613583
2012-11-29,0.42726836293804915
2012-11-30,0.17687269945982909
2012-12-03,1.8276388623783113
2012-12-04,-0.6935657715919308
2012-12-05,-0.03775187579632133
2012-12-06,-1.472879195581367
2012-12-07,-0.5318384361075124
2012-12-10,-0.12042389210018545
2012-12-11,0.1302146129732229
2012-12-12,-0.02889895000481868
2012-12-13,-0.2505299672383998
2012-12-14,0.6713678516228727
2012-12-17,0.03838219066354398
2012-12-18,0.479593304877457
2012-12-19,-0.3388859720299675
2012-12-20,-0.9003831417624619
2012-12-21,0.004832785617647772
2012-12-24,-0.6282317691973294
2012-12-25,0.9045372756893544
2012-12-26,0.10602920622682088
2012-12-27,-1.4009917673679761
2012-12-28,-0.3076171874999978
2012-12-31,0.16652789342215257
2013-01-01,0.2738252408195141
2013-01-02,-0.24869556736724086
2013-01-03,0.0
2013-01-04,0.15154477903795982
2013-01-07,-0.7956264948503988
2013-01-08,-0.29521747687462074
2013-01-09,0.6760757994472844
2013-01-10,0.37253075829617455
2013-01-11,-0.9767055721052853
2013-01-14,0.09863392020517114
2013-01-15,0.13302458491402103
2013-01-16,
2013-01-17,0.4133044676244868
2013-01-18,-0.1813014504115973
2013-01-21,-0.3583525600117987
2013-01-22,0.43846684402404357
2013-01-23,0.11281699121989952
2013-01-24,-0.34786869181773206
2013-01-25,-0.26549977875017783
2013-01-28,0.0
2013-01-29,-1.6958343603648118
2013-01-30,-0.3861391103756051
2013-01-31,0.09565042287555947
2013-02-01,0.11567670874617075
2013-02-04,-0.21099166080578158
2013-02-05,0.41784132098268145
2013-02-06,-0.5915676542838422
2013-02-07,0.15129355993745985
2013-02-08,-1.1279520620373629
2013-02-11,0.3361344537815114
2013-02-12,0.030455306837207097
2013-02-13,-0.09641244227938106
2013-02-14,-0.23872409589598131
2013-02-15,-0.40221984624000395
2013-02-18,0.46007565688579444
2013-02-19,-0.2798697333604716
2013-02-20,-0.29596366790834994
2013-02-21,0.31731408976918285
2013-02-22,0.5969083210040305
2013-02-25,-0.13693072319707067
2013-02-26,0.5789446955461797
2013-02-27,0.08078767987882429
2013-02-28,-0.3884768679683237
2013-03-01,0.16713938411669904
2013-03-04,0.17191687313546922
2013-03-05,-0.5047700772298214
2013-03-06,-0.43630460149156614
2013-03-07,0.4178343949044594
2013-03-08,-0.5683259755416836
2013-03-11,-0.8981883133452495
2013-03-12,0.7930377465368954
2013-03-13,0.4240535431461634
2013-03-14,0.3001628001628065
2013-03-15,0.02536139994926412
2013-03-18,0.34482758620688614
2013-03-19,0.20214271275520446
2013-03-20,-0.010086746015736114
2013-03-21,0.09078987188539944
2013-03-22,1.0431364644225116
2013-03-25,0.06982195401725733
2013-03-26,-0.024919013207080898
2013-03-27,0.4436689930209514
2013-03-28,-0.23326219663505343
2013-03-29,0.44771664510994125
2013-03-31,-0.009904912836766755
2013-04-01,-0.19316493313522587
2013-04-02,0.1736886506873203
2013-04-03,0.11889428316653738
2013-04-04,-0.40573973280554343
2013-04-07,-1.4705882352941124
2013-04-08,0.32775312626058817
2013-04-09,-0.45735538020807986
2013-04-10,-0.37362415429667006
2013-04-11,0.08108655990268776
2013-04-14,-0.43548713793802873
2013-04-15,1.6173329264571379
2013-04-16,-0.67067067067067
2013-04-17,0.6298498437972366
2013-04-18,-0.7711181212758489
2013-04-21,1.185850532371191
2013-04-22,0.5336126072212233
2013-04-23,0.12401408800042368
2013-04-24,-0.4805786761791553
2013-04-25,-0.4679643550555168
2013-04-28,-0.3001050367628655
2013-04-29,0.6220839813374734
2013-04-30,-0.20940320087750042
2013-05-01,0.009992505620792791
2013-05-02,0.2597791876904676
2013-05-05,-0.07474213961832232
2013-05-06,0.024932681759248787
2013-05-07,-0.004985293384529577
2013-05-08,-0.25426263834876783
2013-05-09,0.4298495526565693
2013-05-12,0.22395859254464856
2013-05-13,-0.377395967822014
2013-05-14,0.6081148439836426
2013-05-15,0.07431629013077146
2013-05-16,0.13366998366257654
2013-05-19,0.42519529318698623
2013-05-20,0.22154391492712477
2013-05-21,-0.14245714005010068
2013-05-22,0.6296733569460811
2013-05-23,-0.21998435666795713
2013-05-26,0.28416050169024487
2013-05-27,0.3224388099076769
2013-05-28,0.9885561236912421
2013-05-29,1.6153920339473382
2013-05-30,0.01898163526787844
2013-06-02,-0.8445224652464667
2013-06-03,1.5024642327384097
2013-06-04,0.12728044123886395
2013-06-05,0.051789077212816004
2013-06-06,0.10823020093171376
2013-06-09,0.0
2013-06-10,0.0
2013-06-11,0.0
2013-06-12,1.1892450879007033
2013-06-13,-1.6676731546430013
2013-06-16,-0.9637188208616809
2013-06-17,3.4058385804235813
2013-06-18,0.45207122428267965
2013-06-19,2.1399706098457205
2013-06-20,1.416239546803344
2013-06-23,-0.7625127454891967
2013-06-24,-0.5762787580969486
2013-06-25,-0.6919482386772091
2013-06-26,-1.085874581485835
2013-06-27,0.44369225139511137
2013-06-30,-0.3051140762329818
2013-07-01,1.5485108715512563
2013-07-02,1.0840717916422937
2013-07-03,0.720897116411523
2013-07-04,-0.7687549703985108
2013-07-07,0.06678539626001623
2013-07-08,0.6229143492769706
2013-07-09,-0.3272164492593266
2013-07-10,0.7231267468168934
2013-07-11,-0.8104298801973275
2013-07-14,0.4396092362344506
2013-07-15,-2.0160042442194603
2013-07-16,1.4664079772594096
2013-07-17,-1.1517253646389225
2013-07-18,-0.04948490710333653
2013-07-21,1.0351966873705987
2013-07-22,-0.650392017106205
2013-07-23,-0.9057483633754804
2013-07-24,1.5203619909502253
2013-07-25,-0.12925655197004726
2013-07-28,0.6114160753335929
2013-07-29,0.5411639460610296
2013-07-30,0.5647224918379878
2013-07-31,-0.25006580679126644
2013-08-01,1.2094823415578215
2013-08-04,-0.7474361202850832
2013-08-05,0.8143607705779488
2013-08-06,-0.3213758360114727
2013-08-07,0.3877657720460226
2013-08-08,-1.1110628878954865
2013-08-11,-0.4344963791968359
2013-08-12,0.700872784977502
2013-08-13,1.1468592689866552
2013-08-14,0.4673908339464017
2013-08-15,0.702132242084863
2013-08-18,2.1259303618786918
2013-08-19,0.9256544502617814
2013-08-20,-0.6515604249668128
2013-08-21,2.2515560382639244
2013-08-22,-0.6250510662635822
2013-08-25,-3.5765673175745194
2013-08-26,1.3088893626092446
2013-08-27,-0.32825519737396114
2013-08-28,-1.0935652761357884
2013-08-29,0.5805763073639447
2013-09-01,1.04409829803489
2013-09-02,-0.24782626958457232
2013-09-03,-0.791645612262093
2013-09-04,0.0764006791171612
2013-09-05,-1.5862244465179587
2013-09-08,-0.8533011549732628
2013-09-09,-1.1605668086586252
2013-09-10,0.36940938475749086
2013-09-11,-0.460062217938062
2013-09-12,0.035214367461944285
2013-09-15,0.18041010296576676
2013-09-16,0.20643914437563637
2013-09-17,-1.3631980362935003
2013-09-18,-2.9996000533262346
2013-09-19,0.6642844053509345
2013-09-22,0.46420607108725864
2013-09-23,-0.5300113250283012
2013-09-24,-0.05009563712542464
2013-09-25,1.3031393812366066
2013-09-26,0.7061575136058984
2013-09-29,-0.7280035730236611
2013-09-30,-0.25644486435416614
2013-10-01,-0.19846639603067207
2013-10-02,-1.039501039501045
2013-10-03,0.6987577639751441
2013-10-06,0.1179191800081636
2013-10-07,
2013-10-08,-0.10872027180068855
2013-10-09,-0.11337354314996384
2013-10-10,-1.1531826023789993
2013-10-13,-0.2847694286239322
2013-10-14,0.363887609396607
2013-10-15,-0.073431548028835
2013-10-16,0.0367427547880661
2013-10-17,-0.8998668564345058
2013-10-20,-0.6022700949733562
2013-10-21,1.1698904684222633
2013-10-22,-0.046070211001558725
2013-10-23,0.7697271386430726
2013-10-24,0.6540730915244986
2013-10-28,-0.7361628646732732
2013-10-29,-0.3158762131477699
2013-10-30,0.2066590126291512
2013-10-31,-0.04124656278644556
2013-11-01,2.324515152904505
2013-11-04,0.8916569585088352
2013-11-05,-0.4840786960962795
2013-11-06,1.6288825419492836
2013-11-07,0.22834057875555924
2013-11-08,0.8937568455640754
2013-11-11,0.2779104607234295
2013-11-12,0.8011085610358126
2013-11-13,0.11169344445400853
2013-11-14,-0.06007552351526835
2013-11-15,-0.7599828252468854
2013-11-18,0.19902219530134602
2013-11-19,-2.3964765318018832
2013-11-20,0.3716156432489903
2013-11-21,-0.004407616361079558
2013-11-22,1.4722087539119189
2013-11-25,-1.2293123669692818
2013-11-26,0.3078546925850967
2013-11-27,0.5699754472114904
2013-11-28,1.4473798936262883
2013-11-29,-0.5199828104855975
2013-12-02,0.6868547237461664
2013-12-03,0.9653337909730553
2013-12-04,0.8371223388433435
2013-12-05,0.6321112515802696
2013-12-06,-1.3316582914572939
2013-12-09,-1.4599779305661587
2013-12-10,-0.20673615298475445
2013-12-11,-0.4747518342684609
2013-12-12,1.4180398959236618
2013-12-13,-0.2864839440714917
2013-12-16,-0.3001715265866123
2013-12-17,-0.09032258064516352
2013-12-18,-0.27982263549874986
2013-12-19,0.5396304610602698
2013-12-20,1.0992313967967737
2013-12-23,1.1977065194308745
2013-12-24,-1.2045158853401516
2013-12-25,0.050977060322843215
2013-12-26,-0.02972146739130821
2013-12-27,-0.09343809726055641
2013-12-30,-0.7992177868469175
2013-12-31,1.1056353117634643
2014-01-01,-0.004238545331247678
2014-01-02,-0.0890132248219766
2014-01-03,1.1709303805523819
2014-01-06,-0.5535287457541727
2014-01-07,0.09276829011173326
2014-01-08,-0.21064161435733197
2014-01-09,0.9836619242622469
2014-01-10,-0.16722408026755842
2014-01-13,-1.4447236180904488
2014-01-14,0.14021669853410135
2014-01-15,-0.22063815342837634
2014-01-16,0.16584453138290822
2014-01-17,0.2165145404372515
2014-01-20,-0.5549436583919154
2014-01-21,-0.298189563365292
2014-01-22,0.7391582995086576
2014-01-23,0.5004665366019179
2014-01-24,0.8988858879135586
2014-01-27,0.09619808440337607
2014-01-28,1.0529834531171511
2014-01-29,0.2067482633145934
2014-01-30,0.37137905422133244
2014-01-31,-0.970235158691013
2014-02-03,0.5604450348721368
2014-02-04,0.6151178631878862
2014-02-05,-1.2637452814705297
2014-02-06,-0.45295877659573547
2014-02-07,-0.6679190148194514
2014-02-10,-0.1807102332422872
2014-02-11,1.305153250252622
2014-02-12,-0.19948466461640058
2014-02-13,0.6496210543849301
2014-02-14,-1.0757136946627943
2014-02-17,-0.2885821831869473
2014-02-18,-0.09647246340337423
2014-02-19,0.1805357292803622
2014-02-20,0.12153723649468429
2014-02-21,-0.8120552532440151
2014-02-24,-1.2238352464551183
2014-02-25,-0.18371357771510555
2014-02-26,0.1070068056328255
2014-02-27,0.3933641183512915
2014-02-28,-1.235093696763201
2014-03-03,0.6209573091850107
2014-03-04,0.32999057169793566
2014-03-05,-0.14095937807012682
2014-03-06,-0.876892805201479
2014-03-07,0.11651490959305733
2014-03-10,0.6724137931034546
2014-03-11,0.32539818462065107
2014-03-12,0.691362239672233
2014-03-13,-0.3009239637195793
2014-03-14,0.37410194277940345
2014-03-17,-0.8724746939985595
2014-03-18,0.23926511429182007
2014-03-19,-0.7118196155321499
2014-03-20,0.6525285481239651
2014-03-21,-0.9084705280218208
2014-03-24,-0.15064778547756452
2014-03-25,-0.05172859729286605
2014-03-26,-0.4097300094884848
2014-03-27,-0.7015720410549542
2014-03-28,-1.6005931353307967
2014-03-30,-0.0044322311851918705
2014-03-31,0.5850804485616701
2014-04-01,-0.4847309743092443
2014-04-02,0.29668334587964473
2014-04-03,0.5077262693156559
2014-04-06,-2.007467603777735
2014-04-07,-0.7396449704141883
2014-04-08,-0.695479384003983
2014-04-09,-0.8004002001000599
2014-04-10,1.03607940219137
2014-04-13,0.45374109533100615
2014-04-14,-0.0722706535977391
2014-04-15,0.9627988970754453
2014-04-16,0.20594555873925113
2014-04-17,-0.44678759717629024
2014-04-20,0.0
2014-04-21,0.0
2014-04-22,0.3949376178080888
2014-04-23,-0.8538220831470711
2014-04-24,-0.4012804905541345
2014-04-27,1.3490267089180552
2014-04-28,-0.8263355368947622
2014-04-29,0.5810025672206454
2014-04-30,-0.2328497223714754
2014-05-01,0.12118491921004892
2014-05-04,-0.7038149459810961
2014-05-05,1.2325056433408754
2014-05-06,-0.6823351023502844
2014-05-07,-0.5837449483610202
2014-05-08,-0.04516711833784104
2014-05-11,-0.2485314053321308
2014-05-12,0.10872027180068855
2014-05-13,0.07692655776276869
2014-05-14,-0.5380719840839099
2014-05-15,0.7228258398872534
2014-05-18,-0.23921285430581474
2014-05-19,-0.33479618151383006
2014-05-20,0.4494075990739477
2014-05-21,-0.34797541576284674
2014-05-22,0.25849167838194465
2014-05-25,0.370906459200282
2014-05-26,0.09463722397475838
2014-05-27,0.5267660168385202
2014-05-28,-0.23289143676102908
2014-05-29,-0.17956545160711102
2014-06-01,0.5936319481921304
2014-06-02,1.6541487839771163
2014-06-03,0.12314187703403867
2014-06-04,-0.05271018185014631
2014-06-05,-0.8394128504878196
2014-06-08,-0.5983246908655815
2014-06-09,-0.7401462457642172
2014-06-10,-0.31892911688077286
2014-06-11,0.5092154477040145
2014-06-12,-0.1524390243902496
2014-06-15,-0.3322855859901219
2014-06-16,0.4595422598666632
2014-06-17,1.3005650731007234
2014-06-18,-1.7310076146626496
2014-06-19,-0.009010226607197858
2014-06-22,0.32890290605991357
2014-06-23,-0.6197233698580829
2014-06-24,0.38861274288295444
2014-06-25,-0.7562117392869938
2014-06-26,-0.49437590711175483
2014-06-29,-0.0957199507725992
2014-06-30,0.9079295556163824
2014-07-01,-0.6149116064565696
2014-07-02,1.1009508211637264
2014-07-03,-0.6974755883544237
2014-07-06,0.13594344752583254
2014-07-07,0.5747126436781658
2014-07-08,-0.5894263217097961
2014-07-09,-0.09052231375035191
2014-07-10,0.5073842529673023
2014-07-13,-0.04958081673127612
2014-07-14,-0.4599774520856692
2014-07-15,0.3850858514927724
2014-07-16,0.22113909197578607
2014-07-17,1.5625703606970687
2014-07-20,-1.4675888977564777
2014-07-21,-0.18449354272601637
2014-07-22,-0.44630781714903867
2014-07-23,0.34415613820586444
2014-07-24,-0.02707703416219287
2014-07-27,0.30695616846476703
2014-07-28,-0.12600693038117283
2014-07-29,0.3469562474654131
2014-07-30,0.7498877413560923
2014-07-31,0.739849355974509
2014-08-03,-0.3539353183205751
2014-08-04,0.07547839985793114
2014-08-05,0.9893522626441831
2014-08-06,-0.2460132671440407
2014-08-07,1.0305192231470306
2014-08-10,-0.6582101913604421
2014-08-11,-0.28960070206229815
2014-08-12,0.1100158422812969
2014-08-13,0.15824871422920328
2014-08-14,-0.6407724380074642
2014-08-17,-0.8083395909713298
2014-08-18,0.42750267189168856
2014-08-19,-0.5188009932600157
2014-08-20,0.615110318698453
2014-08-21,0.4208567757940873
2014-08-24,0.2691018175401405
2014-08-25,0.43996656254126076
2014-08-26,-1.0644355863156596
2014-08-27,-0.6641282210218757
2014-08-28,-0.2852558388304449
2014-08-31,-0.25031289111390187
2014-09-01,0.5153253271195757
2014-09-02,-0.1471178280058938
2014-09-03,-0.2589516921153612
2014-09-04,0.237242614145039
2014-09-07,-0.06698521859509476
2014-09-08,1.2154794887836218
2014-09-09,0.8035320088300102
2014-09-10,0.08759635599160376
2014-09-11,0.4244705058638276
2014-09-14,-1.0022223190553015
2014-09-15,2.9754830758396134
2014-09-16,-0.2479162214148456
2014-09-17,0.9255688391824224
2014-09-18,0.33541374771790533
2014-09-21,0.076167907921465
2014-09-22,1.2980972515856282
2014-09-23,0.5843803481237142
2014-09-24,-1.2574179358426307
2014-09-25,1.924855005463555
2014-09-28,-0.22266204849084037
2014-09-29,0.9794197867592391
2014-09-30,-0.31102926130548436
2014-10-01,1.8802085471488983
2014-10-02,0.41906757464642563
2014-10-05,-1.4927169856747469
2014-10-06,-1.2057517617825475
2014-10-07,-1.3235476023584658
2014-10-08,-0.8022731071368971
2014-10-09,0.8803706823925728
2014-10-12,-0.3716230322769132
2014-10-13,0.18860016764459253
2014-10-14,0.2342606149341231
2014-10-15,2.3496515170485344
2014-10-16,0.550481161311378
2014-10-19,-1.4274707003528175
2014-10-20,1.2959229851483345
2014-10-21,0.6417025424417133
2014-10-22,0.25423728813558366
2014-10-23,0.45888177756308046
2014-10-27,-1.0738470168690006
2014-10-28,2.053546113653848
2014-10-29,-2.4368947451976486
2014-10-30,-0.016272068993572475
2014-10-31,-2.286597770363741
2014-11-03,0.49550299800131814
2014-11-04,3.264967888957959
2014-11-05,0.06419772900532195
2014-11-06,0.2967240065760546
2014-11-07,2.610642465917734
2014-11-10,-0.6896283020338179
2014-11-11,0.019616305072767126
2014-11-12,0.19612457833215746
2014-11-13,0.34058878797369463
2014-11-14,0.8895478131949686
2014-11-17,0.42151668664680564
2014-11-18,0.3042205791743635
2014-11-19,-0.9828387146312401
2014-11-20,-0.39548679772012374
2014-11-21,0.031141733816020256
2014-11-24,-2.245398295520884
2014-11-25,1.2141719745222934
2014-11-26,-0.6057030481809278
2014-11-27,-1.1554746547425832
2014-11-28,1.1729853076584362
2014-12-01,0.1701487812598934
2014-12-02,1.0073079202054247
2014-12-03,0.30895580758703023
2014-12-04,-0.6160084213809536
2014-12-05,1.5377976540739802
2014-12-08,-0.08499787505311662
2014-12-09,0.40601678202698555
2014-12-10,-0.27343449125779573
2014-12-11,0.9113728519019038
2014-12-12,1.285829091883195
2014-12-15,0.10957040843313504
2014-12-16,1.6040157004830968
2014-12-17,1.600980647078476
2014-12-18,-0.8482012284293572
2014-12-19,-1.9432153392330398
2014-12-22,-0.10529086601738236
2014-12-23,0.22209674383586453
2014-12-24,1.081730769230771
2014-12-25,0.0
2014-12-26,0.14863258026158732
2014-12-29,-0.09275749480557316
2014-12-30,0.24510714153080926
2014-12-31,-1.6745082058311378
2015-01-01,0.003767755548000906
2015-01-02,-0.03767613593549379
2015-01-05,1.43223277551634
2015-01-06,0.44218192627825115
2015-01-07,-0.2404646516962039
2015-01-08,-0.5859230141659899
2015-01-09,-0.7870784840346201
2015-01-12,-1.2520209046133046
2015-01-13,1.667681998172399
2015-01-14,-1.1459815744138901
2015-01-15,-1.0418245188665076
2015-01-16,1.0183377359213042
2015-01-19,-0.8261643991359535
2015-01-20,1.1922503725782407
2015-01-21,-1.4010044937879829
2015-01-22,-0.5323630792799738
2015-01-23,-1.016518424396451
2015-01-26,0.27618936476445644
2015-01-27,0.08146481495849844
2015-01-28,-0.4108686383193061
2015-01-29,0.14790020628185907
2015-01-30,1.0532043060899277
2015-02-02,3.0228443965848673
2015-02-03,1.672390622666864
2015-02-04,-1.1932736084593776
2015-02-05,1.7539296198580523
2015-02-06,0.12051272687432224
2015-02-09,1.386051940472699
2015-02-10,-0.4784861131097884
2015-02-11,2.342479123739283
2015-02-12,1.2150754123838814
2015-02-13,-1.692549293317036
2015-02-16,0.4934327298544483
2015-02-17,-0.17308983008937906
2015-02-18,-0.010615711252659477
2015-02-19,0.29373252645363834
2015-02-20,1.0338743824982455
2015-02-23,0.0279397897530842
2015-02-24,0.3700988093991109
2015-02-25,-0.6157164225832124
2015-02-26,0.41302065103254737
2015-02-27,1.2618516452872264
2015-03-02,-2.347676419965561
2015-03-03,1.9705301748448978
2015-03-04,1.2168562242887315
2015-03-05,1.4857064790464003
2015-03-06,0.965874671871858
2015-03-09,1.8966034465517811
2015-03-10,2.149165848871437
2015-03-11,-0.6756973132225341
2015-03-12,0.8157080216662393
2015-03-13,1.1576961207585779
2015-03-16,2.5892320824507653
2015-03-17,-0.06779661016950156
2015-03-18,0.104847662513885
2015-03-19,-0.8656275029264915
2015-03-20,2.246667288151394
2015-03-23,-1.9997568684658407
2015-03-24,-2.986416919928059
2015-03-25,0.25253332480901225
2015-03-26,1.948217588164014
2015-03-27,-0.5567197322741024
2015-03-29,1.9405566913036632
2015-03-30,-0.4689621127977328
2015-03-31,-1.1624302541847542
2015-04-01,-0.7589775756625339
2015-04-02,-1.3304680340043618
2015-04-05,-0.019217218627887167
2015-04-06,0.0
2015-04-07,0.11212198872374568
2015-04-08,-2.527919106588594
2015-04-09,0.3020255408555217
2015-04-12,0.5400451674140161
2015-04-13,1.5430692102350374
2015-04-14,-1.7504488330341128
2015-04-15,-1.2628075442145725
2015-04-16,-0.24125053703030197
2015-04-19,0.5996157158947968
2015-04-20,-0.2403925313662958
2015-04-21,-0.11223344556677839
2015-04-22,-0.6873760740251145
2015-04-23,-1.221216557966187
2015-04-26,-0.6804783560720895
2015-04-27,-1.1939083539666995
2015-04-28,0.7449109196388637
2015-04-29,0.6099223115714869
2015-04-30,1.9778507806414325
2015-05-03,0.0
2015-05-04,2.3878316894158313
2015-05-05,-0.9698345767109928
2015-05-06,-0.7991877108512679
2015-05-07,-0.2443292501733474
2015-05-10,-1.6582265912024607
2015-05-11,2.867528271405484
2015-05-12,-1.2727391702656687
2015-05-13,0.6296603148301605
2015-05-14,-1.5346616169932603
2015-05-17,0.05016890196996027
2015-05-18,0.48137995587349547
2015-05-19,0.8583405416195511
2015-05-20,-0.9862778730703292
2015-05-21,1.166005929973024
2015-05-24,1.7222643000625704
2015-05-25,0.13596633214632003
2015-05-26,1.771628087417576
2015-05-27,-0.3208386277001263
2015-05-28,0.6533031645367782
2015-05-31,0.5509118541033642
2015-06-01,-0.19837521254486568
2015-06-02,-1.2904243571541296
2015-06-03,0.14703062072491946
2015-06-04,0.22341376228776078
2015-06-07,-0.01910706324437239
2015-06-08,-0.9459803796662003
2015-06-09,-0.4630373967008605
2015-06-10,0.5976417380067822
2015-06-11,-0.863840719332043
2015-06-14,0.9620679602215798
2015-06-15,0.21496406570842286
2015-06-16,-1.1717624459740672
2015-06-17,-1.182416016067911
2015-06-18,0.24259113558877665
2015-06-21,1.1576950748904524
2015-06-22,-0.2844950213371278
2015-06-23,-0.3436648943068388
2015-06-24,0.686446743444602
2015-06-25,0.9531810397751084
2015-06-28,0.04160798873384941
2015-06-29,-0.3423233195764097
2015-06-30,-0.22471910112359383
2015-07-01,1.2065637065637125
2015-07-02,-1.6372595771737553
2015-07-05,1.1376858435681925
2015-07-06,0.18854659337850244
2015-07-07,1.3907052406621823
2015-07-08,1.667348287035586
2015-07-09,-0.32800074264319745
2015-07-12,-2.033466828102193
2015-07-13,-0.7732285460768096
2015-07-14,0.1692641798671346
2015-07-15,-0.02869440459108974
2015-07-16,0.4783773440489858
2015-07-19,1.0982035167904636
2015-07-20,0.29197538616099195
2015-07-21,-0.7074659571137953
2015-07-22,1.5101358807024345
2015-07-23,2.0001242313187007
2015-07-26,2.186224955849214
2015-07-27,0.1698450536352869
2015-07-28,-0.21417735074515942
2015-07-29,-0.9122074824862048
2015-07-30,1.410993110502723
2015-08-02,1.4417942328230682
2015-08-03,0.8597999649061272
2015-08-04,0.5074228717234952
2015-08-05,0.5048610910769469
2015-08-06,1.3720649865089918
2015-08-09,0.0
2015-08-10,-2.7154830671650254
2015-08-11,1.027447099572143
2015-08-12,0.11812157879573792
2015-08-13,1.2719058444361275
2015-08-16,-1.1763703009121107
2015-08-17,-0.03737887805860263
2015-08-18,-0.3365356957947374
2015-08-19,0.6753441657767922
2015-08-20,-0.8743514032623301
2015-08-23,1.162588929377062
2015-08-24,1.4322469982847252
2015-08-25,1.7868718469039813
2015-08-26,-0.4817942683095655
2015-08-27,-1.221446259146941
2015-08-30,0.8027716748352232
2015-08-31,1.1316958672143551
2015-09-01,2.02530946065429
2015-09-02,1.6628300609343283
2015-09-03,-0.5034763845600532
2015-09-06,2.8032128514056343
2015-09-07,-0.12240539625492097
2015-09-08,-0.49804432855280467
2015-09-09,-0.9748683141591719
2015-09-10,1.8366104745018097
2015-09-13,0.5223356981367333
2015-09-14,-1.4864794995088082
2015-09-15,1.2858529928884366
2015-09-16,-0.8057621058631614
2015-09-17,1.6402862665203966
2015-09-20,1.2232101557280162
2015-09-21,
2015-09-22,2.759583650672748
2015-09-23,3.1474664624354443
2015-09-24,-5.798663505065738
2015-09-27,0.879735570811091
2015-09-28,3.4302853110192544
2015-09-29,-1.2013548748690095
2015-09-30,-2.681037884767168
2015-10-01,1.3457688116177202
2015-10-04,-1.7830349104731358
2015-10-05,-0.4481222151495934
2015-10-06,-1.5575845929563292
2015-10-07,0.813198233307344
2015-10-08,-2.535886400536047
2015-10-11,-0.6028715724900158
2015-10-12,0.0372429570907995
2015-10-13,3.411780348357918
2015-10-14,-2.1009051635465847
2015-10-15,-0.3834939980562724
2015-10-18,3.380355965721815
2015-10-19,-0.839135868594898
2015-10-20,0.37296157209731895
2015-10-21,0.8815314045562905
2015-10-22,-0.8738283333756702
2015-10-26,-0.6842118750480464
2015-10-27,0.7302095159459343
2015-10-28,-0.5251159097312996
2015-10-29,0.35535870628831123
2015-10-30,-1.3471210099558761
2015-11-02,0.1742658724998014
2015-11-03,0.48813418497171135
2015-11-04,-2.6639450157614597
2015-11-05,0.7565501314008127
2015-11-06,-0.4083675835177547
2015-11-09,-0.3650697071506004
2015-11-10,0.8708812362265395
2015-11-11,-1.4134926693164185
2015-11-12,0.4672398141720491
2015-11-13,0.10630099125674697
2015-11-16,1.9565159680373645
2015-11-17,-0.39056397437899903
2015-11-18,-0.4522166457549215
2015-11-19,-1.081847543523351
2015-11-20,-0.15661915000929616
2015-11-23,-1.6377751781346372
2015-11-24,0.7919775110822647
2015-11-25,-0.8769342165249716
2015-11-26,1.1687679238136406
2015-11-27,-0.02674225811627462
2015-11-30,2.755189385833523
2015-12-01,0.6560108293851119
2015-12-02,-0.41380023793513576
2015-12-03,-0.47525061029449756
2015-12-04,-1.9935808783237197
2015-12-07,-0.130461407385718
2015-12-08,0.22660623833645754
2015-12-09,1.4629605000664903
2015-12-10,-1.8822912570454764
2015-12-11,1.7393860047559162
2015-12-14,0.12868322916119723
2015-12-15,1.8805570855299436
2015-12-16,0.5534960354237395
2015-12-17,-0.33282982155200536
2015-12-18,-0.4264173238459734
2015-12-21,2.633955060237847
2015-12-22,0.8294791876131136
2015-12-23,-0.6531385551179159
2015-12-24,-1.109103683629431
2015-12-25,-0.7104795737122527
2015-12-28,-0.12266802964476797
2015-12-29,-1.3586817460723544
2015-12-30,0.23345697906669294
2015-12-31,2.3964183121554905
2016-01-01,-0.16933303005028932
2016-01-04,-0.022784810126585953
2016-01-05,2.2334202729735964
2016-01-06,-0.25759789958634816
2016-01-07,-0.17383098661503116
2016-01-08,0.5373267991741093
2016-01-11,-1.1951008289001641
2016-01-12,1.4324351397375423
2016-01-13,-0.6221607742445179
2016-01-14,-0.2757626950213643
2016-01-15,-0.20427991330560502
2016-01-18,-0.039941086896821965
2016-01-19,1.1987113852608422
2016-01-20,0.1505317967573916
2016-01-21,1.0595308495959133
2016-01-22,1.2702979470424758
2016-01-25,-1.5408691465029545
2016-01-26,-0.03912458735786384
2016-01-27,-0.5137111964578334
2016-01-28,0.9343726179645184
2016-01-29,-0.9232868035762065
2016-02-01,-1.718711581017951
2016-02-02,-0.9356783668159396
2016-02-03,0.6465136247695513
2016-02-04,-2.3335758914008964
2016-02-05,-0.15671967731161196
2016-02-08,0.3165045545777234
2016-02-09,-0.1769911504424737
2016-02-10,-0.25953335389042875
2016-02-11,1.1541929666366135
2016-02-12,1.5587194050378228
2016-02-15,-0.4840125391849526
2016-02-16,0.6753691850209131
2016-02-17,1.68961201501876
2016-02-18,-2.0086153846153865
2016-02-19,1.0977417166972314
2016-02-22,-0.20374695621926397
2016-02-23,-1.8324868041031728
2016-02-24,0.27138074464847506
2016-02-25,0.022764638927541547
2016-02-26,-0.0632207161642695
2016-02-29,0.3238948353956328
2016-03-01,1.2157288067192962
2016-03-02,-2.2651947469411127
2016-03-03,-0.8337582865884818
2016-03-04,-2.396318103514772
2016-03-07,-0.7191591370090289
2016-03-08,0.3263638293355964
2016-03-09,-0.7511041760334236
2016-03-10,-2.0198790204386197
2016-03-11,-1.7106801925535042
2016-03-14,-1.1704482567791885
2016-03-15,2.3322227510709226
2016-03-16,2.9357045143638905
2016-03-17,-0.6830927889854621
2016-03-18,-3.1044264839693914
2016-03-21,0.013809865768110718
2016-03-22,-0.23473530142774646
2016-03-23,-0.9632951336987272
2016-03-24,2.859299010565164
2016-03-25,-0.07880220646178104
2016-03-27,0.1713260089198254
2016-03-28,-0.17103298493280628
2016-03-29,-1.1503317741760055
2016-03-30,-1.067429640430273
2016-03-31,-0.266955868857921
2016-04-03,-1.056740554858493
2016-04-04,1.9331567378684467
2016-04-05,1.5619816432599798
2016-04-06,-1.015325149032309
2016-04-07,1.270487295127043
2016-04-10,-2.6177157443110888
2016-04-11,-2.724332162177223
2016-04-12,-0.17199369356457606
2016-04-13,0.31586503948313194
2016-04-14,-0.6011163589523361
2016-04-17,1.6846652267818563
2016-04-18,2.2344944774851383
2016-04-19,-2.343555223136373
2016-04-20,-0.025529742149610346
2016-04-21,0.0
2016-04-24,1.0753603450232685
2016-04-25,-0.3340538416191863
2016-04-26,-0.8506083821541166
2016-04-27,0.03692971990227889
2016-04-28,-1.1869941786170735
2016-05-01,-1.3478173405753302
2016-05-02,1.8556280587275875
2016-05-03,1.6702416702416567
2016-05-04,-0.26723677177979965
2016-05-05,-0.34692841428328736
2016-05-08,-0.9651580764767465
2016-05-09,0.40011431837667644
2016-05-10,-1.2126387702818042
2016-05-11,-0.6742738589211594
2016-05-12,0.8732230925442508
2016-05-15,1.5271346811998487
2016-05-16,-1.0112741487734334
2016-05-17,-0.240377736442976
2016-05-18,2.0768193683485814
2016-05-19,0.06744414781509889
2016-05-22,-0.10109803701311426
2016-05-23,0.2586231130351724
2016-05-24,0.022430954717500562
2016-05-25,0.2691110924228468
2016-05-26,0.162151583773662
2016-05-29,0.7312920423144575
2016-05-30,-1.1499348832054168
2016-05-31,0.44289959073835483
2016-06-01,0.2176825184192932
2016-06-02,-0.30353661932610576
2016-06-05,-1.5530292449931427
2016-06-06,-1.1349127535820736
2016-06-07,-1.4234466924953448
2016-06-08,-2.2533407086086865
2016-06-09,1.143708116157871
2016-06-12,0.5860007656291355
2016-06-13,1.8004567012120276
2016-06-14,-0.06326747764070495
2016-06-15,-0.16690167189432614
2016-06-16,-0.23347649381719737
2016-06-19,-1.398358950652956
2016-06-20,-0.6182606657290091
2016-06-21,0.6014682902379276
2016-06-22,-1.1078221623047502
2016-06-23,-1.105414456331677
2016-06-26,0.919988013185491
2016-06-27,0.6413872969682544
2016-06-28,-2.5610007966246684
2016-06-29,-1.9651778955336874
2016-06-30,-0.9791203360513867
2016-07-03,0.7704544745625208
2016-07-04,1.7922367362099845
2016-07-05,0.3223354112817489
2016-07-06,0.8456851868691384
2016-07-07,1.0249474000601166
2016-07-10,-1.8862872273957998
2016-07-11,0.2880795706098116
2016-07-12,-0.41424770198355
2016-07-13,-0.9685744648550099
2016-07-14,-0.40470934510669077
2016-07-17,0.8681196896933807
2016-07-18,-0.8301287920405298
2016-07-19,-0.04616236843725252
2016-07-20,0.1477878013485645
2016-07-21,0.4888246687367426
2016-07-24,-0.5231597625894868
2016-07-25,0.941104105797308
2016-07-26,-0.3686664026080755
2016-07-27,-0.3486238532110164
2016-07-28,0.7150309949057743
2016-07-31,-1.0877845150674914
2016-08-01,0.37582404041649475
2016-08-02,-0.1718634912840633
2016-08-03,-0.5595179537629225
2016-08-04,-1.4746800222593115
2016-08-07,-0.8221155354733556
2016-08-08,0.2499446325181287
2016-08-09,-0.8110837593890086
2016-08-10,-0.5790830125043778
2016-08-11,0.4576439338176419
2016-08-14,1.6406498884995235
2016-08-15,-0.17865538316877982
2016-08-16,0.5149459934689737
2016-08-17,0.11245782831439399
2016-08-18,1.0328257613579472
2016-08-21,-1.0315327835943022
2016-08-22,-0.18099547511312153
2016-08-23,1.1504673773720553
2016-08-24,-0.37706691392366265
2016-08-25,0.1551205286507651
2016-08-28,1.1089427872254864
2016-08-29,-1.118225544560525
2016-08-30,0.2850415169165954
2016-08-31,-0.3336628769154748
2016-09-01,0.8431494110353377
2016-09-04,0.08914299766382694
2016-09-05,0.34089862104971225
2016-09-06,-2.1700538687561166
2016-09-07,-0.17520257798078198
2016-09-08,0.7584542576863917
2016-09-11,1.76677346107188
2016-09-12,-0.7580157104869034
2016-09-13,2.069666451076402
2016-09-14,0.8871186747533288
2016-09-15,-1.3070136084941009
2016-09-18,-1.0394569367840445
2016-09-19,0.1745521359669322
2016-09-20,-0.46160430423085597
2016-09-21,-1.4280888179109996
2016-09-22,0.23055832502492102
2016-09-25,0.8144233758159647
2016-09-26,-0.08016773556980272
2016-09-27,-0.24686786397580818
2016-09-28,-0.45783579780981354
2016-09-29,1.2897010379762541
2016-10-02,0.015340717331935316
2016-10-03,-1.567580833179949
2016-10-04,1.4273693396079423
2016-10-05,-1.1061607005684482
2016-10-06,0.2703122572626837
2016-10-09,-0.24479424888447232
2016-10-10,-0.5156400459727206
2016-10-11,-0.2123208542792021
2016-10-12,0.15019243405614002
2016-10-13,-0.7310900740463033
2016-10-16,0.7773896075284004
2016-10-17,0.0687070580887017
2016-10-18,-0.7022033580925013
2016-10-19,-0.49030392557437574
2016-10-20,-0.8527841824326532
2016-10-23,0.3121913924373221
2016-10-24,-0.7748737654418969
2016-10-25,-0.45127220355256625
2016-10-26,0.9130658436214079
2016-10-27,0.8442716961896357
2016-10-31,1.1941996019334766
2016-11-01,-0.1529768037213941
2016-11-02,1.1537739978738193
2016-11-03,0.5409415474019408
2016-11-04,0.17831888335484436
2016-11-07,-0.8010066290203732
2016-11-08,-0.9714444822572221
2016-11-09,-1.0247117998062993
2016-11-10,2.0485464473974924
2016-11-11,5.029384472626042
2016-11-14,-0.16491930733890658
2016-11-15,1.4837758112094424
2016-11-16,0.04069412551230833
2016-11-17,0.2614986779789108
2016-11-18,-0.5303271799924625
2016-11-21,-1.4596200908984946
2016-11-22,0.15078496880820413
2016-11-23,-0.7026037669008667
2016-11-24,2.0067784516589304
2016-11-25,-1.1774649529305514
2016-11-28,0.8936207862683121
2016-11-29,-0.4033908213972426
2016-11-30,1.3676919464663095
2016-12-01,-1.3752967745671474
2016-12-02,4.893873117458836
2016-12-05,-2.751189476630289
2016-12-06,-1.574236624744585
2016-12-07,-0.4005847953216346
2016-12-08,-0.7251269706132657
2016-12-09,-0.2336172226165223
2016-12-12,0.09781545484186527
2016-12-13,-1.175599644655012
2016-12-14,-0.09288946154076827
2016-12-15,1.0437286305560622
2016-12-16,-0.09795191451470453
2016-12-19,0.7338740826573931
2016-12-20,-0.7816186880604037
2016-12-21,-0.3210559172389216
2016-12-22,-0.8261012197667728
2016-12-23,-1.1757984001924515
2016-12-26,-0.511213218513229
2016-12-27,0.003058571647041042
2016-12-28,-0.006116956202595336
2016-12-29,0.4006851410044643
2016-12-30,-0.9200304645849311
2017-01-02,0.02767272391845932
2017-01-03,0.9467601131193826
2017-01-04,-0.6242387332521249
2017-01-05,-1.513712272100498
2017-01-06,-0.5102517034317522
2017-01-09,0.7661756887763049
2017-01-10,-0.828626404320032
2017-01-11,-0.031294007197613105
2017-01-12,0.05634684614179708
2017-01-13,-0.2972186590745607
2017-01-16,0.0
2017-01-17,1.685075938245273
2017-01-18,-0.947384662860673
2017-01-19,0.6168608636052175
2017-01-20,-1.074436462719841
2017-01-23,-1.646373908416543
2017-01-24,0.6173821722941897
2017-01-25,0.22139987981149023
2017-01-26,-0.006311736674347035
2017-01-27,0.23986113302825185
2017-01-30,-2.0937627908441225
2017-01-31,0.5113197838950478
2017-02-01,0.7870740681490851
2017-02-02,-0.7015650296815945
2017-02-03,-0.17583120204603953
2017-02-06,-0.09607686148919159
2017-02-07,-0.1859272319281846
2017-02-08,0.09634839579919507
2017-02-09,-0.025668174671922284
2017-02-10,0.4140055842613677
2017-02-13,-0.6935566351316869
2017-02-14,0.09655305590421381
2017-02-15,-0.9292305713642701
2017-02-16,-0.8146176814228245
2017-02-17,1.0274532901410227
2017-02-20,0.25910931174089047
2017-02-21,-0.32304958811176787
2017-02-22,0.2722411278561099
2017-02-23,-1.0213646207052562
2017-02-24,-0.0653103876171568
2017-02-27,1.120805149821913
2017-02-28,0.3457635881858767
2017-03-01,0.08694812095448867
2017-03-02,-0.6370656370656369
2017-03-03,2.150119810893081
2017-03-06,-1.096811006149745
2017-03-07,0.5512820512820538
2017-03-08,-0.6789493816141801
2017-03-09,1.3928559966622789
2017-03-10,1.0128826005760816
2017-03-13,-1.3724814338984093
2017-03-14,0.15567911040508253
2017-03-15,0.3584570485978933
2017-03-16,-2.0166261023485177
2017-03-17,0.6258266395690271
2017-03-20,-1.0483121213092694
2017-03-21,-0.505410484027724
2017-03-22,0.51449039400846
2017-03-23,-0.06479201762343845
2017-03-24,1.727826763485485
2017-03-26,-0.9050062139511206
2017-03-27,0.4984403640222457
2017-03-28,0.4223729681300359
2017-03-29,-0.5193729288809457
2017-03-30,0.8199609237372174
2017-04-02,-0.8228230136290038
2017-04-03,-0.28188865398167673
2017-04-04,-0.5589463539993567
2017-04-05,0.7752939656286317
2017-04-06,0.702013078599828
2017-04-09,0.10186216775425194
2017-04-10,-0.4102140108754315
2017-04-11,0.15965259595120962
2017-04-12,-0.42399897985208046
2017-04-13,0.6050904434128368
2017-04-16,0.04136965376781987
2017-04-17,-0.4262493240449139
2017-04-18,-0.7603105133693222
2017-04-19,1.3455657492354778
2017-04-20,-0.03811580853158025
2017-04-23,-0.00953258555496106
2017-04-24,-0.6292106266683639
2017-04-25,0.645986568596113
2017-04-26,0.7594051855617678
2017-04-27,0.3153479865031006
2017-04-30,-0.15717833453836594
2017-05-01,-0.03148515474953317
2017-05-02,-0.7842272684324914
2017-05-03,0.37775379340994064
2017-05-04,0.7210398153125963
2017-05-07,-0.22606675248829644
2017-05-08,0.5884759417188468
2017-05-09,-0.3003378801151424
2017-05-10,-0.6621061880255907
2017-05-11,-0.8434153583725679
2017-05-14,1.2328767123287898
2017-05-15,-2.187116467885586
2017-05-16,-0.3989447268515578
2017-05-17,1.2145487434588764
2017-05-18,7.518988957681749
2017-05-21,-3.4342534876818154
2017-05-22,0.3719300402668102
2017-05-23,0.09799718258101109
2017-05-24,0.17132717371350914
2017-05-25,-0.02137926821819125
2017-05-28,-2.926531235680452
2017-05-29,2.44516474179437
2017-05-30,0.024574553050338288
2017-05-31,-0.95510103801979
2017-06-01,0.7410622926421029
2017-06-04,0.006155740227753448
2017-06-05,1.4434322294718749
2017-06-06,-0.6098115955219918
2017-06-07,-0.2655677655677535
2017-06-08,-0.23566859486426894
2017-06-11,-2.512578230457718
2017-06-12,4.37423293577115
2017-06-13,-0.06934603672325013
2017-06-14,-1.261163408158339
2017-06-15,0.030556743873377812
2017-06-18,0.4582111436950198
2017-06-19,-0.22806057288816683
2017-06-20,1.3532047179299678
2017-06-21,0.23755826191551588
2017-06-22,0.18899622007559902
2017-06-25,0.0538970566218433
2017-06-26,-1.397575938949569
2017-06-27,0.5220347213791499
2017-06-28,-0.981280193236711
2017-06-29,0.707424912334198
2017-07-02,-3.7847821479395694
2017-07-03,3.864430248292794
2017-07-04,0.26359642478412937
2017-07-05,-0.6708570047141316
2017-07-06,0.31335564344388
2017-07-09,-3.627210141631021
2017-07-10,
2017-07-11,2.372785347893114
2017-07-12,-1.4232578156220255
2017-07-13,0.09978795060496815
2017-07-16,-1.0062305295950091
2017-07-17,0.11014255593668754
2017-07-18,-0.895888344021134
2017-07-19,-0.15859422082659114
2017-07-20,-0.9308383899355066
2017-07-23,1.9016162134428027
2017-07-24,-1.0479277464833125
2017-07-25,0.852308866556406
2017-07-26,-1.0626892028254176
2017-07-27,0.4812749003983985
2017-07-30,0.796168242085904
2017-07-31,-1.633256758032553
2017-08-01,-0.09597543028985189
2017-08-02,-0.33943896503136894
2017-08-03,-0.022492127755291413
2017-08-06,0.5720713482243456
2017-08-07,-0.16297574537437187
2017-08-08,0.05441392996607952
2017-08-09,0.8445567676509169
2017-08-10,0.6756971100466247
2017-08-13,0.12919082430049578
2017-08-14,0.29895836611384397
2017-08-15,-0.6149598393574207
2017-08-16,-0.5114282106326584
2017-08-17,0.6949292377990579
2017-08-20,0.13865691866512542
2017-08-21,-0.4625987349340832
2017-08-22,-0.07903888713246543
2017-08-23,-0.6707799398829262
2017-08-24,0.22935049214793946
2017-08-27,0.38773240108056495
2017-08-28,0.22477601544939052
2017-08-29,-0.050540147829925
2017-08-30,-0.17065925036344742
2017-08-31,-0.4052171710776209
2017-09-03,1.0076287349014779
2017-09-04,-1.2052742549642836
2017-09-05,-0.7517360005096507
2017-09-06,-0.5744913023942533
2017-09-07,-0.009683979469965465
2017-09-10,2.5858729338843034
2017-09-11,-2.4546055323032445
2017-09-12,0.7161983417750095
2017-09-13,0.3107082225567881
2017-09-14,-0.4310895388938585
2017-09-17,-0.2693948237708854
2017-09-18,0.8103675595716675
2017-09-19,-0.06698778270439742
2017-09-20,-0.0702247191011307
2017-09-21,0.12457675844885774
2017-09-24,-0.35093316318391965
2017-09-25,1.0821194173203263
2017-09-26,0.20903936908116538
2017-09-27,0.8849837226208246
2017-09-28,-0.3446223252608238
2017-10-01,-0.5501587600993285
2017-10-02,-0.3319213504457408
2017-10-03,-0.3837736686859605
2017-10-04,-0.24197656647988453
2017-10-05,0.6127920337035686
2017-10-08,0.09833777439411939
2017-10-09,0.9919188718111149
2017-10-10,-0.28241496171708125
2017-10-11,-0.25489332242430995
2017-10-12,-0.022084108906206268
2017-10-15,-0.719469864310518
2017-10-16,0.766003432712492
2017-10-17,-0.447907138125736
2017-10-18,0.44358543772378134
2017-10-19,-0.16403268035709573
2017-10-22,0.821510948213211
2017-10-23,1.363251747155969
2017-10-24,0.2535246104377942
2017-10-25,-0.35156972799605946
2017-10-26,1.7114384748700306
2017-10-30,-1.5731020842842058
2017-10-31,1.6229751452949248
2017-11-01,-0.5384357983755694
2017-11-02,-0.10398825544409851
2017-11-03,-0.04898658992100735
2017-11-06,0.8576854744838602
2017-11-07,-1.3575897467047349
2017-11-08,0.683518581237097
2017-11-09,-0.5749059661783962
2017-11-10,-0.0799680127948843
2017-11-13,0.8526487518084158
2017-11-14,-0.015260651935056213
2017-11-15,1.0989346439146397
2017-11-16,
2017-11-17,
2017-11-20,-1.7331441166701822
2017-11-21,-0.015363343063456991
2017-11-22,0.10141364474491876
2017-11-23,-1.0560893991956477
2017-11-24,-0.08067268609017741
2017-11-27,0.391267894295555
2017-11-28,-0.20105787373565498
2017-11-29,-0.517604760724022
2017-11-30,1.0935601458080146
2017-12-01,0.8136094674556116
2017-12-04,-0.4218635363169465
2017-12-05,-0.45435009516793246
2017-12-06,-0.07093073459569776
2017-12-07,-0.18516803999628628
2017-12-08,1.6355934823609308
2017-12-11,0.018252616208314087
2017-12-12,0.4714398686051613
2017-12-13,-0.006054551509093731
2017-12-14,0.16651024794889224
2017-12-15,0.9611315964456191
2017-12-18,-1.4489282720632213
2017-12-19,-0.04556500607532099
2017-12-20,-0.060781036316670534
2017-12-21,0.2432720085145279
2017-12-22,0.3124526012437512
2017-12-25,0.9435103423249158
2017-12-26,-0.07489514679448472
2017-12-27,-0.7734972268025886
2017-12-28,0.1087711877209463
2017-12-29,-0.06639905834061599
2018-01-01,-0.10570505270153241
2018-01-02,0.10279356633209336
2018-01-03,-1.6067653276955585
2018-01-04,-0.6845110197065463
2018-01-05,-0.07417709782104875
2018-01-08,-0.20104543626859872
2018-01-09,0.38430546085663764
2018-01-10,0.24081506637851913
2018-01-11,-0.6283109523222863
2018-01-12,-0.3781304240019878
2018-01-15,-0.42001120029867556
2018-01-16,0.3905395694691949
2018-01-17,0.2956554213867868
2018-01-18,-0.015514940888083917
2018-01-19,-0.5306933151263182
2018-01-22,-0.32448285544911526
2018-01-23,0.1878110620715523
2018-01-24,1.0872621614022027
2018-01-25,-2.794004017926144
2018-01-26,0.05723188451878247
