Date,macdh
2010-01-04,0.0
2010-01-05,0.0003589743589744485
2010-01-06,0.00014124572013096877
2010-01-07,0.00039960222316689044
2010-01-08,5.469853410359951e-05
2010-01-11,-0.00017481750284352568
2010-01-12,0.0001478104905363655
2010-01-13,0.0009124983552105269
2010-01-14,0.00262844282098663
2010-01-15,0.0033922000270319593
2010-01-18,0.003474511225024802
2010-01-19,0.004198650263085048
2010-01-20,0.0056719936540269265
2010-01-21,0.007169972578387435
2010-01-22,0.009249532796930882
2010-01-25,0.00645631244326446
2010-01-26,0.00920121982672314
2010-01-27,0.011816598844665384
2010-01-28,0.014466205081262753
2010-01-29,0.015595584300860232
2010-02-01,0.01408154002275432
2010-02-02,0.008671835148331006
2010-02-03,0.006680879296201606
2010-02-04,0.008113503098645253
2010-02-05,0.008494046628333175
2010-02-08,0.006670284207436622
2010-02-09,0.0015849579786917922
2010-02-10,-0.001166078578199163
2010-02-11,-0.0030781424388533415
2010-02-12,-0.0036487060248119527
2010-02-15,-0.004986687378036411
2010-02-16,-0.006939124230908575
2010-02-17,-0.009233959812008294
2010-02-18,-0.012143065619895744
2010-02-19,-0.015443575892487665
2010-02-22,-0.016382623224253746
2010-02-23,-0.01489695375101836
2010-02-24,-0.013461119792197948
2010-02-25,-0.009860775959471655
2010-02-26,-0.010858026860376874
2010-03-01,-0.011971183481252454
2010-03-02,-0.020145696912131396
2010-03-03,-0.017367210089546625
2010-03-04,-0.014617625547861378
2010-03-05,-0.013360435717236092
2010-03-08,-0.010940241071582623
2010-03-09,-0.009186345703732793
2010-03-10,-0.009081585742690333
2010-03-11,-0.008248975950146929
2010-03-12,-0.008111078522656169
2010-03-15,-0.007346258388644493
2010-03-16,-0.005659916412297475
2010-03-17,-0.004601673912008334
2010-03-18,-0.0023224477597306066
2010-03-19,0.002497527833109449
2010-03-22,0.006133270707914636
2010-03-23,0.005996636817573207
2010-03-24,0.007414393094918523
2010-03-25,0.008831652497779958
2010-03-26,0.012468933452583916
2010-03-28,0.012408158618318196
2010-03-29,0.009978191400549317
2010-03-30,0.00634440191650968
2010-03-31,0.001903143760125365
2010-04-01,-0.0009520547658035446
2010-04-04,-0.003181638487370058
2010-04-05,-0.005276068113815858
2010-04-06,-0.003163747493893818
2010-04-07,-0.002074707102974164
2010-04-08,-0.001425367660320146
2010-04-11,-0.0027097944077111562
2010-04-12,-0.008681284230660271
2010-04-13,-0.007693192502635532
2010-04-14,-0.006002647509406676
2010-04-15,-0.0036666930802712536
2010-04-18,-0.0013074930528403743
2010-04-19,-0.0005694303056707033
2010-04-20,-0.0004647884673729119
2010-04-21,0.00178559890212995
2010-04-22,0.0031954924131081634
2010-04-25,0.0016913878824952114
2010-04-26,0.003506874827610102
2010-04-27,0.0037446688538357413
2010-04-28,0.00039800563916201834
2010-04-29,-0.0018599965533331632
2010-05-02,-0.0027266799294689524
2010-05-03,-0.0006298303227752454
2010-05-04,0.004771676221859179
2010-05-05,0.014985434604361473
2010-05-06,0.022685788783318474
2010-05-09,0.016878064185665582
2010-05-10,0.01245990495195803
2010-05-11,0.00878429977215013
2010-05-12,0.0055554376253906124
2010-05-13,0.00735518832203044
2010-05-16,0.008152112301588283
2010-05-17,0.009778187753999438
2010-05-18,0.011944061463283667
2010-05-19,0.01958926026292976
2010-05-20,0.018345746928082222
2010-05-23,0.018367277127074283
2010-05-24,0.01797771287178375
2010-05-25,0.01580436096009863
2010-05-26,0.0072956428083792504
2010-05-27,0.0010255585699558423
2010-05-30,-0.0032853635835094694
2010-05-31,-0.0036465709417691713
2010-06-01,-0.004388788679963548
2010-06-02,-0.006418341417588763
2010-06-03,-0.005165085885481764
2010-06-06,8.262629994776338e-05
2010-06-07,0.001292912528514427
2010-06-08,-0.00060425237490596
2010-06-09,-0.005841417474234337
2010-06-10,-0.009183277123132536
2010-06-13,-0.012315181101963248
2010-06-14,-0.01604212018547427
2010-06-15,-0.017446994800625247
2010-06-16,-0.01774247452682217
2010-06-17,-0.018779878662298577
2010-06-20,-0.019623582850395692
2010-06-21,-0.01872542679962068
2010-06-22,-0.01279626096544205
2010-06-23,-0.011244591953457077
2010-06-24,-0.009416555828883654
2010-06-27,-0.007425850171769615
2010-06-28,-0.0023830565627330318
2010-06-29,-0.0011359445407763975
2010-06-30,0.0008472902950972892
2010-07-01,-0.0009491912545035435
2010-07-04,-0.0020446084789314707
2010-07-05,-0.0033149719681310977
2010-07-06,-0.004059263638358974
2010-07-07,-0.0037491091672037305
2010-07-08,-0.0047257630797449025
2010-07-11,-0.004468702367806894
2010-07-12,-0.00441166787573594
2010-07-13,-0.002686087545679894
2010-07-14,-0.0007648248653702554
2010-07-15,0.0022777582318782574
2010-07-18,0.004722542474731892
2010-07-19,0.004573294076743256
2010-07-20,0.004110178590695408
2010-07-21,0.00232930814254146
2010-07-22,0.0012783271640427717
2010-07-25,0.0013496494031142343
2010-07-26,0.0008412562498591701
2010-07-27,0.0008238625808873312
2010-07-28,0.0012281227086871158
2010-07-29,0.000749495536754902
2010-08-01,-0.0014461252438640968
2010-08-02,-0.0012299846954607237
2010-08-03,-0.0008891770014060399
2010-08-04,-0.0006264674015281912
2010-08-05,-0.0001697829885714229
2010-08-08,-0.005601134993747099
2010-08-09,-0.0030022078667093534
2010-08-10,9.71496073050894e-05
2010-08-11,0.0032836552276145174
2010-08-12,0.004997329086880227
2010-08-15,0.00028768341078225235
2010-08-16,0.0017282488379552815
2010-08-17,0.0017111613985503916
2010-08-18,0.0018751013005598918
2010-08-19,0.0035180955422268786
2010-08-22,-0.0016130598139986359
2010-08-23,0.0015737903782276127
2010-08-24,0.0035622058211851656
2010-08-25,0.00524870483680831
2010-08-26,0.0050373946067348695
2010-08-29,-0.002554132153170253
2010-08-30,4.234992049728832e-05
2010-08-31,0.001140818361018028
2010-09-01,0.0005764743702105727
2010-09-02,0.00022347912372655196
2010-09-05,-0.008275337793986638
2010-09-06,-0.006558679974476645
2010-09-07,-0.004359893443187584
2010-09-08,-0.003993644630780696
2010-09-09,-0.0028970909294489845
2010-09-12,-0.008949681487003303
2010-09-13,-0.005909759274889605
2010-09-14,-0.005421551682500716
2010-09-15,-0.0021170023455191443
2010-09-16,-0.0002022941739476744
2010-09-19,-0.005423405485458225
2010-09-20,-0.0004082656255673736
2010-09-21,0.0027197652536707674
2010-09-22,-0.0016572027063750557
2010-09-23,0.0014417279874077496
2010-09-26,-0.0032816612402791698
2010-09-27,-0.00015734764016163416
2010-09-28,0.0020297973850412
2010-09-29,0.0028082691395836384
2010-09-30,0.0024140953214354527
2010-10-03,-0.005745377255991786
2010-10-04,-0.0021725323042292508
2010-10-05,-0.0032347058573192547
2010-10-06,-0.0015868302224461908
2010-10-07,-0.0010289843190145267
2010-10-10,-0.007026942851919293
2010-10-11,-0.005635424621255592
2010-10-12,-0.0030930531408954187
2010-10-13,-0.0032996198625166347
2010-10-14,-0.0019433547831365743
2010-10-17,-0.007625885308620281
2010-10-18,-0.0021142174945510614
2010-10-19,0.004054204057442175
2010-10-20,0.006089701534378118
2010-10-21,0.009753779208798514
2010-10-24,0.005404711157776115
2010-10-25,0.009778169175727255
2010-10-26,0.012551461247492481
2010-10-27,0.015960233968186865
2010-10-28,0.016718739454925267
2010-11-01,0.00785037847535645
2010-11-02,0.009400554859885566
2010-11-03,0.009541371333193379
2010-11-04,0.007659272468375141
2010-11-05,0.004296893915648315
2010-11-08,0.0025471896805367867
2010-11-09,0.003515163896712438
2010-11-10,0.003957971244376487
2010-11-11,0.005826274995979311
2010-11-12,0.008157745141303688
2010-11-15,0.0026487350403348073
2010-11-16,0.005361095399756445
2010-11-17,0.008783499152780792
2010-11-18,0.009158525535650353
2010-11-19,0.006893750427943619
2010-11-22,0.0001673244683239386
2010-11-23,0.0019477621153849694
2010-11-24,0.00448236431243638
2010-11-25,0.004257803104613218
2010-11-26,0.0029440958322462466
2010-11-29,0.003639177140046218
2010-11-30,0.0021407332730918986
2010-12-01,0.0006302188564305811
2010-12-02,-0.001588689372794749
2010-12-03,-0.003595596968787246
2010-12-06,-0.013141981092148343
2010-12-07,-0.012767105450013961
2010-12-08,-0.01248227784939834
2010-12-09,-0.009777010306946351
2010-12-10,-0.006108148821909347
2010-12-13,-0.0033156117304941665
2010-12-14,-0.0029214836321725763
2010-12-15,-0.002513010096018571
2010-12-16,-0.001358181887029547
2010-12-17,0.00014318687652028475
2010-12-20,-0.0037694067681970185
2010-12-21,-0.0008422981168521764
2010-12-22,0.00022141894381378594
2010-12-23,0.0007756896231904406
2010-12-24,0.0002523040764148784
2010-12-27,-0.0002687336629403161
2010-12-28,-0.001283678526531047
2010-12-29,-0.0011608388890957015
2010-12-30,-0.0025495063353234175
2010-12-31,-0.005291964300284359
2011-01-03,-0.012620003786089134
2011-01-04,-0.012517547576433554
2011-01-05,-0.009010994792386845
2011-01-06,-0.0052571785556325915
2011-01-07,-0.0010992213402028547
2011-01-10,-0.004727463603589624
2011-01-11,0.00022633897026981195
2011-01-12,-0.0025794059474658314
2011-01-13,-0.006202846643942259
2011-01-14,-0.0023234368778753157
2011-01-17,-0.0022612786387419953
2011-01-18,0.0024173752513502733
2011-01-19,0.004046251115502341
2011-01-20,0.004830456088535905
2011-01-21,0.0007828623962353454
2011-01-24,-0.003670504153270592
2011-01-25,0.00042794786611869903
2011-01-26,0.002778383392421476
2011-01-27,-0.002044156431600233
2011-01-28,0.002092379182815341
2011-01-31,-0.00011977340955856078
2011-02-01,0.002828894567267634
2011-02-02,0.004447824422518731
2011-02-03,0.005048950985423906
2011-02-04,0.00601572822079195
2011-02-07,0.0007782942447972403
2011-02-08,-0.0019613058772891163
2011-02-09,0.0012119747256554066
2011-02-10,0.0029316821576906016
2011-02-11,0.004230608791674606
2011-02-14,-0.0012830472303892813
2011-02-15,0.001937739834486524
2011-02-16,0.0042184836105172395
2011-02-17,0.005563871272868679
2011-02-18,0.00529528578715009
2011-02-21,-0.00115212690100367
2011-02-22,0.0016956516072426714
2011-02-23,0.0038600865759260963
2011-02-24,0.005103811426732218
2011-02-25,0.00459595846473073
2011-02-28,0.0037211556705045007
2011-03-01,0.0028451861634070635
2011-03-02,0.0019823933320043605
2011-03-03,0.0009388265464413679
2011-03-04,-0.000356933123151948
2011-03-07,-0.0023674361262392726
2011-03-08,-0.0019326865061409814
2011-03-09,-0.001298329098808983
2011-03-10,-0.0007223186995162947
2011-03-11,0.0002480589984599525
2011-03-14,0.0004952099411113658
2011-03-15,0.0017683049535988204
2011-03-16,0.002273502824169613
2011-03-17,0.004116444813490723
2011-03-18,0.005504858078261781
2011-03-21,0.004059690118209719
2011-03-22,0.0029088682233760774
2011-03-23,0.0014601664500187854
2011-03-24,0.0005355513039829955
2011-03-25,-0.00042176032166032877
2011-03-27,-0.00199936050383107
2011-03-28,-0.0016193428817123305
2011-03-29,-0.0018409803393301723
2011-03-30,-0.005397812110441395
2011-03-31,-0.007515039308071148
2011-04-03,-0.01037596445995736
2011-04-04,-0.0124572649838611
2011-04-05,-0.012814750237739925
2011-04-06,-0.011290785667502143
2011-04-07,-0.012406961719035221
2011-04-10,-0.015193245257936111
2011-04-11,-0.015093151115666645
2011-04-12,-0.012248567290975544
2011-04-13,-0.009451487051482112
2011-04-14,-0.007561189641185684
2011-04-17,-0.009267230277957506
2011-04-18,-0.006155233260701817
2011-04-19,-0.00502126524507801
2011-04-20,-0.004955276630021238
2011-04-21,-0.004191552958776754
2011-04-24,-0.0041103767292058335
2011-04-25,-0.0015558451580428082
2011-04-26,-0.0008862641770487623
2011-04-27,0.00024779843907996035
2011-04-28,0.00392323562824784
2011-05-01,0.0033736643031498717
2011-05-02,0.004927403336389864
2011-05-03,0.007395471479220733
2011-05-04,0.011108992898373707
2011-05-05,0.01568584465573176
2011-05-08,0.014693946622372965
2011-05-09,0.015573455624660122
2011-05-10,0.014404314988704366
2011-05-11,0.01470889471021128
2011-05-12,0.013812183225915466
2011-05-15,0.015039247349956836
2011-05-16,0.014460129869796091
2011-05-17,0.011734373211458165
2011-05-18,0.008557463999524962
2011-05-19,0.006680468436763053
2011-05-22,0.004533034019230521
2011-05-23,0.006203409015520184
2011-05-24,0.0057446271911405
2011-05-25,0.004826991254620119
2011-05-26,0.003379816255317858
2011-05-29,-0.001354232466815786
2011-05-30,-0.004503817075915358
2011-05-31,-0.008137434749889266
2011-06-01,-0.00835700823975483
2011-06-02,-0.009941299263341821
2011-06-05,-0.011537748932505353
2011-06-06,-0.010475283375394795
2011-06-07,-0.009635775360396498
2011-06-08,-0.007978316912974653
2011-06-09,-0.00576238356295391
2011-06-12,-0.0029811844662829216
2011-06-13,-0.001728937695611504
2011-06-14,-0.002018860126001479
2011-06-15,0.00028497117951477476
2011-06-16,0.0029723037464762705
2011-06-19,0.002516565862473369
2011-06-20,0.0027208150361286657
2011-06-21,0.0019583675942689473
2011-06-22,0.0013901200761196868
2011-06-23,0.0014800300794723265
2011-06-26,0.001464521695145873
2011-06-27,0.0020815545495194536
2011-06-28,0.0002531765556744803
2011-06-29,-0.001903523396863254
2011-06-30,-0.004148679139342158
2011-07-03,-0.006870530408901681
2011-07-04,-0.007781722017426999
2011-07-05,-0.006280926621174566
2011-07-06,-0.00418718795529628
2011-07-07,-0.004398508523466401
2011-07-10,-0.003227325120784958
2011-07-11,0.0001468006975850894
2011-07-12,0.0017267151491942787
2011-07-13,0.0018784024302544722
2011-07-14,0.0031383625940762053
2011-07-17,0.002812637657761581
2011-07-18,0.0034812445845032996
2011-07-19,0.002561104193499841
2011-07-20,0.0015168879523967341
2011-07-21,-0.0002811186300340409
2011-07-24,-0.0010786518363304163
2011-07-25,-0.002659492049366847
2011-07-26,-0.004718946060070428
2011-07-27,-0.0018809750590013576
2011-07-28,9.221248814489033e-05
2011-07-31,-0.0006220401005712535
2011-08-01,0.0005401974440800584
2011-08-02,0.0020762808946314677
2011-08-03,0.003021265749490845
2011-08-04,0.0053387339787477495
2011-08-07,0.008689094037439307
2011-08-08,0.010921713909939408
2011-08-09,0.01580863449701267
2011-08-10,0.017268462021671135
2011-08-11,0.017447060009115434
2011-08-14,0.015076088367708873
2011-08-15,0.009818672473435857
2011-08-16,0.005315315976287255
2011-08-17,0.001380919186796654
2011-08-18,0.002358303479777066
2011-08-21,0.001227081280063753
2011-08-22,0.0012428918821694914
2011-08-23,0.0003913889345530091
2011-08-24,0.0009799745714893261
2011-08-25,0.0013787711346917812
2011-08-28,0.00026892438783098806
2011-08-29,-0.0013077665600422835
2011-08-30,-0.003359459130598102
2011-08-31,-0.005108667891020251
2011-09-01,-0.003948504235466719
2011-09-04,0.0008085158644386414
2011-09-05,0.00612652891523968
2011-09-06,0.010380260252828673
2011-09-07,0.011524999329344605
2011-09-08,0.011221914506010854
2011-09-11,0.01321801971891894
2011-09-12,0.01719690580361174
2011-09-13,0.019541546618826428
2011-09-14,0.021268776484766834
2011-09-15,0.018972849585724254
2011-09-18,0.016312825811293084
2011-09-19,0.022805829269811763
2011-09-20,0.026079195343935768
2011-09-21,0.03160900016648922
2011-09-22,0.03826775664290678
2011-09-25,0.037042015920139046
2011-09-26,0.03228375666038874
2011-09-27,0.02112214340633585
2011-09-28,0.014103771833108125
2011-09-29,0.009290557726875245
2011-10-02,0.0072776370303787585
2011-10-03,0.009840200814104264
2011-10-04,0.005120037075470096
2011-10-05,-0.0012231758364737444
2011-10-06,-0.009601303800876287
2011-10-09,-0.02101464470163944
2011-10-10,-0.029982786909954623
2011-10-11,-0.03594813025523903
2011-10-12,-0.03411014034501615
2011-10-13,-0.03583644689981755
2011-10-16,-0.03726336507078842
2011-10-17,-0.03212707665226117
2011-10-18,-0.02891880894393757
2011-10-19,-0.0253237123493317
2011-10-20,-0.018821694113110236
2011-10-23,-0.016551963369115925
2011-10-24,-0.016875807884088195
2011-10-25,-0.01487694458841305
2011-10-26,-0.013497000556388368
2011-10-27,-0.01835395877340887
2011-10-31,-0.023364732129495212
2011-11-01,-0.02468431148715348
2011-11-02,-0.01791064830051455
2011-11-03,-0.013819693395436396
2011-11-04,-0.010712481985446559
2011-11-07,-0.005896971611398575
2011-11-08,-0.002368473696973619
2011-11-09,-0.0012684997933975952
2011-11-10,0.0017645199449356566
2011-11-11,0.00409751503363936
2011-11-14,0.0028606813822863626
2011-11-15,0.004511784541096478
2011-11-16,0.00662532825844836
2011-11-17,0.007779634551801928
2011-11-18,0.0073865475793069985
2011-11-21,0.008465189032915077
2011-11-22,0.012062465494062227
2011-11-23,0.01460999886990388
2011-11-24,0.021450903521781667
2011-11-25,0.02656755972017606
2011-11-28,0.0288196717044809
2011-11-29,0.025212484662599302
2011-11-30,0.019647110483735117
2011-12-01,0.01051035233051828
2011-12-02,0.002717193443976869
2011-12-05,-0.003167782659097583
2011-12-06,-0.009047123172369817
2011-12-07,-0.011147953189867665
2011-12-08,-0.011217199233830709
2011-12-09,-0.008630957254528688
2011-12-12,-0.00934635199488662
2011-12-13,-0.008039068428198858
2011-12-14,-0.000842764113326365
2011-12-15,0.005853047133058831
2011-12-16,0.007263178390083471
2011-12-19,0.006763205353708439
2011-12-20,0.007540172265380715
2011-12-21,0.004183915801780798
2011-12-22,0.0032791086721174756
2011-12-23,0.0016788715521445854
2011-12-26,0.0011650920852274427
2011-12-27,0.0003992960161071993
2011-12-28,-0.00010231899496970093
2011-12-29,0.0014005998221150243
2011-12-30,0.0004786278001021327
2012-01-02,-0.0008183146464849633
2012-01-03,-0.0009147303678456176
2012-01-04,-0.005790913087389528
2012-01-05,-0.010905256147527069
2012-01-06,-0.010681158225276155
2012-01-09,-0.00965113845553258
2012-01-10,-0.009577496557505259
2012-01-11,-0.014603615648915439
2012-01-12,-0.016594361474644527
2012-01-13,-0.01999933135623031
2012-01-16,-0.019918484744719564
2012-01-17,-0.02034303170514099
2012-01-18,-0.019522394921160056
2012-01-19,-0.019374867451515967
2012-01-20,-0.019817022774329385
2012-01-23,-0.018339579661277205
2012-01-24,-0.017315588475912864
2012-01-25,-0.014739313526386157
2012-01-26,-0.011904205464988066
2012-01-27,0.0025736963891961895
2012-01-30,-0.0028362582559252406
2012-01-31,-0.004747854799204164
2012-02-01,-0.005606544088448663
2012-02-02,-0.007228068939763979
2012-02-03,-0.009290064763675561
2012-02-06,-0.010120410565455096
2012-02-07,-0.008682671771332189
2012-02-08,-0.006823421989910004
2012-02-09,-0.005713628161775175
2012-02-10,-0.004684773406055637
2012-02-13,-0.002958567385145966
2012-02-14,-0.001759706256897406
2012-02-15,-0.00037585127368740257
2012-02-16,0.0024179649512264118
2012-02-17,0.0029058292844734643
2012-02-20,0.002681981981835155
2012-02-21,0.0038173273948091738
2012-02-22,0.0043834368565586965
2012-02-23,0.0036979364259962927
2012-02-24,0.004438021980672724
2012-02-27,0.004248594504574002
2012-02-28,0.004178807264117491
2012-02-29,0.003220877265256779
2012-03-01,0.005208069207775619
2012-03-02,0.006117187194352884
2012-03-05,0.008701297226124047
2012-03-06,0.011248226597011912
2012-03-07,0.015271959877529138
2012-03-08,0.018061056692580627
2012-03-09,0.01848494482199632
2012-03-12,0.021484635203330313
2012-03-13,0.023582372550427777
2012-03-14,0.022755739720474243
2012-03-15,0.022589289262915417
2012-03-16,0.020738939601465174
2012-03-19,0.018150918877826383
2012-03-20,0.01839848565247717
2012-03-21,0.016564899245303546
2012-03-22,0.014978584548203035
2012-03-23,0.012804933951206122
2012-03-25,0.009365121889791737
2012-03-26,0.007409426415139343
2012-03-27,0.005997328959738486
2012-03-28,0.004743796445306807
2012-03-29,0.0030318999656055445
2012-04-01,0.002072804918380508
2012-04-02,0.0019119019510945925
2012-04-03,0.0008896694987503145
2012-04-04,-0.00037836108809287394
2012-04-05,-0.0021032610136687002
2012-04-08,-0.0035598147486818124
2012-04-09,-0.0050062129211261575
2012-04-10,-0.004265793656665039
2012-04-11,-0.003638853717953354
2012-04-12,-0.004447782906008599
2012-04-15,-0.003602491822328205
2012-04-16,-0.00212661071779411
2012-04-17,0.0002335862865113711
2012-04-18,0.0038661907096634446
2012-04-19,0.005863458261799001
2012-04-22,0.005505128659651325
2012-04-23,0.0056804679684721165
2012-04-24,0.005083261815148364
2012-04-25,0.004021559884323768
2012-04-26,0.0034172055220286213
2012-04-29,0.0027660215897438584
2012-04-30,0.004359699371537067
2012-05-01,0.0048163348355593355
2012-05-02,0.006465436196025562
2012-05-03,0.005161451184088575
2012-05-06,0.00582836406755978
2012-05-07,0.004465942616913271
2012-05-08,0.0053644962290850945
2012-05-09,0.009216296366489019
2012-05-10,0.008429316093633336
2012-05-13,0.00867528537590289
2012-05-14,0.011348442233722077
2012-05-15,0.012811446460981618
2012-05-16,0.012414501931360511
2012-05-17,0.011967481764356247
2012-05-20,0.0122510443478724
2012-05-21,0.012439193307751062
2012-05-22,0.018234623484894852
2012-05-23,0.012495632732782577
2012-05-24,0.0075213950267571245
2012-05-27,-0.0022182143945578686
2012-05-28,-0.009336394734729359
2012-05-29,-0.012770592078058307
2012-05-30,-0.012052874993810303
2012-05-31,-0.01033841295310034
2012-06-03,-0.007669852566994179
2012-06-04,-0.004449109824944064
2012-06-05,-0.006848373522409287
2012-06-06,-0.007331900085562004
2012-06-07,-0.008117009046482465
2012-06-10,-0.009746244831874654
2012-06-11,-0.005504520409515892
2012-06-12,-0.0027195278029095785
2012-06-13,-0.0008597467096505967
2012-06-14,-0.0018707311653407069
2012-06-17,-0.004177070953943984
2012-06-18,-0.004420732293462182
2012-06-19,-0.008977415817346387
2012-06-20,-0.012557461082174232
2012-06-21,-0.009552722248071778
2012-06-24,-0.007138617359778353
2012-06-25,-0.0064175270131781245
2012-06-26,-0.004215289202022833
2012-06-27,-0.0030540100864799302
2012-06-28,-0.0022800108589480297
2012-07-01,-0.010769655940408115
2012-07-02,-0.018980031944176266
2012-07-03,-0.020427974497480565
2012-07-04,-0.01826794017989774
2012-07-05,-0.017172792949786592
2012-07-08,-0.014657382568448011
2012-07-09,-0.012001173758881347
2012-07-10,-0.009713220359223592
2012-07-11,-0.007549665695881004
2012-07-12,-0.005713454038914547
2012-07-15,-0.004280521563314111
2012-07-16,-0.0036507314244681784
2012-07-17,-0.004863673101864778
2012-07-18,-0.00570189094515323
2012-07-19,-0.0069120063252603526
2012-07-22,-0.005850958543106983
2012-07-23,-0.0031789324608391257
2012-07-24,-0.00019159842392665319
2012-07-25,4.1986560228073067e-05
2012-07-26,-0.0014372385540877774
2012-07-29,-0.002198887282982338
2012-07-30,-9.181734740213083e-05
2012-07-31,0.003320157070364902
2012-08-01,0.0034068965341104178
2012-08-02,0.004064709464393258
2012-08-05,0.0015012136686079467
2012-08-06,-2.75259107329188e-05
2012-08-07,-0.001197640998317661
2012-08-08,-0.0026660306767949476
2012-08-09,-0.0039830505984937824
2012-08-12,-0.00502496808848719
2012-08-13,-0.004679666799955047
2012-08-14,-0.003434028414539304
2012-08-15,-0.002740920975691612
2012-08-16,-0.0032283185178671515
2012-08-19,-0.003414406448176481
2012-08-20,-0.003343048060289358
2012-08-21,-0.0035148815980024055
2012-08-22,-0.002826568643577872
2012-08-23,-0.0012331031967787046
2012-08-26,-7.200166263280402e-05
2012-08-27,0.0017274282826770185
2012-08-28,0.004083954515268125
2012-08-29,0.0061718025054388875
2012-08-30,0.006997704460405683
2012-09-02,0.004892942918836931
2012-09-03,0.0034372619721166424
2012-09-04,0.0033758615117454992
2012-09-05,0.0030862296731917075
2012-09-06,0.0012959976605390615
2012-09-09,0.00012391787752164029
2012-09-10,-0.0014036587025730181
2012-09-11,-0.0032494659360052932
2012-09-12,-0.002727205699039558
2012-09-13,-0.0029754667735071728
2012-09-16,-0.00410807631329323
2012-09-17,-0.0019099456416464295
2012-09-18,-0.0017427973099701363
2012-09-19,-0.0013217954348426642
2012-09-20,-0.0013989166896155045
2012-09-23,-0.0012577157909374305
2012-09-24,-0.0004736688812726794
2012-09-25,0.0006732800066940859
2012-09-26,0.002024319925096217
2012-09-27,0.001998326898361923
2012-09-30,0.0013357878951124737
2012-10-01,0.0009186106369061797
2012-10-02,0.0008919768457966706
2012-10-03,2.459104055976217e-05
2012-10-04,-0.0008393338448027523
2012-10-07,-0.003708816885894549
2012-10-08,-0.0012947023566049318
2012-10-09,0.0005677526855916298
2012-10-10,0.002840667949768705
2012-10-11,0.004096509349599424
2012-10-14,0.005035368016118674
2012-10-15,0.004540609887181079
2012-10-16,0.0037117075037186517
2012-10-17,0.00252967321671626
2012-10-18,0.0011314471164049545
2012-10-21,0.00016621247941280178
2012-10-22,-0.0008603171169319843
2012-10-23,-0.0011802612226545052
2012-10-24,-0.0015101198911677254
2012-10-25,-0.0016722968172316654
2012-10-29,-0.001551135064571233
2012-10-30,-0.0006808392916206282
2012-10-31,-0.0003550998899665555
2012-11-01,-0.00028483606313697233
2012-11-02,-3.3118139512806205e-05
2012-11-05,2.5650456510625634e-05
2012-11-06,0.0007389184411257929
2012-11-07,0.00048316819161074915
2012-11-08,0.0007810796473065277
2012-11-09,0.0014469088826154241
2012-11-12,0.0027008097033334416
2012-11-13,0.003932326837232676
2012-11-14,0.0054719630941115005
2012-11-15,0.006932851001856061
2012-11-16,0.00756276667280995
2012-11-19,0.009497826065195072
2012-11-20,0.0096772394890405
2012-11-21,0.009541652594743127
2012-11-22,0.010776667998984357
2012-11-23,0.011798654593658406
2012-11-26,0.00866272148713015
2012-11-27,0.00617963355925143
2012-11-28,0.004285636942848992
2012-11-29,0.0037693643056847664
2012-11-30,0.003471391385078272
2012-12-03,0.007734135063542813
2012-12-04,0.007836923927364216
2012-12-05,0.007095977995010896
2012-12-06,0.0019687499190709987
2012-12-07,-0.0030779541538113186
2012-12-10,-0.006704951677017609
2012-12-11,-0.00857298579082938
2012-12-12,-0.009642267293833794
2012-12-13,-0.010719998461030507
2012-12-14,-0.009284261462635841
2012-12-17,-0.00799925710005401
2012-12-18,-0.005683614146219193
2012-12-19,-0.005012986716481729
2012-12-20,-0.006890486268610437
2012-12-21,-0.007838668314290139
2012-12-24,-0.009808823762504557
2012-12-25,-0.008260620889637664
2012-12-26,-0.006662730283183492
2012-12-27,-0.009097260478846765
2012-12-28,-0.011000791849673886
2012-12-31,-0.011208581476435544
2013-01-01,-0.010036276009156879
2013-01-02,-0.009403231166100732
2013-01-03,-0.00846899765497644
2013-01-04,-0.0069799869116752514
2013-01-07,-0.007681525504750581
2013-01-08,-0.008387130546506623
2013-01-09,-0.006524763455794674
2013-01-10,-0.003914173785486511
2013-01-11,-0.004485277971002049
2013-01-14,-0.004202467936833529
2013-01-15,-0.0033003433783022618
2013-01-16,-0.0026402747026418073
2013-01-17,-0.0006922215694987327
2013-01-18,0.000182626298669622
2013-01-21,-0.00014072277541562345
2013-01-22,0.0011625091128471716
2013-01-23,0.0024083582235003113
2013-01-24,0.0022497049937745366
2013-01-25,0.0014834511189044525
2013-01-28,0.00111018730269671
2013-01-29,-0.0035412899875608937
2013-01-30,-0.007034528372321009
2013-01-31,-0.008359790295999415
2013-02-01,-0.008209822086032836
2013-02-04,-0.007978151756955668
2013-02-05,-0.006088519991209081
2013-02-06,-0.005833214687186051
2013-02-07,-0.004704895830269461
2013-02-08,-0.00632196693062044
2013-02-11,-0.005857464756206597
2013-02-12,-0.00487092603882925
2013-02-13,-0.003918628974313637
2013-02-14,-0.003385716773891212
2013-02-15,-0.0035423658725489
2013-02-18,-0.0019692832188321283
2013-02-19,-0.0012337468263082726
2013-02-20,-0.001096778672204382
2013-02-21,0.000183509832322043
2013-02-22,0.002809691049500955
2013-02-25,0.004305847412532898
2013-02-26,0.006796177899210214
2013-02-27,0.008518347231905692
2013-02-28,0.00846806354005895
2013-03-01,0.008688234892442137
2013-03-04,0.009059240764436136
2013-03-05,0.007781291135546233
2013-03-06,0.005697196753325674
2013-03-07,0.0053406176955270585
2013-03-08,0.0036055238489136957
2013-03-11,0.000274817348736741
2013-03-12,0.00031716702253237194
2013-03-13,0.0015670483329040877
2013-03-14,0.003199204188689894
2013-03-15,0.0042906246024415305
2013-03-18,0.0057784063035271685
2013-03-19,0.007066923653638618
2013-03-20,0.0076119592561480365
2013-03-21,0.0078998918421369
2013-03-22,0.01040173433588744
2013-03-25,0.011677187781241393
2013-03-26,0.011848396549885018
2013-03-27,0.012489625449335056
2013-03-28,0.01162988951156024
2013-03-29,0.011594415733294158
2013-03-31,0.010878167022808714
2013-04-01,0.009276233503502478
2013-04-02,0.008125576251252202
2013-04-03,0.007159329380935725
2013-04-04,0.004991220685575604
2013-04-07,-0.0005572325027909039
2013-04-08,-0.0033281271084010626
2013-04-09,-0.006195017443089175
2013-04-10,-0.008740870357568677
2013-04-11,-0.009784101827466094
2013-04-14,-0.011109717882279086
2013-04-15,-0.007363626613888284
2013-04-16,-0.006384648430770089
2013-04-17,-0.0038725006389842406
2013-04-18,-0.00408184527137888
2013-04-21,-0.0010135278212157221
2013-04-22,0.002317511459994613
2013-04-23,0.004587065504554493
2013-04-24,0.004505180360860747
2013-04-25,0.002981743643855476
2013-04-28,0.0010616691118361145
2013-04-29,0.0013391616805410482
2013-04-30,0.0008581750826741636
2013-05-01,0.0004865246733636759
2013-05-02,0.0008398381808829925
2013-05-05,0.0007721054121525408
2013-05-06,0.0006974888710517971
2013-05-07,0.0005443103395417984
2013-05-08,-0.00028941067297830105
2013-05-09,0.00024306295839442507
2013-05-12,0.0010801378648396384
2013-05-13,0.0005175702544783709
2013-05-14,0.0016329680911508935
2013-05-15,0.0023723262091115537
2013-05-16,0.002984975369277984
2013-05-19,0.004232277747974399
2013-05-20,0.005279075577652382
2013-05-21,0.00518885938484316
2013-05-22,0.006382636056934661
2013-05-23,0.006096110721505784
2013-05-26,0.006197458490734446
2013-05-27,0.006624585538399643
2013-05-28,0.00896694192611715
2013-05-29,0.014051221814129287
2013-05-30,0.016330983156877612
2013-06-02,0.014373318703471201
2013-06-03,0.01610902376458126
2013-06-04,0.016368946500489763
2013-06-05,0.015448734371467987
2013-06-06,0.013955023865673329
2013-06-09,0.011854799097003758
2013-06-10,0.009457501090618714
2013-06-11,0.006978118427970248
2013-06-12,0.007790465945925362
2013-06-13,0.002794530185819613
2013-06-16,-0.003608089874116732
2013-06-17,0.0011682042973995693
2013-06-18,0.004835968192627375
2013-06-19,0.012302552874653858
2013-06-20,0.01980344986356941
2013-06-23,0.02067174214148322
2013-06-24,0.01783903874219682
2013-06-25,0.012475373175166282
2013-06-26,0.00468043306357066
2013-06-27,6.084574724833647e-05
2013-06-30,-0.0044196664850079115
2013-07-01,-0.0033861035499014314
2013-07-02,-0.00019370437021884457
2013-07-03,0.0031765907743708383
2013-07-04,0.002185949717829247
2013-07-07,0.0009212013265380431
2013-07-08,0.0011442822465145275
2013-07-09,-0.0004457794756033001
2013-07-10,-6.296990761223142e-05
2013-07-11,-0.0028924547423688635
2013-07-14,-0.003968358545837436
2013-07-15,-0.01096344296485477
2013-07-16,-0.011308586401500814
2013-07-17,-0.014895688986822739
2013-07-18,-0.017127449504843933
2013-07-21,-0.015277674583811442
2013-07-22,-0.015730896566268082
2013-07-23,-0.018282736425076378
2013-07-24,-0.01510774074990575
2013-07-25,-0.013133960918190302
2013-07-28,-0.00986787090135844
2013-07-29,-0.006131961359046666
2013-07-30,-0.00220686336056361
2013-07-31,-0.000725166190241544
2013-08-01,0.0033865220674937427
2013-08-04,0.003218085383798329
2013-08-05,0.00493778412326417
2013-08-06,0.0044210108092784944
2013-08-07,0.004599927781597929
2013-08-08,0.0007916116277946333
2013-08-11,-0.0033141180979807602
2013-08-12,-0.004090489182119225
2013-08-13,-0.001415417970442548
2013-08-14,0.0013203620894439577
2013-08-15,0.0046497637569839
2013-08-18,0.012429123227857539
2013-08-19,0.019038761578556974
2013-08-20,0.019700746943228056
2013-08-21,0.02543866931444723
2013-08-22,0.025166958373692302
2013-08-25,0.011933958916403045
2013-08-26,0.006266243521326861
2013-08-27,0.0007091720701759424
2013-08-28,-0.006799054164116941
2013-08-29,-0.010079542320439727
2013-09-01,-0.00911123593905315
2013-09-02,-0.009402737884487145
2013-09-03,-0.01209364691605308
2013-09-04,-0.01349054485160632
2013-09-05,-0.018975710260900634
2013-09-08,-0.024446150264922757
2013-09-09,-0.030445557096188715
2013-09-10,-0.031912620359407146
2013-09-11,-0.03280156464786084
2013-09-12,-0.031764514820712596
2013-09-15,-0.02908105877296269
2013-09-16,-0.02536347559612051
2013-09-17,-0.025704139212450804
2013-09-18,-0.0331579157472818
2013-09-19,-0.03413764483314818
2013-09-22,-0.0314792326446537
2013-09-23,-0.02940332827946924
2013-09-24,-0.026381400361900023
2013-09-25,-0.019074040119998296
2013-09-26,-0.011066739842862848
2013-09-29,-0.007099593548008314
2013-09-30,-0.0045035860530184615
2013-10-01,-0.0027268782976614322
2013-10-02,-0.003924631592763586
2013-10-03,-0.0020265533619039863
2013-10-06,9.608202218892165e-05
2013-10-07,7.686561775113732e-05
2013-10-08,0.0014614925151074931
2013-10-09,0.0024878513979151584
2013-10-10,-0.00011256102252803907
2013-10-13,-0.001913339447483814
2013-10-14,-0.0011756266878885993
2013-10-15,-0.0002863462037449513
2013-10-16,0.0009557000592578108
2013-10-17,-0.0003870395516352154
2013-10-20,-0.0023520905002381923
2013-10-21,0.000398918139381553
2013-10-22,0.002484738088830714
2013-10-23,0.00632397537926211
2013-10-24,0.01070590567619139
2013-10-28,0.011244410099489108
2013-10-29,0.010534685293809826
2013-10-30,0.010518256216974359
2013-10-31,0.010220475194857873
2013-11-01,0.01630711188487754
2013-11-04,0.022094990436609313
2013-11-05,0.02342507320067504
2013-11-06,0.027868151101134712
2013-11-07,0.029984605243389056
2013-11-08,0.03239673082380931
2013-11-11,0.03301688434222034
2013-11-12,0.03394473352577845
2013-11-13,0.0329219705530851
2013-11-14,0.030150050831741812
2013-11-15,0.02429120599387565
2013-11-18,0.019583693343593167
2013-11-19,0.008167229660227843
2013-11-20,0.0012457374577279565
2013-11-21,-0.003579098300958157
2013-11-22,-0.0025713417665254104
2013-11-25,-0.005798610093521374
2013-11-26,-0.007009189318605578
2013-11-27,-0.006113339658813527
2013-11-28,-0.001360737562635328
2013-11-29,-0.00020005925637276573
2013-12-02,0.0022121493915597742
2013-12-03,0.006117573997244191
2013-12-04,0.010384154864048221
2013-12-05,0.014031738020184481
2013-12-06,0.011108877740396254
2013-12-09,0.0038644280272373682
2013-12-10,-0.0019475667508050062
2013-12-11,-0.007342533693793854
2013-12-12,-0.006608704760953071
2013-12-13,-0.007077286595290014
2013-12-16,-0.008297093436410975
2013-12-17,-0.00928041161193155
2013-12-18,-0.01060368444320186
2013-12-19,-0.009624411201068425
2013-12-20,-0.005561106875072178
2013-12-23,0.0005665794452307873
2013-12-24,0.00041046862852687355
2013-12-25,0.00013574548096800115
2013-12-26,-0.0004415165465685919
2013-12-27,-0.001368436896073931
2013-12-30,-0.004580035812090447
2013-12-31,-0.003356182629525875
2014-01-01,-0.0027123677439419777
2014-01-02,-0.0027147966732444344
2014-01-03,0.0006727858810097742
2014-01-06,0.0008012037212416605
2014-01-07,0.0008429269103146057
2014-01-08,-9.237040382973835e-05
2014-01-09,0.0020198449298661665
2014-01-10,0.002443747766796532
2014-01-13,-0.002109914517207951
2014-01-14,-0.004716876108980254
2014-01-15,-0.007040850171844731
2014-01-16,-0.007888420506135571
2014-01-17,-0.0075950670434789085
2014-01-20,-0.008907090639233239
2014-01-21,-0.010357867596318834
2014-01-22,-0.008695038606283567
2014-01-23,-0.005849852029957026
2014-01-24,-0.0011870555492583534
2014-01-27,0.0019485960141928174
2014-01-28,0.006880674056430964
2014-01-29,0.010086630870129967
2014-01-30,0.012530122249485673
2014-01-31,0.010178643796553363
2014-02-03,0.009656584951628615
2014-02-04,0.010465212869570122
2014-02-05,0.006209260609953464
2014-02-06,0.0015275856404792718
2014-02-07,-0.003829880541372614
2014-02-10,-0.007828128508162852
2014-02-11,-0.006241787508332413
2014-02-12,-0.005793109586832601
2014-02-13,-0.003464205557022336
2014-02-14,-0.005380339560737576
2014-02-17,-0.0074067682366114156
2014-02-18,-0.00879212438182414
2014-02-19,-0.008840650549166586
2014-02-20,-0.008207265168522222
2014-02-21,-0.010007131102044924
2014-02-24,-0.0144402150425551
2014-02-25,-0.017105961175031045
2014-02-26,-0.0176173497374954
2014-02-27,-0.015856333322571456
2014-02-28,-0.01760273990140305
2014-03-03,-0.015876621514592862
2014-03-04,-0.012883427836943684
2014-03-05,-0.01062755994564495
2014-03-06,-0.011123155767337814
2014-03-07,-0.010330897387775647
2014-03-10,-0.007102952064581065
2014-03-11,-0.0035224565346861705
2014-03-12,0.0011969934463079215
2014-03-13,0.0034063239473399592
2014-03-14,0.005948157416347657
2014-03-17,0.004799155253265817
2014-03-18,0.00473011404690615
2014-03-19,0.0024845683920088554
2014-03-20,0.0030584156021262014
2014-03-21,0.0007036988491129527
2014-03-24,-0.0010928597661109506
2014-03-25,-0.0021493472181655926
2014-03-26,-0.003741057535285173
2014-03-27,-0.006431420752941699
2014-03-28,-0.012271217606126168
2014-03-30,-0.01507948972797665
2014-03-31,-0.01410853539245182
2014-04-01,-0.013876339418657131
2014-04-02,-0.011828591956562697
2014-04-03,-0.00811063103942427
2014-04-06,-0.01082294452052656
2014-04-07,-0.013671839057134413
2014-04-08,-0.016285437317412013
2014-04-09,-0.018858226870667898
2014-04-10,-0.01609665964370638
2014-04-13,-0.01170790037186964
2014-04-14,-0.00798319651608051
2014-04-15,-0.001928926318455676
2014-04-16,0.0031409866982844425
2014-04-17,0.005457518940336838
2014-04-20,0.007190761364577802
2014-04-21,0.008451160387553135
2014-04-22,0.01045304559960851
2014-04-23,0.009229892092318392
2014-04-24,0.007330308392071848
2014-04-27,0.010029105275369266
2014-04-28,0.009280964228285268
2014-04-29,0.010398160364912541
2014-04-30,0.010292051530664072
2014-05-01,0.010409621839963398
2014-05-04,0.008289012715723298
2014-05-05,0.010346144917605347
2014-05-06,0.009453123761188315
2014-05-07,0.007029832707371297
2014-05-08,0.005290031698380614
2014-05-11,0.0034834164993926206
2014-05-12,0.0027300084102067634
2014-05-13,0.0025806581031022624
2014-05-14,0.0010760270822306219
2014-05-15,0.002346615918449115
2014-05-18,0.0025788360175243094
2014-05-19,0.0018741415380660181
2014-05-20,0.002822967370465383
2014-05-21,0.002505633418268434
2014-05-22,0.0031159323214347973
2014-05-25,0.004587647066964965
2014-05-26,0.005733099359010434
2014-05-27,0.007826242181212958
2014-05-28,0.008228778843285399
2014-05-29,0.007684981988740408
2014-06-01,0.008754360011786182
2014-06-02,0.013796553655016095
2014-06-03,0.016667938319524383
2014-06-04,0.017479648396374687
2014-06-05,0.014633331401119479
2014-06-08,0.010324847966068279
2014-06-09,0.004906562849469176
2014-06-10,0.00027806343960024883
2014-06-11,-0.0012649239383632545
2014-06-12,-0.002666442349468806
2014-06-15,-0.004410284756556249
2014-06-16,-0.004020840567604811
2014-06-17,9.399934975299132e-05
2014-06-18,-0.00236404111869237
2014-06-19,-0.003842579037735214
2014-06-22,-0.003663653408750276
2014-06-23,-0.005139996397164451
2014-06-24,-0.004705691041966899
2014-06-25,-0.006327807296933018
2014-06-26,-0.00838634400951858
2014-06-29,-0.009468203697008565
2014-06-30,-0.007051631201593928
2014-07-01,-0.006828701168941466
2014-07-02,-0.0031522108489428387
2014-07-03,-0.002563761397661358
2014-07-06,-0.0015745867944081029
2014-07-07,0.0008555518580190078
2014-07-08,0.0007665256136125988
2014-07-09,0.0005182075614860882
2014-07-10,0.0018666709295667733
2014-07-13,0.0025711082540518255
2014-07-14,0.0016676132217954293
2014-07-15,0.0021866398080526064
2014-07-16,0.0031055961872147025
2014-07-17,0.008023502039925632
2014-07-20,0.006518104894633491
2014-07-21,0.004752189659554986
2014-07-22,0.002164442832060899
2014-07-23,0.0014259268600522656
2014-07-24,0.000835327536462132
2014-07-27,0.001310997232258723
2014-07-28,0.0012017611361550239
2014-07-29,0.0020690756329955397
2014-07-30,0.004647009164182252
2014-07-31,0.008138631024553871
2014-08-03,0.008861519810731047
2014-08-04,0.009028990796682842
2014-08-05,0.011448266401934944
2014-08-06,0.011564988551514045
2014-08-07,0.013907461574855996
2014-08-10,0.012576537804080159
2014-08-11,0.010069205119192466
2014-08-12,0.008094492363090258
2014-08-13,0.006679083040184001
2014-08-14,0.0033502464307228162
2014-08-17,-0.001483272817754764
2014-08-18,-0.003442110615703549
2014-08-19,-0.006207255464990621
2014-08-20,-0.006063976051573626
2014-08-21,-0.004640274479139811
2014-08-24,-0.0029120458813158626
2014-08-25,-0.0005791273237434613
2014-08-26,-0.002366068043673255
2014-08-27,-0.005449181065483109
2014-08-28,-0.008073004293683555
2014-08-31,-0.010150900156158415
2014-09-01,-0.009571992532308499
2014-09-02,-0.009225385588350883
2014-09-03,-0.009340611717870604
2014-09-04,-0.008301224247395307
2014-09-07,-0.007441633807786095
2014-09-08,-0.0030597029256634913
2014-09-09,0.00215851038311454
2014-09-10,0.005554729962875979
2014-09-11,0.008601055397920727
2014-09-14,0.007075101791822786
2014-09-15,0.014310960362448352
2014-09-16,0.017258186780171825
2014-09-17,0.020820756247405158
2014-09-18,0.022786196335549704
2014-09-21,0.02281704520434867
2014-09-22,0.025270368933564033
2014-09-23,0.02692433943703952
2014-09-24,0.022274975929268928
2014-09-25,0.023580811351655885
2014-09-28,0.0219621218291002
2014-09-29,0.022259383023335216
2014-09-30,0.01969622269502011
2014-10-01,0.022245405490632003
2014-10-02,0.023296281162927784
2014-10-05,0.01722441978650477
2014-10-06,0.007937232377936684
2014-10-07,-0.003215588263261418
2014-10-08,-0.013299277681811564
2014-10-09,-0.017035764319098826
2014-10-12,-0.020362779225324534
2014-10-13,-0.021502013281325685
2014-10-14,-0.021020861854984543
2014-10-15,-0.013030285046392552
2014-10-16,-0.0061849184970243845
2014-10-19,-0.006617936752736843
2014-10-20,-0.0030618460968005884
2014-10-21,0.0008112285175945685
2014-10-22,0.0034655649985685932
2014-10-23,0.005859916771245421
2014-10-27,0.003076773838009042
2014-10-28,0.0070790997806797346
2014-10-29,0.0008005626912762076
2014-10-30,-0.0038087585430705284
2014-10-31,-0.014243589732554192
2014-11-03,-0.01905829677549159
2014-11-04,-0.011515782852156105
2014-11-05,-0.006450593764219872
2014-11-06,-0.0024486823628953255
2014-11-07,0.008072666887404961
2014-11-10,0.011516595531280961
2014-11-11,0.01264071193326928
2014-11-12,0.012797435159866179
2014-11-13,0.012782682163996278
2014-11-14,0.01443174837166003
2014-11-17,0.015485464174391131
2014-11-18,0.015692587865461682
2014-11-19,0.011046676198260025
2014-11-20,0.005542928790001567
2014-11-21,0.001181377239980505
2014-11-24,-0.00970498759902011
2014-11-25,-0.012830742240009532
2014-11-26,-0.01675765721499435
2014-11-27,-0.022704042025200807
2014-11-28,-0.02208605831586582
2014-12-01,-0.02052659591505452
2014-12-02,-0.01570612929579345
2014-12-03,-0.011305009554860176
2014-12-04,-0.010396633143887647
2014-12-05,-0.004681420129070121
2014-12-08,-0.0015264086256900414
2014-12-09,0.0014829749082308288
2014-12-10,0.00199356302839606
2014-12-11,0.004825049544956543
2014-12-12,0.010228155023524442
2014-12-15,0.013018145136914024
2014-12-16,0.019048717260158735
2014-12-17,0.02682745616771398
2014-12-18,0.02677077037932403
2014-12-19,0.01797970558551483
2014-12-22,0.010502966850223283
2014-12-23,0.0053284541893557635
2014-12-24,0.004778893112475535
2014-12-25,0.003470181488028634
2014-12-26,0.002256885898439573
2014-12-29,0.00033222466155290176
2014-12-30,-0.0007766885849539856
2014-12-31,-0.007925915471088577
2015-01-01,-0.012686374532833722
2015-01-02,-0.015811533116721052
2015-01-05,-0.012734075604984907
2015-01-06,-0.009232522414312744
2015-01-07,-0.007976158714837672
2015-01-08,-0.009361726220951085
2015-01-09,-0.0129857012545301
2015-01-12,-0.019350245958821392
2015-01-13,-0.017214099803378152
2015-01-14,-0.019318699574641655
2015-01-15,-0.02353128939839641
2015-01-16,-0.021885591835465124
2015-01-19,-0.022781971584836833
2015-01-20,-0.018408089351447002
2015-01-21,-0.019635732261661248
2015-01-22,-0.021304054135508538
2015-01-23,-0.02470801420369446
2015-01-26,-0.024689299417569418
2015-01-27,-0.02310820413167964
2015-01-28,-0.02219902303384163
2015-01-29,-0.019870100725589555
2015-01-30,-0.01375420697460529
2015-02-02,0.0010192498474962536
2015-02-03,0.016128253308464048
2015-02-04,0.02075256159627579
2015-02-05,0.028688088516942916
2015-02-06,0.03261445285377887
2015-02-09,0.0381767361805734
2015-02-10,0.03783809294222282
2015-02-11,0.04370069391156349
2015-02-12,0.04916307070063962
2015-02-13,0.04339522666596059
2015-02-16,0.038756395644614056
2015-02-17,0.032580505470018895
2015-02-18,0.026277831708878707
2015-02-19,0.02126386034886968
2015-02-20,0.019952340592832435
2015-02-23,0.017347115548791925
2015-02-24,0.01527887992073576
2015-02-25,0.010008735754606604
2015-02-26,0.006750397245676262
2015-02-27,0.008022743509827707
2015-03-02,-0.0012752769382428641
2015-03-03,-0.0008687300897159272
2015-03-04,0.0029590684035699505
2015-03-05,0.009783210528900355
2015-03-06,0.016216369222665394
2015-03-09,0.02562958612073883
2015-03-10,0.03748196525564029
2015-03-11,0.039077667307396424
2015-03-12,0.03999424682385044
2015-03-13,0.04173718697184875
2015-03-16,0.04964451313306503
2015-03-17,0.05015376097814034
2015-03-18,0.04659978831414932
2015-03-19,0.03655864970819611
2015-03-20,0.035709116581875894
2015-03-23,0.022957410583128612
2015-03-24,-0.0005310833644036062
2015-03-25,-0.01621707074044404
2015-03-26,-0.01936315136423533
2015-03-27,-0.024510833440834462
2015-03-29,-0.020440356835542878
2015-03-30,-0.02057406705091419
2015-03-31,-0.026135246152159813
2015-04-01,-0.03304961403548021
2015-04-02,-0.04265901745092285
2015-04-05,-0.04805978149389242
2015-04-06,-0.05035341577751734
2015-04-07,-0.05001783595716397
2015-04-08,-0.058467821085680466
2015-04-09,-0.06059077004758312
2015-04-12,-0.05756693030979228
2015-04-13,-0.047400559497912526
2015-04-14,-0.046201094495265924
2015-04-15,-0.04855008692419827
2015-04-16,-0.04888164090502523
2015-04-19,-0.04457797447401682
2015-04-20,-0.040734982094712116
2015-04-21,-0.03679156625522873
2015-04-22,-0.03512892659011531
2015-04-23,-0.03693232734359824
2015-04-26,-0.038623478684978035
2015-04-27,-0.041982120515554895
2015-04-28,-0.03885171163823533
2015-04-29,-0.03221465603241117
2015-04-30,-0.01848497312758391
2015-05-03,-0.008441273644883389
2015-05-04,0.007961834941996454
2015-05-05,0.014479596910547461
2015-05-06,0.01512873564895055
2015-05-07,0.01420082523653158
2015-05-10,0.006850698522741033
2015-05-11,0.0131140025394757
2015-05-12,0.011712174831925368
2015-05-13,0.012942868237224514
2015-05-14,0.007356682986054918
2015-05-17,0.003913139210127491
2015-05-18,0.003630654746627302
2015-05-19,0.0067910370610920374
2015-05-20,0.004818903212926058
2015-05-21,0.00800573969084871
2015-05-24,0.016448904057072056
2015-05-25,0.021567278645065843
2015-05-26,0.030742617146035333
2015-05-27,0.033626194218857555
2015-05-28,0.03624405537228533
2015-05-31,0.0380798612784545
2015-06-01,0.036217505155867934
2015-06-02,0.027636111147824466
2015-06-03,0.021037624336445022
2015-06-04,0.016286264707764217
2015-06-07,0.011934574553711767
2015-06-08,0.0043201229284615394
2015-06-09,-0.0029972281614650334
2015-06-10,-0.005538741187701805
2015-06-11,-0.010735641089595925
2015-06-14,-0.010075827719629803
2015-06-15,-0.008692376127509172
2015-06-16,-0.012434682938574776
2015-06-17,-0.019152433216954215
2015-06-18,-0.021736135093943666
2015-06-21,-0.017969923378578206
2015-06-22,-0.016021664274441814
2015-06-23,-0.015508220585025496
2015-06-24,-0.011839620709442805
2015-06-25,-0.005286622486813752
2015-06-28,-0.0008565252127807274
2015-06-29,0.0004810741171985579
2015-06-30,0.0002813907273585773
2015-07-01,0.004807766777491479
2015-07-02,0.0006885631810417576
2015-07-05,0.002430826745223536
2015-07-06,0.004010356589639295
2015-07-07,0.010207797964659152
2015-07-08,0.02015128314897017
2015-07-09,0.023757926407735285
2015-07-12,0.01614236510607943
2015-07-13,0.007101183954205545
2015-07-14,0.001414989750999747
2015-07-15,-0.002664848012759874
2015-07-16,-0.00348850540631538
2015-07-19,0.0002815288862006507
2015-07-20,0.0035033532551976623
2015-07-21,0.0021331251051967468
2015-07-22,0.00694994579763536
2015-07-23,0.01748232571502508
2015-07-26,0.03194963833451548
2015-07-27,0.03961537526054748
2015-07-28,0.04087937853356394
2015-07-29,0.03498479899542985
2015-07-30,0.03472436249391064
2015-08-02,0.03814678641885541
2015-08-03,0.041160604259662226
2015-08-04,0.04214765266973246
2015-08-05,0.041716555530958765
2015-08-06,0.04419146101949112
2015-08-09,0.0421563640812497
2015-08-10,0.02506485733818789
2015-08-11,0.01612087675222354
2015-08-12,0.008733500998001548
2015-08-13,0.00780730466276075
2015-08-16,3.6024683686464165e-05
2015-08-17,-0.006500143243465151
2015-08-18,-0.013232122407435404
2015-08-19,-0.01522377210575579
2015-08-20,-0.020984715665679804
2015-08-23,-0.019734535338190445
2015-08-24,-0.012846886163193072
2015-08-25,-0.001060012171777841
2015-08-26,0.002869195118519685
2015-08-27,-0.001721482048398143
2015-08-30,-0.0021668855260775777
2015-08-31,0.001545799725709146
2015-09-01,0.011852984897919527
2015-09-02,0.02420727943596121
2015-09-03,0.02689273983563828
2015-09-06,0.03909161854396859
2015-09-07,0.04256143561365178
2015-09-08,0.03844319757485895
2015-09-09,0.027386979188456617
2015-09-10,0.026105259829076133
2015-09-13,0.02466527612295641
2015-09-14,0.013240863137667813
2015-09-15,0.009720273705090765
2015-09-16,0.0010924586548274329
2015-09-17,0.0016982851832243462
2015-09-20,0.006115893224545144
2015-09-21,0.004892714579636082
2015-09-22,0.02485263261649262
2015-09-23,0.05111384635116495
2015-09-24,0.025229433553530883
2015-09-27,0.010287465382838368
2015-09-28,0.01682707305486017
2015-09-29,0.010333229448775016
2015-09-30,-0.011532464671769382
2015-10-01,-0.01976001199314012
2015-10-04,-0.035570318374199134
2015-10-05,-0.0479689719925043
2015-10-06,-0.06307817630793128
2015-10-07,-0.06693555767130979
2015-10-08,-0.08017461849971766
2015-10-11,-0.08860116627166267
2015-10-12,-0.09028614305237984
2015-10-13,-0.07128716158087889
2015-10-14,-0.06704735851874348
2015-10-15,-0.0635293339760809
2015-10-18,-0.042345428224458054
2015-10-19,-0.03163872979938726
2015-10-20,-0.02194887324349897
2015-10-21,-0.010829734291279224
2015-10-22,-0.008111816493463417
2015-10-26,-0.009795448862762818
2015-10-27,-0.007141156266684129
2015-10-28,-0.008088901738411126
2015-10-29,-0.006869168602650598
2015-10-30,-0.012757897235944844
2015-11-02,-0.015243246094374337
2015-11-03,-0.01389484032434983
2015-11-04,-0.02566937437459388
2015-11-05,-0.028269293939910997
2015-11-06,-0.03051204455227573
2015-11-09,-0.032128292487420565
2015-11-10,-0.02726943407113565
2015-11-11,-0.02954603977616067
2015-11-12,-0.02705182547491472
2015-11-13,-0.023354465667441388
2015-11-16,-0.010174284435383298
2015-11-17,-0.0030073266804268445
2015-11-18,-0.0002709544556146609
2015-11-19,-0.0034975063906253073
2015-11-20,-0.005789611420357596
2015-11-23,-0.01445689921824752
2015-11-24,-0.015054575937961855
2015-11-25,-0.01842727986131113
2015-11-26,-0.013650225106823767
2015-11-27,-0.009616439945070512
2015-11-30,0.007016001790708111
2015-12-01,0.020741901124051734
2015-12-02,0.02662777998840779
2015-12-03,0.0269371854367529
2015-12-04,0.016266369900974506
2015-12-07,0.008351532129022742
2015-12-08,0.004268559063137823
2015-12-09,0.008721371310027676
2015-12-10,0.002100628357555291
2015-12-11,0.006340807034012016
2015-12-14,0.009473890825604899
2015-12-15,0.020247622906137325
2015-12-16,0.028796462798049725
2015-12-17,0.031036231689432918
2015-12-18,0.028674170826749626
2015-12-21,0.038629037522484484
2015-12-22,0.04687883750566861
2015-12-23,0.04596794561067682
2015-12-24,0.0369616946394912
2015-12-25,0.0253361326453427
2015-12-28,0.015580594054004637
2015-12-29,0.0013101704400160646
2015-12-30,-0.007121267196644229
2015-12-31,-0.000767249334895713
2016-01-01,0.0018518180925076733
2016-01-04,0.00272848182218928
2016-01-05,0.013830752613028838
2016-01-06,0.018146505456885037
2016-01-07,0.01837487415037417
2016-01-08,0.01963724607123908
2016-01-11,0.012516502036826263
2016-01-12,0.013949652393348222
2016-01-13,0.010121628195164864
2016-01-14,0.0049730146764615235
2016-01-15,-0.0003746630435045861
2016-01-18,-0.004723624877014179
2016-01-19,-0.0018777795551775806
2016-01-20,-1.4663598752254203e-05
2016-01-21,0.005844212611800861
2016-01-22,0.01504852288591399
2016-01-25,0.01101553500560018
2016-01-26,0.006835847526027478
2016-01-27,0.0002917672618584499
2016-01-28,0.00013815760780612474
2016-01-29,-0.005689275689384127
2016-02-01,-0.018838644122437825
2016-02-02,-0.03169708040322952
2016-02-03,-0.035586191701700395
2016-02-04,-0.0487054679733477
2016-02-05,-0.055720212959829915
2016-02-08,-0.05606562585859768
2016-02-09,-0.05453545787297396
2016-02-10,-0.05219405235739545
2016-02-11,-0.042340969667650497
2016-02-12,-0.026106548037597616
2016-02-15,-0.016938355798089076
2016-02-16,-0.0067572851294192375
2016-02-17,0.008734990846071494
2016-02-18,0.007694118423289402
2016-02-19,0.012320041562594962
2016-02-22,0.013603059986041843
2016-02-23,0.004345317998398554
2016-02-24,-0.000284260718712296
2016-02-25,-0.003020467964918219
2016-02-26,-0.00485358100662591
2016-02-29,-0.004060695559096841
2016-03-01,0.0028640527457587054
2016-03-02,-0.004491308875417779
2016-03-03,-0.012973043215688538
2016-03-04,-0.02940845066202588
2016-03-07,-0.04148936614050444
2016-03-08,-0.04505878299615096
2016-03-09,-0.048198269782342866
2016-03-10,-0.0568437354095703
2016-03-11,-0.06671099070394813
2016-03-14,-0.07404546260620629
2016-03-15,-0.06320826324439865
2016-03-16,-0.03834221420049566
2016-03-17,-0.022874712353393528
2016-03-18,-0.025582162906225087
2016-03-21,-0.02461162324237212
2016-03-22,-0.022479287508786805
2016-03-23,-0.023036106027072817
2016-03-24,-0.007697985159447335
2016-03-25,0.0033890701232425213
2016-03-27,0.012396955946197524
2016-03-28,0.01799299354770334
2016-03-29,0.016521324634430207
2016-03-30,0.01110596821782489
2016-03-31,0.0072042987613998855
2016-04-03,0.0008274165338893469
2016-04-04,0.006824662056165248
2016-04-05,0.018703446152981112
2016-04-06,0.021631151875874
2016-04-07,0.02940325544753733
2016-04-10,0.021536513203575094
2016-04-11,0.004065020350835016
2016-04-12,-0.006815776448810221
2016-04-13,-0.010809930099153722
2016-04-14,-0.014337978356770573
2016-04-17,-0.007209254429345099
2016-04-18,0.008845418967893148
2016-04-19,0.008764568782026222
2016-04-20,0.009237617482541885
2016-04-21,0.010126858598674252
2016-04-24,0.016044640946438996
2016-04-25,0.0184111903154488
2016-04-26,0.016050148835082198
2016-04-27,0.014833644309222876
2016-04-28,0.008863395032557744
2016-05-01,-0.0004445805763814148
2016-05-02,0.0027608371073257476
2016-05-03,0.012958614589299866
2016-05-04,0.01830851175539948
2016-05-05,0.01994029335678489
2016-05-08,0.01632819396815799
2016-05-09,0.0157207264331599
2016-05-10,0.009768359553643871
2016-05-11,0.0032062799339555442
2016-05-12,0.0034272203295251796
2016-05-15,0.01081584499157881
2016-05-16,0.010951044469229634
2016-05-17,0.009992334479856937
2016-05-18,0.01868839903764386
2016-05-19,0.02400296067224944
2016-05-22,0.026098944197440813
2016-05-23,0.027641957657329255
2016-05-24,0.02762235461717407
2016-05-25,0.0276845953085514
2016-05-26,0.027246758312142395
2016-05-29,0.029060094076054532
2016-05-30,0.023482218331160487
2016-05-31,0.020824058945851754
2016-06-01,0.01906672152013783
2016-06-02,0.015535886966169298
2016-06-05,0.005337842651701797
2016-06-06,-0.006525536264169575
2016-06-07,-0.02002124281105373
2016-06-08,-0.03733522298194454
2016-06-09,-0.04126953072610956
2016-06-12,-0.03887866795236232
2016-06-13,-0.02725040199458565
2016-06-14,-0.018510144542153766
2016-06-15,-0.01245551241357349
2016-06-16,-0.008666744645303863
2016-06-19,-0.011620740553349704
2016-06-20,-0.015135186376869371
2016-06-21,-0.013485316150492088
2016-06-22,-0.016082681766335143
2016-06-23,-0.021105500985951625
2016-06-26,-0.018657937205696015
2016-06-27,-0.012775343672900633
2016-06-28,-0.018854667051297236
2016-06-29,-0.02927461279978036
2016-06-30,-0.03756473019657888
2016-07-03,-0.03680108077273264
2016-07-04,-0.026081367525744192
2016-07-05,-0.015661037663957433
2016-07-06,-0.003730820595061246
2016-07-07,0.009320205153137084
2016-07-10,0.009923888745558551
2016-07-11,0.011976170098240091
2016-07-12,0.011840384786424296
2016-07-13,0.007990330187021014
2016-07-14,0.004382638813524964
2016-07-17,0.006390090775385909
2016-07-18,0.004726210419661869
2016-07-19,0.004117889366491281
2016-07-20,0.004997778687442736
2016-07-21,0.00816968537052662
2016-07-24,0.00838132137957251
2016-07-25,0.012795525153155143
2016-07-26,0.014133225064318702
2016-07-27,0.013529639766552942
2016-07-28,0.01613904451962983
2016-07-31,0.013058231421389052
2016-08-01,0.012656371154767046
2016-08-02,0.011653937544933435
2016-08-03,0.008692858618423088
2016-08-04,0.0008743084604735801
2016-08-07,-0.006836782428179394
2016-08-08,-0.009708344726357482
2016-08-09,-0.013662471942031088
2016-08-10,-0.01709944349969686
2016-08-11,-0.015844978947628194
2016-08-14,-0.006931626139590405
2016-08-15,-0.0009700253880692844
2016-08-16,0.005651909019146348
2016-08-17,0.010693980988911181
2016-08-18,0.018222380462164192
2016-08-21,0.018385228933320633
2016-08-22,0.017403787329401163
2016-08-23,0.02115417386782966
2016-08-24,0.021371431463831733
2016-08-25,0.021509421103450187
2016-08-28,0.025472637246451303
2016-08-29,0.02233958143904323
2016-08-30,0.02070497785877875
2016-08-31,0.017495366340947237
2016-09-01,0.0182770904697748
2016-09-04,0.018376331539633854
2016-09-05,0.019047329378727745
2016-09-06,0.009532008888850883
2016-09-07,0.002443771751431907
2016-09-08,0.001046323454875037
2016-09-11,0.007447534800974194
2016-09-12,0.00796921567859815
2016-09-13,0.01650266007600396
2016-09-14,0.02474815709367941
2016-09-15,0.022994383188879846
2016-09-18,0.016212558942968098
2016-09-19,0.011703225989537689
2016-09-20,0.00617314440368635
2016-09-21,-0.0037286457670983528
2016-09-22,-0.008963427485502377
2016-09-25,-0.008578629189530845
2016-09-26,-0.008348103776751397
2016-09-27,-0.008896561893475732
2016-09-28,-0.010752163878020558
2016-09-29,-0.006119409291333946
2016-10-02,-0.0028818362179043634
2016-10-03,-0.007267869436049226
2016-10-04,-0.0038178800834090354
2016-10-05,-0.0060691458140656645
2016-10-06,-0.006056700753666058
2016-10-09,-0.006731000007906307
2016-10-10,-0.00889547545280494
2016-10-11,-0.01060939828635478
2016-10-12,-0.010446326039439057
2016-10-13,-0.012690845105246575
2016-10-16,-0.01015855010260814
2016-10-17,-0.007613629153748486
2016-10-18,-0.008329443059407783
2016-10-19,-0.010151830006925992
2016-10-20,-0.014004167624979493
2016-10-23,-0.014197994705379736
2016-10-24,-0.016421345625213565
2016-10-25,-0.018448139597071728
2016-10-26,-0.014778939126536113
2016-10-27,-0.00794076817174827
2016-10-31,0.0019855616875934998
2016-11-01,0.00787258112034963
2016-11-02,0.01623644523591896
2016-11-03,0.023201168537573494
2016-11-04,0.027377621689267082
2016-11-07,0.025453538463985417
2016-11-08,0.01907213984736794
2016-11-09,0.01000934703295262
2016-11-10,0.012188153040781805
2016-11-11,0.03374095103688566
2016-11-14,0.044761994028772345
2016-11-15,0.05563698890892671
2016-11-16,0.05948218298711913
2016-11-17,0.05955411924803992
2016-11-18,0.053637099262828974
2016-11-21,0.04009544427526757
2016-11-22,0.029438776170389758
2016-11-23,0.01739324420907215
2016-11-24,0.016722108670228636
2016-11-25,0.00940544156426358
2016-11-28,0.00730941655722013
2016-11-29,0.002950088383943991
2016-11-30,0.00510313876081768
2016-12-01,-0.0007969600272640931
2016-12-02,0.015905979843941542
2016-12-05,0.012040855976015369
2016-12-06,0.0010241411444867343
2016-12-07,-0.008666823749753888
2016-12-08,-0.018403053033571384
2016-12-09,-0.02547104614775926
2016-12-12,-0.029008555308849063
2016-12-13,-0.03556998617223092
2016-12-14,-0.03893026734240139
2016-12-15,-0.035181869538469475
2016-12-16,-0.03195710606404499
2016-12-19,-0.02558296799010841
2016-12-20,-0.02404562579729294
2016-12-21,-0.023561804087545622
2016-12-22,-0.025867006259463046
2016-12-23,-0.031195558656436626
2016-12-26,-0.03522238808612713
2016-12-27,-0.03598491374152479
2016-12-28,-0.034617737877271265
2016-12-29,-0.030210925293013058
2016-12-30,-0.02958769257460565
2017-01-02,-0.027331710279123688
2017-01-03,-0.020292023707452915
2017-01-04,-0.01712447865484247
2017-01-05,-0.020199595654189745
2017-01-06,-0.022768284796327906
2017-01-09,-0.01961272141243378
2017-01-10,-0.01952495470490983
2017-01-11,-0.018039895155380084
2017-01-12,-0.015358393310538884
2017-01-13,-0.013474827688854496
2017-01-16,-0.010946885185070476
2017-01-17,-0.001268611398834274
2017-01-18,0.001614470175412927
2017-01-19,0.006529225357226387
2017-01-20,0.005488747826885063
2017-01-23,-0.0015269929751862699
2017-01-24,-0.002726912394473799
2017-01-25,-0.0017951487612151845
2017-01-26,-0.0004910149293343297
2017-01-27,0.0019748231564905017
2017-01-30,-0.0044227471435445975
2017-01-31,-0.005513127567950943
2017-02-01,-0.002096911768704829
2017-02-02,-0.0019909229554606334
2017-02-03,-0.00184199224113539
2017-02-06,-0.0013506669772746505
2017-02-07,-0.0010247919993815469
2017-02-08,0.0003058256311968405
2017-02-09,0.0017107320329533687
2017-02-10,0.004833258566451018
2017-02-13,0.004441469811949275
2017-02-14,0.005009984116917832
2017-02-15,0.002067609597323508
2017-02-16,-0.0024407761414178275
2017-02-17,-0.000477411309523057
2017-02-20,0.0024538200228856333
2017-02-21,0.0035350026874265694
2017-02-22,0.005740366348811685
2017-02-23,0.0034162395112123656
2017-02-24,0.0021451697460542346
2017-02-27,0.006229040447616602
2017-02-28,0.010428809865449626
2017-03-01,0.013436211512343144
2017-03-02,0.012636188460888272
2017-03-03,0.020465048713539567
2017-03-06,0.020354111984095605
2017-03-07,0.021837598645457902
2017-03-08,0.01927893975836502
2017-03-09,0.022534936572283993
2017-03-10,0.027758357783893208
2017-03-13,0.02420307737433702
2017-03-14,0.02149252728096291
2017-03-15,0.020221409579193543
2017-03-16,0.01028763251617772
2017-03-17,0.006040825061343926
2017-03-20,-0.0010824441857389525
2017-03-21,-0.0074501792014834405
2017-03-22,-0.008985823053281947
2017-03-23,-0.009663733111961963
2017-03-24,-0.0026882358599443663
2017-03-26,-0.001703077503641284
2017-03-27,0.0010828813973621093
2017-03-28,0.004555473264000376
2017-03-29,0.004500769357082454
2017-03-30,0.007575754527715099
2017-04-02,0.005860686325979725
2017-04-03,0.0034024185912808584
2017-04-04,-0.0004982243736345064
2017-04-05,0.00018679607855900168
2017-04-06,0.003441651683405771
2017-04-09,0.005741980419613894
2017-04-10,0.005255427263563529
2017-04-11,0.005320310631625604
2017-04-12,0.0033795698766881013
2017-04-13,0.00438563444063879
2017-04-16,0.004929582408082934
2017-04-17,0.0032678951625382613
2017-04-18,-0.0010239887145422058
2017-04-19,0.001635770130233305
2017-04-20,0.003021207664354808
2017-04-23,0.0036432842152765215
2017-04-24,0.0012570979393800282
2017-04-25,0.0022130265558637256
2017-04-26,0.005680823458771456
2017-04-27,0.008754144296817526
2017-04-30,0.009484624242761964
2017-05-01,0.009197287873431737
2017-05-02,0.005215619793378739
2017-05-03,0.003812234392752363
2017-05-04,0.005480970625550533
2017-05-07,0.005146223200710766
2017-05-08,0.006867304748452055
2017-05-09,0.006158986380782546
2017-05-10,0.0024832545871014515
2017-05-11,-0.0035801241934414647
2017-05-14,-0.002466671259433024
2017-05-15,-0.01071780869516063
2017-05-16,-0.017093546431651004
2017-05-17,-0.015538867229884042
2017-05-18,0.016212155911734277
2017-05-21,0.020349979954300122
2017-05-22,0.02322888733550369
2017-05-23,0.023978915311629413
2017-05-24,0.023606957201922345
2017-05-25,0.02169335101407851
2017-05-28,0.006726220882802156
2017-05-29,0.0064913954528178774
2017-05-30,0.005672851236035309
2017-05-31,0.0004468563055910202
2017-06-01,-0.0002487635118342546
2017-06-04,-0.001092756718675529
2017-06-05,0.0039775564411745
2017-06-06,0.0039284154511041655
2017-06-07,0.002119164913666996
2017-06-08,-0.0005756389641200441
2017-06-11,-0.013153453760296509
2017-06-12,-0.0030417752424764938
2017-06-13,0.002733228245555712
2017-06-14,0.00043952759304971556
2017-06-15,-0.0013294506691057736
2017-06-18,-0.0008868856650622522
2017-06-19,-0.001951141655258691
2017-06-20,0.002724666755716122
2017-06-21,0.006088223201137999
2017-06-22,0.008234869533801516
2017-06-25,0.008913121527560922
2017-06-26,0.0024248291097377847
2017-06-27,-6.481673642678293e-05
2017-06-28,-0.0062610050819570245
2017-06-29,-0.007332010180297471
2017-07-02,-0.024033350274835004
2017-07-03,-0.017973158634909142
2017-07-04,-0.012486391546793318
2017-07-05,-0.01156213386774363
2017-07-06,-0.00937151922058739
2017-07-09,-0.023060481670717933
2017-07-10,-0.01844838533657435
2017-07-11,-0.01790119423199804
2017-07-12,-0.023548466222049536
2017-07-13,-0.025034179198380177
2017-07-16,-0.028991862321858117
2017-07-17,-0.02908979520961682
2017-07-18,-0.03119966681998078
2017-07-19,-0.03114517677922511
2017-07-20,-0.032954410134114626
2017-07-23,-0.024036862034521732
2017-07-24,-0.021152409887462663
2017-07-25,-0.014269770902639464
2017-07-26,-0.013104932287012157
2017-07-27,-0.009221471412124684
2017-07-30,-0.002569153298556226
2017-07-31,-0.00440997308499283
2017-08-01,-0.00517349831875287
2017-08-02,-0.0061851737374519974
2017-08-03,-0.0060250830402528086
2017-08-06,-0.002778782257535327
2017-08-07,-0.0006844593790134162
2017-08-08,0.001443499538008021
2017-08-09,0.006611557776547705
2017-08-10,0.012744248316974932
2017-08-13,0.016944543305907687
2017-08-14,0.02036124281855598
2017-08-15,0.01936779680348425
2017-08-16,0.016053029584005285
2017-08-17,0.016259366857196825
2017-08-20,0.01640102806241469
2017-08-21,0.01403162628939254
2017-08-22,0.011731263069326002
2017-08-23,0.007192010366010113
2017-08-24,0.005080769380381139
2017-08-27,0.005225699228211044
2017-08-28,0.006116591165857974
2017-08-29,0.006307966216912257
2017-08-30,0.005553176450332792
2017-08-31,0.003290780273415339
2017-09-03,0.005857235895564283
2017-09-04,0.0023931961636400705
2017-09-05,-0.002803440143964421
2017-09-06,-0.008081785780107546
2017-09-07,-0.010875297571679796
2017-09-10,-0.0017003833015345263
2017-09-11,-0.005639097759227579
2017-09-12,-0.004813325114152733
2017-09-13,-0.0026261105892443626
2017-09-14,-0.0026505283314589116
2017-09-17,-0.003404004415673484
2017-09-18,-0.0002847311210847567
2017-09-19,0.0016193187742412941
2017-09-20,0.002645422913296464
2017-09-21,0.0038391117631440125
2017-09-24,0.0031667592450462696
2017-09-25,0.007065282393163567
2017-09-26,0.0101399325057725
2017-09-27,0.015243073430157317
2017-09-28,0.016341629477438176
2017-10-01,0.01400627874873473
2017-10-02,0.010501893134377308
2017-10-03,0.0062204113407528915
2017-10-04,0.002236100715694165
2017-10-05,0.0020605929003755714
2017-10-08,0.002223029869854846
2017-10-09,0.006181386366826972
2017-10-10,0.00715594302453706
2017-10-11,0.006307716998207552
2017-10-12,0.005291231724286772
2017-10-15,0.0013907204703423395
2017-10-16,0.0018680288124894914
2017-10-17,0.00017302929946812207
2017-10-18,0.0008032503495813623
2017-10-19,0.0004060460343047797
2017-10-22,0.0033660649588636935
2017-10-23,0.010500674783723591
2017-10-24,0.015349333012556397
2017-10-25,0.015974863690186438
2017-10-26,0.022396040127530284
2017-10-30,0.018407399999624385
2017-10-31,0.021358834418806087
2017-11-01,0.019498040754827743
2017-11-02,0.01649908372267052
2017-11-03,0.013136069370994638
2017-11-06,0.013468828086159658
2017-11-07,0.006791739331604041
2017-11-08,0.004593545563013196
2017-11-09,7.481243226686168e-05
2017-11-10,-0.00359416284608903
2017-11-13,-0.0026629330687795993
2017-11-14,-0.002490188214058331
2017-11-15,0.0018621721443794065
2017-11-16,0.0014897377155035155
2017-11-17,0.0011917901724028124
2017-11-20,-0.005075405611981915
2017-11-21,-0.009035867979432032
2017-11-22,-0.010790676905759813
2017-11-23,-0.017049431831776353
2017-11-24,-0.02046186927525729
2017-11-27,-0.0197700962213447
2017-11-28,-0.019413419814540384
2017-11-29,-0.020622629575536258
2017-11-30,-0.015620597644049081
2017-12-01,-0.008358092143854617
2017-12-04,-0.00544441751488732
2017-12-05,-0.005442933013695483
2017-12-06,-0.005580478131831079
2017-12-07,-0.00625682514982551
2017-12-08,0.0003219530855075939
2017-12-11,0.0043407781816772895
2017-12-12,0.008442852706423988
2017-12-13,0.0103660047128285
2017-12-14,0.011532877183808528
2017-12-15,0.015466688736469395
2017-12-18,0.010751183783203368
2017-12-19,0.006793236078806754
2017-12-20,0.003440559602057979
2017-12-21,0.0018981701263453277
2017-12-22,0.0018551124513362938
2017-12-25,0.0053861860437508305
2017-12-26,0.006701171923987274
2017-12-27,0.003603352827647427
2017-12-28,0.0016129063455766895
2017-12-29,-0.000315916512814117
2018-01-01,-0.0022682185609514682
2018-01-02,-0.003254485703369857
2018-01-03,-0.010739944276132556
2018-01-04,-0.01796845359858752
2018-01-05,-0.02209582651121785
2018-01-08,-0.024533382802732685
2018-01-09,-0.023332563663208225
2018-01-10,-0.02044502822187065
2018-01-11,-0.020183651306764704
2018-01-12,-0.020495628648440616
2018-01-15,-0.021269500782839616
2018-01-16,-0.018941696486442963
2018-01-17,-0.015129919799951628
2018-01-18,-0.011824372359367109
2018-01-19,-0.0110930867154749
2018-01-22,-0.011136689394237703
2018-01-23,-0.009552430621275552
2018-01-24,-0.0033447271787329508
2018-01-25,-0.01048981490787669
2018-01-26,-0.013871151537283827
