Date,boll_lb
2010-01-04,
2010-01-05,1.7025441558772845
2010-01-06,1.7107185411973045
2010-01-07,1.7136660470986829
2010-01-08,1.716144621021681
2010-01-11,1.7176603132026322
2010-01-12,1.7189715781741695
2010-01-13,1.718404919318286
2010-01-14,1.7126013460085465
2010-01-15,1.7111532583171227
2010-01-18,1.7113928911390246
2010-01-19,1.7101736455755556
2010-01-20,1.7068802267456202
2010-01-21,1.7033627073387985
2010-01-22,1.6982890445053553
2010-01-25,1.7003542280427228
2010-01-26,1.695742209976741
2010-01-27,1.690706628043619
2010-01-28,1.6850507477889964
2010-01-29,1.6813629193279798
2010-02-01,1.6856480204115896
2010-02-02,1.6910275717092342
2010-02-03,1.697413611541137
2010-02-04,1.7013265724118072
2010-02-05,1.7085558238596912
2010-02-08,1.7192587231193441
2010-02-09,1.7315339716522642
2010-02-10,1.7435214930938778
2010-02-11,1.7528633344364013
2010-02-12,1.7635362362415903
2010-02-15,1.7764420349062533
2010-02-16,1.788044455521559
2010-02-17,1.796100443390913
2010-02-18,1.799915950960144
2010-02-19,1.7967727513957563
2010-02-22,1.803641632321731
2010-02-23,1.8015600781900631
2010-02-24,1.7982577596458236
2010-02-25,1.7976477942528235
2010-02-26,1.7933600802695866
2010-03-01,1.7876081710597511
2010-03-02,1.7640516292427808
2010-03-03,1.758661624214423
2010-03-04,1.7560080511511627
2010-03-05,1.753322918965983
2010-03-08,1.7518977988790836
2010-03-09,1.748389975134449
2010-03-10,1.743967447803477
2010-03-11,1.7409306374726357
2010-03-12,1.7387061844174807
2010-03-15,1.7371983256956394
2010-03-16,1.7366669917133817
2010-03-17,1.7354433000267724
2010-03-18,1.734772224225388
2010-03-19,1.734862834071508
2010-03-22,1.735145476134003
2010-03-23,1.7361123290618221
2010-03-24,1.7377522813913013
2010-03-25,1.7432876370934218
2010-03-26,1.7407998483955405
2010-03-28,1.740045869653788
2010-03-29,1.7496627876936626
2010-03-30,1.7493291653033076
2010-03-31,1.7473722021661278
2010-04-01,1.7459260427539025
2010-04-04,1.7435612137100867
2010-04-05,1.7402065565740228
2010-04-06,1.740976594931161
2010-04-07,1.741360066048885
2010-04-08,1.7426235187472654
2010-04-11,1.7417525483428598
2010-04-12,1.7291597676511976
2010-04-13,1.7267935780519381
2010-04-14,1.7244029223601343
2010-04-15,1.722689514812284
2010-04-18,1.721960734639034
2010-04-19,1.720073892593593
2010-04-20,1.7181735228225188
2010-04-21,1.7186437745475762
2010-04-22,1.7240531119321751
2010-04-25,1.7265053239111539
2010-04-26,1.7290631478495988
2010-04-27,1.729903109124421
2010-04-28,1.72612927181874
2010-04-29,1.722395517187357
2010-05-02,1.7195482909360744
2010-05-03,1.7193441775104439
2010-05-04,1.7190076355929065
2010-05-05,1.7063140843557418
2010-05-06,1.6946723643824109
2010-05-09,1.695234521851909
2010-05-10,1.7018530526389166
2010-05-11,1.703602894773301
2010-05-12,1.704942238037262
2010-05-13,1.7052259548629236
2010-05-16,1.705516281248314
2010-05-17,1.706081791547651
2010-05-18,1.7067146084044231
2010-05-19,1.698303707351724
2010-05-20,1.6985284765067203
2010-05-23,1.7009310749416466
2010-05-24,1.7013051393528447
2010-05-25,1.7044214088397087
2010-05-26,1.7146803636325856
2010-05-27,1.7267416509204265
2010-05-30,1.739935440180768
2010-05-31,1.7507169325013503
2010-06-01,1.7558717076752417
2010-06-02,1.755317016529086
2010-06-03,1.7555221833865937
2010-06-06,1.7604654040481387
2010-06-07,1.7677756374984332
2010-06-08,1.7771937974459684
2010-06-09,1.78668547349687
2010-06-10,1.7882976245200088
2010-06-13,1.787979645636779
2010-06-14,1.7817834874456275
2010-06-15,1.7754073684694893
2010-06-16,1.7720015615831686
2010-06-17,1.7637453021189837
2010-06-20,1.7557372246600356
2010-06-21,1.750841441504207
2010-06-22,1.7517525130863425
2010-06-23,1.7481421215599156
2010-06-24,1.7450760792287958
2010-06-27,1.7424958610736194
2010-06-28,1.7425180071820132
2010-06-29,1.7414603101190818
2010-06-30,1.7409051234335047
2010-07-01,1.7391106236545975
2010-07-04,1.744799895239976
2010-07-05,1.7499893500239274
2010-07-06,1.75364764344295
2010-07-07,1.7533179843781896
2010-07-08,1.7514983458501394
2010-07-11,1.7499176707993285
2010-07-12,1.7470018869391313
2010-07-13,1.7459884038232818
2010-07-14,1.7454798029673293
2010-07-15,1.7458286833734127
2010-07-18,1.7471356296150118
2010-07-19,1.7477909152401365
2010-07-20,1.748554815555145
2010-07-21,1.746844998930253
2010-07-22,1.7453144845955664
2010-07-25,1.7445759325198864
2010-07-26,1.7471222179892134
2010-07-27,1.747566489587145
2010-07-28,1.7511344900374974
2010-07-29,1.7502645558762933
2010-08-01,1.7459867867422034
2010-08-02,1.744706269232623
2010-08-03,1.7435875190811656
2010-08-04,1.7423410427680026
2010-08-05,1.7419635165374978
2010-08-08,1.727812194977516
2010-08-09,1.7273511383143483
2010-08-10,1.7271785820693573
2010-08-11,1.7271983950211363
2010-08-12,1.7280580661984735
2010-08-15,1.7235734491385064
2010-08-16,1.7238312101390925
2010-08-17,1.7235754012732396
2010-08-18,1.7231187537266757
2010-08-19,1.7231182679451613
2010-08-22,1.716186278960591
2010-08-23,1.7161761283574786
2010-08-24,1.716205272310956
2010-08-25,1.7162011447639007
2010-08-26,1.7161911185950705
2010-08-29,1.707123999340182
2010-08-30,1.7071455211385922
2010-08-31,1.7070414473618252
2010-09-01,1.7063388213589135
2010-09-02,1.7056207483096968
2010-09-05,1.6953682162184038
2010-09-06,1.6933862598050595
2010-09-07,1.6921812467089548
2010-09-08,1.6903805999848984
2010-09-09,1.689426123175688
2010-09-12,1.677828906524923
2010-09-13,1.6762206869754628
2010-09-14,1.672735867148339
2010-09-15,1.6718986299049687
2010-09-16,1.6715489557136067
2010-09-19,1.662961778615656
2010-09-20,1.6636950365744974
2010-09-21,1.6646571577301847
2010-09-22,1.6604640560679496
2010-09-23,1.6617718807915016
2010-09-26,1.6557852312408126
2010-09-27,1.6570845002048094
2010-09-28,1.658417417005992
2010-09-29,1.6588520969553018
2010-09-30,1.6591206278313908
2010-10-03,1.6485542437415779
2010-10-04,1.6482230205360735
2010-10-05,1.6451961724605095
2010-10-06,1.6440872329958751
2010-10-07,1.6428403414718526
2010-10-10,1.633280895085806
2010-10-11,1.6302313794114873
2010-10-12,1.628381312515983
2010-10-13,1.6252318621157797
2010-10-14,1.623728287275495
2010-10-17,1.611975132970501
2010-10-18,1.613261689495785
2010-10-19,1.6154771834110764
2010-10-20,1.6155098746110075
2010-10-21,1.6171957479556232
2010-10-24,1.6147922221871547
2010-10-25,1.615472798574693
2010-10-26,1.6160258304143167
2010-10-27,1.614459059379102
2010-10-28,1.6132585663108252
2010-11-01,1.6153984991108397
2010-11-02,1.6150544843251688
2010-11-03,1.6154164999481857
2010-11-04,1.6154652521155246
2010-11-05,1.6153223492738242
2010-11-08,1.6226641580541143
2010-11-09,1.6243915297011715
2010-11-10,1.6254050154386273
2010-11-11,1.6284876080208175
2010-11-12,1.630179283656145
2010-11-15,1.6468893474052015
2010-11-16,1.6481480161334174
2010-11-17,1.6463444114786574
2010-11-18,1.6478565705226096
2010-11-19,1.6483494859859484
2010-11-22,1.655051331651079
2010-11-23,1.6550842442603912
2010-11-24,1.654300034427377
2010-11-25,1.6542076985407643
2010-11-26,1.6542004001542874
2010-11-29,1.6648217509323096
2010-11-30,1.6652098731317042
2010-12-01,1.6658643594363887
2010-12-02,1.6676325366638332
2010-12-03,1.6720020301195544
2010-12-06,1.6591519608834369
2010-12-07,1.6572354790098407
2010-12-08,1.6546968929480514
2010-12-09,1.6534525640109865
2010-12-10,1.653125165231772
2010-12-13,1.6574090116605757
2010-12-14,1.6561876622290106
2010-12-15,1.6561053211477426
2010-12-16,1.6560776845847989
2010-12-17,1.6559496642808982
2010-12-20,1.6546291799355484
2010-12-21,1.654808237040312
2010-12-22,1.6560078096140387
2010-12-23,1.6563700136663326
2010-12-24,1.6561193756343093
2010-12-27,1.6574612692434276
2010-12-28,1.657353516586181
2010-12-29,1.6577361392062664
2010-12-30,1.6566184148628573
2010-12-31,1.6529400856002097
2011-01-03,1.6449491026998697
2011-01-04,1.6395251682005896
2011-01-05,1.6385050506161207
2011-01-06,1.6376130194934322
2011-01-07,1.6376755954603615
2011-01-10,1.6308374531589467
2011-01-11,1.6308439082427977
2011-01-12,1.6259785428828488
2011-01-13,1.6184450964380297
2011-01-14,1.6187376806672842
2011-01-17,1.616864276567844
2011-01-18,1.6181045148251911
2011-01-19,1.618801532551757
2011-01-20,1.6196349790586027
2011-01-21,1.616565950324055
2011-01-24,1.6109854973869377
2011-01-25,1.6114389700656282
2011-01-26,1.6124246221386656
2011-01-27,1.6072489846546618
2011-01-28,1.6072125935855193
2011-01-31,1.6107631264974738
2011-02-01,1.61178456472595
2011-02-02,1.6117675184669022
2011-02-03,1.611845842525774
2011-02-04,1.612746595165469
2011-02-07,1.610789938334948
2011-02-08,1.6091892782735777
2011-02-09,1.610280539196202
2011-02-10,1.614158025880332
2011-02-11,1.614208592238382
2011-02-14,1.6089891043214264
2011-02-15,1.6098429100787315
2011-02-16,1.6099538437994836
2011-02-17,1.6099901978837143
2011-02-18,1.6118999999999954
2011-02-21,1.61078308862452
2011-02-22,1.6108688925583725
2011-02-23,1.6107801149768588
2011-02-24,1.6160923037147066
2011-02-25,1.6162183688343348
2011-02-28,1.6187528345140056
2011-03-01,1.618635342078857
2011-03-02,1.618473018457685
2011-03-03,1.6181803340910055
2011-03-04,1.6176588959239107
2011-03-07,1.620554691419207
2011-03-08,1.6241821084845631
2011-03-09,1.6238619425471539
2011-03-10,1.6236182757518933
2011-03-11,1.6235665569625815
2011-03-14,1.6317189694128102
2011-03-15,1.631748419455432
2011-03-16,1.631868238606529
2011-03-17,1.6313405462072386
2011-03-18,1.6304517918901804
2011-03-21,1.641989344010958
2011-03-22,1.6420101992856815
2011-03-23,1.642063632887032
2011-03-24,1.6422790172139714
2011-03-25,1.6420701569720866
2011-03-27,1.6410787284403787
2011-03-28,1.6411286038378576
2011-03-29,1.6410170762492342
2011-03-30,1.6352026065324425
2011-03-31,1.6304725312581483
2011-04-03,1.6230394476957994
2011-04-04,1.613695629356883
2011-04-05,1.6063551024127234
2011-04-06,1.6016583237427187
2011-04-07,1.5925620408281622
2011-04-10,1.578915659712412
2011-04-11,1.5695207980951014
2011-04-12,1.5642730485592997
2011-04-13,1.560994655907381
2011-04-14,1.5610264073200286
2011-04-17,1.553765305276274
2011-04-18,1.551748111838485
2011-04-19,1.5486900346502155
2011-04-20,1.545312501252256
2011-04-21,1.543189830980205
2011-04-24,1.540157317979897
2011-04-25,1.5430829813566513
2011-04-26,1.5463949854150838
2011-04-27,1.5465034972283795
2011-04-28,1.5498132925969719
2011-05-01,1.5489724809834045
2011-05-02,1.5496153779234727
2011-05-03,1.5513388152960323
2011-05-04,1.5534490923650175
2011-05-05,1.5475921216377253
2011-05-08,1.5482653818227468
2011-05-09,1.5468478882240695
2011-05-10,1.5462303503289454
2011-05-11,1.5443986973725816
2011-05-12,1.5447321291765994
2011-05-15,1.543882177811516
2011-05-16,1.5426309656895425
2011-05-17,1.5438368656446002
2011-05-18,1.5469242212131227
2011-05-19,1.5503558233855061
2011-05-22,1.5559809971921927
2011-05-23,1.5582255413387294
2011-05-24,1.564348413686761
2011-05-25,1.5712561975194388
2011-05-26,1.5745097112655921
2011-05-29,1.5825340287320955
2011-05-30,1.5868245059476584
2011-05-31,1.5843733855391853
2011-06-01,1.582327717243887
2011-06-02,1.576502392837206
2011-06-05,1.5703689585778335
2011-06-06,1.5665400864581502
2011-06-07,1.562753778109958
2011-06-08,1.5599050512176025
2011-06-09,1.55809213971952
2011-06-12,1.5585592721841863
2011-06-13,1.5584955383163008
2011-06-14,1.556607359305769
2011-06-15,1.556429567086299
2011-06-16,1.5567003460017106
2011-06-19,1.556203863508148
2011-06-20,1.5595279352380487
2011-06-21,1.5619707020367772
2011-06-22,1.5653850543381342
2011-06-23,1.5698147123717126
2011-06-26,1.569862696813566
2011-06-27,1.5697934642208864
2011-06-28,1.5696841802976
2011-06-29,1.5670994604433919
2011-06-30,1.5635928664159517
2011-07-03,1.558027527404437
2011-07-04,1.5527997582966557
2011-07-05,1.5510281611077965
2011-07-06,1.5498830952786984
2011-07-07,1.5461837223455623
2011-07-10,1.5443884657129454
2011-07-11,1.5443074674177732
2011-07-12,1.5440675183494577
2011-07-13,1.5436466585869697
2011-07-14,1.5454050220200881
2011-07-17,1.5450934733914639
2011-07-18,1.5458133723328018
2011-07-19,1.5454598259146475
2011-07-20,1.5449169081496383
2011-07-21,1.54372867513769
2011-07-24,1.5434080412733489
2011-07-25,1.5430197784094943
2011-07-26,1.5379146610348868
2011-07-27,1.5378741519779509
2011-07-28,1.5379347884817092
2011-07-31,1.5375390069004815
2011-08-01,1.538236073248034
2011-08-02,1.538222997487576
2011-08-03,1.5381764081970406
2011-08-04,1.5385246882951105
2011-08-07,1.5364400607527515
2011-08-08,1.534326611976586
2011-08-09,1.525942111703277
2011-08-10,1.522035600952942
2011-08-11,1.5188457054208104
2011-08-14,1.5183393190565
2011-08-15,1.5186755957585338
2011-08-16,1.5197220015489228
2011-08-17,1.520999857223031
2011-08-18,1.5235061966823393
2011-08-21,1.5265639353500047
2011-08-22,1.5317793548186576
2011-08-23,1.5405419207647835
2011-08-24,1.5435366424645833
2011-08-25,1.5470129097254517
2011-08-28,1.5551217158399122
2011-08-29,1.5610046100420023
2011-08-30,1.5653907787515844
2011-08-31,1.5697910507505235
2011-09-01,1.5728520847328988
2011-09-04,1.5719673066613518
2011-09-05,1.5681170286964083
2011-09-06,1.56324682420957
2011-09-07,1.560351500145224
2011-09-08,1.5582923106805593
2011-09-11,1.5536448105498517
2011-09-12,1.5479164304448338
2011-09-13,1.5448840294421176
2011-09-14,1.5437876342975003
2011-09-15,1.5433243293597243
2011-09-18,1.545784796461063
2011-09-19,1.5380914204418645
2011-09-20,1.5349857714389956
2011-09-21,1.5276146086133617
2011-09-22,1.5182504842937268
2011-09-25,1.5201302982093539
2011-09-26,1.5284089029114991
2011-09-27,1.5449310933427944
2011-09-28,1.564759209336538
2011-09-29,1.583933341957577
2011-10-02,1.5984299856205124
2011-10-03,1.6084599726826279
2011-10-04,1.6225766612565902
2011-10-05,1.641387352896393
2011-10-06,1.663711286393115
2011-10-09,1.6795852586722098
2011-10-10,1.6876326118113276
2011-10-11,1.6929509282895259
2011-10-12,1.7008516389557977
2011-10-13,1.7081872828264486
2011-10-16,1.7130103186575594
2011-10-17,1.7109031655820879
2011-10-18,1.706867195161918
2011-10-19,1.702331943402034
2011-10-20,1.7042357441111964
2011-10-23,1.7032367533667276
2011-10-24,1.7000842381578942
2011-10-25,1.6975613758688315
2011-10-26,1.6950704985631397
2011-10-27,1.6859008197061336
2011-10-31,1.675745682485356
2011-11-01,1.6782401789059527
2011-11-02,1.6848440800030757
2011-11-03,1.6905308360727864
2011-11-04,1.6931565174679446
2011-11-07,1.6930871068849263
2011-11-08,1.6931881566969276
2011-11-09,1.6932385745576843
2011-11-10,1.6939055248377537
2011-11-11,1.6942197728443231
2011-11-14,1.6950446620600097
2011-11-15,1.6952571752874166
2011-11-16,1.6949238179500938
2011-11-17,1.6946109489115686
2011-11-18,1.6964181624170334
2011-11-21,1.695696594645233
2011-11-22,1.691778073894542
2011-11-23,1.6875943935809983
2011-11-24,1.6759001611280513
2011-11-25,1.6708939910302558
2011-11-28,1.6741113575806907
2011-11-29,1.6835551396040318
2011-11-30,1.6868701986606758
2011-12-01,1.6934309276958788
2011-12-02,1.700794561574811
2011-12-05,1.7055039765945545
2011-12-06,1.7092195883873562
2011-12-07,1.7160001165226049
2011-12-08,1.7206036079940854
2011-12-09,1.7256845237393186
2011-12-12,1.734532667187469
2011-12-13,1.7406252850189525
2011-12-14,1.7447556821347945
2011-12-15,1.7481571322449452
2011-12-16,1.7558761967923475
2011-12-19,1.7622458896530888
2011-12-20,1.7643002686885902
2011-12-21,1.7663274737872865
2011-12-22,1.7664360260303595
2011-12-23,1.7676684475725066
2011-12-26,1.769416526552483
2011-12-27,1.7693103768178375
2011-12-28,1.7689984623786177
2011-12-29,1.7703662455574678
2011-12-30,1.7746619393249712
2012-01-02,1.7805581257099503
2012-01-03,1.791348333134637
2012-01-04,1.7996276206304802
2012-01-05,1.804172399951864
2012-01-06,1.8079629117345137
2012-01-09,1.818546948640177
2012-01-10,1.826259172762774
2012-01-11,1.8140279412653373
2012-01-12,1.8064981835805187
2012-01-13,1.7932709126234179
2012-01-16,1.7850711351658168
2012-01-17,1.7756753942214254
2012-01-18,1.7674940864088382
2012-01-19,1.7578989113826857
2012-01-20,1.7467405520112658
2012-01-23,1.7384606637309876
2012-01-24,1.7298954173347438
2012-01-25,1.724148438921369
2012-01-26,1.7218376508909956
2012-01-27,1.7230477493366088
2012-01-30,1.716971440360586
2012-01-31,1.7157377020809859
2012-02-01,1.7116233809875399
2012-02-02,1.705175042442324
2012-02-03,1.6996428965732595
2012-02-06,1.6965653391421736
2012-02-07,1.6965970388797844
2012-02-08,1.6930764108531147
2012-02-09,1.689889231018923
2012-02-10,1.685552354497833
2012-02-13,1.6830986910006969
2012-02-14,1.6800616930397767
2012-02-15,1.6778350450483002
2012-02-16,1.6767962204225406
2012-02-17,1.6743768603205107
2012-02-20,1.6715551712319625
2012-02-21,1.669857844213956
2012-02-22,1.6682752460022616
2012-02-23,1.666039078490116
2012-02-24,1.6991621205746514
2012-02-27,1.6980873412402986
2012-02-28,1.6991093346022592
2012-02-29,1.6993609285025522
2012-03-01,1.7004981648992632
2012-03-02,1.700348658664706
2012-03-05,1.699575274609232
2012-03-06,1.6976211020158396
2012-03-07,1.6911452418292294
2012-03-08,1.68585605131866
2012-03-09,1.6835824533182446
2012-03-12,1.676990145457934
2012-03-13,1.6716168326679064
2012-03-14,1.6697311072559116
2012-03-15,1.66646144005249
2012-03-16,1.6663598603038654
2012-03-19,1.6684743735667877
2012-03-20,1.6681708353683053
2012-03-21,1.6705462767418646
2012-03-22,1.675415697755674
2012-03-23,1.6804729323803516
2012-03-25,1.6886214072084869
2012-03-26,1.6980967064424748
2012-03-27,1.7116443841615843
2012-03-28,1.7224002328723744
2012-03-29,1.7367962555101835
2012-04-01,1.7489914202546086
2012-04-02,1.7608465287827006
2012-04-03,1.7685703507895383
2012-04-04,1.7761379702022961
2012-04-05,1.7879026260553796
2012-04-08,1.792151399613806
2012-04-09,1.7945217404004625
2012-04-10,1.7990007665112036
2012-04-11,1.8007492458948438
2012-04-12,1.8046176689410414
2012-04-15,1.8094185909014529
2012-04-16,1.807695750134587
2012-04-17,1.8050653856821846
2012-04-18,1.798824816792238
2012-04-19,1.7954465327452274
2012-04-22,1.7965827740967824
2012-04-23,1.7963305090274568
2012-04-24,1.7966445841132632
2012-04-25,1.7975595122202266
2012-04-26,1.799157747548285
2012-04-29,1.8006147556210985
2012-04-30,1.7995553092535754
2012-05-01,1.8002791885683447
2012-05-02,1.8005056291084354
2012-05-03,1.8046497865750388
2012-05-06,1.808534280585468
2012-05-07,1.8157349427013671
2012-05-08,1.819424878652662
2012-05-09,1.8196839152296282
2012-05-10,1.8275451143550434
2012-05-13,1.83326215568105
2012-05-14,1.8351637062465953
2012-05-15,1.836311212040299
2012-05-16,1.836786168836973
2012-05-17,1.8380075257979844
2012-05-20,1.8409850236542427
2012-05-21,1.8437130446854528
2012-05-22,1.8405996841317327
2012-05-23,1.8496532981633003
2012-05-24,1.8597117873848235
2012-05-27,1.8718519134335934
2012-05-28,1.8808971131210466
2012-05-29,1.8911723739067123
2012-05-30,1.8994122102118391
2012-05-31,1.91172698134328
2012-06-03,1.9212267998092554
2012-06-04,1.9341217537687911
2012-06-05,1.94555279735923
2012-06-06,1.950880954791062
2012-06-07,1.9614416315291785
2012-06-10,1.9698710112543822
2012-06-11,1.9714095855368372
2012-06-12,1.9724680273269009
2012-06-13,1.974147227231439
2012-06-14,1.9763740052578629
2012-06-17,1.9774957167057436
2012-06-18,1.9776861847257603
2012-06-19,1.9801592793958245
2012-06-20,1.9797930124222625
2012-06-21,1.9798890303542636
2012-06-24,1.9873821488642405
2012-06-25,1.9978407874430228
2012-06-26,2.0063435081344565
2012-06-27,2.0101816552906784
2012-06-28,2.0125059180556724
2012-07-01,2.0068390592947707
2012-07-02,1.9945106648055004
2012-07-03,1.992224548845993
2012-07-04,1.9916115801889922
2012-07-05,1.9901738278857226
2012-07-08,1.9908937124557193
2012-07-09,1.9896575565713217
2012-07-10,1.9888568862046325
2012-07-11,1.988787689860156
2012-07-12,1.9883896112248416
2012-07-15,1.9880192469371096
2012-07-16,1.987716706391134
2012-07-17,1.9869540115886641
2012-07-18,1.9864793189477419
2012-07-19,1.984190539985605
2012-07-22,1.9841336913819088
2012-07-23,1.9847471869846567
2012-07-24,1.9874736965348667
2012-07-25,1.9910697176882004
2012-07-26,1.9966429325257609
2012-07-29,1.9981893755331737
2012-07-30,2.0080094930082324
2012-07-31,2.00871701026478
2012-08-01,2.008969930935922
2012-08-02,2.0099687000069983
2012-08-05,2.0099094138513385
2012-08-06,2.009696957411801
2012-08-07,2.009304746680802
2012-08-08,2.0081349175582135
2012-08-09,2.006453536702216
2012-08-12,2.0044274707122973
2012-08-13,2.003465053639233
2012-08-14,2.0039648421904426
2012-08-15,2.0045626240900987
2012-08-16,2.005300021403111
2012-08-19,2.0041285374362365
2012-08-20,2.0024789640715306
2012-08-21,2.0011401434928393
2012-08-22,2.0000419659965316
2012-08-23,2.00026182408915
2012-08-26,2.0004332383926138
2012-08-27,2.000808332953943
2012-08-28,2.0036458181974566
2012-08-29,2.002891054710891
2012-08-30,2.0034008016289055
2012-09-02,2.0034137001692875
2012-09-03,2.0034143524091093
2012-09-04,2.0031875718515355
2012-09-05,2.0034260097094854
2012-09-06,2.0041730910827384
2012-09-09,2.0054815023251
2012-09-10,2.005433649439782
2012-09-11,2.003753737644478
2012-09-12,2.003767645626268
2012-09-13,2.004196738057315
2012-09-16,2.003248046557909
2012-09-17,2.004617905932768
2012-09-18,2.0060689681229174
2012-09-19,2.0069281631708793
2012-09-20,2.006371973586975
2012-09-23,2.0058988988046655
2012-09-24,2.0055760248226866
2012-09-25,2.0060629869616675
2012-09-26,2.00767930477393
2012-09-27,2.009602730349738
2012-09-30,2.009433190321624
2012-10-01,2.009323233317097
2012-10-02,2.010109587929667
2012-10-03,2.0107121650672792
2012-10-04,2.010045819162609
2012-10-07,2.004519672828311
2012-10-08,2.0045602216272274
2012-10-09,2.005484353637217
2012-10-10,2.0044422116752503
2012-10-11,2.0041600177973304
2012-10-14,2.005350337285871
2012-10-15,2.005194159310813
2012-10-16,2.0057441329551016
2012-10-17,2.0062167734763485
2012-10-18,2.006997464936954
2012-10-21,2.0077177380496813
2012-10-22,2.007671174835143
2012-10-23,2.0075198848140343
2012-10-24,2.007239042703582
2012-10-25,2.007054096629362
2012-10-29,2.0072592570040286
2012-10-30,2.007643742097062
2012-10-31,2.007841813674427
2012-11-01,2.008721141495466
2012-11-02,2.0101836922615632
2012-11-05,2.019056521832292
2012-11-06,2.0191841010929
2012-11-07,2.019096302971038
2012-11-08,2.019568414419411
2012-11-09,2.019807525454311
2012-11-12,2.019220153530291
2012-11-13,2.016969999028734
2012-11-14,2.013661422274865
2012-11-15,2.0104113071270793
2012-11-16,2.008719042683883
2012-11-19,2.0050520399749465
2012-11-20,2.0042587675309536
2012-11-21,2.0037766337875076
2012-11-22,2.002180181205153
2012-11-23,2.0010209247423867
2012-11-26,2.00371571235436
2012-11-27,2.0060169437234814
2012-11-28,2.0090968885216443
2012-11-29,2.012492923090928
2012-11-30,2.0161707754048215
2012-12-03,2.0158292369287576
2012-12-04,2.018870224171937
2012-12-05,2.0245335234408612
2012-12-06,2.031731319469966
2012-12-07,2.038172027488303
2012-12-10,2.0431959609499732
2012-12-11,2.0478074072540724
2012-12-12,2.050864056724131
2012-12-13,2.0520075266366877
2012-12-14,2.0546222464387385
2012-12-17,2.0550238668159793
2012-12-18,2.056325132121633
2012-12-19,2.0570248486326466
2012-12-20,2.054470387496034
2012-12-21,2.0523217944799215
2012-12-24,2.048551833958403
2012-12-25,2.04794149355351
2012-12-26,2.0474537468842815
2012-12-27,2.0418479854425855
2012-12-28,2.035598100681428
2012-12-31,2.035836373774615
2013-01-01,2.0361624312891102
2013-01-02,2.0372524886171046
2013-01-03,2.034620110254944
2013-01-04,2.0325003215691004
2013-01-07,2.027468870428635
2013-01-08,2.021833773453501
2013-01-09,2.019545980734633
2013-01-10,2.018401163162874
2013-01-11,2.0152314186118225
2013-01-14,2.013349411627355
2013-01-15,2.0145696987802024
2013-01-16,2.016651296709909
2013-01-17,2.016805035923617
2013-01-18,2.0170451851487408
2013-01-21,2.0154623365668978
2013-01-22,2.0181393338226696
2013-01-23,2.023992803429869
2013-01-24,2.0236390554931654
2013-01-25,2.022325166375672
2013-01-28,2.021274064982505
2013-01-29,2.009976536019954
2013-01-30,1.999083808957731
2013-01-31,1.9913990590934894
2013-02-01,1.9860064368755224
2013-02-04,1.9799872202596873
2013-02-05,1.9765114218381434
2013-02-06,1.9713032853168078
2013-02-07,1.9682202151314812
2013-02-08,1.9597913777153022
2013-02-11,1.9542014875414586
2013-02-12,1.9497187381817564
2013-02-13,1.947018563502308
2013-02-14,1.943568997662654
2013-02-15,1.9393627358691439
2013-02-18,1.9371065292365137
2013-02-19,1.9360386877866662
2013-02-20,1.935975058809379
2013-02-21,1.9375396286999922
2013-02-22,1.941312647689856
2013-02-25,1.9476602568199841
2013-02-26,1.9484852028515962
2013-02-27,1.9486691753951864
2013-02-28,1.9490046590043049
2013-03-01,1.9497803307648103
2013-03-04,1.950129064031469
2013-03-05,1.9518930558543246
2013-03-06,1.9515245883609507
2013-03-07,1.952503541623745
2013-03-08,1.9519395141004614
2013-03-11,1.946739335833362
2013-03-12,1.9456950812749931
2013-03-13,1.9455642439124181
2013-03-14,1.9458296974623779
2013-03-15,1.94708791439108
2013-03-18,1.9471735739066036
2013-03-19,1.9477301639690552
2013-03-20,1.9496449798340474
2013-03-21,1.950620891040228
2013-03-22,1.9476058434788162
2013-03-25,1.9457025829442678
2013-03-26,1.944015220963874
2013-03-27,1.9414823990722723
2013-03-28,1.9406860478895727
2013-03-29,1.9390968761019014
2013-03-31,1.9379654241560391
2013-04-01,1.9386010473445454
2013-04-02,1.9407009541300841
2013-04-03,1.9420252186351397
2013-04-04,1.9462499464394099
2013-04-07,1.9546648637473403
2013-04-08,1.9603536675920155
2013-04-09,1.9632857596289572
2013-04-10,1.9636384930985484
2013-04-11,1.9642080467622716
2013-04-14,1.9616372959916575
2013-04-15,1.9631269153980728
2013-04-16,1.9634090852535848
2013-04-17,1.9647025663519637
2013-04-18,1.9627267899691163
2013-04-21,1.9627172090083216
2013-04-22,1.9625125786637854
2013-04-23,1.9623360985168046
2013-04-24,1.9623490560761068
2013-04-25,1.9625809423321898
2013-04-28,1.9626348318706124
2013-04-29,1.9629699788244936
2013-04-30,1.9636669775425954
2013-05-01,1.9648503692021957
2013-05-02,1.9652066466837568
2013-05-05,1.9664035693240758
2013-05-06,1.9669792381125815
2013-05-07,1.9689067105774487
2013-05-08,1.972651018789432
2013-05-09,1.9765920964364228
2013-05-12,1.9845301918853278
2013-05-13,1.9850388897485765
2013-05-14,1.987809727110242
2013-05-15,1.9881641611853267
2013-05-16,1.9928139318274645
2013-05-19,1.9910994646962041
2013-05-20,1.98881289711189
2013-05-21,1.9875662170322206
2013-05-22,1.9849193041794075
2013-05-23,1.9851726930710625
2013-05-26,1.9865333427875875
2013-05-27,1.9856996842233157
2013-05-28,1.9830164010039155
2013-05-29,1.9751662285919764
2013-05-30,1.9709235095902962
2013-06-02,1.9720312742217234
2013-06-03,1.9700838221744004
2013-06-04,1.970248370100624
2013-06-05,1.9733458223407407
2013-06-06,1.976569112077137
2013-06-09,1.9807130136597142
2013-06-10,1.9879873520527005
2013-06-11,1.994451049385337
2013-06-12,1.9999208805383597
2013-06-13,2.00904932680812
2013-06-16,2.01726103395172
2013-06-17,2.0222745748637223
2013-06-18,2.0291399649885826
2013-06-19,2.0279364055437634
2013-06-20,2.026193889298967
2013-06-23,2.031716774445289
2013-06-24,2.0409589157166628
2013-06-25,2.0497466755887825
2013-06-26,2.0549507536572653
2013-06-27,2.0606252513456
2013-06-30,2.07068429601959
2013-07-01,2.074918901957243
2013-07-02,2.077997381973348
2013-07-03,2.0809648856857077
2013-07-04,2.086960332190222
2013-07-07,2.094321655199428
2013-07-08,2.1023810226307433
2013-07-09,2.1128066127192096
2013-07-10,2.118787634792207
2013-07-11,2.13616045210219
2013-07-14,2.1662130022357826
2013-07-15,2.1752431612437153
2013-07-16,2.1845856196815037
2013-07-17,2.1844550272942573
2013-07-18,2.183287596654074
2013-07-21,2.1834107452326186
2013-07-22,2.1837671989188823
2013-07-23,2.183736883545066
2013-07-24,2.191912962554849
2013-07-25,2.1985747473352273
2013-07-28,2.208986244872705
2013-07-29,2.210964766663226
2013-07-30,2.209307539689327
2013-07-31,2.2086007590408423
2013-08-01,2.204499978007545
2013-08-04,2.2039035857868545
2013-08-05,2.2009718034069583
2013-08-06,2.1999099349432325
2013-08-07,2.1978767967551813
2013-08-08,2.198563927315712
2013-08-11,2.1987580296692317
2013-08-12,2.2047518180989067
2013-08-13,2.20448095348588
2013-08-14,2.2081194363130834
2013-08-15,2.211588290406808
2013-08-18,2.2038097040507414
2013-08-19,2.199000439739478
2013-08-20,2.2062966437256466
2013-08-21,2.2004571150873438
2013-08-22,2.2031402235672983
2013-08-25,2.211648612671893
2013-08-26,2.2186690041377832
2013-08-27,2.2247993474581707
2013-08-28,2.2321854615528753
2013-08-29,2.2362675494951363
2013-09-01,2.2435172575243767
2013-09-02,2.248650489664891
2013-09-03,2.255097330726048
2013-09-04,2.2605986449225797
2013-09-05,2.2681969408557006
2013-09-08,2.275554839428247
2013-09-09,2.272922397198615
2013-09-10,2.2672984815982087
2013-09-11,2.258114910538693
2013-09-12,2.2482001572403454
2013-09-15,2.238781012484778
2013-09-16,2.232795801194218
2013-09-17,2.2215138354323805
2013-09-18,2.2026749462215958
2013-09-19,2.191174422436808
2013-09-22,2.1774227950753726
2013-09-23,2.165081897088067
2013-09-24,2.1545185037866306
2013-09-25,2.148962883497868
2013-09-26,2.1475134640443154
2013-09-29,2.1489609154559113
2013-09-30,2.1518993377800215
2013-10-01,2.1543456658462445
2013-10-02,2.1574352890375397
2013-10-03,2.1592963451408225
2013-10-06,2.160452842500877
2013-10-07,2.1594320451304885
2013-10-08,2.1599983614752043
2013-10-09,2.160130204983609
2013-10-10,2.157718948762625
2013-10-13,2.1570568997387904
2013-10-14,2.1629575730856336
2013-10-15,2.163927912226003
2013-10-16,2.163117680476575
2013-10-17,2.1564286402530373
2013-10-20,2.1470219804612016
2013-10-21,2.1444300566142007
2013-10-22,2.1419104485533587
2013-10-23,2.1422428105645177
2013-10-24,2.146015290178246
2013-10-28,2.1474434007903143
2013-10-29,2.1482152797864966
2013-10-30,2.149366356116489
2013-10-31,2.149095668239093
2013-11-01,2.1445835997227816
2013-11-04,2.1368454060905098
2013-11-05,2.1349209630555297
2013-11-06,2.1256552284946877
2013-11-07,2.118360175903984
2013-11-08,2.111828270390214
2013-11-11,2.1083270633654645
2013-11-12,2.1039583223517
2013-11-13,2.102485635615872
2013-11-14,2.103598420734338
2013-11-15,2.1114641310869815
2013-11-18,2.1237281982243585
2013-11-19,2.133637243033304
2013-11-20,2.1450761243644347
2013-11-21,2.1542672877247515
2013-11-22,2.161938741125354
2013-11-25,2.1738380345478574
2013-11-26,2.1895500160856898
2013-11-27,2.207166531065732
2013-11-28,2.2288083371950487
2013-11-29,2.2384245702630983
2013-12-02,2.2436615560465953
2013-12-03,2.250705311895864
2013-12-04,2.248382329697923
2013-12-05,2.245022706467231
2013-12-06,2.2452399234593643
2013-12-09,2.2458846093885505
2013-12-10,2.245547420875271
2013-12-11,2.2445440347407155
2013-12-12,2.244478248718611
2013-12-13,2.2451429729199517
2013-12-16,2.2454881806109843
2013-12-17,2.2537014224548075
2013-12-18,2.260529316083784
2013-12-19,2.268877794458071
2013-12-20,2.2711321932107964
2013-12-23,2.2774804683879717
2013-12-24,2.286247747110043
2013-12-25,2.292997546172085
2013-12-26,2.2943543486416624
2013-12-27,2.2976942511795984
2013-12-30,2.297967955673475
2013-12-31,2.297911121696462
2014-01-01,2.298698142946635
2014-01-02,2.3018821767782707
2014-01-03,2.299207155556681
2014-01-06,2.301066970810994
2014-01-07,2.3042646448822253
2014-01-08,2.3112817375646455
2014-01-09,2.310506650528474
2014-01-10,2.312049430417388
2014-01-13,2.315986081165279
2014-01-14,2.3210552953324277
2014-01-15,2.3283089757560416
2014-01-16,2.3332041637700223
2014-01-17,2.3337486151270985
2014-01-20,2.3326909815762953
2014-01-21,2.330676685009125
2014-01-22,2.330885872035195
2014-01-23,2.331560788260238
2014-01-24,2.3311612966705644
2014-01-27,2.3348286065283417
2014-01-28,2.330479162161538
2014-01-29,2.327246477868994
2014-01-30,2.3244726983800104
2014-01-31,2.3237976542755012
2014-02-03,2.322895334550643
2014-02-04,2.3208110336779426
2014-02-05,2.3222952396191454
2014-02-06,2.322372780207042
2014-02-07,2.3219043497743233
2014-02-10,2.324546337758645
2014-02-11,2.3280187687760616
2014-02-12,2.332867532469679
2014-02-13,2.3373835177900943
2014-02-14,2.341103622890139
2014-02-17,2.34747177706988
2014-02-18,2.3565228764632833
2014-02-19,2.362057097265661
2014-02-20,2.365428708994185
2014-02-21,2.361849102192201
2014-02-24,2.3508464361593724
2014-02-25,2.3402970495771958
2014-02-26,2.3325545023721044
2014-02-27,2.329066553140303
2014-02-28,2.3183788870615714
2014-03-03,2.3135843346576688
2014-03-04,2.313689434016858
2014-03-05,2.3107107115220993
2014-03-06,2.303963710336147
2014-03-07,2.298279097070331
2014-03-10,2.295606671751743
2014-03-11,2.295982278156008
2014-03-12,2.2976324146088287
2014-03-13,2.3026178731241864
2014-03-14,2.304556875468481
2014-03-17,2.3052448954833946
2014-03-18,2.306653861028304
2014-03-19,2.3081513938565337
2014-03-20,2.31346319968833
2014-03-21,2.31374140443822
2014-03-24,2.311374505475357
2014-03-25,2.3091664729526
2014-03-26,2.305106470086649
2014-03-27,2.2976191364869507
2014-03-28,2.2807524992206187
2014-03-30,2.2669907398565647
2014-03-31,2.258847699443493
2014-04-01,2.249358603393128
2014-04-02,2.2427954620530572
2014-04-03,2.2386566652431967
2014-04-06,2.2257698037208153
2014-04-07,2.2112215160081377
2014-04-08,2.196665971989949
2014-04-09,2.1802024496177217
2014-04-10,2.1729225711281503
2014-04-13,2.1675260711290156
2014-04-14,2.164212358644836
2014-04-15,2.1635978525483472
2014-04-16,2.166922603077213
2014-04-17,2.1680265936697283
2014-04-20,2.17027927169628
2014-04-21,2.174325407506854
2014-04-22,2.179442113689291
2014-04-23,2.181913375889953
2014-04-24,2.1798247073935175
2014-04-27,2.180270433612456
2014-04-28,2.1815126721615585
2014-04-29,2.1826151856721534
2014-04-30,2.184959695274955
2014-05-01,2.1914204356892557
2014-05-04,2.190849175377557
2014-05-05,2.1908802814780333
2014-05-06,2.1941904389606606
2014-05-07,2.2029582913320236
2014-05-08,2.20492295702011
2014-05-11,2.2036668343642125
2014-05-12,2.203220531155123
2014-05-13,2.2017306043097653
2014-05-14,2.198392769847736
2014-05-15,2.197789781559144
2014-05-18,2.1966326688488227
2014-05-19,2.1944317099474038
2014-05-20,2.1945585977412474
2014-05-21,2.1932206867136963
2014-05-22,2.1934285199948316
2014-05-25,2.1946166808017114
2014-05-26,2.1946239371568503
2014-05-27,2.194667753609737
2014-05-28,2.1946916864480737
2014-05-29,2.195098845548633
2014-06-01,2.1942496252440273
2014-06-02,2.1862319758889
2014-06-03,2.179733700975461
2014-06-04,2.176454278521474
2014-06-05,2.1768839276729652
2014-06-08,2.1789786856841933
2014-06-09,2.180536700057932
2014-06-10,2.1813655835513095
2014-06-11,2.184981108917274
2014-06-12,2.1860727674398586
2014-06-15,2.187267487829218
2014-06-16,2.19072774653839
2014-06-17,2.1927287375967004
2014-06-18,2.1951839006473164
2014-06-19,2.1965833245547692
2014-06-22,2.197552887820647
2014-06-23,2.1962993301489924
2014-06-24,2.1952012058479102
2014-06-25,2.1918450433827967
2014-06-26,2.186805686105222
2014-06-29,2.1810109799046957
2014-06-30,2.1813922780421646
2014-07-01,2.181551302902103
2014-07-02,2.186297551882696
2014-07-03,2.1872697652282933
2014-07-06,2.187397680941948
2014-07-07,2.1873917483468737
2014-07-08,2.186712595888703
2014-07-09,2.1859846840881687
2014-07-10,2.186001819546875
2014-07-13,2.185946780362902
2014-07-14,2.185464206856667
2014-07-15,2.1924762134879954
2014-07-16,2.192436960779532
2014-07-17,2.1863190854838916
2014-07-20,2.1864731001949367
2014-07-21,2.186654936392148
2014-07-22,2.1861438359035925
2014-07-23,2.186964908997824
2014-07-24,2.1897094015841763
2014-07-27,2.1935094524160204
2014-07-28,2.193957037956172
2014-07-29,2.196734093750584
2014-07-30,2.194962322896955
2014-07-31,2.192180571748304
2014-08-03,2.1919418981415193
2014-08-04,2.190834113952776
2014-08-05,2.188326619724975
2014-08-06,2.188763415229889
2014-08-07,2.184970206715517
2014-08-10,2.1853449913885172
2014-08-11,2.188773651985949
2014-08-12,2.1913298275627877
2014-08-13,2.1935352165928577
2014-08-14,2.19358571807442
2014-08-17,2.1961145398139177
2014-08-18,2.2000162536932724
2014-08-19,2.205736019196738
2014-08-20,2.2111630438711116
2014-08-21,2.21773071720423
2014-08-24,2.2234971029689006
2014-08-25,2.2308618519138355
2014-08-26,2.2371682069854804
2014-08-27,2.237147038478473
2014-08-28,2.233367957961837
2014-08-31,2.2294097963159643
2014-09-01,2.2279117680168956
2014-09-02,2.225328207958831
2014-09-03,2.221925355643559
2014-09-04,2.2222333535303425
2014-09-07,2.2210647723786874
2014-09-08,2.2214104313927194
2014-09-09,2.2204808559218474
2014-09-10,2.219669773311225
2014-09-11,2.2169113799908318
2014-09-14,2.2179125308993086
2014-09-15,2.207614823827765
2014-09-16,2.203942602918649
2014-09-17,2.1972902021781384
2014-09-18,2.1913644763401594
2014-09-21,2.1870094109379803
2014-09-22,2.1792824074528347
2014-09-23,2.1742976573191166
2014-09-24,2.177617815956987
2014-09-25,2.1788106458060956
2014-09-28,2.1848210737478753
2014-09-29,2.18891901378807
2014-09-30,2.197581933016699
2014-10-01,2.205319662565833
2014-10-02,2.215022275882806
2014-10-05,2.2331028000097928
2014-10-06,2.2493629387669047
2014-10-07,2.263345138183723
2014-10-08,2.2772550183279834
2014-10-09,2.2918238275406875
2014-10-12,2.315258009289948
2014-10-13,2.3227812432143025
2014-10-14,2.332928549914858
2014-10-15,2.3398651699902815
2014-10-16,2.3455694520935175
2014-10-19,2.3532893100403323
2014-10-20,2.3556194588471593
2014-10-21,2.3557311130078396
2014-10-22,2.360933223934161
2014-10-23,2.359687744101166
2014-10-27,2.3614492459690317
2014-10-28,2.357631042862722
2014-10-29,2.358617077662702
2014-10-30,2.358893723597859
2014-10-31,2.3555126341264128
2014-11-03,2.353000213917247
2014-11-04,2.353123577213236
2014-11-05,2.358099954065399
2014-11-06,2.36800614356524
2014-11-07,2.3667466308205634
2014-11-10,2.3739471706443998
2014-11-11,2.382934336322123
2014-11-12,2.392847699966263
2014-11-13,2.3933964932668275
2014-11-14,2.3912455137188333
2014-11-17,2.3952192090858033
2014-11-18,2.395621862543883
2014-11-19,2.398088780293388
2014-11-20,2.401171327081828
2014-11-21,2.4036016713562787
2014-11-24,2.4084348990246354
2014-11-25,2.409433770362494
2014-11-26,2.4175070104959264
2014-11-27,2.423633013600398
2014-11-28,2.4489466599179153
2014-12-01,2.476676419955093
2014-12-02,2.484534192213194
2014-12-03,2.493229693479314
2014-12-04,2.500668034926384
2014-12-05,2.4999223835091633
2014-12-08,2.500312220468911
2014-12-09,2.5002937619348575
2014-12-10,2.5007137687876826
2014-12-11,2.4990611536896243
2014-12-12,2.492880540215841
2014-12-15,2.4878024906818967
2014-12-16,2.4766149545666187
2014-12-17,2.4607999452882066
2014-12-18,2.4550872232244783
2014-12-19,2.456394999980772
2014-12-22,2.4665830721535125
2014-12-23,2.472889439289377
2014-12-24,2.4816250931637582
2014-12-25,2.49932192916386
2014-12-26,2.5128876584503153
2014-12-29,2.528299435765037
2014-12-30,2.539965819704004
2014-12-31,2.5518164512144335
2015-01-01,2.569658875107593
2015-01-02,2.579159762087542
2015-01-05,2.591574091394835
2015-01-06,2.602983007437155
2015-01-07,2.619604840030546
2015-01-08,2.6315555548240512
2015-01-09,2.63378352103884
2015-01-12,2.6284160563304657
2015-01-13,2.6274435615451814
2015-01-14,2.6269471230388306
2015-01-15,2.6177550445296514
2015-01-16,2.6150788496953985
2015-01-19,2.608494675498299
2015-01-20,2.6072195841460895
2015-01-21,2.599674358820826
2015-01-22,2.59028836616898
2015-01-23,2.576287574399646
2015-01-26,2.5665386315906997
2015-01-27,2.559786415716308
2015-01-28,2.5500512017565367
2015-01-29,2.54222302596616
2015-01-30,2.539227190542498
2015-02-02,2.5403026225576077
2015-02-03,2.53720197121293
2015-02-04,2.537760673920084
2015-02-05,2.5305187920859646
2015-02-06,2.5236483400183607
2015-02-09,2.5141444077018047
2015-02-10,2.507952985350391
2015-02-11,2.495374377079767
2015-02-12,2.484916033404605
2015-02-13,2.4832860220446706
2015-02-16,2.4850446249579696
2015-02-17,2.486201490645327
2015-02-18,2.493862798496758
2015-02-19,2.50560416950639
2015-02-20,2.523501644592744
2015-02-23,2.5441215621423057
2015-02-24,2.5681271298354353
2015-02-25,2.6015344961531435
2015-02-26,2.641014147560222
2015-02-27,2.678382487161513
2015-03-02,2.701195184914847
2015-03-03,2.7137483434246312
2015-03-04,2.7358270743503494
2015-03-05,2.7419706571587508
2015-03-06,2.7473221737000677
2015-03-09,2.7382694417940887
2015-03-10,2.7266042916909004
2015-03-11,2.718961403630454
2015-03-12,2.7092625793922394
2015-03-13,2.7063851102279064
2015-03-16,2.6952851030464653
2015-03-17,2.6950145363734714
2015-03-18,2.7019252403667275
2015-03-19,2.7167166936609357
2015-03-20,2.7244365675319666
2015-03-23,2.743730914372774
2015-03-24,2.7673637455296753
2015-03-25,2.7975563050570393
2015-03-26,2.828895959595603
2015-03-27,2.8570506941640574
2015-03-29,2.9075614622505426
2015-03-30,2.9519470303461324
2015-03-31,2.994741471005669
2015-04-01,3.0307844902138323
2015-04-02,3.059498437115515
2015-04-05,3.0736679979381294
2015-04-06,3.0734830142544527
2015-04-07,3.0778986922258724
2015-04-08,3.0594882298567474
2015-04-09,3.0417811698454824
2015-04-12,3.029559690706779
2015-04-13,3.026576996182576
2015-04-14,3.0171466593965133
2015-04-15,3.000155519013278
2015-04-16,2.994340084972904
2015-04-19,2.9868556238419077
2015-04-20,2.9760475200573873
2015-04-21,2.965487339110541
2015-04-22,2.955041772863888
2015-04-23,2.9384162512838765
2015-04-26,2.929273968773802
2015-04-27,2.9150571144220323
2015-04-28,2.9059105598446724
2015-04-29,2.9011385960163114
2015-04-30,2.9016633985035694
2015-05-03,2.903491316455627
2015-05-04,2.9070004716369806
2015-05-05,2.912796526117881
2015-05-06,2.9125894515795507
2015-05-07,2.9123475775899634
2015-05-10,2.908933768014159
2015-05-11,2.9164749712137077
2015-05-12,2.9179088364967574
2015-05-13,2.917797435885501
2015-05-14,2.9162809320364476
2015-05-17,2.9151508360748433
2015-05-18,2.9148706047990496
2015-05-19,2.9147778432113562
2015-05-20,2.914619635214491
2015-05-21,2.9181107581245556
2015-05-24,2.921682492809402
2015-05-25,2.9364138932600037
2015-05-26,2.9393291432094113
2015-05-27,2.944786244667605
2015-05-28,2.9399062038173502
2015-05-31,2.9356561843251425
2015-06-01,2.93016144556163
2015-06-02,2.9305364469830426
2015-06-03,2.933499939630811
2015-06-04,2.9379645653675
2015-06-07,2.952828289334223
2015-06-08,2.9556950590233053
2015-06-09,2.9636908676795164
2015-06-10,2.969810463753521
2015-06-11,2.98465925649136
2015-06-14,3.0026681081520024
2015-06-15,3.0197294860719586
2015-06-16,3.0295717564154843
2015-06-17,3.0436306084197593
2015-06-18,3.0490713773736764
2015-06-21,3.0496268240334916
2015-06-22,3.048406430994952
2015-06-23,3.0436245988911512
2015-06-24,3.0419468700572225
2015-06-25,3.043459536819181
2015-06-28,3.0479910306954863
2015-06-29,3.0527029734602
2015-06-30,3.0528589896420586
2015-07-01,3.0517059270610405
2015-07-02,3.0520358509330405
2015-07-05,3.052966647387155
2015-07-06,3.052048830255106
2015-07-07,3.0460780615550607
2015-07-08,3.0302019167132683
2015-07-09,3.0248257192117496
2015-07-12,3.0254186335547066
2015-07-13,3.025707247339657
2015-07-14,3.029430444218381
2015-07-15,3.040238159164898
2015-07-16,3.0509929854972877
2015-07-19,3.054728254585571
2015-07-20,3.060544212500945
2015-07-21,3.0713799720536685
2015-07-22,3.0755959873400753
2015-07-23,3.0659944932188408
2015-07-26,3.046110025603439
2015-07-27,3.0366556769317175
2015-07-28,3.0360872820519056
2015-07-29,3.0378604444486417
2015-07-30,3.045650876356436
2015-08-02,3.044947649922654
2015-08-03,3.0446302958277838
2015-08-04,3.0411383741651727
2015-08-05,3.034396385321168
2015-08-06,3.0269071301601844
2015-08-09,3.0340785504738252
2015-08-10,3.0579581023396605
2015-08-11,3.0833543945532456
2015-08-12,3.1137910407399003
2015-08-13,3.1437892199007114
2015-08-16,3.1735040602570694
2015-08-17,3.2062002686761715
2015-08-18,3.253217692143451
2015-08-19,3.2941759708069585
2015-08-20,3.3221696489810384
2015-08-23,3.3347873137066064
2015-08-24,3.344978045901866
2015-08-25,3.3513562351498276
2015-08-26,3.3758283986473745
2015-08-27,3.3962795943181705
2015-08-30,3.4050537765757602
2015-08-31,3.405246409067553
2015-09-01,3.3929479208161326
2015-09-02,3.373308375152042
2015-09-03,3.3617664563985956
2015-09-06,3.336829526233413
2015-09-07,3.335278989507689
2015-09-08,3.33821599111287
2015-09-09,3.349128960612491
2015-09-10,3.3507909815987182
2015-09-13,3.3616836405422807
2015-09-14,3.38263016869503
2015-09-15,3.4073385115731014
2015-09-16,3.4345070263134927
2015-09-17,3.47083538598294
2015-09-20,3.5003574412492604
2015-09-21,3.523446286722031
2015-09-22,3.523924231234801
2015-09-23,3.514844394591188
2015-09-24,3.5594579788421603
2015-09-27,3.6033516706232205
2015-09-28,3.6314284153895127
2015-09-29,3.655788662502135
2015-09-30,3.675616183435264
2015-10-01,3.7022303170987465
2015-10-04,3.7105842539142864
2015-10-05,3.718965801711045
2015-10-06,3.724199715204458
2015-10-07,3.741390130644582
2015-10-08,3.729008723644459
2015-10-11,3.709746059007518
2015-10-12,3.699979089082756
2015-10-13,3.703040097022311
2015-10-14,3.699587357450273
2015-10-15,3.6865253634221515
2015-10-18,3.685702749220292
2015-10-19,3.689826313570712
2015-10-20,3.6905682221525575
2015-10-21,3.7155836467025956
2015-10-22,3.714681157455088
2015-10-26,3.712737125266441
2015-10-27,3.731590950836142
2015-10-28,3.7456961070256387
2015-10-29,3.7470145175617424
2015-10-30,3.7535630940272395
2015-11-02,3.7535105500384844
2015-11-03,3.753811058596925
2015-11-04,3.741919937648347
2015-11-05,3.7352641550602264
2015-11-06,3.7349447640891085
2015-11-09,3.7364672831386923
2015-11-10,3.7436560317898104
2015-11-11,3.7277844428593534
2015-11-12,3.720932444705823
2015-11-13,3.7168900471463826
2015-11-16,3.718307403075766
2015-11-17,3.7173081111455866
2015-11-18,3.7163020010559693
2015-11-19,3.715867255071177
2015-11-20,3.7123735058747047
2015-11-23,3.695416307181444
2015-11-24,3.6913772135711644
2015-11-25,3.6806957415153856
2015-11-26,3.6836612352543114
2015-11-27,3.6814776664278455
2015-11-30,3.682583921266238
2015-12-01,3.6831735801177277
2015-12-02,3.6814173794846923
2015-12-03,3.680595028743448
2015-12-04,3.6787649058450214
2015-12-07,3.6773441443349606
2015-12-08,3.675480815322579
2015-12-09,3.67874484510946
2015-12-10,3.676609278831584
2015-12-11,3.6780698262507627
2015-12-14,3.6793222221613036
2015-12-15,3.6735915000531687
2015-12-16,3.6657322956062974
2015-12-17,3.66382542565473
2015-12-18,3.665590667284725
2015-12-21,3.6661310629717603
2015-12-22,3.6615810901107437
2015-12-23,3.6740096205505317
2015-12-24,3.6859158942775077
2015-12-25,3.701660527796982
2015-12-28,3.7039500070922347
2015-12-29,3.7033240880921285
2015-12-30,3.7041217173069967
2015-12-31,3.706030448772292
2016-01-01,3.721473070690028
2016-01-04,3.740959179865925
2016-01-05,3.7544545525546402
2016-01-06,3.761811881866389
2016-01-07,3.792008917109302
2016-01-08,3.8073415743713626
2016-01-11,3.8289662329363883
2016-01-12,3.833351221319281
2016-01-13,3.8383629501175487
2016-01-14,3.847162575173181
2016-01-15,3.860975934526939
2016-01-18,3.8615935546246187
2016-01-19,3.8597554497213467
2016-01-20,3.858343649586907
2016-01-21,3.857527784866379
2016-01-22,3.8566014777208872
2016-01-25,3.868041087625809
2016-01-26,3.896535570588921
2016-01-27,3.9301405040663697
2016-01-28,3.939708748664476
2016-01-29,3.9546804401093145
2016-02-01,3.9657120325957798
2016-02-02,3.9527281731479116
2016-02-03,3.947068065257977
2016-02-04,3.919526630551723
2016-02-05,3.8937903278757307
2016-02-08,3.877582110917236
2016-02-09,3.858696504557085
2016-02-10,3.840411275153158
2016-02-11,3.831977980737645
2016-02-12,3.8308713687373968
2016-02-15,3.828304577046588
2016-02-16,3.8269868632649917
2016-02-17,3.8268906160104956
2016-02-18,3.827436307837014
2016-02-19,3.837822019488856
2016-02-22,3.841225227772639
2016-02-23,3.8416567272198816
2016-02-24,3.8425565081528354
2016-02-25,3.8514419421333326
2016-02-26,3.8567733958976755
2016-02-29,3.8567799952080253
2016-03-01,3.856248727821043
2016-03-02,3.8526149415568365
2016-03-03,3.8520685696438934
2016-03-04,3.8287219660937883
2016-03-07,3.7989690263457923
2016-03-08,3.7774720198366945
2016-03-09,3.7522052836013438
2016-03-10,3.706487490836856
2016-03-11,3.650562398445687
2016-03-14,3.593108230234205
2016-03-15,3.5644090714974648
2016-03-16,3.5612749933256165
2016-03-17,3.551794603028737
2016-03-18,3.530202739224011
2016-03-21,3.513776787495106
2016-03-22,3.4944707061649414
2016-03-23,3.474070064632511
2016-03-24,3.4730611426149514
2016-03-25,3.475112454043826
2016-03-27,3.4840723119640975
2016-03-28,3.5110149962157973
2016-03-29,3.5242793600037374
2016-03-30,3.534053054259999
2016-03-31,3.5305566873052374
2016-04-03,3.519501646282913
2016-04-04,3.5248656578195843
2016-04-05,3.531027405362601
2016-04-06,3.5302857017320717
2016-04-07,3.532734493448769
2016-04-10,3.53525255134136
2016-04-11,3.506917316003224
2016-04-12,3.4903814764796457
2016-04-13,3.478278404937177
2016-04-14,3.4575610160305468
2016-04-17,3.450037872017449
2016-04-18,3.449958557154728
2016-04-19,3.444063103352522
2016-04-20,3.4389157200587217
2016-04-21,3.43530858129607
2016-04-24,3.4379033945859923
2016-04-25,3.440640074416825
2016-04-26,3.437638049411011
2016-04-27,3.4339150738921345
2016-04-28,3.424773851438432
2016-05-01,3.4082911602272907
2016-05-02,3.404891165233544
2016-05-03,3.414200405355945
2016-05-04,3.419579545057477
2016-05-05,3.4390600782563348
2016-05-08,3.4399816120411075
2016-05-09,3.442364850042772
2016-05-10,3.440373901504826
2016-05-11,3.4323801754725327
2016-05-12,3.433088173046191
2016-05-15,3.433078079766948
2016-05-16,3.4397477918623816
2016-05-17,3.4373871929167112
2016-05-18,3.435872862706216
2016-05-19,3.4344566254477003
2016-05-22,3.4348671890259994
2016-05-23,3.4336351535098197
2016-05-24,3.4322509877145198
2016-05-25,3.430441117031224
2016-05-26,3.4328234235309534
2016-05-29,3.4441685203604884
2016-05-30,3.447907720752743
2016-05-31,3.4470575604609954
2016-06-01,3.446083641963681
2016-06-02,3.446645160671072
2016-06-05,3.449632301461912
2016-06-06,3.4454782777907766
2016-06-07,3.43709125045606
2016-06-08,3.410208593682871
2016-06-09,3.3935841726715195
2016-06-12,3.378574353828741
2016-06-13,3.376766239711307
2016-06-14,3.375541049482918
2016-06-15,3.3701713921872747
2016-06-16,3.3644389926107654
2016-06-19,3.3521683040742354
2016-06-20,3.3380037309935555
2016-06-21,3.3293633926413424
2016-06-22,3.3167391059552256
2016-06-23,3.300071988976228
2016-06-26,3.2962737069007133
2016-06-27,3.2938856807905363
2016-06-28,3.2810566655188618
2016-06-29,3.258753126421079
2016-06-30,3.233768061452622
2016-07-03,3.21477322226434
2016-07-04,3.207401748660897
2016-07-05,3.2003589898728313
2016-07-06,3.1979766747707954
2016-07-07,3.1969388971962323
2016-07-10,3.1907186134119003
2016-07-11,3.191266849397851
2016-07-12,3.1926921683644998
2016-07-13,3.1923652241224088
2016-07-14,3.192821262808819
2016-07-17,3.1933280150772396
2016-07-18,3.1897541943131715
2016-07-19,3.191322145300472
2016-07-20,3.190658896744363
2016-07-21,3.1895255682603207
2016-07-24,3.190813742337274
2016-07-25,3.201795925330597
2016-07-26,3.2013657507222706
2016-07-27,3.2039963972010432
2016-07-28,3.21552513623437
2016-07-31,3.2184382390939796
2016-08-01,3.2164834738421475
2016-08-02,3.2141898281441628
2016-08-03,3.212352113831498
2016-08-04,3.209195473607517
2016-08-07,3.1883450311459525
2016-08-08,3.1758618008679322
2016-08-09,3.1577913175918044
2016-08-10,3.136915135160035
2016-08-11,3.12302299581561
2016-08-14,3.120112093742743
2016-08-15,3.1162670473037095
2016-08-16,3.114458299479107
2016-08-17,3.113251682612021
2016-08-18,3.114186459781955
2016-08-21,3.1133633404760883
2016-08-22,3.114889212897892
2016-08-23,3.116868359805213
2016-08-24,3.1181843367804616
2016-08-25,3.12272640143102
2016-08-28,3.1210940327624996
2016-08-29,3.1229599328284334
2016-08-30,3.1241217530724135
2016-08-31,3.124431202118448
2016-09-01,3.1242764724621175
2016-09-04,3.1281901624994175
2016-09-05,3.1310487828488616
2016-09-06,3.1400625286871953
2016-09-07,3.155233892109926
2016-09-08,3.171153443369232
2016-09-11,3.1729333406033504
2016-09-12,3.1790404915275325
2016-09-13,3.1737849231653628
2016-09-14,3.165532396080614
2016-09-15,3.1644016484772606
2016-09-18,3.1693038068372847
2016-09-19,3.175867842137322
2016-09-20,3.1772621862869084
2016-09-21,3.1752173007244946
2016-09-22,3.173757309154662
2016-09-25,3.172868703575811
2016-09-26,3.174106963667033
2016-09-27,3.1737107775309976
2016-09-28,3.172660705593642
2016-09-29,3.172871642923835
2016-10-02,3.1729850944044524
2016-10-03,3.168266296979063
2016-10-04,3.174958816994221
2016-10-05,3.1800606328769465
2016-10-06,3.181815119340002
2016-10-09,3.1782590233980077
2016-10-10,3.172967378841295
2016-10-11,3.1704152219276
2016-10-12,3.179067823025437
2016-10-13,3.1760797101377416
2016-10-16,3.1745672728134466
2016-10-17,3.1751400768676126
2016-10-18,3.170895466543906
2016-10-19,3.163328478720905
2016-10-20,3.1491704640873763
2016-10-23,3.1401681058627857
2016-10-24,3.126708720412634
2016-10-25,3.1117339355835627
2016-10-26,3.1047463367726733
2016-10-27,3.105350412772818
2016-10-31,3.1094508956699327
2016-11-01,3.109495991422861
2016-11-02,3.11197339896279
2016-11-03,3.1086243282109773
2016-11-04,3.1053802426238657
2016-11-07,3.1047117600020315
2016-11-08,3.104690887170501
2016-11-09,3.1030104951293174
2016-11-10,3.102132449942925
2016-11-11,3.0720504065084397
2016-11-14,3.0548877849273763
2016-11-15,3.034531175567634
2016-11-16,3.023561785483847
2016-11-17,3.018787525061663
2016-11-18,3.024911532270815
2016-11-21,3.0368418203901504
2016-11-22,3.0555215377378913
2016-11-23,3.081323356249264
2016-11-24,3.1019283617883335
2016-11-25,3.1225604016545647
2016-11-28,3.137536462126257
2016-11-29,3.156583562473892
2016-11-30,3.169165867963908
2016-12-01,3.1822880536825724
2016-12-02,3.1828280262454367
2016-12-05,3.2035790900067243
2016-12-06,3.237229263935709
2016-12-07,3.2913533304368783
2016-12-08,3.3312293089009364
2016-12-09,3.3282694804676884
2016-12-12,3.326521901391845
2016-12-13,3.314839993600267
2016-12-14,3.3040076898141457
2016-12-15,3.300194704951966
2016-12-16,3.2961446717005174
2016-12-19,3.29681618643071
2016-12-20,3.294394601730503
2016-12-21,3.292981653260755
2016-12-22,3.2835501261947853
2016-12-23,3.268049184377759
2016-12-26,3.250032892597811
2016-12-27,3.2344093055112313
2016-12-28,3.2223952703530987
2016-12-29,3.212682765354981
2016-12-30,3.2267854955543576
2017-01-02,3.22575081110849
2017-01-03,3.2247605887805535
2017-01-04,3.220976468807596
2017-01-05,3.2063770315042825
2017-01-06,3.190232797758451
2017-01-09,3.182656337877047
2017-01-10,3.1690625393518035
2017-01-11,3.1571784882793112
2017-01-12,3.1502802248445927
2017-01-13,3.1439110227113782
2017-01-16,3.145086315851882
2017-01-17,3.1522009417859223
2017-01-18,3.1579455290433103
2017-01-19,3.1636321302498462
2017-01-20,3.1611575436027626
2017-01-23,3.1469344713718472
2017-01-24,3.139817663500929
2017-01-25,3.1355066118834953
2017-01-26,3.1343841495934885
2017-01-27,3.132326162091712
2017-01-30,3.11743716933223
2017-01-31,3.1145063660295933
2017-02-01,3.115667906048558
2017-02-02,3.108651720666175
2017-02-03,3.101118900980749
2017-02-06,3.095382406153536
2017-02-07,3.0882058401525434
2017-02-08,3.0825061889962178
2017-02-09,3.0775863878416363
2017-02-10,3.074821041150897
2017-02-13,3.0694911280298713
2017-02-14,3.072606909419926
2017-02-15,3.0675979099333754
2017-02-16,3.0635338354225317
2017-02-17,3.0631354304719536
2017-02-20,3.060091177117471
2017-02-21,3.057157350452296
2017-02-22,3.0573649079690637
2017-02-23,3.053425090212028
2017-02-24,3.0530549286596487
2017-02-27,3.05224141638202
2017-02-28,3.0523525237790716
2017-03-01,3.055634145686729
2017-03-02,3.055486476893568
2017-03-03,3.051087636555236
2017-03-06,3.051067848958942
2017-03-07,3.049683267492968
2017-03-08,3.04969598790866
2017-03-09,3.0457294251663303
2017-03-10,3.0371212141535344
2017-03-13,3.0366326822635137
2017-03-14,3.035985352258582
2017-03-15,3.03766760778752
2017-03-16,3.0444757164080674
2017-03-17,3.047341870101573
2017-03-20,3.046195995514819
2017-03-21,3.0438292193310033
2017-03-22,3.042941096564907
2017-03-23,3.0469158556229803
2017-03-24,3.055642400413859
2017-03-26,3.057347187736354
2017-03-27,3.0588123817631914
2017-03-28,3.0603857683792532
2017-03-29,3.064369516254063
2017-03-30,3.0646179170687855
2017-04-02,3.0647388090276118
2017-04-03,3.0635096639437776
2017-04-04,3.061218673443493
2017-04-05,3.061513132835599
2017-04-06,3.0676346215838826
2017-04-09,3.0678032452501567
2017-04-10,3.0688020417789748
2017-04-11,3.071391370728492
2017-04-12,3.073190504952266
2017-04-13,3.073019385639717
2017-04-16,3.0772885560160472
2017-04-17,3.0871492932813207
2017-04-18,3.091435810217803
2017-04-19,3.0991408516542305
2017-04-20,3.0987569723336126
2017-04-23,3.1011666482148468
2017-04-24,3.101323095737582
2017-04-25,3.101084624113438
2017-04-26,3.099300450571699
2017-04-27,3.0955221622174736
2017-04-30,3.095082578193472
2017-05-01,3.09706539609066
2017-05-02,3.1053485723651644
2017-05-03,3.1085740133599224
2017-05-04,3.1072026605957905
2017-05-07,3.1069695205998453
2017-05-08,3.106598156436095
2017-05-09,3.107595130766654
2017-05-10,3.1120782077919884
2017-05-11,3.1116375228084343
2017-05-14,3.113077431150969
2017-05-15,3.1081452571387094
2017-05-16,3.1051194446299197
2017-05-17,3.103379856914549
2017-05-18,3.059915195097642
2017-05-21,3.059446818969988
2017-05-22,3.0616642882364755
2017-05-23,3.0626814052115456
2017-05-24,3.062165084922782
2017-05-25,3.0619393075602086
2017-05-28,3.0620688119252457
2017-05-29,3.06402725326873
2017-05-30,3.0693599010244204
2017-05-31,3.07387760134033
2017-06-01,3.076470937423762
2017-06-04,3.0801281828955314
2017-06-05,3.0808872129632516
2017-06-06,3.084251528882269
2017-06-07,3.0910794344969332
2017-06-08,3.1034867653747225
2017-06-11,3.1034867653747225
2017-06-12,3.123956664144258
2017-06-13,3.1540924663103094
2017-06-14,3.1791013464886455
2017-06-15,3.1894434476607287
2017-06-18,3.1901653772620673
2017-06-19,3.190444359205552
2017-06-20,3.1880068299655653
2017-06-21,3.1852501006867993
2017-06-22,3.182652937029869
2017-06-25,3.1973677636021423
2017-06-26,3.199924527998811
2017-06-27,3.202599972263774
2017-06-28,3.2101723536113815
2017-06-29,3.214770184835643
2017-07-02,3.197483794281222
2017-07-03,3.1975825232330206
2017-07-04,3.198849478262095
2017-07-05,3.200380174403632
2017-07-06,3.2033310974253215
2017-07-09,3.2033310974253215
2017-07-10,3.2004237590008833
2017-07-11,3.196504098982525
2017-07-12,3.1859778603877027
2017-07-13,3.177013525345972
2017-07-16,3.1611648120640963
2017-07-17,3.1482455043713786
2017-07-18,3.1313875675186527
2017-07-19,3.117102974092271
2017-07-20,3.0999913111712893
2017-07-23,3.0982866524434716
2017-07-24,3.088825494170093
2017-07-25,3.0870795714416017
2017-07-26,3.079084940071097
2017-07-27,3.0778125425297693
2017-07-30,3.0778125425297693
2017-07-31,3.0747925293851655
2017-08-01,3.0768050869434047
2017-08-02,3.077175475643993
2017-08-03,3.0863033111931784
2017-08-06,3.0828667948190307
2017-08-07,3.081593819984091
2017-08-08,3.089381230804258
2017-08-09,3.092703351317382
2017-08-10,3.097578126945092
2017-08-13,3.0975781269450917
2017-08-14,3.096887293711625
2017-08-15,3.0967696687745985
2017-08-16,3.0969143734188154
2017-08-17,3.1002559680729718
2017-08-20,3.1002559680729718
2017-08-21,3.10091479707082
2017-08-22,3.1010808455307144
2017-08-23,3.1012622545553383
2017-08-24,3.1009421270305775
2017-08-27,3.1015421332833046
2017-08-28,3.1042974413552487
2017-08-29,3.1079923346562603
2017-08-30,3.1146063832456177
2017-08-31,3.1215671241650047
2017-09-03,3.125407163928059
2017-09-04,3.128914408831308
2017-09-05,3.1258579648962184
2017-09-06,3.113310096426588
2017-09-07,3.102853502708005
2017-09-10,3.1028535027080046
2017-09-11,3.095752557215402
2017-09-12,3.0929208125622556
2017-09-13,3.091571225800751
2017-09-14,3.089118289133351
2017-09-17,3.086389326796737
2017-09-18,3.0861281556984954
2017-09-19,3.085792134290116
2017-09-20,3.0853018530839527
2017-09-21,3.0849268863883665
2017-09-24,3.084096922029472
2017-09-25,3.0846827448746583
2017-09-26,3.084707326613021
2017-09-27,3.0808116450458862
2017-09-28,3.0789619022110934
2017-10-01,3.0800443395994828
2017-10-02,3.08023228384696
2017-10-03,3.08234013049273
2017-10-04,3.087319298020139
2017-10-05,3.093750487828753
2017-10-08,3.095051463545973
2017-10-09,3.0995657202692635
2017-10-10,3.1016983663318474
2017-10-11,3.103420403256663
2017-10-12,3.1078815270193054
2017-10-15,3.114374764196872
2017-10-16,3.1167347840403816
2017-10-17,3.119504565478806
2017-10-18,3.1233639966806774
2017-10-19,3.126845580939326
2017-10-22,3.1326976316656867
2017-10-23,3.1241387168306023
2017-10-24,3.117197213756366
2017-10-25,3.1137312432680844
2017-10-26,3.1009681815783536
2017-10-30,3.1012518343081252
2017-10-31,3.09715524683628
2017-11-01,3.1001679098102835
2017-11-02,3.1068440823820254
2017-11-03,3.1118231207066334
2017-11-06,3.115196868684565
2017-11-07,3.118220799389374
2017-11-08,3.1222554821703676
2017-11-09,3.1288833679170165
2017-11-10,3.1364217685844635
2017-11-13,3.1499100440838066
2017-11-14,3.159696746590013
2017-11-15,3.1727660249849325
2017-11-16,3.1850311991514095
2017-11-17,3.2037462970823367
2017-11-20,3.2188774060753595
2017-11-21,3.2220780918853515
2017-11-22,3.224147603488553
2017-11-23,3.2219188424014975
2017-11-24,3.2148093529875528
2017-11-27,3.2144404521433727
2017-11-28,3.2102053961472814
2017-11-29,3.202192192892378
2017-11-30,3.2011426858202796
2017-12-01,3.20108770152398
2017-12-04,3.2027349110310768
2017-12-05,3.2022765330862457
2017-12-06,3.2012588579098837
2017-12-07,3.1997712272265195
2017-12-08,3.198716504792212
2017-12-11,3.1978024179503195
2017-12-12,3.195059774007705
2017-12-13,3.1965421995242504
2017-12-14,3.1953603878679377
2017-12-15,3.190054845435162
2017-12-18,3.190547163332044
2017-12-19,3.191353927455724
2017-12-20,3.1921484426804434
2017-12-21,3.197404207520794
2017-12-22,3.2036666745060534
2017-12-25,3.2059294821020203
2017-12-26,3.211462890118446
2017-12-27,3.224694989797666
2017-12-28,3.230776577845183
2017-12-29,3.233072099661796
2018-01-01,3.2378848746459132
2018-01-02,3.246883580424596
2018-01-03,3.251451180782182
2018-01-04,3.2518492484909305
2018-01-05,3.2407037989556313
2018-01-08,3.229369907949063
2018-01-09,3.221659807991859
2018-01-10,3.2162274751782145
2018-01-11,3.2075632554725533
2018-01-12,3.1996130591924024
2018-01-15,3.188008411566129
2018-01-16,3.1803391016287077
2018-01-17,3.1750267108984147
2018-01-18,3.1702885478319445
2018-01-19,3.1640474644304004
2018-01-22,3.1606168353990967
2018-01-23,3.160421257006231
2018-01-24,3.162455021639938
2018-01-25,3.1507474199978374
2018-01-26,3.1428150225825617
