Date,macd
2010-01-04,0.0
2010-01-05,0.00040384615384625455
2010-01-06,0.0003440254872477677
2010-01-07,0.0005755608656015099
2010-01-08,0.00041468984214532156
2010-01-11,0.00026742916443889264
2010-01-12,0.0004537836992786204
2010-01-13,0.0009804582506549586
2010-01-14,0.0022332206321438175
2010-01-15,0.0031048586320636673
2010-01-18,0.003632571862000944
2010-01-19,0.004568791810245942
2010-01-20,0.006066779982376813
2010-01-21,0.007764154009704649
2010-01-22,0.010013314845438881
2010-01-25,0.009453174385783969
2010-01-26,0.012009092106863628
2010-01-27,0.014827883459927804
2010-01-28,0.017994134795403127
2010-01-29,0.020536777754706304
2010-02-01,0.02156047845505049
2010-02-02,0.01994969642982447
2010-02-03,0.01979553624500796
2010-02-04,0.02153205829130367
2010-02-05,0.02278912367511965
2010-02-08,0.02271418988857099
2010-02-09,0.02037024711691804
2010-02-10,0.018848615736394292
2010-02-11,0.017507070309659145
2010-02-12,0.01676499340738391
2010-02-15,0.015471894199577507
2010-02-16,0.01362742537072803
2010-02-17,0.011324847391485537
2010-02-18,0.008351448602105682
2010-02-19,0.004769767129747082
2010-02-22,0.0022515845260380196
2010-02-23,0.0011316955553750674
2010-02-24,0.00016653560900881104
2010-02-25,0.0007338544768775712
2010-02-26,-0.0011222498809930759
2010-03-01,-0.0031754250584328236
2010-03-02,-0.009781161698610541
2010-03-03,-0.010563004244078522
2010-03-04,-0.011015539528187679
2010-03-05,-0.0120570900088941
2010-03-08,-0.012214582386947725
2010-03-09,-0.012485967929562358
2010-03-10,-0.013568817812467326
2010-03-11,-0.014183657905265656
2010-03-12,-0.01512861209548455
2010-03-15,-0.015664497433409252
2010-03-16,-0.015528824074967806
2010-03-17,-0.015574917318055048
2010-03-18,-0.014725612333311267
2010-03-19,-0.012003431732671377
2010-03-22,-0.00941889787124861
2010-03-23,-0.008737632409701934
2010-03-24,-0.007101952360102359
2010-03-25,-0.005289363452992024
2010-03-26,-0.0019121033082949435
2010-03-28,-0.0003914685212034197
2010-03-29,-0.000359176675863937
2010-03-30,-0.0013830204004978697
2010-03-31,-0.0033657563220144127
2010-04-01,-0.004912362505406165
2010-04-04,-0.006424859376825465
2010-04-05,-0.008131582969222784
2010-04-06,-0.007470891223097187
2010-04-07,-0.007185709482187663
2010-04-08,-0.00703921075504832
2010-04-11,-0.008020148485444967
2010-04-12,-0.012091054068603002
2010-04-13,-0.012558657368693549
2010-04-14,-0.012463715873970216
2010-04-15,-0.01175407532532824
2010-04-18,-0.010737911952030332
2010-04-19,-0.010440059369724697
2010-04-20,-0.010445837011002324
2010-04-21,-0.009097443457322774
2010-04-22,-0.007993060141373354
2010-04-25,-0.008533688917632398
2010-04-26,-0.0071875860854275775
2010-04-27,-0.006600605460292286
2010-04-28,-0.008224186362283836
2010-04-29,-0.009585687029380674
2010-05-02,-0.010359863710605488
2010-05-03,-0.009390167697970186
2010-05-04,-0.0060929548957104895
2010-05-05,0.0008871036266384635
2010-05-06,0.007573004320756471
2010-05-09,0.006778900049140724
2010-05-10,0.006127308553645516
2010-05-11,0.005387543436593534
2010-05-12,0.004467542067062125
2010-05-13,0.006286815956350278
2010-05-16,0.007704291984461209
2010-05-17,0.00973960318052458
2010-05-18,0.01231554771867116
2010-05-19,0.0185868046521398
2010-05-20,0.020258266351310228
2010-05-23,0.02256494109215823
2010-05-24,0.024617373073852145
2010-05-25,0.025506242238279464
2010-05-26,0.022163838513562295
2010-05-27,0.019156991215605768
2010-05-30,0.01659085969090701
2010-05-31,0.01595443464403168
2010-06-01,0.015034727189915609
2010-06-02,0.013217658143876987
2010-06-03,0.01319865017422761
2010-06-06,0.01583283455443607
2010-06-07,0.016599591734786534
2010-06-08,0.01557547773621204
2010-06-09,0.012226718002260384
2010-06-10,0.009407878537409431
2010-06-13,0.006302528910237637
2010-06-14,0.002433794345286344
2010-06-15,-0.0004495173123773011
2010-06-16,-0.0028150664913366708
2010-06-17,-0.00568125339186909
2010-06-20,-0.008556053342222869
2010-06-21,-0.010447653666792345
2010-06-22,-0.009082603370385689
2010-06-23,-0.009712342858577028
2010-06-24,-0.009975394274901905
2010-06-27,-0.009908272717816802
2010-06-28,-0.007684757983640322
2010-06-29,-0.007203195040259125
2010-06-30,-0.006105666335435078
2010-07-01,-0.007122556017048476
2010-07-04,-0.007925840689128938
2010-07-05,-0.008975393929745223
2010-07-06,-0.009854947719654117
2010-07-07,-0.010168509129977021
2010-07-08,-0.01124755647121578
2010-07-11,-0.011677613911222684
2010-07-12,-0.012200555149654235
2010-07-13,-0.011673525927836215
2010-07-14,-0.010808497695852681
2010-07-15,-0.009002486368243634
2010-07-18,-0.007189776437475315
2010-07-19,-0.006692738876876714
2010-07-20,-0.006410524296063702
2010-07-21,-0.007009796002322988
2010-07-22,-0.007375495596066983
2010-07-25,-0.007171128301141971
2010-07-26,-0.007320167846537107
2010-07-27,-0.007225881858412109
2010-07-28,-0.006870236455926326
2010-07-29,-0.00701586309979807
2010-08-01,-0.008294439145590582
2010-08-02,-0.008340116958321486
2010-08-03,-0.0082808602364699
2010-08-04,-0.008227813861722
2010-08-05,-0.008020694528815042
2010-08-08,-0.011436512405621269
2010-08-09,-0.010512324825441066
2010-08-10,-0.008950502387520709
2010-08-11,-0.006946792673914182
2010-08-12,-0.005465289608421298
2010-08-15,-0.007784152020122503
2010-08-16,-0.006847838201791578
2010-08-17,-0.006642486746675225
2010-08-18,-0.006326129133100489
2010-08-19,-0.005064870069488636
2010-08-22,-0.007832080224351223
2010-08-23,-0.006041931330959649
2010-08-24,-0.0046024478818327275
2010-08-25,-0.0031031102694201174
2010-08-26,-0.0025790910586149796
2010-08-29,-0.006694120957713823
2010-08-30,-0.005390586180817891
2010-08-31,-0.0046987496654302685
2010-09-01,-0.004908862364557676
2010-09-02,-0.0050574250973338675
2010-09-05,-0.010341250780438793
2010-09-06,-0.010302756867493379
2010-09-07,-0.009748350282247298
2010-09-08,-0.010064431454891443
2010-09-09,-0.009878290970406711
2010-09-12,-0.014023296435059285
2010-09-13,-0.013242055238363637
2010-09-14,-0.013675645402481784
2010-09-15,-0.012287996027180892
2010-09-16,-0.011355928713138619
2010-09-19,-0.014644410054576174
2010-09-20,-0.01218787332782667
2010-09-21,-0.010283887231498756
2010-09-22,-0.012679521549818551
2010-09-23,-0.010949840204501182
2010-09-26,-0.013721742473379539
2010-09-27,-0.012179254128340977
2010-09-28,-0.010831956942609411
2010-09-29,-0.010091687422890239
2010-09-30,-0.009987012416784902
2010-10-03,-0.014784920862497497
2010-10-04,-0.013270064924644887
2010-10-05,-0.014205489933354798
2010-10-06,-0.013579905893724042
2010-10-07,-0.013429605981885029
2010-10-10,-0.017306953104827327
2010-10-11,-0.017315622067152425
2010-10-12,-0.016431067969584268
2010-10-13,-0.016946803813209455
2010-10-14,-0.016511590621411498
2010-10-17,-0.020306091547730887
2010-10-18,-0.01781453482751516
2010-10-19,-0.014223548544338271
2010-10-20,-0.012444587114073036
2010-10-21,-0.009393325875763026
2010-10-24,-0.010892271006552212
2010-10-25,-0.007483270850610735
2010-10-26,-0.004527692158791563
2010-10-27,-0.0008282765524210145
2010-10-28,0.0016408186228138444
2010-11-01,-0.0018120645575510075
2010-11-02,0.00013809299219924576
2010-11-03,0.0014011726455023243
2010-11-04,0.0014175322716400984
2010-11-05,0.0002734547347327254
2010-11-08,-0.0002829986727559408
2010-11-09,0.0006403839224209396
2010-11-10,0.001356534001800025
2010-11-11,0.0030189702520988515
2010-11-12,0.005204423467424002
2010-11-15,0.002781010296981412
2010-11-16,0.004807327401661787
2010-11-17,0.00761646667227156
2010-11-18,0.008948795555662636
2010-11-19,0.008678126805302222
2010-11-22,0.005335829384032875
2010-11-23,0.006469518471986513
2010-11-24,0.008297115109566766
2010-11-25,0.008717059893731838
2010-11-26,0.008428218236579132
2010-11-29,0.009230656032984896
2010-11-30,0.008749025758644224
2010-12-01,0.00807254590736739
2010-12-02,0.006764505621155381
2010-12-03,0.005311602202060728
2010-12-06,-0.0011043374961383634
2010-12-07,-0.002512787856322918
2010-12-08,-0.0039306587871899
2010-12-09,-0.0038001513043322
2010-12-10,-0.002729239164552366
2010-12-13,-0.001747422085156547
2010-12-14,-0.001915543490017324
2010-12-15,-0.0020254329839426433
2010-12-16,-0.0016177916153268246
2010-12-17,-0.0008492088739868731
2010-12-20,-0.0032766815423701523
2010-12-21,-0.0019184144813042536
2010-12-22,-0.0013588785829945493
2010-12-23,-0.000984782040407417
2010-12-24,-0.0012149368042433384
2010-12-27,-0.0015090473817884753
2010-12-28,-0.002176979629400222
2010-12-29,-0.0022606646718195123
2010-12-30,-0.003273686686848798
2010-12-31,-0.005306411206864814
2011-01-03,-0.010547931423028345
2011-01-04,-0.01206139676525475
2011-01-05,-0.011434494722279753
2011-01-06,-0.0102147339233567
2011-01-07,-0.00827315798316719
2011-01-10,-0.010678212065309278
2011-01-11,-0.008173018407095833
2011-01-12,-0.009898316609396884
2011-01-13,-0.01248539278812788
2011-01-14,-0.010836117514828825
2011-01-17,-0.011087698225104914
2011-01-18,-0.008446199373639995
2011-01-19,-0.0071259800521261685
2011-01-20,-0.0061300705545423995
2011-01-21,-0.008056009601163261
2011-01-24,-0.010741505895075054
2011-01-25,-0.008638786402115572
2011-01-26,-0.007116270714911499
2011-01-27,-0.009783060180872383
2011-01-28,-0.007453244975812678
2011-01-31,-0.00857429294819445
2011-02-01,-0.006746347138872899
2011-02-02,-0.005380904158432509
2011-02-03,-0.004449222003801934
2011-02-04,-0.003213867358518918
2011-02-07,-0.005735297565916619
2011-02-08,-0.007350260861620939
2011-02-09,-0.005612123719441753
2011-02-10,-0.004385809733712831
2011-02-11,-0.003207520317761503
2011-02-14,-0.006124729232592108
2011-02-15,-0.0042721182208433905
2011-02-16,-0.0026044358815133783
2011-02-17,-0.001236258141229074
2011-02-18,-0.0007086401606946069
2011-02-21,-0.004076362367396946
2011-02-22,-0.0024405166623684416
2011-02-23,-0.0008757883560359669
2011-02-24,0.0003840504977086212
2011-02-25,0.0007046188247992191
2011-02-28,0.0007323618864991666
2011-03-01,0.0006500254033763309
2011-03-02,0.0004664281541755244
2011-03-03,6.199807969919924e-05
2011-03-04,-0.0006304983954914523
2011-03-07,-0.0019316794128150239
2011-03-08,-0.001955890416033501
2011-03-09,-0.0018010028497186248
2011-03-10,-0.0016032874875118175
2011-03-11,-0.0010870912637162
2011-03-14,-0.0009016145497515726
2011-03-15,-4.402892430799277e-05
2011-03-16,0.0004927578639986052
2011-03-17,0.0019287844603455007
2011-03-18,0.0033110983525137527
2011-03-21,0.003095975637263937
2011-03-22,0.002884173217769126
2011-03-23,0.0023423431373428283
2011-03-24,0.0019469794773228077
2011-03-25,0.0014156036242936043
2011-03-27,0.00037688347022935
2011-03-28,0.00036447442107467865
2011-03-29,2.353314984948618e-05
2011-03-30,-0.0024296092495112998
2011-03-31,-0.00442760276183507
2011-04-03,-0.007155060895272847
2011-04-04,-0.009752869280207355
2011-04-05,-0.011533455686864258
2011-04-06,-0.012182821610183137
2011-04-07,-0.014291779850829078
2011-04-10,-0.017584077277521537
2011-04-11,-0.019420674095845136
2011-04-12,-0.01952945309487153
2011-04-13,-0.01931234885656008
2011-04-14,-0.01931234885656008
2011-04-17,-0.02132377295969068
2011-04-18,-0.020537178608650564
2011-04-19,-0.02059785275647341
2011-04-20,-0.021184268027697684
2011-04-21,-0.021326350311922537
2011-04-24,-0.021799559288287806
2011-04-25,-0.020716774147461647
2011-04-26,-0.02049276667909572
2011-04-27,-0.019894760566146363
2011-04-28,-0.017566637518031447
2011-05-01,-0.017419715142686698
2011-05-02,-0.01602692020901797
2011-05-03,-0.013868452202699943
2011-05-04,-0.010623067380826745
2011-05-05,-0.006373910920181247
2011-05-08,-0.005033116609064026
2011-05-09,-0.0026466801548379326
2011-05-10,-0.001430711099227766
2011-05-11,0.0005601906003021018
2011-05-12,0.0018383577613936275
2011-05-15,0.004331795742158917
2011-05-16,0.005849753235803057
2011-05-17,0.005953671558066365
2011-05-18,0.005434899952040384
2011-05-19,0.005331460725254811
2011-05-22,0.00482437276889236
2011-05-23,0.006434986393977216
2011-05-24,0.006923673880679937
2011-05-25,0.007068229819247263
2011-05-26,0.006767119351510864
2011-05-29,0.004230815932092069
2011-05-30,0.0020930464930528636
2011-05-31,-0.000740941687670249
2011-06-01,-0.001895354462572385
2011-06-02,-0.0039301623822836085
2011-06-05,-0.006170605833428544
2011-06-06,-0.006948783476797615
2011-06-07,-0.00773350138934803
2011-06-08,-0.00790206177975894
2011-06-09,-0.007514393050117807
2011-06-12,-0.006496441560067678
2011-06-13,-0.006086435386683409
2011-06-14,-0.006483754117628582
2011-06-15,-0.005296217067431108
2011-06-16,-0.003581012815640827
2011-06-19,-0.0034943110248331077
2011-06-20,-0.0030520845584893763
2011-06-21,-0.0031885123301356177
2011-06-22,-0.003298871079695287
2011-06-23,-0.0030689123180849265
2011-06-26,-0.0028936012983549197
2011-06-27,-0.002324890552478198
2011-06-28,-0.0032074324799413745
2011-06-29,-0.0045237228808181484
2011-06-30,-0.006164885644475371
2011-07-03,-0.008384627580367843
2011-07-04,-0.009812938636808877
2011-07-05,-0.009847656766329482
2011-07-06,-0.009324185927802375
2011-07-07,-0.009979659777320737
2011-07-10,-0.009797483716078137
2011-07-11,-0.008092070719694977
2011-07-12,-0.007086274100241097
2011-07-13,-0.006775630155929191
2011-07-14,-0.005753354749758799
2011-07-17,-0.005564637510695913
2011-07-18,-0.004795178474262141
2011-07-19,-0.0049351106455763905
2011-07-20,-0.005267607772078353
2011-07-21,-0.006201750892047997
2011-07-24,-0.006735348974737487
2011-07-25,-0.007858205587426559
2011-07-26,-0.009477800850287155
2011-07-27,-0.00829393723212779
2011-07-28,-0.007295816897536556
2011-07-31,-0.0077306982044660355
2011-08-01,-0.007082054751630373
2011-08-02,-0.0060544779145257355
2011-08-03,-0.005204327268409692
2011-08-04,-0.003378251406437771
2011-08-07,-0.0006169346224120797
2011-08-08,0.001864589552580398
2011-08-09,0.006284129158243612
2011-08-10,0.009172600673281739
2011-08-11,0.011442782168143317
2011-08-14,0.012141807393403647
2011-08-15,0.010740433505446623
2011-08-16,0.00915316975390823
2011-08-17,0.007358586257512512
2011-08-18,0.008142066338974852
2011-08-21,0.007729840399126164
2011-08-22,0.007893107185450221
2011-08-23,0.007516279328461106
2011-08-24,0.007933068968365431
2011-08-25,0.008304813641803133
2011-08-28,0.00778350581685161
2011-08-29,0.00683168952290969
2011-08-30,0.005385910846307018
2011-08-31,0.0038727229797184126
2011-09-01,0.003959241778061839
2011-09-04,0.006438816311069351
2011-09-05,0.009863638950874831
2011-09-06,0.013288037151272913
2011-09-07,0.015301031605698956
2011-09-08,0.01655222850728344
2011-09-11,0.019202533578602354
2011-09-12,0.023341589846400224
2011-09-13,0.026956603581360872
2011-09-14,0.030478815574926932
2011-09-15,0.031702458323621174
2011-09-18,0.03241154966281723
2011-09-19,0.03850878005080305
2011-09-20,0.043405362505857026
2011-09-21,0.050121389937944905
2011-09-22,0.05823423775651704
2011-09-25,0.06225161938515056
2011-09-26,0.063907959337824
2011-09-27,0.06096742063658955
2011-09-28,0.05922120632911421
2011-09-29,0.05797591899185717
2011-10-02,0.057879163272406275
2011-10-03,0.06039047026603206
2011-10-04,0.05867039303114874
2011-10-05,0.05534588959561759
2011-10-06,0.04995666263830678
2011-10-09,0.04162316160022028
2011-10-10,0.033391242132318366
2011-10-11,0.02591505417777129
2011-10-12,0.022570281589755714
2011-10-13,0.017227572449877826
2011-10-16,0.011856192730543835
2011-10-17,0.010408452358274811
2011-10-18,0.008397735094444414
2011-10-19,0.00702981934808089
2011-10-20,0.007928116702052845
2011-10-23,0.006993986652910511
2011-10-24,0.004722588409913353
2011-10-25,0.003862401984199293
2011-10-26,0.002865248930663089
2011-10-27,-0.0018574750245232696
2011-10-31,-0.007283453218753344
2011-11-01,-0.011028781833476664
2011-11-02,-0.009880781277721518
2011-11-03,-0.009562765499611992
2011-11-04,-0.009348220042797895
2011-11-07,-0.007677586307198725
2011-11-08,-0.0062093965621079494
2011-11-09,-0.005817972084494638
2011-11-10,-0.004080897222211055
2011-11-11,-0.0024022102986542837
2011-11-14,-0.0026630419515449866
2011-11-15,-0.0012735173045028692
2011-11-16,0.0006114205864791167
2011-11-17,0.002161028052131142
2011-11-18,0.0028878030132970522
2011-11-21,0.004485272369215476
2011-11-22,0.007791718786546831
2011-11-23,0.010891735333205643
2011-11-24,0.016993550599367246
2011-11-25,0.02287282366358645
2011-11-28,0.027601338618798987
2011-11-29,0.0289493056806831
2011-11-30,0.0286225074017179
2011-12-01,0.025367922366424267
2011-12-02,0.021810992103650673
2011-12-05,0.01847253121972625
2011-12-06,0.014401970566543909
2011-12-07,0.011958061409061527
2011-12-08,0.010521288482851165
2011-12-09,0.01073553981568609
2011-12-12,0.009209548446146298
2011-12-13,0.008858306675965322
2011-12-14,0.012351113319235774
2011-12-15,0.01643064983406073
2011-12-16,0.018043612761333483
2011-12-19,0.018639026912359524
2011-12-20,0.019970031901368257
2011-12-21,0.0188148931447909
2011-12-22,0.018772378163973924
2011-12-23,0.018182118548005555
2011-12-26,0.018070865325200414
2011-12-27,0.01773787929265369
2011-12-28,0.017474281912744027
2011-12-29,0.01840081629905077
2011-12-30,0.01799965876305709
2012-01-02,0.017248898208952923
2012-01-03,0.017086349052291894
2012-01-04,0.013924393556596248
2012-01-05,0.010004065008086593
2012-01-06,0.008780969191052534
2012-01-09,0.008089586768982748
2012-01-10,0.006929220648308254
2012-01-11,0.0025907091464887344
2012-01-12,-0.0004789589507063763
2012-01-13,-0.00468136031102806
2012-01-16,-0.00713074759836263
2012-01-17,-0.009885900041715967
2012-01-18,-0.01191588101487051
2012-01-19,-0.014263975711487964
2012-01-20,-0.016962181219685846
2012-01-23,-0.018515907120819408
2012-01-24,-0.020168360087626347
2012-01-25,-0.020722636803661265
2012-01-26,-0.02079310845608573
2012-01-27,-0.01323244548034408
2012-01-30,-0.01629195508489545
2012-01-31,-0.017841235206435435
2012-02-01,-0.01897139786211377
2012-02-02,-0.020685668905241927
2012-02-03,-0.022877924912657166
2012-02-06,-0.024558149134228824
2012-02-07,-0.024924613708583898
2012-02-08,-0.02484791656661156
2012-02-09,-0.025007223172766047
2012-02-10,-0.025078392470663236
2012-02-13,-0.02458511038335165
2012-02-14,-0.024205643101339547
2012-02-15,-0.023560697018945476
2012-02-16,-0.021861543287585272
2012-02-17,-0.021254382460402566
2012-02-20,-0.021031058363992328
2012-02-21,-0.019986219733154176
2012-02-22,-0.01915523539520958
2012-02-23,-0.019035743557241247
2012-02-24,-0.01811094803231894
2012-02-27,-0.017674587457296553
2012-02-28,-0.017187130169510123
2012-02-29,-0.017263485510783383
2012-03-01,-0.015618880888552011
2012-03-02,-0.014399673495969267
2012-03-05,-0.012019956326818182
2012-03-06,-0.00934046331674776
2012-03-07,-0.005419601691798004
2012-03-08,-0.0017674211976996812
2012-03-09,0.0007551409697577061
2012-03-12,0.004940565560840993
2012-03-13,0.008937230803193197
2012-03-14,0.01136838185327571
2012-03-15,0.014108817782360727
2012-03-16,0.015776010401818752
2012-03-19,0.016750864899727658
2012-03-20,0.019174458993612697
2012-03-21,0.02032827819568883
2012-03-22,0.02140744391566396
2012-03-23,0.02192123536106627
2012-03-25,0.02137196956658305
2012-03-26,0.021320300131149272
2012-03-27,0.021363917523416154
2012-03-28,0.021330125821863666
2012-03-29,0.02085316507771373
2012-04-01,0.020632718168898778
2012-04-02,0.020791254429142647
2012-04-03,0.0203913468903143
2012-04-04,0.019710036460881097
2012-04-05,0.018584678871384597
2012-04-08,0.017411425160292815
2012-04-09,0.016062449458929873
2012-04-10,0.0158994348840773
2012-04-11,0.015758048138688974
2012-04-12,0.014797610681410278
2012-04-15,0.014769944745459451
2012-04-16,0.015242058958002236
2012-04-17,0.0164513557459689
2012-04-18,0.018750931796252868
2012-04-19,0.020482497855045523
2012-04-22,0.0209914741364281
2012-04-23,0.021789202286897513
2012-04-24,0.022126006937129183
2012-04-25,0.02209785095725736
2012-04-26,0.022222824466363367
2012-04-29,0.02224298519893897
2012-04-30,0.02358478651127771
2012-05-01,0.024415146097733764
2012-05-02,0.026047876302470074
2012-05-03,0.026041065194512658
2012-05-06,0.027103067144693238
2012-05-07,0.026980099246484146
2012-05-08,0.0280999380812057
2012-05-09,0.031177875195718796
2012-05-10,0.03183804957099512
2012-05-13,0.03304544488411776
2012-05-14,0.035800578592242616
2012-05-15,0.03813351151349509
2012-05-16,0.0394868519901046
2012-05-17,0.040759277127147
2012-05-20,0.04243243896238913
2012-05-21,0.04408141260579734
2012-05-22,0.0492584556299811
2012-05-23,0.04795091434552279
2012-05-24,0.04640396987085471
2012-05-27,0.041256888360877486
2012-05-28,0.03653074884895058
2012-05-29,0.033217326167528816
2012-05-30,0.03206957533542654
2012-05-31,0.031634504736643976
2012-06-03,0.03201005335882279
2012-06-04,0.03306428600172984
2012-06-05,0.03100860746269607
2012-06-06,0.02985035667042446
2012-06-07,0.02844317605915392
2012-06-10,0.026410277562473494
2012-06-11,0.02784307472246339
2012-06-12,0.028895630050402854
2012-06-13,0.029718052258326022
2012-06-14,0.028978718634813383
2012-06-17,0.02730341487126875
2012-06-18,0.026628992664826878
2012-06-19,0.023228473925716475
2012-06-20,0.019868768658030778
2012-06-21,0.020177047794073033
2012-06-24,0.020491773068247454
2012-06-25,0.020050127364900305
2012-06-26,0.0206243351202251
2012-06-27,0.020823223417186565
2012-06-28,0.020925221673584016
2012-07-01,0.01533419214030296
2012-07-02,0.00885650014539685
2012-07-03,0.00557903205655963
2012-07-04,0.0043755566928638245
2012-07-05,0.0027765311891960742
2012-07-08,0.002202063558809364
2012-07-09,0.002030021243732527
2012-07-10,0.001959845398658455
2012-07-11,0.0020979145183446235
2012-07-12,0.0023018385919635342
2012-07-15,0.002483239634349488
2012-07-16,0.0023417932757139326
2012-07-17,0.0011273632992825355
2012-07-18,-4.481990505844635e-06
2012-07-19,-0.0014735404712169498
2012-07-22,-0.0016743863980286378
2012-07-23,-0.0007357399144996002
2012-07-24,0.0007339773009658046
2012-07-25,0.0008560181130716771
2012-07-26,-6.324926334722036e-05
2012-07-29,-0.0007189345381672929
2012-07-30,0.0003231232611975443
2012-07-31,0.002444130103876674
2012-08-01,0.002913361902513234
2012-08-02,0.003750357050703812
2012-08-05,0.0026562608613871497
2012-08-06,0.0018884503328751023
2012-08-07,0.0011536876642930238
2012-08-08,8.623899045501204e-05
2012-08-09,-0.0010701522952061282
2012-08-12,-0.002219232051263731
2012-08-13,-0.0026315397569920407
2012-08-14,-0.002437974116101582
2012-08-15,-0.002434035518639188
2012-08-16,-0.003081274104460352
2012-08-19,-0.003601118875637077
2012-08-20,-0.003983320689229686
2012-08-21,-0.0045085976578365106
2012-08-22,-0.0045177622610714785
2012-08-23,-0.0038751674372692335
2012-08-26,-0.003303616878025384
2012-08-27,-0.002187973370035845
2012-08-28,-0.0004992159393317763
2012-08-29,0.0013161833689334657
2012-08-30,0.002603847403967574
2012-09-02,0.002163084498037815
2012-09-03,0.001864901771192251
2012-09-04,0.002256184229974867
2012-09-05,0.0024971470198469348
2012-09-06,0.0017640307210879946
2012-09-09,0.001193480564269489
2012-09-10,0.0002542349364005325
2012-09-11,-0.0010748519223162667
2012-09-12,-0.0011546225162133439
2012-09-13,-0.0016506864001355481
2012-09-16,-0.002730500709190231
2012-09-17,-0.0018701785785726344
2012-09-18,-0.002004454076480755
2012-09-19,-0.0019591775682723522
2012-09-20,-0.0021726027818607108
2012-09-23,-0.002259216806388853
2012-09-24,-0.0019264019617155625
2012-09-25,-0.0012687675168954193
2012-09-26,-0.0003402075670573268
2012-09-27,-0.00010341321812923354
2012-09-30,-0.0002677092328648989
2012-10-01,-0.00036147153235477347
2012-10-02,-0.0002632913221849442
2012-10-03,-0.0006939103447334283
2012-10-04,-0.0012307895180150297
2012-10-07,-0.003129133149297747
2012-10-08,-0.002083913679228555
2012-10-09,-0.0010817170724313208
2012-10-10,0.00040982405337830485
2012-10-11,0.0015498084219935926
2012-10-14,0.002648658757268052
2012-10-15,0.0029688559286968896
2012-10-16,0.003018368174930508
2012-10-17,0.002743560183518845
2012-10-18,0.002185878022913812
2012-10-21,0.0017240372643443358
2012-10-22,0.0011032328265554447
2012-10-23,0.0007957281208623712
2012-10-24,0.00044203380020979566
2012-10-25,0.00015190823502386763
2012-10-29,1.8597228282679623e-05
2012-10-30,0.0003686402033054037
2012-10-31,0.0004871224178866207
2012-11-01,0.00048664982340929086
2012-11-02,0.0006083690177822731
2012-11-05,0.0006409596228578174
2012-11-06,0.0010899584203061252
2012-11-07,0.001022479319499947
2012-11-08,0.0012690700032611524
2012-11-09,0.0017828482312425287
2012-11-12,0.0027473998545182177
2012-11-13,0.00385469927612192
2012-11-14,0.0053085127913252705
2012-11-15,0.006905563120429559
2012-11-16,0.008165866790007748
2012-11-19,0.010320624744349693
2012-11-20,0.01161998639240247
2012-11-21,0.012744899519596675
2012-11-22,0.014709490721590335
2012-11-23,0.01669531584313466
2012-11-26,0.016210189475761805
2012-11-27,0.015741099706728878
2012-11-28,0.015329806016383785
2012-11-29,0.015542840236012267
2012-11-30,0.015827777698843803
2012-12-03,0.01892591642101893
2012-12-04,0.019956926343850157
2012-12-05,0.02047345062704986
2012-12-06,0.018155930328963787
2012-12-07,0.015247834023296214
2012-12-10,0.012596216302065866
2012-12-11,0.010590576021306308
2012-12-12,0.008850651858074876
2012-12-13,0.006971786466847707
2012-12-14,0.00652912228321556
2012-12-17,0.006171717326999726
2012-12-18,0.006619087035639737
2012-12-19,0.006327777410948254
2012-12-20,0.004527716851307595
2012-12-21,0.003073792289181476
2012-12-24,0.0008626115947611979
2012-12-25,0.0006041354199899374
2012-12-26,0.0005702394378190867
2012-12-27,-0.001784183219868396
2012-12-28,-0.004111047886491193
2012-12-31,-0.005616015384426465
2013-01-01,-0.006284397151931742
2013-01-02,-0.007143278626166261
2013-01-03,-0.0077347865774761715
2013-01-04,-0.007862779569784983
2013-01-07,-0.009173739554416471
2013-01-08,-0.010574933393607822
2013-01-09,-0.010459345280226184
2013-01-10,-0.009643322168257917
2013-01-11,-0.010489534007390944
2013-01-14,-0.010873437482410875
2013-01-15,-0.010834918125433024
2013-01-16,-0.010834918125433024
2013-01-17,-0.009947419255048828
2013-01-18,-0.00948716703363095
2013-01-21,-0.009666431917600526
2013-01-22,-0.008869502334363233
2013-01-23,-0.007945533001099125
2013-01-24,-0.007743646491740197
2013-01-25,-0.007941342039312183
2013-01-28,-0.007989200534578966
2013-01-29,-0.01075760042815288
2013-01-30,-0.013383535667073065
2013-01-31,-0.015091140415912196
2013-02-01,-0.016042384071683014
2013-02-04,-0.01692381787676389
2013-02-05,-0.016740066992791736
2013-02-06,-0.01734156617667848
2013-02-07,-0.01736551872700387
2013-02-08,-0.018964300143506918
2013-02-11,-0.019464232150825822
2013-02-12,-0.019579828546990807
2013-02-13,-0.019593508636522206
2013-02-14,-0.019750267133047394
2013-02-15,-0.020271387416444853
2013-02-18,-0.019731006491940484
2013-02-19,-0.01951745664896709
2013-02-20,-0.019586069905940695
2013-02-21,-0.01892298692463723
2013-02-22,-0.017258684934860158
2013-02-25,-0.015972375826777574
2013-02-26,-0.013877688346037642
2013-02-27,-0.01195181027570169
2013-02-28,-0.010918444179117692
2013-03-01,-0.009722329141370833
2013-03-04,-0.008404421109819316
2013-03-05,-0.008070734532320989
2013-03-06,-0.008400632129265562
2013-03-07,-0.007911344446223989
2013-03-08,-0.00832820088841646
2013-03-11,-0.009959201969912845
2013-03-12,-0.009898381255198485
2013-03-13,-0.009077559558399617
2013-03-14,-0.007861581106920479
2013-03-15,-0.006779542824739471
2013-03-18,-0.005313351186255755
2013-03-19,-0.0037857270544952026
2013-03-20,-0.0025617143462219882
2013-03-21,-0.001430261572960445
2013-03-22,0.0011208764659007553
2013-03-25,0.003218251661232907
2013-03-26,0.004784905614290347
2013-03-27,0.006666723245182249
2013-03-28,0.007690591465239871
2013-03-29,0.0091221565427686
2013-03-31,0.010123803065376968
2013-04-01,0.01048236549366166
2013-04-02,0.010922733898943049
2013-04-03,0.011334526636401776
2013-04-04,0.010874374874418669
2013-04-07,0.008030494217386552
2013-04-08,0.00622903102603134
2013-04-09,0.004021208678301136
2013-04-10,0.0016556734263653006
2013-04-11,-8.895503701666918e-05
2013-04-14,-0.0021404777997080515
2013-04-15,-0.001187885492248686
2013-04-16,-0.0014964774545358495
2013-04-17,-0.0007244661385159556
2013-04-18,-0.0013393691136356356
2013-04-21,6.809863379397818e-05
2013-04-22,0.0020233072068984725
2013-04-23,0.0037314674172477247
2013-04-24,0.004253672390508445
2013-04-25,0.0038646719874877444
2013-04-28,0.0030373433604575784
2013-04-29,0.0033434848548776763
2013-04-30,0.0032102634412785047
2013-05-01,0.003085253820793721
2013-05-02,0.0033668903471637535
2013-05-05,0.0034295371393175955
2013-05-06,0.0034794149776486982
2013-05-07,0.003470864504336424
2013-05-08,0.003017827663954087
2013-05-09,0.003314447349439753
2013-05-12,0.003868002035767315
2013-05-13,0.003651414512396478
2013-05-14,0.004413234442126601
2013-05-15,0.005079454277245876
2013-05-16,0.00575890077848884
2013-05-19,0.006911586686333848
2013-05-20,0.008094870048379388
2013-05-21,0.008698369375080173
2013-05-22,0.010093087218242758
2013-05-23,0.010711838390716544
2013-05-26,0.011537194586672683
2013-05-27,0.012578831302805238
2013-05-28,0.014870877237428637
2013-05-29,0.01916941990820087
2013-05-30,0.022350673474184735
2013-06-02,0.02316850608541543
2013-06-03,0.026049986586543117
2013-06-04,0.02822606626705859
2013-06-05,0.029697051998981205
2013-06-06,0.030694574729293045
2013-06-09,0.03112631223208373
2013-06-10,0.031109850865218558
2013-06-11,0.030742424337390606
2013-06-12,0.03212240633960883
2013-06-13,0.02997375473278341
2013-06-16,0.026321433468550648
2013-06-17,0.028855606091483743
2013-06-18,0.03129398406317607
2013-06-19,0.03656509551352105
2013-06-20,0.04279097524092501
2013-06-23,0.04580908914756732
2013-06-24,0.04662261729069872
2013-06-25,0.04550020615407924
2013-06-26,0.04218779023122776
2013-06-27,0.039885602291472644
2013-06-30,0.03709288786471854
2013-07-01,0.0371864063885341
2013-07-02,0.03875839293209804
2013-07-03,0.04084061435118924
2013-07-04,0.040618537537647104
2013-07-07,0.04010131350781876
2013-07-08,0.040355889248621324
2013-07-09,0.039505135953112
2013-07-10,0.039688669498656015
2013-07-11,0.037912370238481596
2013-07-14,0.03687837351851764
2013-07-15,0.03201040093840213
2013-07-16,0.030424255919891507
2013-07-17,0.0267687435038777
2013-07-18,0.02351193205676161
2013-07-21,0.022527110194301425
2013-07-22,0.020334137132289598
2013-07-23,0.0167728751497509
2013-07-24,0.016471905393597996
2013-07-25,0.015817050194681936
2013-07-28,0.016216611340428067
2013-07-29,0.017318070941703123
2013-07-30,0.0190047620208742
2013-07-31,0.01965496483225504
2013-08-01,0.022134124219559403
2013-08-04,0.022452166550686492
2013-08-05,0.023929238935827435
2013-08-06,0.02422347862999441
2013-08-07,0.024887928088853872
2013-08-08,0.02308272146542656
2013-08-11,0.02061559184029127
2013-08-12,0.019716095150457136
2013-08-13,0.020876703509990158
2013-08-14,0.022409638801113907
2013-08-15,0.02465556010450687
2013-08-18,0.030098880243425885
2013-08-19,0.03578354461609523
2013-08-20,0.03857713066633428
2013-08-21,0.044625925516249776
2013-08-22,0.04763593984258385
2013-08-25,0.0425111849784896
2013-08-26,0.04046060772111737
2013-08-27,0.037770718504313905
2013-08-28,0.03316672361665285
2013-08-29,0.03026653674843649
2013-09-01,0.02961178544674814
2013-09-02,0.02829069223847025
2013-09-03,0.025433531858180647
2013-09-04,0.023048764783953235
2013-09-05,0.017934218296693505
2013-09-08,0.0121432295115671
2013-09-09,0.005337831458910536
2013-09-10,0.0006152222823754272
2013-09-11,-0.003929445442834023
2013-09-12,-0.0073814848818489764
2013-09-15,-0.009674889204594361
2013-09-16,-0.010986532065688337
2013-09-17,-0.014369881275409835
2013-09-18,-0.02224150901123556
2013-09-19,-0.026998579158312275
2013-09-22,-0.02960427714464675
2013-09-23,-0.03224174099698818
2013-09-24,-0.034028452083441074
2013-09-25,-0.03275902697749
2013-09-26,-0.03013871931928014
2013-09-29,-0.029042595365353918
2013-09-30,-0.02830753987448631
2013-10-01,-0.027760045784015475
2013-10-02,-0.028849501380662
2013-10-03,-0.028153781435470204
2013-10-06,-0.027080453490650136
2013-10-07,-0.027080453490650136
2013-10-08,-0.026205453477583518
2013-10-09,-0.025381292611440287
2013-10-10,-0.026695568949477888
2013-10-13,-0.027835125592891252
2013-10-14,-0.02761322254907972
2013-10-15,-0.027204375582476015
2013-10-16,-0.02646388994356741
2013-10-17,-0.02718363969296833
2013-10-20,-0.028460176479799593
2013-10-21,-0.02703480739256703
2013-10-22,-0.02568130515673861
2013-10-23,-0.02297118958911515
2013-10-24,-0.019441986231126585
2013-10-28,-0.01776718275704159
2013-10-29,-0.016805209498155005
2013-10-30,-0.015498642009450947
2013-10-31,-0.014369973121151958
2013-11-01,-0.009288265790532435
2013-11-04,-0.0036324527100903836
2013-11-05,-3.9277177973140454e-05
2013-11-06,0.005665780659898534
2013-11-07,0.010472083386449338
2013-11-08,0.015727737529635633
2013-11-11,0.02016492483161869
2013-11-12,0.024871941114120055
2013-11-13,0.028475805946909016
2013-11-14,0.030858602440205107
2013-11-15,0.030965580770506484
2013-11-18,0.03105978611331439
2013-11-19,0.026372457979160213
2013-11-20,0.023067429060126265
2013-11-21,0.02020762389316344
2013-11-22,0.020390084439564138
2013-11-25,0.01805162401437599
2013-11-26,0.016570185737008192
2013-11-27,0.016253943109552527
2013-11-28,0.01846015196231221
2013-11-29,0.019015483708396896
2013-12-02,0.02049810670630814
2013-12-03,0.02321551575880587
2013-12-04,0.026646825550213915
2013-12-05,0.03022458438080511
2013-12-06,0.03015176395846053
2013-12-09,0.027012592605285768
2013-12-10,0.02386314937241396
2013-12-11,0.02024784918919531
2013-12-12,0.01978867556049657
2013-12-13,0.01866972381891685
2013-12-16,0.017022683718805
2013-12-17,0.015370973179553271
2013-12-18,0.013383876208517886
2013-12-19,0.012670461429451052
2013-12-20,0.014006975233065155
2013-12-23,0.017141640823870485
2013-12-24,0.01711489399408439
2013-12-25,0.016994500605425955
2013-12-26,0.016650680023336584
2013-12-27,0.016016165236574675
2013-12-30,0.01383786130205511
2013-12-31,0.014030265064646663
2014-01-01,0.014013126539445864
2014-01-02,0.013672562490639084
2014-01-03,0.015450452002892412
2014-01-06,0.015614811388163563
2014-01-07,0.015741038846489364
2014-01-08,0.015261843888938476
2014-01-09,0.0165704321720197
2014-01-10,0.017087852061334452
2014-01-13,0.014547281604681217
2014-01-14,0.012654191295172534
2014-01-15,0.010612097992259706
2014-01-16,0.00920226026184734
2014-01-17,0.008399553612740807
2014-01-20,0.006630155484959488
2014-01-21,0.004610033556876836
2014-01-22,0.0043545682261090235
2014-01-23,0.005045930010527666
2014-01-24,0.007228946307219708
2014-01-27,0.009040346590719395
2014-01-28,0.012366469868892338
2014-01-29,0.015230277134508086
2014-01-30,0.01801828810537165
2014-01-31,0.018114879353474667
2014-02-03,0.019060923049965872
2014-02-04,0.020773388617632893
2014-02-05,0.01942157006406875
2014-02-06,0.017271680784391563
2014-02-07,0.014114212625794043
2014-02-10,0.011136572578878567
2014-02-11,0.011149519640252237
2014-02-12,0.01064971990264807
2014-02-13,0.011381146222925409
2014-02-14,0.009750536775975593
2014-02-17,0.007811476408462248
2014-02-18,0.00601978278812787
2014-02-19,0.004890438385810825
2014-02-20,0.0041812229300677295
2014-02-21,0.0020303985755507625
2014-02-24,-0.0019911702750237126
2014-02-25,-0.005462288488140565
2014-02-26,-0.007920151486559668
2014-02-27,-0.009021684944419128
2014-02-28,-0.012095230721510308
2014-03-03,-0.013216749217429324
2014-03-04,-0.013330580858222696
2014-03-05,-0.013531091905778947
2014-03-06,-0.015169284287542606
2014-03-07,-0.01606451727123348
2014-03-10,-0.015338413617708824
2014-03-11,-0.01398847291959715
2014-03-12,-0.011479123748311615
2014-03-13,-0.009948668004378103
2014-03-14,-0.007934231592830798
2014-03-17,-0.007908838267713492
2014-03-18,-0.007352094615030058
2014-03-19,-0.0081642963934776
2014-03-20,-0.0074950708381531506
2014-03-21,-0.008584466858520656
2014-03-24,-0.009619353636896477
2014-03-25,-0.010416265765194499
2014-03-26,-0.011679753115664937
2014-03-27,-0.013828862318610913
2014-03-28,-0.01828266294596892
2014-03-30,-0.021571735222891242
2014-03-31,-0.022849824979185307
2014-04-01,-0.024468269419620103
2014-04-02,-0.024922969683143226
2014-04-03,-0.024077818104502047
2014-04-06,-0.026786842910119013
2014-04-07,-0.029920270060564746
2014-04-08,-0.03326274885538005
2014-04-09,-0.03690642199084149
2014-04-10,-0.03753772083282403
2014-04-13,-0.036806828743389364
2014-04-14,-0.03594237638000486
2014-04-15,-0.0331563570709994
2014-04-16,-0.030228777225343784
2014-04-17,-0.028388321236775482
2014-04-20,-0.026622854854082778
2014-04-21,-0.02493626029415097
2014-04-22,-0.02262868698817222
2014-04-23,-0.022086527230277486
2014-04-24,-0.022120030531391777
2014-04-27,-0.019516993930321913
2014-04-28,-0.01873094392532826
2014-04-29,-0.01687257581140056
2014-04-30,-0.01563912378719179
2014-05-01,-0.014279135902546702
2014-05-04,-0.01430331387520134
2014-05-05,-0.011981479659559646
2014-05-06,-0.011246349767619623
2014-05-07,-0.01157926620610672
2014-05-08,-0.011787912748304485
2014-05-11,-0.012255793285374406
2014-05-12,-0.012291246278691492
2014-05-13,-0.01204333916935596
2014-05-14,-0.012661151294512951
2014-05-15,-0.011732529886597565
2014-05-18,-0.01129406533486943
2014-05-19,-0.011412144882340325
2014-05-20,-0.010584861044832472
2014-05-21,-0.010430323843647393
2014-05-22,-0.009735682851884864
2014-05-25,-0.008426369595749161
2014-05-26,-0.007137006029850124
2014-05-27,-0.005112154346097242
2014-05-28,-0.003882288659650346
2014-05-29,-0.0031935643383302903
2014-06-01,-0.0015645803253341306
2014-06-02,0.0026810857031578372
2014-06-03,0.00620027032535253
2014-06-04,0.00879108141332452
2014-06-05,0.00919708934083685
2014-06-08,0.008333453619069786
2014-06-09,0.006237631416953882
2014-06-10,0.003958139641969449
2014-06-11,0.0030285304606922914
2014-06-12,0.0019944659614559157
2014-06-15,0.0005712591633426634
2014-06-16,0.00026337618686778086
2014-06-17,0.002332546064265806
2014-06-18,0.000808020690206579
2014-06-19,-0.000411570649031745
2014-06-22,-0.0007800645106330606
2014-06-23,-0.0021607355544857043
2014-06-24,-0.002531794257132791
2014-06-25,-0.004133828296732478
2014-06-26,-0.006211389654215083
2014-06-29,-0.007935844960086147
2014-06-30,-0.00760901261257807
2014-07-01,-0.008351135242369523
2014-07-02,-0.006906916438488064
2014-07-03,-0.006933161887554995
2014-07-06,-0.006635397935229381
2014-07-07,-0.005313384626763451
2014-07-08,-0.005262082047265082
2014-07-09,-0.005321465128142577
2014-07-10,-0.004413899577906388
2014-07-13,-0.0037402923839073843
2014-07-14,-0.003983588247311154
2014-07-15,-0.0034507449781759902
2014-07-16,-0.002603067265193104
2014-07-17,0.000858823416153065
2014-07-20,0.0009208879553361804
2014-07-21,0.0006319540452413008
2014-07-22,-0.0003913640144981301
2014-07-23,-0.0005823811429959136
2014-07-24,-0.0007732648627332139
2014-07-27,-0.0003715553608025779
2014-07-28,-0.0002759532668350495
2014-07-29,0.0004163384357096511
2014-07-30,0.0022861813468257886
2014-07-31,0.005049321155080833
2014-08-03,0.006518455524510802
2014-08-04,0.0077308148670720556
2014-08-05,0.010371485969939975
2014-08-06,0.011875470613668782
2014-08-07,0.014785139822196758
2014-08-10,0.01569174516231886
2014-08-11,0.015696729459774073
2014-08-12,0.015721184627109253
2014-08-13,0.015848365345679127
2014-08-14,0.014602727844788888
2014-08-17,0.012000559118330756
2014-08-18,0.010590876392393422
2014-08-19,0.00843239703462606
2014-08-20,0.007746039734887855
2014-08-21,0.007877856211212286
2014-08-24,0.008377964774959779
2014-08-25,0.009472033138278046
2014-08-26,0.008282804272853994
2014-08-27,0.006060100128763679
2014-08-28,0.0037390629779530116
2014-08-31,0.001431252527195781
2014-09-01,0.0005242072725821778
2014-09-02,-0.00045566245398287464
2014-09-03,-0.0016808519834765612
2014-09-04,-0.0021988112791633263
2014-09-07,-0.0026992202853319824
2014-09-08,-0.0008907177099786168
2014-09-09,0.001988202742299716
2014-09-10,0.0043806537775399335
2014-09-11,0.0069789484198024
2014-09-14,0.007100359340731277
2014-09-15,0.012507158671350105
2014-09-16,0.016138045227733322
2014-09-17,0.020521924492275634
2014-09-18,0.024352919078291624
2014-09-21,0.027220474163234698
2014-09-22,0.031605932144537885
2014-09-23,0.03579845982590557
2014-09-24,0.036258150063178896
2014-09-25,0.039858669193329366
2014-09-28,0.04179458966068905
2014-09-29,0.04472564313572347
2014-09-30,0.045906090808443434
2014-10-01,0.049961357892578384
2014-10-02,0.05339883087409225
2014-10-05,0.05251595265919384
2014-10-06,0.04886451300215189
2014-10-07,0.04288615414864516
2014-10-08,0.03618189972914365
2014-10-09,0.03218418587061267
2014-10-12,0.027975331014334248
2014-10-13,0.024717962326167964
2014-10-14,0.02233093030746547
2014-10-15,0.024697433080962394
2014-10-16,0.027347001543518434
2014-10-19,0.026303250321570104
2014-10-20,0.02769856488743816
2014-10-21,0.029736505759335063
2014-10-22,0.03149686962464315
2014-10-23,0.033426535107387245
2014-10-27,0.032419560370520184
2014-10-28,0.0353056108144405
2014-10-29,0.032266412606148265
2014-10-30,0.029485657171091084
2014-10-31,0.022487792859779976
2014-11-03,0.01769815224137483
2014-11-04,0.02002993634652306
2014-11-05,0.021756206669963696
2014-11-06,0.02345107707526406
2014-11-07,0.029720835061339823
2014-11-10,0.03288237382468795
2014-11-11,0.03502452101734077
2014-11-12,0.0367025620256225
2014-11-13,0.03829302079818708
2014-11-14,0.040921522448476466
2014-11-17,0.04338406337164091
2014-11-18,0.045449198700358906
2014-11-19,0.044507077391540584
2014-11-20,0.04244806978616156
2014-11-21,0.04041496616614859
2014-11-24,0.03375866029677077
2014-11-25,0.03059194019627487
2014-11-26,0.026533775556908168
2014-11-27,0.020722577898654837
2014-11-28,0.018270812463839103
2014-12-01,0.01648471917486294
2014-12-02,0.01693168632251929
2014-12-03,0.017719119998628408
2014-12-04,0.016873729061128717
2014-12-05,0.019146158052403717
2014-12-08,0.020532862725882506
2014-12-09,0.022222926356371797
2014-12-10,0.022727415795003925
2014-12-11,0.024746290246403735
2014-12-12,0.028726362363628244
2014-12-15,0.031748625562437294
2014-12-16,0.03714500128157949
2014-12-17,0.04438780275632137
2014-12-18,0.0477058061595419
2014-12-19,0.045557736960826656
2014-12-22,0.04313223844945879
2014-12-23,0.04121103889269451
2014-12-24,0.04153361999331384
2014-12-25,0.04131303686709398
2014-12-26,0.040988499809604395
2014-12-29,0.040067697273855174
2014-12-30,0.03941615457748249
2014-12-31,0.03485080170052912
2015-01-01,0.03088477535305234
2015-01-02,0.027345754421518542
2015-01-05,0.0272927237267635
2015-01-06,0.027889435020310493
2015-01-07,0.027520597030693317
2015-01-08,0.025657597500017726
2015-01-09,0.022222397326411958
2015-01-12,0.016621344229413637
2015-01-13,0.015537654831712988
2015-01-14,0.012070517499251032
2015-01-15,0.007022811412574104
2015-01-16,0.0051099612146066065
2015-01-19,0.0018140248918161461
2015-01-20,0.0016999548395801867
2015-01-21,-0.0013683331482345906
2015-01-22,-0.004865500852096805
2015-01-23,-0.009655982661651574
2015-01-26,-0.01273278769578523
2015-01-27,-0.014830765569300297
2015-01-28,-0.017151052899611496
2015-01-29,-0.018470354336184158
2015-01-30,-0.01713168333251769
2015-02-02,-0.009617548690529887
2015-02-03,-4.7015296487984415e-05
2015-02-04,0.004859209046952362
2015-02-05,0.01241298357190379
2015-02-06,0.018452972347044128
2015-02-09,0.02600620603301307
2015-02-10,0.03056664603161563
2015-02-11,0.03896053325523141
2015-02-12,0.04783710548734943
2015-02-13,0.05037758680325499
2015-02-16,0.052902720748158494
2015-02-17,0.053887338844613275
2015-02-18,0.05402073092765303
2015-02-19,0.05417172779125723
2015-02-20,0.056010010487342665
2015-02-23,0.05687578740892141
2015-02-24,0.057751529584985306
2015-02-25,0.05636754947124656
2015-02-26,0.05558217987249092
2015-02-27,0.05722119594329511
2015-03-02,0.052412776101979475
2015-03-03,0.05250745826502845
2015-03-04,0.054791241062117635
2015-03-05,0.05942621344089538
2015-03-06,0.06466983894061107
2015-03-09,0.07258014565474014
2015-03-10,0.08319158087914591
2015-03-11,0.08887414031844854
2015-03-12,0.09433171092965686
2015-03-13,0.10042032937513712
2015-03-16,0.11057955659737839
2015-03-17,0.11710340064218361
2015-03-18,0.12115138784945678
2015-03-19,0.12070064976000472
2015-03-20,0.12473952276957911
2015-03-23,0.12123334609309655
2015-03-24,0.10942271369877998
2015-03-25,0.09955258616820428
2015-03-26,0.09555915193577924
2015-03-27,0.08992145671737539
2015-03-29,0.08940165041557835
2015-03-30,0.08676303692652843
2015-03-31,0.08071554160688565
2015-04-01,0.07312715591079044
2015-04-02,0.06299007702170378
2015-04-05,0.05428222231348245
2015-04-06,0.046841228199480334
2015-04-07,0.04075678861501153
2015-04-08,0.02922331841504322
2015-04-09,0.02058799767814401
2015-04-12,0.014904051258315398
2015-04-13,0.014062166727016212
2015-04-14,0.00888676241643127
2015-04-15,0.0016435053364403096
2015-04-16,-0.004632476767101323
2015-04-19,-0.008052890360849219
2015-04-20,-0.01122326693303588
2015-04-21,-0.013850504795197782
2015-04-22,-0.017410300786405486
2015-04-23,-0.022928542081096737
2015-04-26,-0.028602052587408888
2015-04-27,-0.03552913856714168
2015-04-28,-0.03882039808326132
2015-04-29,-0.03952870228440064
2015-04-30,-0.034974482472935
2015-05-03,-0.03100779193719516
2015-05-04,-0.021811008276005683
2015-05-05,-0.01674217767791175
2015-05-06,-0.01452651635259139
2015-05-07,-0.013215368404234429
2015-05-10,-0.016034094445787073
2015-05-11,-0.011263192119985277
2015-05-12,-0.01050008411976977
2015-05-13,-0.008266878887467133
2015-05-14,-0.010140386139795066
2015-05-17,-0.011373015626492844
2015-05-18,-0.011060426014914526
2015-05-19,-0.008631355225045656
2015-05-20,-0.009015059247512891
2015-05-21,-0.006420923547195478
2015-05-24,-0.0001432283569497983
2015-05-25,0.005111868767680328
2015-05-26,0.01354236516141949
2015-05-27,0.0191874279751878
2015-05-28,0.025026865473437354
2015-05-31,0.030704751086328752
2015-06-01,0.03430076116951897
2015-06-02,0.03346457805897529
2015-06-03,0.0327950376953412
2015-06-04,0.03245514096947133
2015-06-07,0.03177111771165908
2015-06-08,0.028503907265091666
2015-06-09,0.024470578199945248
2015-06-10,0.022507479038364142
2015-06-11,0.018567073951217594
2015-06-14,0.017637502171246933
2015-06-15,0.017242680951368605
2015-06-16,0.01381719217851396
2015-06-17,0.008064262887204965
2015-06-18,0.004055395061967282
2015-06-21,0.0036922604973277373
2015-06-22,0.002663682015090707
2015-06-23,0.0009818762866706798
2015-06-24,0.0013362236357816748
2015-06-25,0.003951894936244482
2015-06-28,0.0060598779216634036
2015-06-29,0.006788811851302867
2015-06-30,0.006724143997302701
2015-07-01,0.009588302869555587
2015-07-02,0.007614771468960946
2015-07-05,0.008789756594204778
2015-07-06,0.010080816090117573
2015-07-07,0.014455511523209896
2015-07-08,0.021946164508986676
2015-07-09,0.02671922693933615
2015-07-12,0.024929241926768153
2015-07-13,0.021296299345106906
2015-07-14,0.018630075962378978
2015-07-15,0.016257051078904183
2015-07-16,0.015409159206337009
2015-07-19,0.017329367463370104
2015-07-20,0.01937819880476832
2015-07-21,0.018959725367917457
2015-07-22,0.022236878938841187
2015-07-23,0.029688359611914183
2015-07-26,0.040915720713473824
2015-07-27,0.04970051108405826
2015-07-28,0.05544243503726198
2015-07-29,0.056868245142623675
2015-07-30,0.06107857220360291
2015-08-02,0.06755813246843223
2015-08-03,0.07421011692129342
2015-08-04,0.0799720977100451
2015-08-05,0.0849711185820281
2015-08-06,0.09173250395373067
2015-08-09,0.09598450099476619
2015-08-10,0.09057185479050878
2015-08-11,0.08811497409155455
2015-08-12,0.08551297383919376
2015-08-13,0.08602578875441846
2015-08-16,0.08214465185034214
2015-08-17,0.0780640499813332
2015-08-18,0.07304404509841866
2015-08-19,0.070145248736039
2015-08-20,0.06464168749786703
2015-08-23,0.06279996074433791
2015-08-24,0.06463792456143747
2015-08-25,0.07039886003567286
2015-08-26,0.07272211307063658
2015-08-27,0.07021158923112791
2015-08-30,0.0697180268015285
2015-08-31,0.07176759439313551
2015-09-01,0.07840281009148065
2015-09-02,0.08760586728999664
2015-09-03,0.09231018996928997
2015-09-06,0.10329608164145121
2015-09-07,0.11035116962799929
2015-09-08,0.11309745030546026
2015-09-09,0.11099271351081619
2015-09-10,0.11361501130976048
2015-09-13,0.11597817897207019
2015-09-14,0.1119210803716344
2015-09-15,0.11137581986848222
2015-09-16,0.10719846967520397
2015-09-17,0.10771366858730547
2015-09-20,0.110686959261034
2015-09-21,0.110686959261034
2015-09-22,0.12377349735652388
2015-09-23,0.14329333501775565
2015-09-24,0.13350480781313
2015-09-27,0.12731975690063857
2015-09-28,0.13269294486850702
2015-09-29,0.13073767674656134
2015-09-30,0.11836327160231797
2015-10-01,0.11177949644249008
2015-10-04,0.09942805345518568
2015-10-05,0.08723260514697007
2015-10-06,0.07179323095076517
2015-10-07,0.06149759556016221
2015-10-08,0.04485623783349357
2015-10-11,0.029567818163563242
2015-10-12,0.017439561891657185
2015-10-13,0.018028157429797798
2015-10-14,0.011767139146022565
2015-10-15,0.00558498467034374
2015-10-18,0.010883759018097905
2015-10-19,0.01228226700570989
2015-10-20,0.014383586128216663
2015-10-21,0.018589438817916637
2015-10-22,0.018934420655141615
2015-10-26,0.016868173362646566
2015-10-27,0.017302675127350398
2015-10-28,0.01581768967418551
2015-10-29,0.015568910166734451
2015-10-30,0.011029808695594223
2015-11-02,0.007881728504582686
2015-11-03,0.006819076349051212
2015-11-04,-0.002276862472895047
2015-11-05,-0.007110483998042483
2015-11-06,-0.012045864873259315
2015-11-09,-0.016870025401759303
2015-11-10,-0.017849275452508806
2015-11-11,-0.0226808332770414
2015-11-12,-0.024815204310782768
2015-11-13,-0.02588583261547628
2015-11-16,-0.020567527553870146
2015-11-17,-0.01735996451144528
2015-11-18,-0.01602564770599102
2015-11-19,-0.018076111972324505
2015-11-20,-0.01994586591473535
2015-11-23,-0.026086622215961253
2015-11-24,-0.028267282568063656
2015-11-25,-0.03225704451240219
2015-11-26,-0.03157479527351148
2015-11-27,-0.03075995768576867
2015-11-30,-0.021566736594040847
2015-12-01,-0.012111049286862574
2015-12-02,-0.005839637356133576
2015-12-03,-0.00231778645236691
2015-12-04,-0.005619897982634292
2015-12-07,-0.00853337535248233
2015-12-08,-0.010041292002532565
2015-12-09,-0.006724714465334181
2015-12-10,-0.009772507396875962
2015-12-11,-0.006859817179396099
2015-12-14,-0.004109038930399045
2015-12-15,0.0038087799731343353
2015-12-16,0.011682757768846752
2015-12-17,0.016682171175717464
2015-12-18,0.019085412097719523
2015-12-21,0.028891475135897515
2015-12-22,0.03887622981569816
2015-12-23,0.04416677706953687
2015-12-24,0.044283863413880464
2015-12-25,0.04163809899747406
2015-12-28,0.03870790395855561
2015-12-29,0.031736463456563335
2015-12-30,0.026630586238652665
2015-12-31,0.029711689002664965
2016-01-01,0.03125269997793012
2016-01-04,0.03203209207054458
2016-01-05,0.039312071542592975
2016-01-06,0.04373826114663171
2016-01-07,0.04614930476217305
2016-01-08,0.049235146481510395
2016-01-11,0.047239337218907274
2016-01-12,0.04969961894633679
2016-01-13,0.04905081037164072
2016-01-14,0.04709813044684674
2016-01-15,0.04437745870642562
2016-01-18,0.04161252468004406
2016-01-19,0.04280072489656517
2016-01-20,0.0437304499249338
2016-01-21,0.04739041460668547
2016-01-22,0.05387363510448129
2016-01-25,0.053234083040024416
2016-01-26,0.0519987202409915
2016-01-27,0.048763151016639306
2016-01-28,0.048703615890588914
2016-01-29,0.045078739780820776
2016-02-01,0.03614922504898921
2016-02-02,0.025757871858189674
2016-02-03,0.019365042246241693
2016-02-04,0.006717220613749575
2016-02-05,-0.0037551784994702686
2016-02-08,-0.01093608818117886
2016-02-09,-0.016987936422488747
2016-02-10,-0.022341490209373926
2016-02-11,-0.02270757007295776
2016-02-12,-0.017853677762631026
2016-02-15,-0.015386876117637893
2016-02-16,-0.011141001424480379
2016-02-17,-0.002302989580976078
2016-02-18,-0.0018616609894559488
2016-02-19,0.0019913057755212016
2016-02-22,0.004333197485499873
2016-02-23,0.00024749124147804835
2016-02-24,-0.0021028307069164143
2016-02-25,-0.0038484928256341533
2016-02-26,-0.005371746972316238
2016-02-29,-0.00548289119343881
2016-03-01,-0.001662510447791199
2016-03-02,-0.005901604867806665
2016-03-03,-0.011764102439903112
2016-03-04,-0.02365786249582502
2016-03-07,-0.03488449100262736
2016-03-08,-0.04230154730496949
2016-03-09,-0.049896074420858305
2016-03-10,-0.061324274160668324
2016-03-11,-0.07459677564585077
2016-03-14,-0.08751969442275565
2016-03-15,-0.09000212764740168
2016-03-16,-0.08236187990051214
2016-03-17,-0.07748746802113526
2016-03-18,-0.08203896366082919
2016-03-21,-0.08463014673419922
2016-03-22,-0.08637388980600491
2016-03-23,-0.08953181231853202
2016-03-24,-0.08282500002965021
2016-03-25,-0.07685783862289997
2016-03-27,-0.07080427621814778
2016-03-28,-0.06575713322393195
2016-03-29,-0.06442780210126475
2016-03-30,-0.0657472342823393
2016-03-31,-0.06679753166537683
2016-04-03,-0.06988254571239594
2016-04-04,-0.06603084019423733
2016-04-05,-0.05775351737670675
2016-04-06,-0.05358577053077607
2016-04-07,-0.04602431181400224
2016-04-10,-0.04726561878553648
2016-04-11,-0.05549323766805214
2016-04-12,-0.061785608123976044
2016-04-13,-0.06513392621154201
2016-04-14,-0.06869019763494677
2016-04-17,-0.06602699247490218
2016-04-18,-0.05689397840529642
2016-04-19,-0.0558388324004766
2016-04-20,-0.05444760586490105
2016-04-21,-0.05273712798200059
2016-04-24,-0.04777265668981334
2016-04-25,-0.04428798321587735
2016-04-26,-0.04346223535167537
2016-04-27,-0.04221628207595218
2016-04-28,-0.04409348233521504
2016-05-01,-0.0488030427117323
2016-05-02,-0.046855229231463014
2016-05-03,-0.04013651366681348
2016-05-04,-0.03517300111433874
2016-05-05,-0.03186457364404793
2016-05-08,-0.03162959909234164
2016-05-09,-0.029968242055695704
2016-05-10,-0.03172338055124824
2016-05-11,-0.03460363536934796
2016-05-12,-0.0340647626303725
2016-05-15,-0.02901846967539834
2016-05-16,-0.027581989377919225
2016-05-17,-0.026812302562623458
2016-05-18,-0.02012822040402451
2016-05-19,-0.014470569502690545
2016-05-22,-0.010160209715414759
2016-05-23,-0.005933458278304382
2016-05-24,-0.0024904654712352148
2016-05-25,0.001001229288022376
2016-05-26,0.004188155578835673
2016-05-29,0.00872733522029856
2016-05-30,0.008873674639246598
2016-05-31,0.0101476023148237
2016-06-01,0.01165227379198397
2016-06-02,0.011828842385770866
2016-06-05,0.00739705055999984
2016-06-06,0.0006496690690429574
2016-06-07,-0.008600839555780837
2016-06-08,-0.021924732513969314
2016-06-09,-0.02905057772681552
2016-06-12,-0.03271497983398719
2016-06-13,-0.03030714710442206
2016-06-14,-0.02825078644597534
2016-06-15,-0.02678040943338189
2016-06-16,-0.02596936862991006
2016-06-19,-0.0288989591531017
2016-06-20,-0.03254808036197021
2016-06-21,-0.033408809767593084
2016-06-22,-0.0367178277963065
2016-06-23,-0.041867425029358696
2016-06-26,-0.042975885289942894
2016-06-27,-0.04163150648265779
2016-06-28,-0.04702800155326825
2016-06-29,-0.05589730102748236
2016-06-30,-0.06473795100045399
2016-07-03,-0.06895626138512245
2016-07-04,-0.06685657570234627
2016-07-05,-0.06360404047944757
2016-07-06,-0.05810528451938213
2016-07-07,-0.05041474600114082
2016-07-10,-0.04887241811173526
2016-07-11,-0.04634925617311447
2016-07-12,-0.044937100730719326
2016-07-13,-0.04586333675704335
2016-07-14,-0.04711935259210076
2016-07-17,-0.04531686526424705
2016-07-18,-0.045558029139651346
2016-07-19,-0.04534745349542524
2016-07-20,-0.04428278649901918
2016-07-21,-0.04167562248616141
2016-07-24,-0.04052213930919191
2016-07-25,-0.0367155967782562
2016-07-26,-0.03428009368963458
2016-07-27,-0.03289068136769835
2016-07-28,-0.029568598426206183
2016-07-31,-0.029476726047652946
2016-08-01,-0.02809560978661807
2016-08-02,-0.027140084398418196
2016-08-03,-0.027534016534370487
2016-08-04,-0.03133400305578604
2016-08-07,-0.03604414630363495
2016-08-08,-0.03869347054351868
2016-08-09,-0.042378343144109376
2016-08-10,-0.04623425936040437
2016-08-11,-0.047587649452823566
2016-08-14,-0.043997426316253474
2016-08-15,-0.041137879114001574
2016-08-16,-0.03712042328300047
2016-08-17,-0.03326263967450416
2016-08-18,-0.02722064238010713
2016-08-21,-0.024841064527863832
2016-08-22,-0.02315631191364842
2016-08-23,-0.018636846910955462
2016-08-24,-0.01585678917997546
2016-08-25,-0.01309911672223496
2016-08-28,-0.007933428994927993
2016-08-29,-0.006707509218751628
2016-08-30,-0.004936688776536524
2016-08-31,-0.004354573742833878
2016-09-01,-0.0016790753696982463
2016-09-04,0.0006675866076855108
2016-09-05,0.0033840016995734246
2016-09-06,-0.00018215743425864517
2016-09-07,-0.0034208045340391458
2016-09-08,-0.003988738250458201
2016-09-11,0.00014280927271315136
2016-09-12,0.0013998016713498984
2016-09-13,0.007729356379553298
2016-09-14,0.014945624525100953
2016-09-15,0.016943035471311152
2016-09-18,0.015578693216226291
2016-09-19,0.014786929988203301
2016-09-20,0.012793532245738426
2016-09-21,0.007376556439458781
2016-09-22,0.003638737144568971
2016-09-25,0.0027588076438633813
2016-09-26,0.001830557378159181
2016-09-27,0.00044425808311254755
2016-09-28,-0.0018275633939124347
2016-09-29,-0.00027611226198587246
2016-10-02,0.0009824447474908737
2016-10-03,-0.002119055541087711
2016-10-04,-0.000871295875193745
2016-10-05,-0.002755571967280268
2016-10-06,-0.0035064370312887227
2016-10-09,-0.0046849616593971355
2016-10-10,-0.006879133813447069
2016-10-11,-0.009062270016016338
2016-10-12,-0.01028652464748836
2016-10-13,-0.01299513981854794
2016-10-16,-0.01299881108005474
2016-10-17,-0.012678054249843473
2016-10-18,-0.014077141585099096
2016-10-19,-0.01625731380972395
2016-10-20,-0.019934003571873138
2016-10-23,-0.02180566645024573
2016-10-24,-0.024970010113314345
2016-10-25,-0.028289424548877395
2016-10-26,-0.028302191704426605
2016-10-27,-0.02587570224850122
2016-10-31,-0.02066434210788115
2016-11-01,-0.016736759751459385
2016-11-02,-0.010525272039184852
2016-11-03,-0.004142764321160897
2016-11-04,0.001367664965844284
2016-11-07,0.003587315661201629
2016-11-08,0.0027806338338138836
2016-11-09,-0.0004995941942746995
2016-11-10,0.0021133279397376192
2016-11-11,0.017107345817400255
2016-11-14,0.028213116566940144
2016-11-15,0.04060523762063317
2016-11-16,0.04996310753311928
2016-11-17,0.05744334056958467
2016-11-18,0.061189467984832824
2016-11-21,0.059430571025460566
2016-11-22,0.05778208399432039
2016-11-23,0.05393347353979561
2016-11-24,0.05568816935415244
2016-11-25,0.05320551599670287
2016-11-28,0.053071180562833664
2016-11-29,0.0512602775241886
2016-11-30,0.05297469505772767
2016-12-01,0.04992502566027879
2016-12-02,0.060264743076374305
2016-12-05,0.059837288139413136
2016-12-06,0.05445694836670967
2016-12-07,0.04852811295087012
2016-12-08,0.041359616679764954
2016-12-09,0.03464173935420112
2016-12-12,0.029246915360050085
2016-12-13,0.021519951656830294
2016-12-14,0.014973527653944885
2016-12-15,0.012449992863602155
2016-12-16,0.010067736342808775
2016-12-19,0.010056934381013516
2016-12-20,0.007819902252759636
2016-12-21,0.005116587596690092
2016-12-22,0.0007306107282984975
2016-12-23,-0.005833110302242872
2016-12-26,-0.012249323527854017
2016-12-27,-0.01712870057324345
2016-12-28,-0.020772329875775597
2016-12-29,-0.022345289245273126
2016-12-30,-0.02573213445789513
2017-01-02,-0.028020607095044614
2017-01-03,-0.027037266772640844
2017-01-04,-0.027594054078190933
2017-01-05,-0.03165656203463829
2017-01-06,-0.03578694220524836
2017-01-09,-0.036660750689855526
2017-01-10,-0.039057486674207276
2017-01-11,-0.040569943793864915
2017-01-12,-0.04114899203526168
2017-01-13,-0.041891562685526296
2017-01-16,-0.041995952081768095
2017-01-17,-0.03731539161350428
2017-01-18,-0.03567204205445407
2017-01-19,-0.03239851129389404
2017-01-20,-0.03223265658070407
2017-01-23,-0.03593140110363802
2017-01-24,-0.03687222486259101
2017-01-25,-0.036630736641113604
2017-01-26,-0.03604004659133997
2017-01-27,-0.03456027465386624
2017-01-30,-0.03831190319682687
2017-01-31,-0.03954623435502391
2017-02-01,-0.03810024042648896
2017-02-02,-0.03829611138929945
2017-02-03,-0.03845189506227875
2017-02-06,-0.03837506580250771
2017-02-07,-0.038340227313483854
2017-02-08,-0.03763669029429506
2017-02-09,-0.03672039558929763
2017-02-10,-0.03455497500174243
2017-02-13,-0.03419568565249964
2017-02-14,-0.033285180485400634
2017-02-15,-0.03449791654553236
2017-02-16,-0.03705720643258026
2017-02-17,-0.036135200430323255
2017-02-20,-0.034362857261258206
2017-02-21,-0.03338039059305942
2017-02-22,-0.031560162968765404
2017-02-23,-0.03229519644866352
2017-02-24,-0.03266258511298581
2017-02-27,-0.029842019706252554
2017-02-28,-0.026438533764154837
2017-03-01,-0.023255306501665185
2017-03-02,-0.022075794469781584
2017-03-03,-0.015603233254263493
2017-03-06,-0.01311443762097353
2017-03-07,-0.009642994459610144
2017-03-08,-0.00851245643336096
2017-03-09,-0.004067590954865974
2017-03-10,0.002013914373925285
2017-03-13,0.003261658840939319
2017-03-14,0.004592949704372629
2017-03-15,0.006485067050887139
2017-03-16,0.002804132583901442
2017-03-17,0.0014358319891525362
2017-03-20,-0.002261108157606273
2017-03-21,-0.0063762480656639475
2017-03-22,-0.008267297873223445
2017-03-23,-0.0098142195415587
2017-03-24,-0.006662500398042948
2017-03-26,-0.006382805907846567
2017-03-27,-0.004854466282674608
2017-03-28,-0.0025487361913554274
2017-03-29,-0.0020134919751790825
2017-03-30,0.0004709699261016276
2017-04-02,0.0003460216159814067
2017-04-03,-0.0004578099274579195
2017-04-04,-0.0024704094566199153
2017-04-05,-0.002104549720703286
2017-04-06,-4.691545785417972e-05
2017-04-09,0.0018209964627016184
2017-04-10,0.002234648292621877
2017-04-11,0.0029321288056061157
2017-04-12,0.002384204662723377
2017-04-13,0.0034354412497785702
2017-04-16,0.004323613034511009
2017-04-17,0.003901256307055956
2017-04-18,0.0016273157791979465
2017-04-19,0.0031616664678648654
2017-04-20,0.004232036192969968
2017-04-23,0.004998484995340391
2017-04-24,0.003962529099814649
2017-04-25,0.004717121727539464
2017-04-26,0.007161123111339762
2017-04-27,0.009792051567464988
2017-04-30,0.011342869570782455
2017-05-01,0.01234886237029631
2017-05-02,0.011009980804442154
2017-05-03,0.010784817403223013
2017-05-04,0.012304306847815916
2017-05-07,0.012780211035484879
2017-05-08,0.014499164902912032
2017-05-09,0.014914879016675098
2017-05-10,0.013387419943222234
2017-05-11,0.009908215028770595
2017-05-14,0.01015660758834569
2017-05-15,0.00469131278358681
2017-05-16,-0.0006332493886147539
2017-05-17,-0.0017982681914667786
2017-05-18,0.016103762868309168
2017-05-21,0.020716422383879607
2017-05-22,0.025059486991419355
2017-05-23,0.028431865393435896
2017-05-24,0.031196755988822655
2017-05-25,0.032951621771660555
2017-05-28,0.026308834316372653
2017-05-29,0.027002846032982752
2017-05-30,0.027302680329095885
2017-05-31,0.024745539902072622
2017-06-01,0.024366634554380706
2017-06-04,0.02380804336112563
2017-06-05,0.02684039449619746
2017-06-06,0.027306875932550323
2017-06-07,0.02666714627804012
2017-06-08,0.0252477894686316
2017-06-11,0.017314700350506307
2017-06-12,0.021990317704106754
2017-06-13,0.025219472978817326
2017-06-14,0.024127563601695545
2017-06-15,0.02307689313697958
2017-06-18,0.023187314930868563
2017-06-19,0.02241129422886301
2017-06-20,0.025089781778814935
2017-06-21,0.027532587901668126
2017-06-22,0.02963526975972508
2017-06-25,0.0310885359475499
2017-06-26,0.02814749337735556
2017-06-27,0.02689456836221993
2017-06-28,0.02301384855421018
2017-06-29,0.021561844732502777
2017-07-02,0.01020700590087964
2017-07-03,0.010990456891478928
2017-07-04,0.012173041492187675
2017-07-05,0.011189903598244566
2017-07-06,0.011113771019249263
2017-07-09,0.0013867295853442485
2017-07-10,0.0013867295853442485
2017-07-11,-0.0005773241413673524
2017-07-12,-0.006344518414149292
2017-07-13,-0.010216647302112136
2017-07-16,-0.015819471654083372
2017-07-17,-0.019504662499164827
2017-07-18,-0.024459556656844406
2017-07-19,-0.028325458733869713
2017-07-20,-0.0333493766780788
2017-07-23,-0.03189521038259757
2017-07-24,-0.033097035545000875
2017-07-25,-0.031439437415419214
2017-07-26,-0.03249513464348208
2017-07-27,-0.03170608813255393
2017-07-30,-0.028701073238089236
2017-07-31,-0.03017272976693164
2017-08-01,-0.031201179673655766
2017-08-02,-0.03248016410018684
2017-08-03,-0.03315325413161885
2017-08-06,-0.03187745152245203
2017-08-07,-0.03091584750556775
2017-08-08,-0.029671430604806037
2017-08-09,-0.026260956763467735
2017-08-10,-0.021601580453632252
2017-08-13,-0.017383365045927412
2017-08-14,-0.013129859937283772
2017-08-15,-0.01120560834438411
2017-08-16,-0.010856363256122936
2017-08-17,-0.008720773762377565
2017-08-20,-0.0065998146519667955
2017-08-21,-0.006030562252303806
2017-08-22,-0.0057143359786713255
2017-08-23,-0.007084961034578008
2017-08-24,-0.007505485354844854
2017-08-27,-0.006779808027403522
2017-08-28,-0.005569788162847811
2017-08-29,-0.004685604860206638
2017-08-30,-0.004368852687204772
2017-08-31,-0.005088703241486581
2017-09-03,-0.003073320943466573
2017-09-04,-0.004506191288973671
2017-09-05,-0.00745493946077147
2017-09-06,-0.011104335501356477
2017-09-07,-0.01386050359360258
2017-09-10,-0.009485594371221762
2017-09-11,-0.012159838819971736
2017-09-12,-0.012348618136703404
2017-09-13,-0.011583274697904766
2017-09-14,-0.011926799610444405
2017-09-17,-0.012729038204510879
2017-09-18,-0.01120499294735211
2017-09-19,-0.010050553152908925
2017-09-20,-0.009206823219219284
2017-09-21,-0.008130089823902509
2017-09-24,-0.008070421177320597
2017-09-25,-0.005237999304116503
2017-09-26,-0.0024331826845904736
2017-09-27,0.0020237719563716006
2017-09-28,0.004615753664691802
2017-10-01,0.00519886314393192
2017-10-02,0.004759406978550373
2017-10-03,0.003396217499332277
2017-10-04,0.0016835747762646847
2017-10-05,0.0018533949811523343
2017-10-08,0.002212492199623828
2017-10-09,0.004964343743963262
2017-10-10,0.00634611495088544
2017-10-11,0.006710466562496631
2017-10-12,0.006863627891072088
2017-10-15,0.005087212322892665
2017-10-16,0.005559370095527427
2017-10-17,0.004733499001450259
2017-10-18,0.00514901582020455
2017-10-19,0.005001169416854356
2017-10-22,0.006901936998991776
2017-10-23,0.011781826259387174
2017-10-24,0.01612482200037313
2017-10-25,0.018434445300461455
2017-10-26,0.024444538535074667
2017-10-30,0.024751143471074766
2017-10-31,0.02889671498301638
2017-11-01,0.030403573245380677
2017-11-02,0.03096648019463588
2017-11-03,0.030926981690172273
2017-11-06,0.032776964558524746
2017-11-07,0.030287387597697446
2017-11-08,0.02976248390877867
2017-11-09,0.027512468897438858
2017-11-10,0.025228710902499785
2017-11-13,0.025361459157557054
2017-11-14,0.025136558058160396
2017-11-15,0.02754550975542669
2017-11-16,0.02754550975542669
2017-11-17,0.02754550975542669
2017-11-20,0.023777486161736583
2017-11-21,0.02066777148058252
2017-11-22,0.018441532404198657
2017-11-23,0.013180975962218344
2017-11-24,0.008917023581070715
2017-11-27,0.006791648080358925
2017-11-28,0.004543308806943536
2017-11-29,0.0013608752295035664
2017-11-30,0.0019093164897410198
2017-12-01,0.004495807721856426
2017-12-04,0.0052720928469791595
2017-12-05,0.0045924684708631425
2017-12-06,0.003826136145316461
2017-12-07,0.002705859492591056
2017-12-08,0.006035492745946058
2017-12-11,0.008587502566740568
2017-12-12,0.011693896417416916
2017-12-13,0.013951223009722735
2017-12-14,0.015976268893188816
2017-12-15,0.019876510761577926
2017-12-18,0.018862656257845334
2017-12-19,0.017732836915497874
2017-12-20,0.016486568627380738
2017-12-21,0.01595264515531758
2017-12-22,0.0161630053742301
2017-12-25,0.01860181542590622
2017-12-26,0.020096954856522853
2017-12-27,0.018998464411808857
2017-12-28,0.018204854463970577
2017-12-29,0.017200953470673408
2018-01-01,0.0159412751264858
2018-01-02,0.015041330842355372
2018-01-03,0.009956108521457452
2018-01-04,0.0040957971604065335
2018-01-05,-0.0007298676098108636
2018-01-08,-0.005015318605909869
2018-01-09,-0.007331479494048665
2018-01-10,-0.008443340301113711
2018-01-11,-0.010835608256906326
2018-01-12,-0.013553550508799361
2018-01-15,-0.016599174173853815
2018-01-16,-0.01780298408646086
2018-01-17,-0.017788335718209147
2018-01-18,-0.017613608542837778
2018-01-19,-0.018634601560326036
2018-01-22,-0.020048489073987152
2018-01-23,-0.020450413515165522
2018-01-24,-0.017764652691235838
2018-01-25,-0.022648423419292296
2018-01-26,-0.026072985676156346
