Date,rsv_9
2010-01-04,0.479296008182893
2010-01-05,1.4453095337985937
2010-01-06,1.1553294755507526
2010-01-07,1.26373596229205
2010-01-08,0.8530314407359605
2010-01-11,0.8057222889760777
2010-01-12,1.1037699450633691
2010-01-13,1.5106286501983994
2010-01-14,1.4534830372401129
2010-01-15,1.4436176952787716
2010-01-18,1.2724280445267062
2010-01-19,1.5079272559304304
2010-01-20,1.6376281782238962
2010-01-21,1.5969389140444816
2010-01-22,1.3757297942647564
2010-01-25,0.38702572008473296
2010-01-26,1.3355985014844256
2010-01-27,1.2767241691366333
2010-01-28,1.593589884810596
2010-01-29,1.6667488510060324
2010-02-01,0.9708331351469425
2010-02-02,0.1329478660877788
2010-02-03,0.49940962130242417
2010-02-04,1.2462117095487508
2010-02-05,1.2678978854113097
2010-02-08,0.9105274202384336
2010-02-09,0.0011472186824634848
2010-02-10,0.24364860576405745
2010-02-11,0.27236587528687417
2010-02-12,0.5110538580144899
2010-02-15,0.283125123285599
2010-02-16,-0.19383281840127997
2010-02-17,-0.4558451104538891
2010-02-18,-0.6491832204517561
2010-02-19,-0.8829792939028033
2010-02-22,-0.1879081390094327
2010-02-23,0.15909220105797833
2010-02-24,0.12917837863837053
2010-02-25,0.9034650991409762
2010-02-26,-0.042414243299006824
2010-03-01,-0.30947097678417007
2010-03-02,-2.0186340710892168
2010-03-03,-0.07987812629029353
2010-03-04,-0.062411856517332026
2010-03-05,-0.4292035217495586
2010-03-08,-0.11251663583886912
2010-03-09,-0.23603037507575836
2010-03-10,-0.48750879910761735
2010-03-11,-0.01095513294671361
2010-03-12,0.03955114077304213
2010-03-15,0.08352945726583003
2010-03-16,0.29462537643118675
2010-03-17,0.10991644716149743
2010-03-18,0.5194126582782602
2010-03-19,1.4799322051855286
2010-03-22,1.2606355938853355
2010-03-23,0.5622726096777935
2010-03-24,1.0442948868210407
2010-03-25,1.2606355938853355
2010-03-26,1.6667488510060324
2010-03-28,1.1827085215641764
2010-03-29,0.6919917737851916
2010-03-30,0.04028182931290751
2010-03-31,-0.5375923360415873
2010-04-01,-0.3651162581339366
2010-04-04,-0.5227609648775527
2010-04-05,-0.6407359839373299
2010-04-06,0.23734232135694686
2010-04-07,0.13850985771397117
2010-04-08,0.48082114898759964
2010-04-11,0.2352364763078809
2010-04-12,-1.61062537213282
2010-04-13,-0.06902877100470194
2010-04-14,0.1750462396817615
2010-04-15,0.42233383835048943
2010-04-18,0.5858627342443261
2010-04-19,0.2747589810804404
2010-04-20,0.3375214762093119
2010-04-21,1.4875982922930773
2010-04-22,1.4517681805504763
2010-04-25,0.48947375089227435
2010-04-26,1.564377103170053
2010-04-27,1.1228371645726682
2010-04-28,-0.25473355527258534
2010-04-29,0.021048904725188704
2010-05-02,0.16559072110086187
2010-05-03,0.8923418792295584
2010-05-04,1.357736161156921
2010-05-05,1.4955941555890633
2010-05-06,1.327331062262565
2010-05-09,-0.11133751957053556
2010-05-10,-0.09976645859064141
2010-05-11,-0.13833666185694465
2010-05-12,-0.20583451757297594
2010-05-13,0.4130588206355579
2010-05-16,0.13597130914615455
2010-05-17,0.37332119084760484
2010-05-18,0.7200914245887116
2010-05-19,1.4803370404116807
2010-05-20,0.582934831099711
2010-05-23,0.8930917401497579
2010-05-24,0.8612550121239088
2010-05-25,0.7518669599300386
2010-05-26,-0.4794040090744823
2010-05-27,-0.5310204356590811
2010-05-30,-0.3118960095513478
2010-05-31,0.09805577973961169
2010-06-01,0.03530805688895251
2010-06-02,-0.20731647146692198
2010-06-03,0.20054372706234938
2010-06-06,1.6667488510060324
2010-06-07,1.2367875100949224
2010-06-08,0.7761146448330163
2010-06-09,0.01600441715087005
2010-06-10,-0.26637235994014485
2010-06-13,-0.5598984333813596
2010-06-14,-1.0668980147798244
2010-06-15,-0.6707033194560743
2010-06-16,-0.7070636865521474
2010-06-17,-0.9710765966580317
2010-06-20,-0.8222281032869972
2010-06-21,-0.6779672128151966
2010-06-22,1.1777498225079583
2010-06-23,0.3937683399765312
2010-06-24,0.45637393887962396
2010-06-27,0.6772367299184083
2010-06-28,1.6667488510060324
2010-06-29,0.9113079575754095
2010-06-30,1.2452044850585577
2010-07-01,0.22682007623495706
2010-07-04,0.175843941612958
2010-07-05,-0.09218390726670492
2010-07-06,-0.17594261004159698
2010-07-07,0.057359527730532614
2010-07-08,-0.36950263746256146
2010-07-11,-0.13548431448964865
2010-07-12,-0.2826053892239903
2010-07-13,0.5716405484974691
2010-07-14,1.1185481413443636
2010-07-15,1.5951010663723442
2010-07-18,1.6667488510060324
2010-07-19,0.7814769744815676
2010-07-20,0.6917798239967109
2010-07-21,0.25499369989652937
2010-07-22,0.2666933282206399
2010-07-25,0.4655870097305463
2010-07-26,0.1817807887170865
2010-07-27,0.24833397918381975
2010-07-28,0.35232333928808507
2010-07-29,0.0902701518253316
2010-08-01,-0.11980763838054509
2010-08-02,0.4524081180551056
2010-08-03,0.7652882801338169
2010-08-04,0.7069584784891382
2010-08-05,0.8075466741539131
2010-08-08,-1.678195472713851
2010-08-09,0.7170143164604699
2010-08-10,1.1157108009259513
2010-08-11,1.2743886919996958
2010-08-12,1.1762986522481116
2010-08-15,-0.8976050453568203
2010-08-16,0.6624936821207682
2010-08-17,0.3075011573055071
2010-08-18,0.3542107000443517
2010-08-19,0.9053833043627815
2010-08-22,-1.5169849132298896
2010-08-23,0.8340888057732865
2010-08-24,0.8143808757085966
2010-08-25,1.0114601763554019
2010-08-26,0.5877396799647746
2010-08-29,-2.0421078476630696
2010-08-30,0.577565617979151
2010-08-31,0.3475226075553755
2010-09-01,-0.023306702703915782
2010-09-02,0.27664827512800166
2010-09-05,-2.0798022523688076
2010-09-06,0.02052842115877753
2010-09-07,0.23147626518442704
2010-09-08,-0.21523681628166078
2010-09-09,-0.004763621856836818
2010-09-12,-2.1822375185654086
2010-09-13,0.4616593104873693
2010-09-14,0.13160337013325682
2010-09-15,1.149864850712169
2010-09-16,1.0757982366758958
2010-09-19,-1.7177864856120508
2010-09-20,1.404608643158248
2010-09-21,1.3018085616493154
2010-09-22,-1.2784734842249017
2010-09-23,0.9522882845189474
2010-09-26,-1.792158025597321
2010-09-27,0.5051079299550929
2010-09-28,0.5350959428626584
2010-09-29,0.38981592732074766
2010-09-30,0.2749287048955903
2010-10-03,-2.1951535802082645
2010-10-04,0.5602729036012662
2010-10-05,-0.11760787105125677
2010-10-06,0.6342387071879334
2010-10-07,0.40060502501011747
2010-10-10,-1.5565408372807696
2010-10-11,-0.030028127831936483
2010-10-12,0.5477546964424557
2010-10-13,-0.08838071379328578
2010-10-14,0.22684211270060564
2010-10-17,-1.864526063594192
2010-10-18,0.6905144386637753
2010-10-19,1.396226062043717
2010-10-20,0.8081330425604367
2010-10-21,1.4786407643574158
2010-10-24,-0.5643443713211247
2010-10-25,1.4184554876309876
2010-10-26,1.2187630826981537
2010-10-27,1.702356415470725
2010-10-28,1.4930920641010221
2010-11-01,-1.215718401787418
2010-11-02,1.1167516175342984
2010-11-03,0.7989994095154667
2010-11-04,0.29829680566977324
2010-11-05,0.03841129461088834
2010-11-08,0.20011687180486268
2010-11-09,0.8394179909438321
2010-11-10,0.9673904713333709
2010-11-11,1.3317140399064595
2010-11-12,1.699719473569513
2010-11-15,-0.1777688652061585
2010-11-16,1.3347625823186524
2010-11-17,1.588998156447062
2010-11-18,1.2542810626368646
2010-11-19,0.5176782120307604
2010-11-22,-1.0825971785752748
2010-11-23,0.8604289780630743
2010-11-24,1.429288611180312
2010-11-25,0.8831300595811414
2010-11-26,0.5744317478077007
2010-11-29,1.2440696241162463
2010-11-30,0.7828561989588046
2010-12-01,0.6580126040368701
2010-12-02,0.3299852722107799
2010-12-03,0.2873270582939482
2010-12-06,-1.967038710179881
2010-12-07,-0.12559584881078079
2010-12-08,-0.26992323100576704
2010-12-09,0.3120840634309604
2010-12-10,0.922944387013177
2010-12-13,1.186568665716749
2010-12-14,0.7063884804274659
2010-12-15,0.7063884804274659
2010-12-16,0.9424770715280306
2010-12-17,1.1585581549082016
2010-12-20,-0.5358094130226607
2010-12-21,1.1702723951797214
2010-12-22,0.8143473588207315
2010-12-23,0.9760767953278645
2010-12-24,0.6145531411838128
2010-12-27,0.5684214547318887
2010-12-28,0.3705774295867099
2010-12-29,0.6220733770262739
2010-12-30,0.19781084668032894
2010-12-31,-0.22706673984146528
2011-01-03,-1.7759581867101768
2011-01-04,-0.25052340955092334
2011-01-05,0.751372963228596
2011-01-06,1.0498651005473292
2011-01-07,1.4912544261443557
2011-01-10,-0.5661141772655173
2011-01-11,1.5006362035740675
2011-01-12,-0.33046600300156526
2011-01-13,-0.9833273382574297
2011-01-14,0.7280192387742235
2011-01-17,-0.3847204603080792
2011-01-18,1.0829258138424234
2011-01-19,0.5303790108125866
2011-01-20,0.46912790142695926
2011-01-21,-1.2749959740492243
2011-01-24,-2.14765052041675
2011-01-25,0.7328961648642541
2011-01-26,0.5772540505072831
2011-01-27,-1.9528236617660826
2011-01-28,1.2155970465523984
2011-01-31,-1.0552816963165939
2011-02-01,0.7789066015921763
2011-02-02,0.7427930759198269
2011-02-03,0.6122908478003098
2011-02-04,0.9098359279128175
2011-02-07,-1.3974434652402996
2011-02-08,-1.2043001676234197
2011-02-09,0.7062524520463654
2011-02-10,0.5999274788205587
2011-02-11,0.9055776382701617
2011-02-14,-1.7557835803602881
2011-02-15,1.0370028836346383
2011-02-16,1.151999973328546
2011-02-17,1.1739041808892878
2011-02-18,0.8766208125782591
2011-02-21,-1.8004961411209608
2011-02-22,1.2419539347520585
2011-02-23,1.4190911186412327
2011-02-24,1.510180295492186
2011-02-25,1.010365291351818
2011-02-28,0.8477748683181948
2011-03-01,0.7755124580810412
2011-03-02,0.6912063128043483
2011-03-03,0.48742631593554686
2011-03-04,0.21017502148967393
2011-03-07,-0.3925451838274398
2011-03-08,0.09166818305659803
2011-03-09,-0.4028205376780976
2011-03-10,0.5560855046211745
2011-03-11,1.0163871588715805
2011-03-14,0.3215140201271503
2011-03-15,0.5774229596684936
2011-03-16,0.40435249095131
2011-03-17,1.7074713142336
2011-03-18,1.9433995797423957
2011-03-21,0.3822990390157228
2011-03-22,-0.06366391886666002
2011-03-23,-1.2217945203659337
2011-03-24,-0.804973831684365
2011-03-25,-0.9735254812413093
2011-03-27,-2.0186340710892168
2011-03-28,-0.6297397608966128
2011-03-29,0.24456026511397932
2011-03-30,-1.2350052813384358
2011-03-31,-0.30985914064098063
2011-04-03,-1.0875312753404844
2011-04-04,-1.46666295265135
2011-04-05,-1.3663045674808276
2011-04-06,-0.7137128704579777
2011-04-07,-0.9745066954693693
2011-04-10,-1.7348019326847708
2011-04-11,-1.2667476016663906
2011-04-12,-0.4532127985377887
2011-04-13,-0.09374076047812299
2011-04-14,-2.0186340710892168
2011-04-17,-1.6562637837702323
2011-04-18,-0.08342253668355402
2011-04-19,-0.1271941586911205
2011-04-20,-1.017903460389727
2011-04-21,-1.017903460389727
2011-04-24,-1.7588290086960865
2011-04-25,-0.44055887729386517
2011-04-26,-1.123120463851121
2011-04-27,-0.9509063086130247
2011-04-28,1.129093517543856
2011-05-01,-1.1192833314797799
2011-05-02,0.07130459865594173
2011-05-03,0.3714977657647859
2011-05-04,0.7728241243668574
2011-05-05,1.8696642797523504
2011-05-08,0.3065448477257515
2011-05-09,1.0678741261655549
2011-05-10,0.5304725503926551
2011-05-11,1.2120587502280429
2011-05-12,0.34075803613055167
2011-05-15,1.529792053225467
2011-05-16,1.0069616271015207
2011-05-17,-0.19950643946674054
2011-05-18,-0.8310170680610828
2011-05-19,-0.3974426066381172
2011-05-22,-0.8310170680610828
2011-05-23,1.6145479597582297
2011-05-24,0.6958122737968138
2011-05-25,0.5525633164191001
2011-05-26,0.4036833424945187
2011-05-29,-1.6454307372061439
2011-05-30,-1.0074380957705236
2011-05-31,-1.563511481312395
2011-06-01,-0.8253248417963237
2011-06-02,-0.5363811595651946
2011-06-05,-0.8475385867332091
2011-06-06,-0.3364558035126362
2011-06-07,-0.20606835599877651
2011-06-08,0.7729059781097894
2011-06-09,1.0580921433641617
2011-06-12,1.586486428020286
2011-06-13,1.1985513835892065
2011-06-14,0.5363863939568477
2011-06-15,0.7796372914063608
2011-06-16,1.3214302573363632
2011-06-19,-0.4822475230917235
2011-06-20,-0.0738409723582151
2011-06-21,-0.8734585868223451
2011-06-22,-0.9255120179253796
2011-06-23,-0.561138000204093
2011-06-26,-0.6131914313071272
2011-06-27,-0.06333368742202797
2011-06-28,-0.7751552367392254
2011-06-29,-0.916668088442906
2011-06-30,-1.1424864330061981
2011-07-03,-2.0186340710892168
2011-07-04,-1.759771684694354
2011-07-05,-0.9286871810055894
2011-07-06,-0.5540179375393538
2011-07-07,-1.4490748922199557
2011-07-10,-0.3231548755247197
2011-07-11,1.466999099130952
2011-07-12,0.9376622566619808
2011-07-13,0.23853812509920969
2011-07-14,1.117437033349555
2011-07-17,0.23792392131670606
2011-07-18,0.9277014735805106
2011-07-19,-0.05769502965351166
2011-07-20,-0.40258380578540304
2011-07-21,-1.5407025682238435
2011-07-24,-0.6048449328716398
2011-07-25,-0.8030365627541284
2011-07-26,-1.4719367789808369
2011-07-27,0.4189926784292792
2011-07-28,0.9549796171249691
2011-07-31,-0.29338887898748073
2011-08-01,0.5595522649688369
2011-08-02,0.9945223523405786
2011-08-03,0.5004884326214576
2011-08-04,0.6980196257695693
2011-08-07,1.1199873333200048
2011-08-08,-0.23676293480409255
2011-08-09,0.7922512084749583
2011-08-10,0.5851333457702236
2011-08-11,0.6036576234785532
2011-08-14,0.2020453819681727
2011-08-15,-0.5640552804087684
2011-08-16,-1.3914268836434307
2011-08-17,-1.7293226098136258
2011-08-18,-0.46595458332996204
2011-08-21,-0.7089056787753715
2011-08-22,-0.3006786474048151
2011-08-23,-0.27657924350747465
2011-08-24,0.9896668722955072
2011-08-25,1.135368057587648
2011-08-28,0.29711998998286804
2011-08-29,-0.6532663017587462
2011-08-30,-1.287734106092663
2011-08-31,-1.69950873425973
2011-09-01,-0.7838732971906337
2011-09-04,0.47456457687857584
2011-09-05,1.0664948660899185
2011-09-06,1.5387535159871502
2011-09-07,1.2518674202551872
2011-09-08,0.6422123986635522
2011-09-11,0.9389631479031935
2011-09-12,1.3121703425923248
2011-09-13,1.0778337202879917
2011-09-14,1.3023855548977463
2011-09-15,0.7222731021427128
2011-09-18,-0.4110710627688921
2011-09-19,1.3631305660644952
2011-09-20,0.6905669938934051
2011-09-21,0.16914566791309857
2011-09-22,0.6430313726462428
2011-09-25,0.33370666695479256
2011-09-26,0.18935513763212014
2011-09-27,-0.4924097184553728
2011-09-28,-0.37609702736227985
2011-09-29,-0.7494281227943893
2011-10-02,-0.37885497327601564
2011-10-03,0.3458715468177658
2011-10-04,-0.31091682534125725
2011-10-05,-0.5829490184929288
2011-10-06,-0.6350601989184165
2011-10-09,-1.3854527342017093
2011-10-10,-1.728797543640712
2011-10-11,-1.909387995358628
2011-10-12,-1.1245998594980517
2011-10-13,-1.605653163436904
2011-10-16,-1.820670161366665
2011-10-17,-0.5749440854346578
2011-10-18,0.07240682148063321
2011-10-19,-0.1637069429695589
2011-10-20,1.0941196320350546
2011-10-23,0.14463186724558058
2011-10-24,-0.7510189624269702
2011-10-25,-0.15391840931193645
2011-10-26,-0.11044409839297746
2011-10-27,-1.1830688051314142
2011-10-31,-1.4117596378100585
2011-11-01,-1.2655580697928104
2011-11-02,0.2780105537821335
2011-11-03,0.14067104305937436
2011-11-04,0.33660583292545965
2011-11-07,0.9573392413630649
2011-11-08,1.334589875194874
2011-11-09,0.9233454289524867
2011-11-10,0.9034849702601343
2011-11-11,0.8337791718114079
2011-11-14,-0.4830578535495316
2011-11-15,0.5547798658910893
2011-11-16,0.8912160969651203
2011-11-17,0.7664531986839918
2011-11-18,0.39079026462155675
2011-11-21,0.21025021113605555
2011-11-22,1.2206235499102969
2011-11-23,0.2594354057134242
2011-11-24,1.016826592447343
2011-11-25,0.8719959103200552
2011-11-28,0.9242634324117931
2011-11-29,0.2948718192987946
2011-11-30,-0.052598151188508434
2011-12-01,-1.2502530757488919
2011-12-02,-1.1343431449968355
2011-12-05,-1.2298063699727186
2011-12-06,-1.6217080304000209
2011-12-07,-1.3353183554723773
2011-12-08,-0.9921387480156018
2011-12-09,0.1992660584975121
2011-12-12,-0.4925484358581861
2011-12-13,-0.03621245185789213
2011-12-14,1.043821295147451
2011-12-15,1.5591717600597532
2011-12-16,0.9374607799670117
2011-12-19,0.6899003656313879
2011-12-20,1.1894251592888796
2011-12-21,0.07945907012652553
2011-12-22,0.6399543027690903
2011-12-23,-0.4140637730000309
2011-12-26,0.09881257798738796
2011-12-27,0.06217855291684614
2011-12-28,0.22748688143038515
2011-12-29,1.153594266916819
2011-12-30,0.3871945634069544
2012-01-02,0.19392855121751787
2012-01-03,0.7137474805546424
2012-01-04,-0.912502310460346
2012-01-05,-1.7446855509334653
2012-01-06,-0.4731509102105652
2012-01-09,-0.23538427007539145
2012-01-10,-0.04940585735162772
2012-01-11,-1.652443156537076
2012-01-12,-1.0470703863989195
2012-01-13,-1.483029815808775
2012-01-16,-0.984576012139936
2012-01-17,-1.4118693689983917
2012-01-18,-1.403724876352878
2012-01-19,-1.5733949160340543
2012-01-20,-2.0637612089107864
2012-01-23,-1.1904581335397222
2012-01-24,-1.6443869240950342
2012-01-25,-1.0252852451975196
2012-01-26,-0.018559709453897698
2012-01-27,6.047239584030275
2012-01-30,-1.4612362981744584
2012-01-31,-0.41877791886182714
2012-02-01,-0.5616222181678503
2012-02-02,-1.1711515003964326
2012-02-03,-1.7671946904394402
2012-02-06,-1.7033874667552045
2012-02-07,-1.0306377983573018
2012-02-08,-0.8250230537676032
2012-02-09,-1.0874238252493051
2012-02-10,-1.2832101247518166
2012-02-13,-1.010524841278396
2012-02-14,-1.0972883405653926
2012-02-15,-1.0008684385338422
2012-02-16,0.6720780277415724
2012-02-17,-0.7739020907789028
2012-02-20,-1.53050388273223
2012-02-21,-0.5664467607271791
2012-02-22,-0.8959346378681629
2012-02-23,-0.9266687608387635
2012-02-24,-0.2697833788912291
2012-02-27,-0.7987040760438041
2012-02-28,-0.8584209289481185
2012-02-29,-0.9791670930623594
2012-03-01,0.8068261691837957
2012-03-02,0.41408174940715037
2012-03-05,0.8462803902476008
2012-03-06,0.578925478139293
2012-03-07,1.1552544240960223
2012-03-08,1.1954099105837048
2012-03-09,0.9600177814384765
2012-03-12,0.8665586752605801
2012-03-13,0.927065452848986
2012-03-14,0.6818058045699567
2012-03-15,1.053083433435433
2012-03-16,0.9174667665690095
2012-03-19,0.8530488498074545
2012-03-20,1.2072363707951628
2012-03-21,0.8371606079695858
2012-03-22,0.9522358354977647
2012-03-23,0.743556736252718
2012-03-25,0.09362948746637151
2012-03-26,0.6697013670724443
2012-03-27,0.9725083807115319
2012-03-28,0.7475507795277202
2012-03-29,0.5241942387946815
2012-04-01,0.945135411714661
2012-04-02,1.5550705806395033
2012-04-03,0.7435858705206269
2012-04-04,0.6200128731328155
2012-04-05,-0.16629501076910352
2012-04-08,-0.2627710034940992
2012-04-09,-0.2469760677237108
2012-04-10,0.8812023778156561
2012-04-11,1.056696802677334
2012-04-12,0.35471910323062283
2012-04-15,0.7933344012609143
2012-04-16,1.3121176641628969
2012-04-17,1.0660925183993464
2012-04-18,1.2350907407937644
2012-04-19,1.308391174603395
2012-04-22,0.8396962100426101
2012-04-23,1.2032358324441146
2012-04-24,1.180514606044023
2012-04-25,1.0926697310134537
2012-04-26,1.2878205903594229
2012-04-29,1.1249904330577893
2012-04-30,1.526034230344214
2012-05-01,1.2620312588957432
2012-05-02,1.1858456842583383
2012-05-03,0.49154982130292596
2012-05-06,1.3666533844925608
2012-05-07,0.6677280588946125
2012-05-08,0.46491803946507415
2012-05-09,1.5214098061910093
2012-05-10,0.7324870588393622
2012-05-13,0.8142973675303662
2012-05-14,1.4616317358164246
2012-05-15,1.5015420303603804
2012-05-16,1.464372332162651
2012-05-17,1.2301210483054354
2012-05-20,0.9857214263179441
2012-05-21,0.8856238651276845
2012-05-22,1.351421969971141
2012-05-23,-0.10699028440239591
2012-05-24,-0.5185979256234706
2012-05-27,-1.4668979650197265
2012-05-28,-1.4868859637583314
2012-05-29,-1.221011910092889
2012-05-30,-0.6181885606930256
2012-05-31,-0.3444172579088025
2012-06-03,0.010958952436097938
2012-06-04,1.4752008820821672
2012-06-05,0.27227963724026394
2012-06-06,0.6592065344664799
2012-06-07,0.5825873468969236
2012-06-10,-0.24241777097405637
2012-06-11,1.6609814285927254
2012-06-12,1.6165696584207896
2012-06-13,1.4992314454562556
2012-06-14,0.8342381082737739
2012-06-17,0.3469147466744104
2012-06-18,0.9509926636569548
2012-06-19,-0.683571111707605
2012-06-20,-0.957690502607244
2012-06-21,1.011569664855764
2012-06-24,1.1624897612287934
2012-06-25,0.8567156323213257
2012-06-26,1.4143253631912944
2012-06-27,0.9348997600935043
2012-06-28,1.0350933856350992
2012-07-01,-1.0931117960027368
2012-07-02,-1.731957785014395
2012-07-03,-0.9738582729498559
2012-07-04,-0.40369099286770305
2012-07-05,-0.6457731899975571
2012-07-08,-0.3622821959902257
2012-07-09,-0.2412410974252987
2012-07-10,0.02920077527036029
2012-07-11,0.9455875504610806
2012-07-12,1.0201904436209062
2012-07-15,0.8801955251199575
2012-07-16,0.5214904130640785
2012-07-17,-0.46959861977030576
2012-07-18,-0.7954341718927319
2012-07-19,-0.8094682956024616
2012-07-22,-0.056955552347423465
2012-07-23,0.8113283821776375
2012-07-24,1.5524212786052656
2012-07-25,0.6916019099406896
2012-07-26,-0.15576715608853317
2012-07-29,-0.1019659455469731
2012-07-30,0.988688620024274
2012-07-31,1.6610262067170778
2012-08-01,0.6799523308821713
2012-08-02,1.1028651252209685
2012-08-05,-0.333695795231452
2012-08-06,-0.23300227276982932
2012-08-07,-0.32698289373402634
2012-08-08,-0.7297569835804874
2012-08-09,-1.3687221449935685
2012-08-12,-0.9082173926077498
2012-08-13,-0.3784361771896913
2012-08-14,0.07941163736948939
2012-08-15,0.723524198121493
2012-08-16,-0.10301286883919837
2012-08-19,-0.16135666180112196
2012-08-20,0.07937006227223274
2012-08-21,-0.2980486707134343
2012-08-22,0.19037557197388477
2012-08-23,0.9449824627025392
2012-08-26,0.9777900258072173
2012-08-27,0.5173116823213562
2012-08-28,1.0604658933970368
2012-08-29,1.286613199950753
2012-08-30,1.1814849075272962
2012-09-02,0.014228394835194455
2012-09-03,-0.2028712952761143
2012-09-04,0.42033542015127984
2012-09-05,0.38186586981624315
2012-09-06,-0.6181885606930245
2012-09-09,-0.011742380839326752
2012-09-10,-0.37663177906659207
2012-09-11,-0.7356233202354644
2012-09-12,0.3898630667946022
2012-09-13,-0.038314202162506826
2012-09-16,-0.7188102188979432
2012-09-17,0.9866138052974714
2012-09-18,0.5961877451017319
2012-09-19,0.747771618504132
2012-09-20,0.39626158049423915
2012-09-23,0.46415021326969247
2012-09-24,0.9199738904761807
2012-09-25,1.1351165957404563
2012-09-26,1.585652405287544
2012-09-27,0.8144290221175671
2012-09-30,0.2862308182993594
2012-10-01,0.33424883682828255
2012-10-02,0.5863434341051554
2012-10-03,-0.18194486235772103
2012-10-04,-0.3870249136291043
2012-10-07,-2.5206676579999914
2012-10-08,1.0317290244296435
2012-10-09,0.9399094413705928
2012-10-10,1.580597042437603
2012-10-11,1.461487017370331
2012-10-14,1.6393821461390121
2012-10-15,1.0555591089753908
2012-10-16,0.863992174906084
2012-10-17,0.17070231827432697
2012-10-18,-0.10485955664808275
2012-10-21,-0.10485955664808275
2012-10-22,-0.2302847174719346
2012-10-23,0.00684447858778914
2012-10-24,-0.12160050261124963
2012-10-25,0.2447361479467668
2012-10-29,-0.018279169524165344
2012-10-30,0.543396837319234
2012-10-31,0.3561715017047675
2012-11-01,0.24777788634901482
2012-11-02,0.4054413268664852
2012-11-05,0.30738629777417004
2012-11-06,0.8511313190668974
2012-11-07,0.2768330061015569
2012-11-08,0.6586882281976111
2012-11-09,-0.02411035482420146
2012-11-12,0.479696673851763
2012-11-13,0.6668387558639274
2012-11-14,0.9757395531131768
2012-11-15,1.2741479211608229
2012-11-16,1.028105387558689
2012-11-19,1.0285483937651405
2012-11-20,0.7015295142667869
2012-11-21,0.8030710483024966
2012-11-22,1.4668463002943393
2012-11-23,1.140987775700255
2012-11-26,-0.03186385382800257
2012-11-27,-0.14243912893162716
2012-11-28,-0.1234608912142793
2012-11-29,0.2791608077991703
2012-11-30,0.5086684536115245
2012-12-03,1.3866247334121058
2012-12-04,0.7388377114761179
2012-12-05,0.7038221967768796
2012-12-06,-0.6617828764935738
2012-12-07,-1.2444320076023712
2012-12-10,-1.3576194437846552
2012-12-11,-1.036146404214856
2012-12-12,-1.0614465158081845
2012-12-13,-1.2807141496170693
2012-12-14,-0.3701864392688488
2012-12-17,-0.24480253011063496
2012-12-18,0.9102389856418494
2012-12-19,0.41746650453307405
2012-12-20,-0.5101707562669198
2012-12-21,-0.5042552138558396
2012-12-24,-1.2732757272946758
2012-12-25,-0.17298483883605204
2012-12-26,0.10962068655352371
2012-12-27,-0.8993040839462367
2012-12-28,-1.1644354009739453
2012-12-31,-0.795537555459348
2013-01-01,-0.4447261765402695
2013-01-02,-0.7273645660543472
2013-01-03,-0.7273645660543472
2013-01-04,-0.47428313230643815
2013-01-07,-1.042117937540027
2013-01-08,-0.4076156177168086
2013-01-09,0.6462942171987767
2013-01-10,1.204240635683322
2013-01-11,-0.2640394129602108
2013-01-14,0.03408458874448438
2013-01-15,0.32363151939798634
2013-01-16,-2.0186340710892168
2013-01-17,1.0874973211095178
2013-01-18,0.7768841818896598
2013-01-21,-0.17594261004159226
2013-01-22,0.6873457182848303
2013-01-23,0.7741951745610861
2013-01-24,0.0927832280278647
2013-01-25,-0.7315003341186113
2013-01-28,-0.0390122466940933
2013-01-29,-1.0477795922672706
2013-01-30,-1.419698969726426
2013-01-31,-1.0214128098163884
2013-02-01,-0.9216906836891063
2013-02-04,-1.1037919574867534
2013-02-05,-0.5484813179060458
2013-02-06,-1.081311246972502
2013-02-07,-0.7569265213055894
2013-02-08,-0.4118581258158506
2013-02-11,0.016004417150868477
2013-02-12,0.09101975710664974
2013-02-13,-0.03269451059618054
2013-02-14,-0.33872454122954165
2013-02-15,-0.8531154437834734
2013-02-18,-0.11946164571828403
2013-02-19,-0.5077682754409676
2013-02-20,-0.24419044193224826
2013-02-21,0.1746182044991773
2013-02-22,1.226300648121486
2013-02-25,0.9836046995932688
2013-02-26,1.4719611701341777
2013-02-27,1.1896542513351578
2013-02-28,0.65724433576042
2013-03-01,0.8854200138638838
2013-03-04,1.1205101064553293
2013-03-05,0.04191253806256559
2013-03-06,-0.738735075977326
2013-03-07,0.005603346711857513
2013-03-08,-0.787400047454693
2013-03-11,-1.2118835806803143
2013-03-12,-0.14315450575249225
2013-03-13,0.40112802544662624
2013-03-14,0.8388729772020281
2013-03-15,1.369414347737199
2013-03-18,0.3364384339741985
2013-03-19,0.5244681748974263
2013-03-20,0.515066687851266
2013-03-21,0.5996800712667193
2013-03-22,1.2578298027846453
2013-03-25,1.082255733144512
2013-03-26,0.9892887550326256
2013-03-27,1.139419140288216
2013-03-28,0.8557260720336258
2013-03-29,1.3924323228241897
2013-03-31,1.332978322212506
2013-04-01,0.958960077888391
2013-04-02,1.1402655764210097
2013-04-03,1.383257856998692
2013-04-04,0.6299403562989212
2013-04-07,-1.1092538695332412
2013-04-08,-0.6444234899689555
2013-04-09,-1.0089401198302477
2013-04-10,-1.0603249903066465
2013-04-11,-0.9727081600636664
2013-04-14,-1.224546038151566
2013-04-15,0.3941718751444105
2013-04-16,-0.0668736450574709
2013-04-17,0.5739575458159145
2013-04-18,-0.28989487233865435
2013-04-21,1.0163871588715643
2013-04-22,1.4691268682269985
2013-04-23,1.4373681712075868
2013-04-24,0.9429253725309056
2013-04-25,0.07087661318131108
2013-04-28,-0.3348536167741298
2013-04-29,0.16820071247085877
2013-04-30,-0.1977238329854056
2013-05-01,-0.18029885463034723
2013-05-02,0.27275058260120877
2013-05-05,0.14206324493825195
2013-05-06,0.7481370840742846
2013-05-07,0.7372012297060262
2013-05-08,0.17947265692607153
2013-05-09,0.18145598567797366
2013-05-12,0.5991946040514645
2013-05-13,-0.11982002747159935
2013-05-14,0.6682460888620279
2013-05-15,0.8044055564270884
2013-05-16,0.5982974996423003
2013-05-19,1.1683159148210378
2013-05-20,1.1567788894614675
2013-05-21,0.9543328214560095
2013-05-22,1.2482195601687114
2013-05-23,0.986638753395404
2013-05-26,1.2477939523478032
2013-05-27,0.8994451511376296
2013-05-28,0.786657406923587
2013-05-29,1.5794739055958036
2013-05-30,0.682989377446733
2013-06-02,0.146972774611452
2013-06-03,1.076731794290869
2013-06-04,1.0245772701320786
2013-06-05,1.0558334090241766
2013-06-06,0.9807108430260788
2013-06-09,0.41510936803029935
2013-06-10,-0.04485180811470108
2013-06-11,-0.04485180811470108
2013-06-12,1.2066943385833997
2013-06-13,-0.5692150158222216
2013-06-16,-1.5783668495234695
2013-06-17,1.0755340262670996
2013-06-18,1.4984468206058885
2013-06-19,0.6698485731044169
2013-06-20,1.3309508626602238
2013-06-23,0.9699680251884828
2013-06-24,0.6992308970846721
2013-06-25,0.37602533330182963
2013-06-26,-0.1276716492168831
2013-06-27,-0.6866801759090491
2013-06-30,-1.1073760675419453
2013-07-01,-0.08922771775699977
2013-07-02,0.8233278837603468
2013-07-03,1.4589125532846388
2013-07-04,0.8131354853646299
2013-07-07,0.8688059222542889
2013-07-08,1.3883966665577403
2013-07-09,0.9981438618608882
2013-07-10,1.6324129852722296
2013-07-11,0.5794464361021474
2013-07-14,0.8527443706403224
2013-07-15,-1.176557860398906
2013-07-16,0.5127925622822845
2013-07-17,-0.8334897745621043
2013-07-18,-0.8906677888682417
2013-07-21,0.30487251025998485
2013-07-22,-0.4540356796214154
2013-07-23,-1.4637326652055505
2013-07-24,0.29520009306716827
2013-07-25,0.42448494468179726
2013-07-28,1.1835153872873734
2013-07-29,1.3280920419486257
2013-07-30,0.9898417836824084
2013-07-31,0.7754878790299291
2013-08-01,1.3858303705559427
2013-08-04,0.8106163391581271
2013-08-05,1.3529084561803988
2013-08-06,0.9629091417464541
2013-08-07,1.3979211842749442
2013-08-08,-0.17298483883605204
2013-08-11,-0.7586235375317667
2013-08-12,0.181947705828004
2013-08-13,1.5760317329236977
2013-08-14,0.6996105891440517
2013-08-15,0.8891876765099116
2013-08-18,1.1415536088970484
2013-08-19,1.639700169009006
2013-08-20,1.0563638593556497
2013-08-21,1.5982003678735701
2013-08-22,1.2820995952026504
2013-08-25,-0.8333734510035968
2013-08-26,-0.23522152767967647
2013-08-27,-0.699175987869936
2013-08-28,-1.5142264401378989
2013-08-29,-1.1176978978871357
2013-09-01,-0.40044774058062393
2013-09-02,-0.5724711522923489
2013-09-03,-1.0766440793835506
2013-09-04,-0.7929714136270132
2013-09-05,-1.1421226826833542
2013-09-08,-1.4296556770543056
2013-09-09,-1.6551230588363859
2013-09-10,-1.4927032448510675
2013-09-11,-1.695728012332713
2013-09-12,-1.6802594586198194
2013-09-15,-1.4365382134388986
2013-09-16,-1.3502337802856936
2013-09-17,-1.7722378871859965
2013-09-18,-1.8034774033594474
2013-09-19,-1.1931082965398871
2013-09-22,-1.303533740725256
2013-09-23,-1.5075989569510664
2013-09-24,-1.526784575570589
2013-09-25,-1.0279584914630457
2013-09-26,-0.7541273893480682
2013-09-29,-1.0384233743464195
2013-09-30,-1.1378397617384832
2013-10-01,-1.4003809158964104
2013-10-02,-1.7365341025676957
2013-10-03,-0.6944674165224362
2013-10-06,-0.5830488630637357
2013-10-07,-2.0186340710892168
2013-10-08,-0.6858967585640763
2013-10-09,-0.6676223027730537
2013-10-10,-1.092749691646572
2013-10-13,-1.3418525661969525
2013-10-14,-0.8135521121341981
2013-10-15,-0.5913148153307034
2013-10-16,-0.5467110885882297
2013-10-17,-1.1960039545500938
2013-10-20,-1.9089500555506558
2013-10-21,-0.35959956629219303
2013-10-22,0.05439382258935193
2013-10-23,0.5337023215592891
2013-10-24,1.3864689200376403
2013-10-28,0.42039766861461186
2013-10-29,0.008922876341846148
2013-10-30,0.2772760017371155
2013-10-31,-0.4026953075114005
2013-11-01,0.7725547628355672
2013-11-04,1.4771471572648012
2013-11-05,0.2314502306778375
2013-11-06,1.203604943554983
2013-11-07,1.1929523613867796
2013-11-08,0.9000053519079908
2013-11-11,0.9765937055209514
2013-11-12,1.2868811718750555
2013-11-13,1.228372703586993
2013-11-14,1.1730876171280735
2013-11-15,0.4985520002286742
2013-11-18,0.3697087449288212
2013-11-19,-1.5141996363999688
2013-11-20,-1.1979870056992545
2013-11-21,-1.201751441779033
2013-11-22,0.055570208864284334
2013-11-25,-0.897541422824144
2013-11-26,-0.6047187161877409
2013-11-27,0.47379252940295785
2013-11-28,1.2463784844768968
2013-11-29,0.7525453354475314
2013-12-02,0.7646188931276129
2013-12-03,1.4466126929406016
2013-12-04,1.4422585207261294
2013-12-05,1.5699149875197567
2013-12-06,0.5146575645250983
2013-12-09,-0.852923559385217
2013-12-10,-1.0779207125964316
2013-12-11,-1.4188560661207754
2013-12-12,-0.23736565874318907
2013-12-13,-0.47944473303767865
2013-12-16,-0.7323631688677334
2013-12-17,-0.8082386996167529
2013-12-18,-0.771699999703622
2013-12-19,0.07292663900793997
2013-12-20,0.4753204842995517
2013-12-23,1.555651029030175
2013-12-24,0.29180079506494827
2013-12-25,0.34401401237916024
2013-12-26,0.3135563022791936
2013-12-27,0.21783207053647052
2013-12-30,-0.6001750007196222
2013-12-31,0.41286048294516775
2014-01-01,0.408092846564698
2014-01-02,-0.17215884934128955
2014-01-03,0.8721591039423778
2014-01-06,0.37270269150236907
2014-01-07,0.4559454269090286
2014-01-08,0.26675739189387593
2014-01-09,1.1483736350645013
2014-01-10,0.6196978442470265
2014-01-13,-1.081493842327861
2014-01-14,-0.9077543617148063
2014-01-15,-0.6438511747578863
2014-01-16,-0.45572298894411234
2014-01-17,-0.20970920749536223
2014-01-20,-0.6991759878699205
2014-01-21,-1.0176658700263037
2014-01-22,-0.10028243084625178
2014-01-23,0.687157126023825
2014-01-24,0.3808418602030104
2014-01-27,0.4570683055341305
2014-01-28,1.2922450109010346
2014-01-29,0.9945901574984023
2014-01-30,1.25311273192441
2014-01-31,0.39477291059167874
2014-02-03,0.846659099949409
2014-02-04,1.2651634247618178
2014-02-05,-0.7901730970574673
2014-02-06,-0.9848660705014872
2014-02-07,-1.365357147245928
2014-02-10,-1.5590875453511885
2014-02-11,0.005869614115109213
2014-02-12,-0.16831767985794202
2014-02-13,0.6246750592411565
2014-02-14,-0.6969795059240302
2014-02-17,-0.9323560801629992
2014-02-18,-1.063164424620082
2014-02-19,-0.8186096936785906
2014-02-20,-0.5155969141824611
2014-02-21,-1.0621570765478878
2014-02-24,-1.4700465368842124
2014-02-25,-1.4830071198888954
2014-02-26,-1.2558551535801827
2014-02-27,-0.8744656948256747
2014-02-28,-1.8106814297170768
2014-03-03,-1.2561410527246801
2014-03-04,-0.7226234527053416
2014-03-05,-0.5395915053395431
2014-03-06,-0.6190325415148898
2014-03-07,-0.42913685659777334
2014-03-10,0.6680382118122667
2014-03-11,0.9794216630486599
2014-03-12,1.1071353019601087
2014-03-13,0.749184293110917
2014-03-14,1.0907552287447861
2014-03-17,0.08520704072939422
2014-03-18,0.3585599462092987
2014-03-19,-0.6873503723587736
2014-03-20,0.03966091504196654
2014-03-21,-1.1672820472253356
2014-03-24,-1.3672640662537754
2014-03-25,-1.0193758828164114
2014-03-26,-1.0864997488730943
2014-03-27,-0.7192516387628585
2014-03-28,-1.6368151197009615
2014-03-30,-1.633543646598969
2014-03-31,-1.187649470873426
2014-04-01,-1.363362135903529
2014-04-02,-1.0837237941363962
2014-04-03,-0.32438714234939964
2014-04-06,-1.449406609854701
2014-04-07,-1.225454544549031
2014-04-08,-1.4685232544252456
2014-04-09,-1.6259035806698672
2014-04-10,-0.9158468539916619
2014-04-13,-0.6016624616561682
2014-04-14,-0.6519319644298542
2014-04-15,0.16829645411016136
2014-04-16,1.2520254531231942
2014-04-17,0.7807488646199741
2014-04-20,0.7807488646199741
2014-04-21,0.7807488646199741
2014-04-22,1.0421076777695597
2014-04-23,-0.44853010427938494
2014-04-24,-0.9558082845673583
2014-04-27,1.1008286270138778
2014-04-28,-0.17594261004159226
2014-04-29,0.3738440225988535
2014-04-30,0.05968023251861057
2014-05-01,0.22280373890642857
2014-05-04,-0.7257292426820383
2014-05-05,0.9236306552392998
2014-05-06,-0.0007358809583814543
2014-05-07,-1.024376088509557
2014-05-08,-1.056376007948895
2014-05-11,-1.2554992235846345
2014-05-12,-0.8601487221605164
2014-05-13,-0.727972541410297
2014-05-14,-1.051141490504621
2014-05-15,-0.0390933305510168
2014-05-18,0.017401890154005763
2014-05-19,-0.3018987352271217
2014-05-20,0.6217795161334545
2014-05-21,-0.09663690159146093
2014-05-22,0.43517784919190305
2014-05-25,1.2002446836521758
2014-05-26,0.3986601036184146
2014-05-27,0.9309745220364951
2014-05-28,0.5923881051655322
2014-05-29,0.33193701526480784
2014-06-01,0.11762343154688401
2014-06-02,1.6493444452346282
2014-06-03,1.2432352334392962
2014-06-04,1.1523031001479687
2014-06-05,0.27509748928002536
2014-06-08,-0.40043294032151283
2014-06-09,-1.1767953325395477
2014-06-10,-1.3409134135404548
2014-06-11,-0.8403746272462723
2014-06-12,-0.9909792178126685
2014-06-15,-1.3187656796336444
2014-06-16,-0.8163761542200089
2014-06-17,1.646755815262284
2014-06-18,-0.9590031766712452
2014-06-19,-0.9723318671670673
2014-06-22,-0.48583466406951115
2014-06-23,-1.193455740047684
2014-06-24,-0.5374275378069219
2014-06-25,-1.2043600825631473
2014-06-26,-1.3107848109593867
2014-06-29,-1.1939924483827793
2014-06-30,0.14632181588153015
2014-07-01,-0.6028741144696625
2014-07-02,0.6818153828396172
2014-07-03,-0.1570015818076306
2014-07-06,0.0053500887692593336
2014-07-07,0.6926388275447422
2014-07-08,-0.016296800640989706
2014-07-09,-0.12453124769225743
2014-07-10,0.2177383304694746
2014-07-13,0.1449569801228828
2014-07-14,-0.7803454092652141
2014-07-15,0.683980071780645
2014-07-16,0.02729541875041866
2014-07-17,1.6385731405924506
2014-07-20,-0.22665888878601695
2014-07-21,-0.45769971417732164
2014-07-22,-1.0155787803660539
2014-07-23,-0.5873079820797522
2014-07-24,-0.6211188345760353
2014-07-27,-0.3653219934771411
2014-07-28,-0.5336592231976496
2014-07-29,-0.07073184146628457
2014-07-30,0.34058759090396157
2014-07-31,0.8033899147109846
2014-08-03,0.4597644674293774
2014-08-04,0.4596259087812769
2014-08-05,1.016153803402565
2014-08-06,0.7547305800713313
2014-08-07,1.2993128667492686
2014-08-10,0.7031747744998752
2014-08-11,0.12550032026172267
2014-08-12,0.0888429664725892
2014-08-13,0.28337930840137315
2014-08-14,-0.9741137776611611
2014-08-17,-1.7662909729202643
2014-08-18,-1.1186487516285541
2014-08-19,-1.2488412936280675
2014-08-20,-0.1019776822857694
2014-08-21,0.5769850837197925
2014-08-24,0.9798674461710644
2014-08-25,1.5321522573295112
2014-08-26,-0.025322612355970192
2014-08-27,-0.986726852902563
2014-08-28,-1.1074449076735302
2014-08-31,-1.2188735542709097
2014-09-01,-0.5974380175539535
2014-09-02,-0.775762997655353
2014-09-03,-1.0891826596517125
2014-09-04,-0.8027819340343352
2014-09-07,-0.2833640853493079
2014-09-08,0.5335995042698545
2014-09-09,1.0364149429822473
2014-09-10,1.1284344915988682
2014-09-11,0.2562551331507843
2014-09-14,-0.5509516464080289
2014-09-15,1.4373315581700947
2014-09-16,1.2493681345277745
2014-09-17,1.2147213210171381
2014-09-18,1.3453834601993293
2014-09-21,0.9217988108783177
2014-09-22,1.3115312199607112
2014-09-23,1.5339666721952443
2014-09-24,0.16345379213786282
2014-09-25,1.2170174379084038
2014-09-28,0.3924969152173169
2014-09-29,0.8480770727398548
2014-09-30,0.5397900578402344
2014-10-01,1.3537437261157514
2014-10-02,1.3787870312867643
2014-10-05,0.39601825206135494
2014-10-06,-0.3859698088276689
2014-10-07,-1.4316818139714342
2014-10-08,-1.5806172483811682
2014-10-09,-1.0544935935192188
2014-10-12,-1.2785366809963123
2014-10-13,-1.1652564682269981
2014-10-14,-1.0242855367807253
2014-10-15,0.46245998327989807
2014-10-16,0.8120922352003909
2014-10-19,-0.09954148832563293
2014-10-20,0.7162670994888533
2014-10-21,1.0322801271856892
2014-10-22,1.068416094242341
2014-10-23,1.3958076559429007
2014-10-27,-0.09951761856956527
2014-10-28,0.7621042515491216
2014-10-29,-0.9469781609633301
2014-10-30,-0.4640396808982011
2014-10-31,-1.7339263775367855
2014-11-03,-1.4650357780706131
2014-11-04,0.31551709906676517
2014-11-05,0.3516704569781796
2014-11-06,0.518879737318493
2014-11-07,1.3190712168461045
2014-11-10,0.9864282911903887
2014-11-11,0.9958249840055161
2014-11-12,1.075315209038831
2014-11-13,1.1647152640952196
2014-11-14,0.5961807064746496
2014-11-17,0.8758219225198386
2014-11-18,1.074871688675855
2014-11-19,-0.10455037542509103
2014-11-20,-0.4981724257431089
2014-11-21,-0.2012775063896281
2014-11-24,-1.6542102414721438
2014-11-25,-0.7578451766882119
2014-11-26,-1.0895459394685683
2014-11-27,-1.804988684301084
2014-11-28,-0.8479075553670469
2014-12-01,-0.594736123916053
2014-12-02,0.7548152789098109
2014-12-03,0.9537073726006553
2014-12-04,0.15977040917761431
2014-12-05,1.170136967886811
2014-12-08,1.0982589321721956
2014-12-09,1.2944563486891159
2014-12-10,0.8351303768990384
2014-12-11,0.445150787443743
2014-12-12,1.099997531009288
2014-12-15,0.6890458902302448
2014-12-16,0.5772933620132361
2014-12-17,1.282528078276952
2014-12-18,0.7957693420845757
2014-12-19,-0.2896384144753247
2014-12-22,-0.34699845995540907
2014-12-23,-0.49123202352883016
2014-12-24,-0.20537857587302716
2014-12-25,-0.20537857587302716
2014-12-26,-0.11178412192414809
2014-12-29,-0.017904527175445602
2014-12-30,1.052518363990164
2014-12-31,-0.8967818598238994
2015-01-01,-0.987543558259245
2015-01-02,-1.1722815977010614
2015-01-05,0.5397349767652803
2015-01-06,0.959590504330928
2015-01-07,0.6649411932163043
2015-01-08,-0.05128328610847994
2015-01-09,-0.6738065031771735
2015-01-12,-1.8149383926929654
2015-01-13,-0.16274011236776628
2015-01-14,-0.7891381678459807
2015-01-15,-1.4586435077477786
2015-01-16,-0.6787613619424153
2015-01-19,-1.1845369892892565
2015-01-20,-0.09567385321565505
2015-01-21,-0.9328988533764928
2015-01-22,-0.5924791528831871
2015-01-23,-1.3207284728181823
2015-01-26,-0.8671740259987044
2015-01-27,-0.792542356409505
2015-01-28,-1.1692545933835519
2015-01-29,-1.0342068103173796
2015-01-30,-0.5760698987262158
2015-02-02,0.9882777442472126
2015-02-03,1.6278691866418957
2015-02-04,0.8446710145668122
2015-02-05,1.344057427683817
2015-02-06,1.0697645763685717
2015-02-09,1.4826306214828464
2015-02-10,0.7079614215965236
2015-02-11,1.1379291121846764
2015-02-12,1.5228402719116463
2015-02-13,0.5241802702805684
2015-02-16,0.8004237667132866
2015-02-17,0.6056051422545937
2015-02-18,0.3228310185126462
2015-02-19,0.4341998204883205
2015-02-20,1.158119504502361
2015-02-23,0.3070536099246352
2015-02-24,0.7372855369533632
2015-02-25,0.018879394650672936
2015-02-26,0.49781682285246015
2015-02-27,1.3168922233785572
2015-03-02,-0.9996341847955895
2015-03-03,0.8000510982552338
2015-03-04,0.16545865827602116
2015-03-05,1.1155817908469825
2015-03-06,0.6369413901608166
2015-03-09,1.0522947635216422
2015-03-10,1.1860949939978276
2015-03-11,0.951873368527315
2015-03-12,1.2327173080725262
2015-03-13,0.6089254450593484
2015-03-16,1.3784946827077396
2015-03-17,1.2408663844227563
2015-03-18,1.2816551277011552
2015-03-19,0.46020647526613634
2015-03-20,1.357692297488566
2015-03-23,0.33578670847100583
2015-03-24,-1.1597985228723309
2015-03-25,-1.2537116257203298
2015-03-26,-0.22878264738615275
2015-03-27,-0.5273707949204943
2015-03-29,0.5076229524317009
2015-03-30,0.25264880397540485
2015-03-31,-0.3763992596503217
2015-04-01,-0.6214492904389096
2015-04-02,-1.4195697689379312
2015-04-05,-1.3669618264265324
2015-04-06,-1.3669618264265324
2015-04-07,-0.974634964516289
2015-04-08,-1.6469055716080232
2015-04-09,-1.474666112108368
2015-04-12,-0.8904556255498502
2015-04-13,0.29544357766827223
2015-04-14,-0.6701054251205976
2015-04-15,-1.396562343813564
2015-04-16,-1.5667266514665361
2015-04-19,-0.9744912639512897
2015-04-20,-1.156877865425154
2015-04-21,-1.0829371609622316
2015-04-22,-1.1828244163434816
2015-04-23,-1.6881751511151109
2015-04-26,-1.0393420682054162
2015-04-27,-1.3593953156282153
2015-04-28,-0.9285073338961727
2015-04-29,-0.46779085300520545
2015-04-30,0.3917459856350932
2015-05-03,0.3917459856350932
2015-05-04,1.6043149680082938
2015-05-05,1.0709512246847306
2015-05-06,0.6356978689290481
2015-05-07,0.5036948020195364
2015-05-10,-0.7613920113801534
2015-05-11,0.918737887047387
2015-05-12,-0.22812016258988596
2015-05-13,0.29365536289305166
2015-05-14,-0.9860677680282559
2015-05-17,-0.8237877008245081
2015-05-18,-0.3837419787832922
2015-05-19,0.4046732732072418
2015-05-20,-0.5090327746422447
2015-05-21,0.39131040186790605
2015-05-24,0.7528657338758689
2015-05-25,0.5230794958334577
2015-05-26,1.1096763261734954
2015-05-27,0.8686283725070109
2015-05-28,1.0932258336745622
2015-05-31,1.1270554577612475
2015-06-01,1.021134324507598
2015-06-02,0.12939553316198865
2015-06-03,-0.40316170749408087
2015-06-04,-0.258408740242795
2015-06-07,-0.6298903239858017
2015-06-08,-1.2179758004742713
2015-06-09,-1.1627391301654608
2015-06-10,-0.6970315887804742
2015-06-11,-1.2337272257844105
2015-06-14,-0.3231126435362485
2015-06-15,-0.11768780511663242
2015-06-16,-1.2398593105133535
2015-06-17,-1.4339081052837164
2015-06-18,-1.2354231444139554
2015-06-21,-0.2859140072802422
2015-06-22,-0.5219501769631962
2015-06-23,-0.4559763968049343
2015-06-24,0.27349433167733617
2015-06-25,1.274833129813065
2015-06-28,0.5502868315342536
2015-06-29,0.26720285977245223
2015-06-30,-0.04984863759042779
2015-07-01,0.9250365647981915
2015-07-02,-0.780239450367187
2015-07-05,0.38530842795943737
2015-07-06,-0.11759071377508352
2015-07-07,0.2509495713951426
2015-07-08,1.518472575100843
2015-07-09,1.2649679743596987
2015-07-12,-0.3247614214065595
2015-07-13,-0.9151970307245114
2015-07-14,-0.7869466729628338
2015-07-15,-1.2948746598371934
2015-07-16,-0.860619013085995
2015-07-19,0.14106401208679656
2015-07-20,0.49113562991558873
2015-07-21,-0.017624566001184606
2015-07-22,0.1733257061046954
2015-07-23,0.8388133397001318
2015-07-26,1.3852364680464457
2015-07-27,1.149289906802287
2015-07-28,1.0366628070862678
2015-07-29,0.53835913609485
2015-07-30,1.104138350948315
2015-08-02,1.2160185655699245
2015-08-03,1.2746588435856845
2015-08-04,1.2078936340507278
2015-08-05,0.5235575210541342
2015-08-06,1.213118808850834
2015-08-09,1.213118808850834
2015-08-10,-0.17233090588430452
2015-08-11,0.2021474305621309
2015-08-12,-0.33044694956223447
2015-08-13,0.5514355982666741
2015-08-16,-0.5051769569600768
2015-08-17,-0.5383556120758948
2015-08-18,-0.8369635081182336
2015-08-19,0.4371134400966259
2015-08-20,-0.637496302961739
2015-08-23,-0.46429224254531093
2015-08-24,0.9115474325438845
2015-08-25,0.989444791906954
2015-08-26,0.6817400757627275
2015-08-27,-0.09459538623334884
2015-08-30,0.1290869611844587
2015-08-31,0.7626099168077954
2015-09-01,0.9771563197755171
2015-09-02,1.0207056296028776
2015-09-03,0.7340663090324727
2015-09-06,1.6533739872174968
2015-09-07,1.5962268419392118
2015-09-08,1.3639905707019342
2015-09-09,0.3256373639754352
2015-09-10,0.9489003513979137
2015-09-13,1.0755725913848517
2015-09-14,-0.1828737439627788
2015-09-15,0.7874850050037278
2015-09-16,-0.3024401838007064
2015-09-17,1.0039440142516571
2015-09-20,0.802236784137471
2015-09-21,-2.0186340710892168
2015-09-22,0.7203324883591216
2015-09-23,1.1328698500001306
2015-09-24,-0.8254953945987678
2015-09-27,-0.6541174377184692
2015-09-28,0.5007999366705771
2015-09-29,-0.15351832242037808
2015-09-30,-1.367426497898473
2015-10-01,-0.8220144768191583
2015-10-04,-1.5543662113380845
2015-10-05,-1.2815574866701693
2015-10-06,-1.3782807429915254
2015-10-07,-1.0555261669938172
2015-10-08,-1.4817253851262615
2015-10-11,-1.5957746007693716
2015-10-12,-1.549247343306594
2015-10-13,-0.05859592809593913
2015-10-14,-0.592351534513206
2015-10-15,-0.7924312973773782
2015-10-18,1.5510801450976843
2015-10-19,0.9656185413461912
2015-10-20,0.7768562220238288
2015-10-21,1.279159559733982
2015-10-22,0.7141988978798053
2015-10-26,-0.046488983798950216
2015-10-27,0.525938769742741
2015-10-28,0.0006351137389828853
2015-10-29,-0.04694062861231774
2015-10-30,-1.4727520023042961
2015-11-02,-1.2907913127093225
2015-11-03,-0.11135758621516749
2015-11-04,-1.6166244971749353
2015-11-05,-1.1118988206746294
2015-11-06,-1.3863987499993569
2015-11-09,-1.630792235462662
2015-11-10,-1.0499149656658142
2015-11-11,-1.160003074851197
2015-11-12,-0.7057301729608415
2015-11-13,-0.6176158173817559
2015-11-16,1.1657779817973575
2015-11-17,0.8178815448469012
2015-11-18,0.4166409875640304
2015-11-19,-0.5389145592599082
2015-11-20,-0.652401772866992
2015-11-23,-1.7751998171886059
2015-11-24,-1.1549716746418541
2015-11-25,-1.847171683559221
2015-11-26,-0.932705616732607
2015-11-27,-0.6753387016588459
2015-11-30,0.5216950744018026
2015-12-01,0.9392834270852551
2015-12-02,0.674147965064014
2015-12-03,0.3708992803772196
2015-12-04,-0.9277875777550129
2015-12-07,-1.0100206210986704
2015-12-08,-1.1480858542867474
2015-12-09,-0.12281493514037468
2015-12-10,-1.529154272133929
2015-12-11,-0.17898168336932532
2015-12-14,-0.2709078785990533
2015-12-15,1.0385170743951437
2015-12-16,0.848618128185051
2015-12-17,0.6512953193414028
2015-12-18,0.39932927112566563
2015-12-21,1.007941787646874
2015-12-22,1.3722632213233932
2015-12-23,0.8807220975067847
2015-12-24,-0.18379220092998194
2015-12-25,-0.733263563116707
2015-12-28,-0.9413367247083734
2015-12-29,-1.6654438362070276
2015-12-30,-1.499019118199718
2015-12-31,0.2133063137421752
2016-01-01,0.35634418283310615
2016-01-04,-0.15284710381539
2016-01-05,1.302169788435285
2016-01-06,1.1306031707549378
2016-01-07,0.8938795489078459
2016-01-08,1.2359692400004907
2016-01-11,0.39563687924636404
2016-01-12,1.0985727139012034
2016-01-13,0.3161662300191458
2016-01-14,-0.11397599453733538
2016-01-15,-0.6045175622185321
2016-01-18,-0.6623842224280687
2016-01-19,1.073615583858219
2016-01-20,0.3486946502566742
2016-01-21,0.4603891238833973
2016-01-22,1.419951593854229
2016-01-25,0.24121842536799112
2016-01-26,0.05017333270773244
2016-01-27,-0.5165348706143674
2016-01-28,0.31311294360137376
2016-01-29,-0.514351586892752
2016-02-01,-1.3962860005444981
2016-02-02,-1.8932107828314246
2016-02-03,-1.1885776423053778
2016-02-04,-1.2745451301587798
2016-02-05,-1.3537587870466623
2016-02-08,-1.194032888731755
2016-02-09,-1.2836352219328009
2016-02-10,-1.3492188137555103
2016-02-11,-0.16885143894355156
2016-02-12,1.1211474686846612
2016-02-15,0.8123521182019432
2016-02-16,0.6020826735118557
2016-02-17,1.576287807262901
2016-02-18,0.09223399627762764
2016-02-19,0.886764009575918
2016-02-22,0.7376759979272617
2016-02-23,-1.4489613210975405
2016-02-24,-1.5136724443676113
2016-02-25,-1.09912247274295
2016-02-26,-1.1602602119946948
2016-02-29,-0.8472349870257573
2016-03-01,0.4374359622904941
2016-03-02,-1.3465936558836096
2016-03-03,-0.9732522288058636
2016-03-04,-0.5428591715923297
2016-03-07,-0.8195669652479949
2016-03-08,-0.694896420853686
2016-03-09,-0.9827536127885182
2016-03-10,-1.6409730583112905
2016-03-11,-1.7840391366614388
2016-03-14,-2.0277387777317815
2016-03-15,-1.0618742954728095
2016-03-16,0.5291689184205121
2016-03-17,0.18400003686858749
2016-03-18,-1.3739606736381524
2016-03-21,-1.3672453257480348
2016-03-22,-1.4814062398799963
2016-03-23,-1.94879445303202
2016-03-24,-0.5748342747144388
2016-03-25,-0.6229621631607201
2016-03-27,-0.5380082209389858
2016-03-28,0.276414860540496
2016-03-29,-0.4314037063303935
2016-03-30,-0.7036989500407289
2016-03-31,-0.8938100518790618
2016-04-03,-1.6443528393449942
2016-04-04,-0.2858505907918835
2016-04-05,1.0104477826877065
2016-04-06,0.22583144139687675
2016-04-07,1.1976618694836347
2016-04-10,-0.5139837155578107
2016-04-11,-1.660397016083708
2016-04-12,-1.752646901492854
2016-04-13,-1.5835221115760907
2016-04-14,-1.646531578761611
2016-04-17,-0.8125087511307701
2016-04-18,0.3141576740233414
2016-04-19,-0.7865293568802537
2016-04-20,-0.284859234397848
2016-04-21,-0.284859234397848
2016-04-24,0.5575775131739863
2016-04-25,0.2930657111659383
2016-04-26,-0.37821634098892143
2016-04-27,-0.7767031302369432
2016-04-28,-0.9375884139412827
2016-05-01,-1.618529760398029
2016-05-02,-0.3377938513010922
2016-05-03,0.8363816132398887
2016-05-04,0.9552589689693676
2016-05-05,0.6791919169488402
2016-05-08,-0.7554514692086381
2016-05-09,-0.5500559241874092
2016-05-10,-1.1750452254662977
2016-05-11,-1.5183492078589296
2016-05-12,-1.1857619372051054
2016-05-15,-0.3757709059002353
2016-05-16,-0.920341147285996
2016-05-17,-1.0484753217297045
2016-05-18,0.055919229427977946
2016-05-19,0.661644417707332
2016-05-22,0.5919261911201376
2016-05-23,0.7700949923985181
2016-05-24,0.4805676045700204
2016-05-25,0.597726428923092
2016-05-26,0.6291410405111003
2016-05-29,1.2776090393562278
2016-05-30,-0.16626121882767567
2016-05-31,0.20352433004235446
2016-06-01,0.44031170065473463
2016-06-02,-0.1235934208072907
2016-06-05,-1.3292012202637848
2016-06-06,-1.3127929830929859
2016-06-07,-1.1100063031033132
2016-06-08,-1.7469352286757043
2016-06-09,-1.268346442039051
2016-06-12,-1.020327773964331
2016-06-13,-0.08513936279470959
2016-06-14,0.001587632961421678
2016-06-15,0.5180334116100406
2016-06-16,0.6303668265221983
2016-06-19,-0.3912398941502539
2016-06-20,-0.8366097661789405
2016-06-21,-0.62668969747149
2016-06-22,-1.237144992591616
2016-06-23,-1.608517099758616
2016-06-26,-0.9984858137316298
2016-06-27,-0.4750084620866204
2016-06-28,-0.875914055533808
2016-06-29,-1.335290486485183
2016-06-30,-1.798153555543894
2016-07-03,-1.4374999970028817
2016-07-04,-0.5920813314350725
2016-07-05,-0.4373069297939859
2016-07-06,0.3019815275671559
2016-07-07,1.0914784741675791
2016-07-10,0.26788615161526014
2016-07-11,0.47108486177141184
2016-07-12,0.17284872649916008
2016-07-13,-0.7861453561590013
2016-07-14,-1.130825081252903
2016-07-17,-0.44301701769839597
2016-07-18,-1.1064347243892707
2016-07-19,-1.1430202596847248
2016-07-20,-0.559537914189645
2016-07-21,0.13402509702834303
2016-07-24,-0.43632292518962523
2016-07-25,1.310558491267431
2016-07-26,0.4648602441330409
2016-07-27,-0.2437339346955244
2016-07-28,1.2163131605277104
2016-07-31,-0.8720704953262498
2016-08-01,-0.15839316755542657
2016-08-02,-0.48598276063054874
2016-08-03,-0.4594336040489218
2016-08-04,-1.2009133003106254
2016-08-07,-1.5009962816282654
2016-08-08,-1.0167824029468207
2016-08-09,-1.3448063466904232
2016-08-10,-1.5554977145692281
2016-08-11,-1.2736743146442973
2016-08-14,-0.2587159163132457
2016-08-15,0.23189925460225666
2016-08-16,0.811921168615281
2016-08-17,0.913821157244644
2016-08-18,1.5068512014819504
2016-08-21,0.6454670895296705
2016-08-22,0.4958854173942487
2016-08-23,1.3259869491184426
2016-08-24,0.7044766037417327
2016-08-25,0.904118148817311
2016-08-28,0.8745311205935135
2016-08-29,-0.3992991507746443
2016-08-30,-0.1327545289232854
2016-08-31,-0.5214472589880242
2016-09-01,0.4574825796935319
2016-09-04,0.5432011279839447
2016-09-05,0.9494349952655434
2016-09-06,-1.3032169054465108
2016-09-07,-1.205638000683773
2016-09-08,-0.40096812578011454
2016-09-11,0.8398493136470294
2016-09-12,-0.003152525497449016
2016-09-13,1.0596724628405907
2016-09-14,1.2833516231723359
2016-09-15,0.48170287406549833
2016-09-18,-0.14750884434100758
2016-09-19,-0.04294596402272474
2016-09-20,-0.96254607957971
2016-09-21,-1.418688014003943
2016-09-22,-1.271192970069356
2016-09-25,-0.7489807874901523
2016-09-26,-0.80080337049419
2016-09-27,-0.5974733364250335
2016-09-28,-0.5498498263831997
2016-09-29,1.1573222699820704
2016-10-02,1.6035966344707275
2016-10-03,-0.7014592690674208
2016-10-04,1.2626233914636782
2016-10-05,-1.060562254253357
2016-10-06,-0.07115710393486815
2016-10-09,-0.4749646640534757
2016-10-10,-1.3234716891128475
2016-10-11,-1.6710528801010323
2016-10-12,-1.4257014511682053
2016-10-13,-1.2566321915448895
2016-10-16,-0.3771253492670795
2016-10-17,0.048775860817882426
2016-10-18,-0.8702901171030071
2016-10-19,-1.187085721510976
2016-10-20,-1.837250571567752
2016-10-23,-0.8060953230419328
2016-10-24,-1.1948058818994318
2016-10-25,-1.592998296988084
2016-10-26,-0.6102295177626851
2016-10-27,0.3067906459511546
2016-10-31,1.6114335351021698
2016-11-01,0.7761146448330074
2016-11-02,1.5047257357987753
2016-11-03,1.6691357570436636
2016-11-04,1.6213343972525431
2016-11-07,0.9920956906745844
2016-11-08,0.02296861214045606
2016-11-09,-1.54534599044243
2016-11-10,-0.8468374411350599
2016-11-11,0.5736738199118374
2016-11-14,0.5115294526618138
2016-11-15,1.0697190370682914
2016-11-16,1.0852551288807957
2016-11-17,1.1851300048183353
2016-11-18,0.9820510904120029
2016-11-21,0.42608094769302624
2016-11-22,0.2994666612022657
2016-11-23,-1.213146186918703
2016-11-24,0.6065702021841043
2016-11-25,-0.28625895028170306
2016-11-28,0.539070706329428
2016-11-29,0.16317799143723474
2016-11-30,1.4324968692616205
2016-12-01,-0.0636285290266372
2016-12-02,1.603410935078733
2016-12-05,0.005411909850614696
2016-12-06,-1.2216952628234772
2016-12-07,-1.2877775422348856
2016-12-08,-1.7145424657030128
2016-12-09,-1.6358214084067872
2016-12-12,-1.3987918437434668
2016-12-13,-1.7390728713769499
2016-12-14,-1.588762007865168
2016-12-15,-0.7992863090309914
2016-12-16,-0.5472570852432772
2016-12-19,0.8765555376386421
2016-12-20,0.007670773977397078
2016-12-21,-0.243803768663739
2016-12-22,-1.1969171133397407
2016-12-23,-1.3471978894974206
2016-12-26,-1.7680981824355684
2016-12-27,-1.7655928235490264
2016-12-28,-1.6318513089683233
2016-12-29,-1.0822223097518067
2016-12-30,-1.7395627585029452
2017-01-02,-1.663532070783167
2017-01-03,-0.5324209388871991
2017-01-04,0.17785415047955566
2017-01-05,-1.4579853925151525
2017-01-06,-1.7256390686620975
2017-01-09,-0.8607743024615934
2017-01-10,-1.4806951314180083
2017-01-11,-1.5141074879193215
2017-01-12,-0.9193876247542728
2017-01-13,-1.1824314847084814
2017-01-16,-0.9852212182825705
2017-01-17,1.6319400394632237
2017-01-18,0.2961518965078018
2017-01-19,1.1576699821924092
2017-01-20,-0.35216221847707513
2017-01-23,-2.5658835073168156
2017-01-24,-1.7364585805343529
2017-01-25,-1.437181545097397
2017-01-26,-1.2181530493007864
2017-01-27,-0.8053392819220551
2017-01-30,-2.297199070413537
2017-01-31,-1.4447755409663976
2017-02-01,-0.2494912444091851
2017-02-02,-1.014344807647197
2017-02-03,-1.225745197224975
2017-02-06,-1.358631600665914
2017-02-07,-1.615545313985045
2017-02-08,-1.425640276443584
2017-02-09,-1.2709711084379438
2017-02-10,-0.4174443634643471
2017-02-13,-1.8532219112106183
2017-02-14,-0.44985620560273254
2017-02-15,-0.920152193664704
2017-02-16,-1.4257681227521677
2017-02-17,-0.16793090803704724
2017-02-20,0.251226774110347
2017-02-21,-0.16756673976410413
2017-02-22,0.1842198118904409
2017-02-23,-1.0475795997717765
2017-02-24,-1.0711066621608205
2017-02-27,0.7636734324189456
2017-02-28,1.3222229687705127
2017-03-01,1.173517151657964
2017-03-02,-0.1661410597168613
2017-03-03,1.580399672887589
2017-03-06,0.38532704772831355
2017-03-07,0.9794093931832141
2017-03-08,0.1693348826596417
2017-03-09,0.8477748683181975
2017-03-10,1.5814097953485975
2017-03-13,0.19702067023905978
2017-03-14,0.35189525272848715
2017-03-15,0.5399365145833678
2017-03-16,-1.5743215505749397
2017-03-17,-0.9061306282511236
2017-03-20,-1.772088037204484
2017-03-21,-1.5596006110417637
2017-03-22,-1.1451589728274922
2017-03-23,-1.0921080834459957
2017-03-24,0.4856502277803294
2017-03-26,-0.3550314990269406
2017-03-27,0.8105089215684822
2017-03-28,1.3313553302585988
2017-03-29,0.6881889316488374
2017-03-30,0.8457477049947102
2017-04-02,-0.22971765267917063
2017-04-03,-0.5451979028196166
2017-04-04,-1.1662325789039194
2017-04-05,-0.3066680489691666
2017-04-06,0.477684584596296
2017-04-09,0.5922931885875834
2017-04-10,0.13027725374766524
2017-04-11,0.30935319748406825
2017-04-12,0.3423857191502426
2017-04-13,1.2055051395666008
2017-04-16,1.2648731420291057
2017-04-17,0.5192663703536649
2017-04-18,-0.7109175503457348
2017-04-19,1.4496575708826103
2017-04-20,1.2946910935230165
2017-04-23,1.2962860768528421
2017-04-24,0.10024533728169391
2017-04-25,0.2637344409858638
2017-04-26,1.0508716334619663
2017-04-27,0.8890992435914356
2017-04-30,0.7482206915235766
2017-05-01,0.720044981110008
2017-05-02,0.018469791812053955
2017-05-03,0.3537607457335706
2017-05-04,0.7825541580033376
2017-05-07,0.20579142664603448
2017-05-08,1.0432246427285796
2017-05-09,0.5565716021217636
2017-05-10,-0.2417530193647146
2017-05-11,-1.063509546399562
2017-05-14,0.9526386255951781
2017-05-15,-1.3642836534586928
2017-05-16,-1.784695320744627
2017-05-17,-1.5001404257106588
2017-05-18,1.2449630091475226
2017-05-21,-0.10312046883673963
2017-05-22,0.03786319653586003
2017-05-23,0.07514813283274664
2017-05-24,0.14039677135229375
2017-05-25,0.13224069153734883
2017-05-28,-1.0170687379077585
2017-05-29,-0.3473714033896938
2017-05-30,-1.3195456857239676
2017-05-31,-1.7483440546840954
2017-06-01,-0.45545198896453826
2017-06-04,-0.4859987655940585
2017-06-05,1.5334868750200488
2017-06-06,0.6098435242206065
2017-06-07,0.21005759626265666
2017-06-08,-0.143775926182909
2017-06-11,-3.6831311930465063
2017-06-12,1.1884680451163332
2017-06-13,1.0620598084486528
2017-06-14,-0.7584975338257072
2017-06-15,-1.1093163527132393
2017-06-18,-0.38763562384340605
2017-06-19,-0.7484759882783333
2017-06-20,1.387698969176354
2017-06-21,1.13741200853708
2017-06-22,1.4520178677403324
2017-06-25,1.5419052560841089
2017-06-26,-0.7901730970574673
2017-06-27,0.04457204898335729
2017-06-28,-1.6718353972403686
2017-06-29,-0.4709802877935912
2017-07-02,-6.941104799899041
2017-07-03,-0.5848544792066575
2017-07-04,-0.09122116355664131
2017-07-05,-1.2667312335353123
2017-07-06,-0.4120169609231562
2017-07-09,-6.120938804203609
2017-07-10,-2.0186340710892168
2017-07-11,-0.8086543683482204
2017-07-12,-1.802848938516613
2017-07-13,-1.3309310377795807
2017-07-16,-1.951670591648158
2017-07-17,-1.3790783886086877
2017-07-18,-1.8999850808246599
2017-07-19,-1.562732271175246
2017-07-20,-1.469648682945554
2017-07-23,-0.09602701556497861
2017-07-24,-0.5185232502199782
2017-07-25,0.4139094452204126
2017-07-26,-0.27763639928262024
2017-07-27,0.4256233308502484
2017-07-30,1.838702404748194
2017-07-31,-0.5732947409862911
2017-08-01,-0.7127165413177688
2017-08-02,-1.1243867444043374
2017-08-03,-1.1560015488831021
2017-08-06,-0.3520822349946649
2017-08-07,-0.21563134920261368
2017-08-08,-0.09257591367593308
2017-08-09,1.2959971156000567
2017-08-10,1.5911740504323042
2017-08-13,0.8314399384731146
2017-08-14,1.1488573252356118
2017-08-15,0.3587919190996327
2017-08-16,-0.32755646443157826
2017-08-17,0.3565885377097627
2017-08-20,0.5004884326214665
2017-08-21,-0.30508001701528753
2017-08-22,-0.42925060064383064
2017-08-23,-1.4822171498138923
2017-08-24,-1.1136287150494457
2017-08-27,0.39042576110292154
2017-08-28,0.9827804047656382
2017-08-29,0.7588862287337863
2017-08-30,0.2790985576009582
2017-08-31,-0.35519275216684354
2017-09-03,1.9176990499814097
2017-09-04,-0.44960965871201514
2017-09-05,-1.6141408235421713
2017-09-06,-1.8881780384486708
2017-09-07,-1.5016050416145843
2017-09-10,1.9955109839242307
2017-09-11,-1.135325549623737
2017-09-12,0.32068852010821
2017-09-13,0.979643560445911
2017-09-14,0.21303848420112964
2017-09-17,-0.26396022990673
2017-09-18,1.1670359124168486
2017-09-19,1.047786233889884
2017-09-20,0.9228579992425754
2017-09-21,1.1136408104958242
2017-09-24,-0.5312597975978768
2017-09-25,0.9003695277568754
2017-09-26,0.3182428306519571
2017-09-27,1.4386632629936214
2017-09-28,0.90125264703848
2017-10-01,0.09908596623418275
2017-10-02,-0.38221404224842365
2017-10-03,-0.9368550044045392
2017-10-04,-1.2852245343538435
2017-10-05,-0.47437336080251785
2017-10-08,-0.32752648344397217
2017-10-09,1.2780369006114616
2017-10-10,1.1063982312722422
2017-10-11,0.7017891214041863
2017-10-12,0.6636268722108843
2017-10-15,-0.5793721015135633
2017-10-16,0.7344996207127212
2017-10-17,-0.13282190502487531
2017-10-18,0.6720979219538222
2017-10-19,0.08232438213672597
2017-10-22,0.656171270268136
2017-10-23,0.8905890421704391
2017-10-24,1.1162809014772423
2017-10-25,0.8025141702458302
2017-10-26,1.4202589542684942
2017-10-30,0.18302325899365582
2017-10-31,1.4172040344707149
2017-11-01,0.9192289741902898
2017-11-02,0.6359196241676875
2017-11-03,-0.4568697320100861
2017-11-06,0.4319392414495764
2017-11-07,-1.3479088034671811
2017-11-08,-0.5915596461661176
2017-11-09,-1.2830286974175102
2017-11-10,-1.5623485664488599
2017-11-13,-0.48208288452251685
2017-11-14,-0.50158226506271
2017-11-15,0.9023731338307192
2017-11-16,-2.0186340710892168
2017-11-17,-2.0186340710892168
2017-11-20,-1.1722534787445045
2017-11-21,-1.196435781382933
2017-11-22,-0.8303772743894277
2017-11-23,-1.9309817205096464
2017-11-24,-1.948584554090582
2017-11-27,-1.2691266315758079
2017-11-28,-0.7300386437831885
2017-11-29,-1.5592373079471329
2017-11-30,-0.10881753919261175
2017-12-01,1.034473990106019
2017-12-04,0.43684432706355525
2017-12-05,-0.20409183330084063
2017-12-06,-0.30369677714125143
2017-12-07,-0.9455936362330531
2017-12-08,0.743806334120824
2017-12-11,0.7629677704575388
2017-12-12,0.7602902148712926
2017-12-13,0.7536737284761492
2017-12-14,0.6120989020771059
2017-12-15,1.5489108678854804
2017-12-18,0.045304139689566446
2017-12-19,-0.08032361602064352
2017-12-20,-0.6876843529382425
2017-12-21,-0.35073505720381903
2017-12-22,0.08308716105424986
2017-12-25,1.3971894144185046
2017-12-26,1.2918927595015
2017-12-27,0.28964847086367046
2017-12-28,0.44703137145136923
2017-12-29,0.49391629843988577
2018-01-01,0.331666735831906
2018-01-02,0.4650963963048863
2018-01-03,-1.36963582065735
2018-01-04,-1.56677407803232
2018-01-05,-1.6427057346592802
2018-01-08,-1.8162687997598101
2018-01-09,-1.3337054604358296
2018-01-10,-0.99334681784476
2018-01-11,-1.7753349820764357
2018-01-12,-1.476196757880395
2018-01-15,-0.9848778580499571
2018-01-16,-0.26120853883041917
2018-01-17,0.18880608533288665
2018-01-18,0.1651211051137573
2018-01-19,-0.6449052183801927
2018-01-22,-1.1375528069379008
2018-01-23,-0.5396712671162517
2018-01-24,1.507540308771522
2018-01-25,-1.273346693527549
2018-01-26,-1.2165027410016507
