Date,dma
2010-01-04,-0.17321873968365195
2010-01-05,-0.17321873968365195
2010-01-06,-0.17321873968365195
2010-01-07,-0.17321873968365195
2010-01-08,-0.17321873968365195
2010-01-11,-0.17321873968365195
2010-01-12,-0.17321873968365195
2010-01-13,-0.17321873968365195
2010-01-14,-0.17321873968365195
2010-01-15,-0.17321873968365195
2010-01-18,-0.14492019921282673
2010-01-19,-0.1320636057151856
2010-01-20,-0.10320282188962478
2010-01-21,-0.07345047668577052
2010-01-22,-0.021883227311937817
2010-01-25,0.02154701771500405
2010-01-26,0.08486058627819294
2010-01-27,0.15236590357727003
2010-01-28,0.21451022001752518
2010-01-29,0.2857239758887236
2010-02-01,0.35738707230328925
2010-02-02,0.39895691807416295
2010-02-03,0.43772276792073667
2010-02-04,0.4872439692422352
2010-02-05,0.5203082395090085
2010-02-08,0.5914435869474718
2010-02-09,0.5823212666457066
2010-02-10,0.5611226872041839
2010-02-11,0.5197627171899426
2010-02-12,0.4795349991824996
2010-02-15,0.44770572367722
2010-02-16,0.44857215962107727
2010-02-17,0.4183212156059491
2010-02-18,0.33953441511995414
2010-02-19,0.24467621323296077
2010-02-22,0.16733694688169168
2010-02-23,0.13504782847386457
2010-02-24,0.09279605491370581
2010-02-25,0.06538353257381627
2010-02-26,0.0024421788712998536
2010-03-01,-0.05926896996227105
2010-03-02,-0.17111774426740967
2010-03-03,-0.22050854811336343
2010-03-04,-0.2526130982363941
2010-03-05,-0.2760050071468617
2010-03-08,-0.29882500696396247
2010-03-09,-0.3395706765644229
2010-03-10,-0.3919036334336861
2010-03-11,-0.4648549783202334
2010-03-12,-0.5093907747631292
2010-03-15,-0.5643347068252824
2010-03-16,-0.5303786742775534
2010-03-17,-0.5695024590866707
2010-03-18,-0.598656382221689
2010-03-19,-0.593293620441
2010-03-22,-0.5924404537940774
2010-03-23,-0.6034828678243154
2010-03-24,-0.5842013016037472
2010-03-25,-0.556144307014778
2010-03-26,-0.49486256557544867
2010-03-28,-0.44847467617248293
2010-03-29,-0.41961326731641707
2010-03-30,-0.3948714345555109
2010-03-31,-0.3930675965020086
2010-04-01,-0.41651749119756504
2010-04-04,-0.4578351330987779
2010-04-05,-0.47182706610839575
2010-04-06,-0.47399654701057836
2010-04-07,-0.4825282134798609
2010-04-08,-0.5210669697310816
2010-04-11,-0.5589231926647675
2010-04-12,-0.6282978291549549
2010-04-13,-0.6449955192448316
2010-04-14,-0.6319786338317036
2010-04-15,-0.6118682771541204
2010-04-18,-0.5850057158708547
2010-04-19,-0.5635546687480959
2010-04-20,-0.573890173270878
2010-04-21,-0.5640178163564252
2010-04-22,-0.5506840404744373
2010-04-25,-0.5393734883551653
2010-04-26,-0.45771325214921865
2010-04-27,-0.4247078910080694
2010-04-28,-0.42641422430191994
2010-04-29,-0.4416980953768849
2010-05-02,-0.4586395473658773
2010-05-03,-0.4454032762435411
2010-05-04,-0.3971871725971602
2010-05-05,-0.3106760745986851
2010-05-06,-0.21560893394101455
2010-05-09,-0.17231682065690893
2010-05-10,-0.1700010826152461
2010-05-11,-0.14769686884556196
2010-05-12,-0.09565370338296561
2010-05-13,-0.01167772913535886
2010-05-16,0.07190822607365464
2010-05-17,0.14467115296163835
2010-05-18,0.19044963761679182
2010-05-19,0.22401565112592212
2010-05-20,0.19981009454308402
2010-05-23,0.2816409640784157
2010-05-24,0.3700534048900502
2010-05-25,0.4545169029359046
2010-05-26,0.4996128542735151
2010-05-27,0.5092902016686699
2010-05-30,0.519065053823471
2010-05-31,0.5279867393313469
2010-06-01,0.520381368078731
2010-06-02,0.4356984843236765
2010-06-03,0.4221940751123036
2010-06-06,0.4206096227680041
2010-06-07,0.39411270433341883
2010-06-08,0.3535263481295666
2010-06-09,0.3375843199269771
2010-06-10,0.32293422978972913
2010-06-13,0.29741235895163104
2010-06-14,0.2295002938561812
2010-06-15,0.17324004753877079
2010-06-16,0.12877787713887734
2010-06-17,0.04728827426231848
2010-06-20,-0.08907213210665473
2010-06-21,-0.21556018156118056
2010-06-22,-0.27884077057331014
2010-06-23,-0.3269837456499496
2010-06-24,-0.3712996589103682
2010-06-27,-0.4005998391848586
2010-06-28,-0.3858034919081413
2010-06-29,-0.3912637584484739
2010-06-30,-0.3834390014866526
2010-07-01,-0.38360963481604304
2010-07-04,-0.378831901593248
2010-07-05,-0.37919754444192827
2010-07-06,-0.42487852433743817
2010-07-07,-0.44640270002993043
2010-07-08,-0.48191880873204324
2010-07-11,-0.5158017127100335
2010-07-12,-0.5805692493068081
2010-07-13,-0.6075536915396411
2010-07-14,-0.6271521482290664
2010-07-15,-0.6009721202633383
2010-07-18,-0.5880283634199464
2010-07-19,-0.5794235683809305
2010-07-20,-0.5711112876208642
2010-07-21,-0.5785947779239153
2010-07-22,-0.5633596592287735
2010-07-25,-0.547344502456448
2010-07-26,-0.5281360648056158
2010-07-27,-0.5162161079385369
2010-07-28,-0.49330248942104593
2010-07-29,-0.5011516225727747
2010-08-01,-0.5249671601170196
2010-08-02,-0.5213594840100151
2010-08-03,-0.516289236508273
2010-08-04,-0.5100976842705689
2010-08-05,-0.5038086272732185
2010-08-08,-0.5485633119520562
2010-08-09,-0.5401535264323383
2010-08-10,-0.5256496934345625
2010-08-11,-0.508732617635483
2010-08-12,-0.4814312849337929
2010-08-15,-0.4698525947254868
2010-08-16,-0.4422831239347545
2010-08-17,-0.42651172906154183
2010-08-18,-0.41566432455061
2010-08-19,-0.39457892027653413
2010-08-22,-0.36644879711782624
2010-08-23,-0.34821540706348947
2010-08-24,-0.340805045330177
2010-08-25,-0.3401956405823702
2010-08-26,-0.3486054261020881
2010-08-29,-0.36069601629855474
2010-08-30,-0.35828277349724563
2010-08-31,-0.3430476548021038
2010-09-01,-0.34438834524727946
2010-09-02,-0.36023286869022814
2010-09-05,-0.38119639201474204
2010-09-06,-0.4053531962177516
2010-09-07,-0.4281693099755963
2010-09-08,-0.46444108056498273
2010-09-09,-0.4922786894447437
2010-09-12,-0.5046130415403342
2010-09-13,-0.5392272312156905
2010-09-14,-0.582982492108128
2010-09-15,-0.5944149251769593
2010-09-16,-0.6117463962045503
2010-09-19,-0.5990707774501898
2010-09-20,-0.5899297062331085
2010-09-21,-0.5865170396453965
2010-09-22,-0.6179135722523442
2010-09-23,-0.6087968772251677
2010-09-26,-0.5834700159063676
2010-09-27,-0.5768396922502417
2010-09-28,-0.5524878785279315
2010-09-29,-0.5602395069200221
2010-09-30,-0.57062376382263
2010-10-03,-0.577424720808141
2010-10-04,-0.5973644441563392
2010-10-05,-0.6422653859746544
2010-10-06,-0.6107469724181448
2010-10-07,-0.6397058860338678
2010-10-10,-0.6582074141772414
2010-10-11,-0.6938210276390004
2010-10-12,-0.7209517270113028
2010-10-13,-0.758710445185337
2010-10-14,-0.7793327018510781
2010-10-17,-0.7877181111808831
2010-10-18,-0.799540563288313
2010-10-19,-0.7568822309419191
2010-10-20,-0.7450597788344893
2010-10-21,-0.7076667035091435
2010-10-24,-0.6665684473171388
2010-10-25,-0.6060911201449143
2010-10-26,-0.5556324070266121
2010-10-27,-0.4673174709746266
2010-10-28,-0.3913612632081364
2010-11-01,-0.3266181028012693
2010-11-02,-0.2733561278430619
2010-11-03,-0.2453478856339159
2010-11-04,-0.20978302455198264
2010-11-05,-0.2134150768489028
2010-11-08,-0.1657108731906797
2010-11-09,-0.15596039722578883
2010-11-10,-0.15045137830562766
2010-11-11,-0.15410780679245803
2010-11-12,-0.1399696166433707
2010-11-15,-0.10959688401273872
2010-11-16,-0.08926714162594458
2010-11-17,-0.048071380674285534
2010-11-18,-0.004438000731409849
2010-11-19,0.04277867912856555
2010-11-22,0.034247012659291094
2010-11-23,0.06342531198421957
2010-11-24,0.10133028729772317
2010-11-25,0.11576099172576017
2010-11-26,0.10893565855033628
2010-11-29,0.16546404295678074
2010-11-30,0.1641233525116078
2010-12-01,0.1403565673471915
2010-12-02,0.10791185857402595
2010-12-03,0.10028211113149992
2010-12-06,0.062206502488608546
2010-12-07,0.020815732017656925
2010-12-08,-0.04024662371246423
2010-12-09,-0.07400764674089252
2010-12-10,-0.09033969398207536
2010-12-13,-0.13775138336134873
2010-12-14,-0.16590588270996146
2010-12-15,-0.19796057244453652
2010-12-16,-0.21012429121073653
2010-12-17,-0.2131713149497627
2010-12-20,-0.18633312985640457
2010-12-21,-0.16653966364768125
2010-12-22,-0.14581990222229385
2010-12-23,-0.14862316406219625
2010-12-24,-0.17012296356477824
2010-12-27,-0.20810106744802878
2010-12-28,-0.2210204481015132
2010-12-29,-0.224481867069051
2010-12-30,-0.2506862712246866
2010-12-31,-0.29444153211712965
2011-01-03,-0.3493123356095413
2011-01-04,-0.4095702770725603
2011-01-05,-0.44069867159047127
2011-01-06,-0.4592245759237604
2011-01-07,-0.4602971282798993
2011-01-10,-0.5249671601170277
2011-01-11,-0.5163623650780118
2011-01-12,-0.5611170497568548
2011-01-13,-0.6104057057593693
2011-01-14,-0.6004845964650933
2011-01-17,-0.5532191642252948
2011-01-18,-0.5064412557837386
2011-01-19,-0.4955938512727958
2011-01-20,-0.49193742278597086
2011-01-21,-0.5326944123192054
2011-01-24,-0.5399828931029587
2011-01-25,-0.5504646547652156
2011-01-26,-0.5020047892197136
2011-01-27,-0.4835032610763373
2011-01-28,-0.4700476042447929
2011-01-31,-0.4774335897881924
2011-02-01,-0.48272322299914266
2011-02-02,-0.473752785111441
2011-02-03,-0.4681950138114594
2011-02-04,-0.41624935310851474
2011-02-07,-0.3845846824125357
2011-02-08,-0.4147867817137799
2011-02-09,-0.40649887714362654
2011-02-10,-0.34253575481395676
2011-02-11,-0.34341329765079764
2011-02-14,-0.36130542104636704
2011-02-15,-0.35830714968716937
2011-02-16,-0.35211559744945714
2011-02-17,-0.3388305739472978
2011-02-18,-0.3364904597157302
2011-02-21,-0.32625245995259977
2011-02-22,-0.27177167549878406
2011-02-23,-0.258779166275569
2011-02-24,-0.24100892382956154
2011-02-25,-0.2325747621199334
2011-02-28,-0.1768264157906754
2011-03-01,-0.17455943012883843
2011-03-02,-0.17782583957707823
2011-03-03,-0.1849436870314491
2011-03-04,-0.18974579644415712
2011-03-07,-0.14640493078022027
2011-03-08,-0.15715483053151127
2011-03-09,-0.1686847683599915
2011-03-10,-0.18287171088890466
2011-03-11,-0.18665002032529965
2011-03-14,-0.20130011046255028
2011-03-15,-0.19835059148317036
2011-03-16,-0.19023332024239664
2011-03-17,-0.16390703513719912
2011-03-18,-0.12578267411448188
2011-03-21,-0.10364909367418822
2011-03-22,-0.083441232236956
2011-03-23,-0.08129612752468092
2011-03-24,-0.0834412322369533
2011-03-25,-0.08246618464046339
2011-03-27,-0.09046157493167245
2011-03-28,-0.09104660348956368
2011-03-29,-0.0961412271812214
2011-03-30,-0.1439185594091778
2011-03-31,-0.20571220083666775
2011-04-03,-0.26694518989616584
2011-04-04,-0.32220601242717617
2011-04-05,-0.37115340177092043
2011-04-06,-0.42548792908526667
2011-04-07,-0.4848683277114421
2011-04-10,-0.5662848020182703
2011-04-11,-0.6454099144733458
2011-04-12,-0.7064235178236331
2011-04-13,-0.7336760981455
2011-04-14,-0.7661073751405555
2011-04-17,-0.8110513207587627
2011-04-18,-0.8233140367044
2011-04-19,-0.8405183204009494
2011-04-20,-0.8792742513691021
2011-04-21,-0.8879855609613165
2011-04-24,-0.8866921304761812
2011-04-25,-0.866776617493473
2011-04-26,-0.8767703026094091
2011-04-27,-0.8858077335632656
2011-04-28,-0.8486556011218768
2011-05-01,-0.8423799759026338
2011-05-02,-0.8349800611078497
2011-05-03,-0.8033158878851397
2011-05-04,-0.7430221283471494
2011-05-05,-0.6653914255756709
2011-05-08,-0.6038813439083878
2011-05-09,-0.5437492631810398
2011-05-10,-0.479413533376996
2011-05-11,-0.4057974398420843
2011-05-12,-0.3607810842266317
2011-05-15,-0.2715915901773899
2011-05-16,-0.20011214430926597
2011-05-17,-0.1539839359498578
2011-05-18,-0.13551026630923724
2011-05-19,-0.13588088389055397
2011-05-22,-0.11023364979005117
2011-05-23,-0.07679847174922556
2011-05-24,-0.041962906471601114
2011-05-25,-0.02160630052857857
2011-05-26,-0.0003094701175073627
2011-05-29,-0.03338398004228632
2011-05-30,-0.061894172774317406
2011-05-31,-0.08974521343218851
2011-06-01,-0.09635414573798333
2011-06-02,-0.123257499828862
2011-06-05,-0.1548843625568126
2011-06-06,-0.20462920154196806
2011-06-07,-0.24777257032028333
2011-06-08,-0.29092837593018955
2011-06-09,-0.32405014581500075
2011-06-12,-0.31916247100097106
2011-06-13,-0.3200081755489499
2011-06-14,-0.31258089972467373
2011-06-15,-0.3020842138645103
2011-06-16,-0.270509585829231
2011-06-19,-0.24976495074066435
2011-06-20,-0.2371490287779243
2011-06-21,-0.22348095086285724
2011-06-22,-0.21553381547821038
2011-06-23,-0.21014866740066296
2011-06-26,-0.22121545762081116
2011-06-27,-0.21536517204187988
2011-06-28,-0.2165839815374909
2011-06-29,-0.25002811409705933
2011-06-30,-0.3026563081175469
2011-07-03,-0.3495804736985753
2011-07-04,-0.39565147263267575
2011-07-05,-0.4244641291089239
2011-07-06,-0.44681709525842844
2011-07-07,-0.48294260870834543
2011-07-10,-0.5169473936359003
2011-07-11,-0.5360827027169937
2011-07-12,-0.5369846217437421
2011-07-13,-0.5303299218977086
2011-07-14,-0.5001034464065515
2011-07-17,-0.46904818045837654
2011-07-18,-0.43053380039706607
2011-07-19,-0.4187113482896362
2011-07-20,-0.413860486497105
2011-07-21,-0.40089235346380286
2011-07-24,-0.3906056013208466
2011-07-25,-0.41322670555939334
2011-07-26,-0.44264876678344295
2011-07-27,-0.43650596692556737
2011-07-28,-0.44025990017204675
2011-07-31,-0.4506685332645649
2011-08-01,-0.45225298560885896
2011-08-02,-0.43843168592862886
2011-08-03,-0.4211245910909534
2011-08-04,-0.3801725920384209
2011-08-07,-0.3322002502911665
2011-08-08,-0.268797780329475
2011-08-09,-0.16568649700076948
2011-08-10,-0.1013089794425908
2011-08-11,-0.03873529993791436
2011-08-14,0.029981179424643043
2011-08-15,0.06557041669648923
2011-08-16,0.08919094472142798
2011-08-17,0.10881377760077166
2011-08-18,0.14072221019587186
2011-08-21,0.14340359108622044
2011-08-22,0.14693813862348887
2011-08-23,0.1048404586450787
2011-08-24,0.08453509244819479
2011-08-25,0.06639920715349888
2011-08-28,0.05001840753248749
2011-08-29,0.05677061213817261
2011-08-30,0.05993951682676614
2011-08-31,0.06591168335526204
2011-09-01,0.05408923124783215
2011-09-04,0.08643643526135415
2011-09-05,0.1302404485336203
2011-09-06,0.18667132818041848
2011-09-07,0.22255307973121433
2011-09-08,0.2524870409434245
2011-09-11,0.3130374966853878
2011-09-12,0.40907968493954555
2011-09-13,0.5254028632006716
2011-09-14,0.6601300648455276
2011-09-15,0.7566354007080202
2011-09-18,0.8187459326043672
2011-09-19,0.9337771728001489
2011-09-20,1.041300546502961
2011-09-21,1.1962843619648724
2011-09-22,1.3975585620700979
2011-09-25,1.5478865252587732
2011-09-26,1.6555074037212425
2011-09-27,1.7080380929820784
2011-09-28,1.7597887441657252
2011-09-29,1.8372075233269447
2011-10-02,1.9321284068451459
2011-10-03,1.9740310773042553
2011-10-04,1.9682051679152397
2011-10-05,1.9019994361136432
2011-10-06,1.7571073632753846
2011-10-09,1.5905448576051673
2011-10-10,1.423665461466087
2011-10-11,1.3038564880475132
2011-10-12,1.1991607523745162
2011-10-13,1.0555118652217872
2011-10-16,0.8801983073730762
2011-10-17,0.6916241022121189
2011-10-18,0.5472439293620237
2011-10-19,0.42502171314213516
2011-10-20,0.36110734319228305
2011-10-23,0.32949142487613253
2011-10-24,0.293268406666572
2011-10-25,0.27769202131266274
2011-10-26,0.21443580849044336
2011-10-27,0.1480106909796386
2011-10-31,0.07249325463157023
2011-11-01,-0.04034412847211052
2011-11-02,-0.09450802245707171
2011-11-03,-0.15934868762358514
2011-11-04,-0.25685344727247506
2011-11-07,-0.3158438268600599
2011-11-08,-0.3530418926661104
2011-11-09,-0.41715127213526043
2011-11-10,-0.46129655206629944
2011-11-11,-0.4383829335488084
2011-11-14,-0.4008679772739008
2011-11-15,-0.34594842140166326
2011-11-16,-0.33931809774554006
2011-11-17,-0.3226935362254076
2011-11-18,-0.3099935412811422
2011-11-21,-0.29997492722721997
2011-11-22,-0.2583403948571364
2011-11-23,-0.19476729156606254
2011-11-24,-0.10257654131803037
2011-11-25,-0.0023660245888843714
2011-11-28,0.12736405812396834
2011-11-29,0.22630701297768557
2011-11-30,0.30214133979461383
2011-12-01,0.3544038909664184
2011-12-02,0.41541749431671365
2011-12-05,0.4513967506271585
2011-12-06,0.4375998271368386
2011-12-07,0.41505185146803336
2011-12-08,0.34582347211731806
2011-12-09,0.277131368944679
2011-12-12,0.1880851471953248
2011-12-13,0.15176462422610712
2011-12-14,0.1696567476216792
2011-12-15,0.2425171792693146
2011-12-16,0.30270199216259214
2011-12-19,0.351039976758535
2011-12-20,0.42780059879212456
2011-12-21,0.46460864555957637
2011-12-22,0.5137754206125289
2011-12-23,0.528913034548019
2011-12-26,0.5718638811733545
2011-12-27,0.6086719279408117
2011-12-28,0.5864895951206868
2011-12-29,0.5588469957602238
2011-12-30,0.547585196020783
2012-01-02,0.5358358724830892
2012-01-03,0.5107771492533285
2012-01-04,0.48408522129944526
2012-01-05,0.42438793220440996
2012-01-06,0.3819733617571426
2012-01-09,0.33017395819366735
2012-01-10,0.2738405833065263
2012-01-11,0.1855987758242769
2012-01-12,0.07926983542716015
2012-01-13,-0.03551764286950039
2012-01-16,-0.13285176918901068
2012-01-17,-0.25068627122470283
2012-01-18,-0.32747126944820265
2012-01-19,-0.3913856393980493
2012-01-20,-0.49693454171797147
2012-01-23,-0.6085043629462153
2012-01-24,-0.715150193812192
2012-01-25,-0.761976854633566
2012-01-26,-0.8124843201316915
2012-01-27,-0.7466686073686908
2012-01-30,-0.8013200251518969
2012-01-31,-0.827426924547889
2012-02-01,-0.8534119429943138
2012-02-02,-0.866916352205684
2012-02-03,-0.8741317044197038
2012-02-06,-0.8885136564679177
2012-02-07,-0.8910731564086989
2012-02-08,-0.903675646593318
2012-02-09,-0.9325370554493947
2012-02-10,-1.0791598377714167
2012-02-13,-1.0839375709942092
2012-02-14,-1.106144280004247
2012-02-15,-1.1228663462840338
2012-02-16,-1.1104344894288025
2012-02-17,-1.0888615613564872
2012-02-20,-1.0747233712073971
2012-02-21,-1.0602195382096213
2012-02-22,-1.0377446911105521
2012-02-23,-1.0122228202724513
2012-02-24,-0.9799243686387524
2012-02-27,-0.9591071024537188
2012-02-28,-0.9312938697638681
2012-02-29,-0.9185938748196
2012-03-01,-0.8983128848126289
2012-03-02,-0.8672332426745412
2012-03-05,-0.8114848963452886
2012-03-06,-0.7571991214107682
2012-03-07,-0.6780496327657823
2012-03-08,-0.5770347017695315
2012-03-09,-0.4925955799135955
2012-03-12,-0.3742004255099277
2012-03-13,-0.24359279996023678
2012-03-14,-0.11898171712895468
2012-03-15,-0.009532624423072962
2012-03-16,0.10579113005165297
2012-03-19,0.20112640879835758
2012-03-20,0.30711408253670147
2012-03-21,0.3702240382194487
2012-03-22,0.4314814034688679
2012-03-23,0.4916418401722379
2012-03-25,0.5117521968498211
2012-03-26,0.5248422108326879
2012-03-27,0.5511197435580677
2012-03-28,0.5620646528286513
2012-03-29,0.5722295240220456
2012-04-01,0.5906091712158654
2012-04-02,0.5856608046636798
2012-04-03,0.5868064855895547
2012-04-04,0.5804686762123785
2012-04-05,0.5935343140053324
2012-04-08,0.5884396903136747
2012-04-09,0.5730339382891477
2012-04-10,0.5654285670365347
2012-04-11,0.5539961339677034
2012-04-12,0.534227043948893
2012-04-15,0.5187237871647171
2012-04-16,0.5047074779651918
2012-04-17,0.5077057493243894
2012-04-18,0.5300587154738994
2012-04-19,0.5590663814694482
2012-04-22,0.5825894047347461
2012-04-23,0.6165698134723853
2012-04-24,0.6338281559302376
2012-04-25,0.6508671126788763
2012-04-26,0.6800454120038129
2012-04-29,0.6962068259156188
2012-04-30,0.723483782427396
2012-05-01,0.7352087297751769
2012-05-02,0.7365250440304342
2012-05-03,0.725433877620373
2012-05-06,0.7388895344519174
2012-05-07,0.7345261964576313
2012-05-08,0.7473968247312817
2012-05-09,0.7962954616952002
2012-05-10,0.8212810563552247
2012-05-13,0.8603073364046958
2012-05-14,0.9039894687273974
2012-05-15,0.9592990436382308
2012-05-16,0.9964483570644608
2012-05-17,1.055706874741077
2012-05-20,1.1148435114681285
2012-05-21,1.1962599857749487
2012-05-22,1.3061966022790754
2012-05-23,1.3218704923926337
2012-05-24,1.3581910153618486
2012-05-27,1.3363255730105834
2012-05-28,1.2839898932690428
2012-05-29,1.2309960563998696
2012-05-30,1.2021833999236187
2012-05-31,1.1731269815482495
2012-06-03,1.1376596252259625
2012-06-04,1.1052880450225329
2012-06-05,0.9762648718171415
2012-06-06,0.9309982871501432
2012-06-07,0.8827821835037623
2012-06-10,0.8803933168923634
2012-06-11,0.923807311126039
2012-06-12,0.9570564341663067
2012-06-13,0.9659781196741852
2012-06-14,0.948329758177737
2012-06-17,0.9046232496651225
2012-06-18,0.8546276841551496
2012-06-19,0.8147969898385764
2012-06-20,0.7579029625834461
2012-06-21,0.7401083439475231
2012-06-24,0.7380119916150766
2012-06-25,0.6815567357783627
2012-06-26,0.638459632013547
2012-06-27,0.5948750044504972
2012-06-28,0.5699381621702876
2012-07-01,0.4884241831038104
2012-07-02,0.37085781915716043
2012-07-03,0.3156213728160657
2012-07-04,0.28429796877885405
2012-07-05,0.19839627552817773
2012-07-08,0.11707730598099583
2012-07-09,0.05123721702808499
2012-07-10,-0.030934919166019512
2012-07-11,-0.10637922694435181
2012-07-12,-0.18618687271697032
2012-07-15,-0.178240234805579
2012-07-16,-0.1460149117416189
2012-07-17,-0.1513045449525746
2012-07-18,-0.17275559207533617
2012-07-19,-0.1963273677204545
2012-07-22,-0.21612083392918052
2012-07-23,-0.22070355763267493
2012-07-24,-0.21597457678970838
2012-07-25,-0.22713887176950287
2012-07-26,-0.2503937569457667
2012-07-29,-0.2701140945847513
2012-07-30,-0.2645075709049357
2012-07-31,-0.21304943400023868
2012-08-01,-0.18794195839064673
2012-08-02,-0.1477212450354803
2012-08-05,-0.15303525443633537
2012-08-06,-0.17402315395076492
2012-08-07,-0.20500529132919565
2012-08-08,-0.22065480525284367
2012-08-09,-0.2223123861668738
2012-08-12,-0.22477438134801148
2012-08-13,-0.24178896190674537
2012-08-14,-0.2804983514873538
2012-08-15,-0.3010962319631874
2012-08-16,-0.3381480406297657
2012-08-19,-0.35155494508148966
2012-08-20,-0.3568202021025351
2012-08-21,-0.3629386257705086
2012-08-22,-0.3564545592538602
2012-08-23,-0.34097567865959455
2012-08-26,-0.3236442076320062
2012-08-27,-0.3027781890671494
2012-08-28,-0.28754307037200216
2012-08-29,-0.2649950947031996
2012-08-30,-0.2238724623212793
2012-09-02,-0.19844809624283288
2012-09-03,-0.17329186825341508
2012-09-04,-0.13258363109999557
2012-09-05,-0.0977744319053413
2012-09-06,-0.08246618464046339
2012-09-09,-0.08383125127554925
2012-09-10,-0.10654986027373416
2012-09-11,-0.14274850229338992
2012-09-12,-0.1704154778437604
2012-09-13,-0.20356709612438456
2012-09-16,-0.2215323480896873
2012-09-17,-0.21919223385811154
2012-09-18,-0.2365968334554468
2012-09-19,-0.25117379502295323
2012-09-20,-0.25504960921899716
2012-09-23,-0.25846227580671455
2012-09-24,-0.250759399794447
2012-09-25,-0.23274539544931844
2012-09-26,-0.2248718861076686
2012-09-27,-0.21799780055242426
2012-09-30,-0.20171450569105104
2012-10-01,-0.20734540556078224
2012-10-02,-0.19603485344151023
2012-10-03,-0.1960348534415048
2012-10-04,-0.19749742483623153
2012-10-07,-0.2178515434129413
2012-10-08,-0.20868609600594165
2012-10-09,-0.19930126288972838
2012-10-10,-0.19108648688931384
2012-10-11,-0.17407190633057992
2012-10-14,-0.15418093536220762
2012-10-15,-0.14065214996092174
2012-10-16,-0.13207173111182144
2012-10-17,-0.12056616947325145
2012-10-18,-0.11066943636888031
2012-10-21,-0.07876100377378012
2012-10-22,-0.08651263216586806
2012-10-23,-0.09287481773295451
2012-10-24,-0.1116444839653648
2012-10-25,-0.13221798825128275
2012-10-29,-0.1551803591485969
2012-10-30,-0.16483333035383338
2012-10-31,-0.1746081825086372
2012-11-01,-0.1801172014288065
2012-11-02,-0.17748457291828104
2012-11-05,-0.1754613491555706
2012-11-06,-0.16259072088191473
2012-11-07,-0.15520473533851795
2012-11-08,-0.140944664239866
2012-11-09,-0.12283315513508573
2012-11-12,-0.10340533177504002
2012-11-13,-0.08602510836762582
2012-11-14,-0.05665179952339395
2012-11-15,-0.019721871806377536
2012-11-16,0.013600379803634367
2012-11-19,0.06325467865483451
2012-11-20,0.1015496730069422
2012-11-21,0.14718190052262084
2012-11-22,0.20597727059089957
2012-11-23,0.26579644063549407
2012-11-26,0.29192771622139635
2012-11-27,0.31849776322572043
2012-11-28,0.33456167237788004
2012-11-29,0.35177126245590645
2012-11-30,0.3704190477387603
2012-12-03,0.40732459926586645
2012-12-04,0.4350890795758886
2012-12-05,0.4595627742477554
2012-12-06,0.4360641271723677
2012-12-07,0.39084629488519523
2012-12-10,0.3703946715488392
2012-12-11,0.35121061008792276
2012-12-12,0.3298814439147285
2012-12-13,0.2910745495744683
2012-12-14,0.26067744075392074
2012-12-17,0.17982161881507627
2012-12-18,0.13438440081869563
2012-12-19,0.08348691628197152
2012-12-20,0.05440612171668934
2012-12-21,0.03887848874260324
2012-12-24,0.014404794070731091
2012-12-25,0.0032161229010209853
2012-12-26,-0.0056080578472031415
2012-12-27,-0.03732148092300536
2012-12-28,-0.09306982725226332
2012-12-31,-0.1464780593499455
2013-01-01,-0.2073454055607714
2013-01-02,-0.2639469185369466
2013-01-03,-0.29795170346449323
2013-01-04,-0.32908009798240695
2013-01-07,-0.3599647306011914
2013-01-08,-0.41798006259228365
2013-01-09,-0.46578177101015567
2013-01-10,-0.4709738994614597
2013-01-11,-0.48759846098159215
2013-01-14,-0.5065875129232107
2013-01-15,-0.5284529552744784
2013-01-16,-0.5486175918125888
2013-01-17,-0.5570580548502267
2013-01-18,-0.5727422813527105
2013-01-21,-0.5726068580754196
2013-01-22,-0.5533131866721037
2013-01-23,-0.548064843742022
2013-01-24,-0.5593409043816907
2013-01-25,-0.5492283784305731
2013-01-28,-0.537894279243487
2013-01-29,-0.569091380346568
2013-01-30,-0.5992249941618666
2013-01-31,-0.6365230520938896
2013-02-01,-0.6651650752407446
2013-02-04,-0.6947547849546029
2013-02-05,-0.7268418104512983
2013-02-06,-0.7727561053073928
2013-02-07,-0.8048928781304467
2013-02-08,-0.8512573862900213
2013-02-11,-0.8816928005518584
2013-02-12,-0.8733004265963598
2013-02-13,-0.8575653472713873
2013-02-14,-0.85646593135902
2013-02-15,-0.8685943295235152
2013-02-18,-0.8674949136111452
2013-02-19,-0.8811754283577978
2013-02-20,-0.8862496556456544
2013-02-21,-0.8902592901495768
2013-02-22,-0.8521603002632998
2013-02-25,-0.8245256604750524
2013-02-26,-0.7840761094186712
2013-02-27,-0.7415247338239409
2013-02-28,-0.7053907633285474
2013-03-01,-0.6564020837039346
2013-03-04,-0.6183180180155614
2013-03-05,-0.5786047273891773
2013-03-06,-0.5396177477275284
2013-03-07,-0.5074710254392071
2013-03-08,-0.5020162311047718
2013-03-11,-0.5094982289880348
2013-03-12,-0.5145426078800703
2013-03-13,-0.5147540340170684
2013-03-14,-0.49985719714112026
2013-03-15,-0.48772631161030966
2013-03-18,-0.4771972899880232
2013-03-19,-0.4520923017447494
2013-03-20,-0.41329187455691657
2013-03-21,-0.38084915567680017
2013-03-22,-0.3196499947992133
2013-03-25,-0.23514421152596307
2013-03-26,-0.1692215420113043
2013-03-27,-0.11637346480833675
2013-03-28,-0.06174642321504083
2013-03-29,0.0001447229720899772
2013-03-31,0.05177349320618014
2013-04-01,0.0968938207337036
2013-04-02,0.14623122911603573
2013-04-03,0.1939841851540792
2013-04-04,0.20719608008650517
2013-04-07,0.1898402328690012
2013-04-08,0.171046190446678
2013-04-09,0.13065484376212108
2013-04-10,0.0892396971012484
2013-04-11,0.038975993502246814
2013-04-14,-0.020453157503754434
2013-04-15,-0.042099214145808576
2013-04-16,-0.08395313222509493
2013-04-17,-0.11581281244037198
2013-04-18,-0.15815425431790328
2013-04-21,-0.13989648807364816
2013-04-22,-0.1189817171289655
2013-04-23,-0.0850013083913236
2013-04-24,-0.05260535199797846
2013-04-25,-0.03325065720767423
2013-04-28,-0.007070629241946112
2013-04-29,-0.008898843485369411
2013-04-30,9.597059223977234e-05
2013-05-01,-0.004438000731434205
2013-05-02,0.01771995589878322
2013-05-05,0.009115160859764587
2013-05-06,-0.00926448633404974
2013-05-07,-0.030398642987940594
2013-05-08,-0.04656005689974649
2013-05-09,-0.04207483795589836
2013-05-12,-0.025060257397167184
2013-05-13,-0.03300689530855311
2013-05-14,-0.026035304993657086
2013-05-15,-0.015846057610347096
2013-05-16,-0.012092124363862334
2013-05-19,-0.002414776968712926
2013-05-20,0.014794813109316227
2013-05-21,0.03132186986980245
2013-05-22,0.06798365949778482
2013-05-23,0.089897854228873
2013-05-26,0.1136402632033845
2013-05-27,0.15405598607784893
2013-05-28,0.1993469469347574
2013-05-29,0.27591255944904636
2013-05-30,0.35462327667561844
2013-06-02,0.40583765168120245
2013-06-03,0.48206199753672124
2013-06-04,0.5666230003422219
2013-06-05,0.6355101130341644
2013-06-06,0.7143183350203828
2013-06-09,0.786008709552233
2013-06-10,0.8487042700064822
2013-06-11,0.8875111643467424
2013-06-12,0.9107416733330905
2013-06-13,0.8964816022344441
2013-06-16,0.8768100169752745
2013-06-17,0.8900706642875263
2013-06-18,0.9073777591252045
2013-06-19,0.9669775434605907
2013-06-20,1.054878084284062
2013-06-23,1.123911454115482
2013-06-24,1.1881183383442728
2013-06-25,1.234043080138901
2013-06-26,1.2287778231178665
2013-06-27,1.2729718554287233
2013-06-30,1.341225187182946
2013-07-01,1.358117886792118
2013-07-02,1.387174305167479
2013-07-03,1.372865481689012
2013-07-04,1.3009069690681279
2013-07-07,1.2499119797717575
2013-07-08,1.2313129468687294
2013-07-09,1.223244428007787
2013-07-10,1.2603693652441068
2013-07-11,1.268998536473033
2013-07-14,1.2950810596791094
2013-07-15,1.2355056515336333
2013-07-16,1.1782216052399126
2013-07-17,1.0746959266826928
2013-07-18,0.9934013333254319
2013-07-21,0.933801548990051
2013-07-22,0.8410501463740514
2013-07-23,0.7405958677457788
2013-07-24,0.6534022364297636
2013-07-25,0.5864652189307955
2013-07-28,0.5229164918296292
2013-07-29,0.5279379869515454
2013-07-30,0.5051218731937034
2013-07-31,0.5114353063809748
2013-08-01,0.5448063103708071
2013-08-04,0.5347876963168795
2013-08-05,0.5623084147277886
2013-08-06,0.612182099288197
2013-08-07,0.6379477320254135
2013-08-08,0.6423841985894357
2013-08-11,0.6161310420539716
2013-08-12,0.5981657900886689
2013-08-13,0.5908041807351769
2013-08-14,0.6011884376377848
2013-08-15,0.5945093616018331
2013-08-18,0.6572536744358973
2013-08-19,0.7188766825339995
2013-08-20,0.774210633634735
2013-08-21,0.8774194217230895
2013-08-22,0.9881604524943183
2013-08-25,1.0211658136354702
2013-08-26,1.0821306646059425
2013-08-27,1.1059462021501847
2013-08-28,1.1027041688918604
2013-08-29,1.1005346879896725
2013-09-01,1.0575838413643344
2013-09-02,0.9787999955680315
2013-09-03,0.8970666307923488
2013-09-04,0.7455442342979698
2013-09-05,0.5785673333992354
2013-09-08,0.49668771148407515
2013-09-09,0.3596203956076461
2013-09-10,0.24612485537632994
2013-09-11,0.1579074240839935
2013-09-12,0.04965276468381258
2013-09-15,-0.08422127031412356
2013-09-16,-0.20290893899673831
2013-09-17,-0.33081080746617314
2013-09-18,-0.5227489268350165
2013-09-19,-0.6594505998627653
2013-09-22,-0.7596611165919139
2013-09-23,-0.8498530192671405
2013-09-24,-0.9434332123401633
2013-09-25,-1.002642977636948
2013-09-26,-1.0477876813543845
2013-09-29,-1.1082162561467888
2013-09-30,-1.1834899305957387
2013-10-01,-1.230072829517997
2013-10-02,-1.208621782395246
2013-10-03,-1.1906321542400224
2013-10-06,-1.1791997211711884
2013-10-07,-1.1656364442902993
2013-10-08,-1.1330712917125505
2013-10-09,-1.14341873559366
2013-10-10,-1.1962669786210451
2013-10-13,-1.2381735735914652
2013-10-14,-1.2590011208906096
2013-10-15,-1.2774794888898353
2013-10-16,-1.2617123501767682
2013-10-17,-1.294700355028497
2013-10-20,-1.348043307579048
2013-10-21,-1.3276750939265358
2013-10-22,-1.3358460922797772
2013-10-23,-1.3220834944446402
2013-10-24,-1.2594366863702224
2013-10-28,-1.1925862292191058
2013-10-29,-1.1365607902820738
2013-10-30,-1.0781250933833118
2013-10-31,-1.008130605206789
2013-11-01,-0.8688704271847837
2013-11-04,-0.7161013626920381
2013-11-05,-0.5968619961601851
2013-11-06,-0.44293630632976705
2013-11-07,-0.3107626349465286
2013-11-08,-0.17284563473601433
2013-11-11,-0.00285653322670304
2013-11-12,0.19202115565625288
2013-11-13,0.3792601425779427
2013-11-14,0.5666856819734405
2013-11-15,0.6658445402235205
2013-11-18,0.7402864393758708
2013-11-19,0.7675330500185714
2013-11-20,0.7605311138346016
2013-11-21,0.7444826263536175
2013-11-22,0.7361698481202849
2013-11-25,0.6936234472581855
2013-11-26,0.6364886429435187
2013-11-27,0.5810601719227025
2013-11-28,0.542754730632061
2013-11-29,0.5178910169215983
2013-12-02,0.5053820517105192
2013-12-03,0.5794334343510071
2013-12-04,0.6620836423513529
2013-12-05,0.7665206919273275
2013-12-06,0.8033063523979264
2013-12-09,0.8371594079801037
2013-12-10,0.8564066485454942
2013-12-11,0.8480441229858139
2013-12-12,0.8252175622894381
2013-12-13,0.8144447787680279
2013-12-16,0.7781491294619868
2013-12-17,0.72650642997652
2013-12-18,0.6303911131526181
2013-12-19,0.527572344102865
2013-12-20,0.4822813832459565
2013-12-23,0.5049024874845005
2013-12-24,0.507315730285807
2013-12-25,0.5239159156160347
2013-12-26,0.5001735066415286
2013-12-27,0.47767428335254647
2013-12-30,0.4422069270302622
2013-12-31,0.4405737223061423
2014-01-01,0.44652151264472256
2014-01-02,0.43925740805088226
2014-01-03,0.4311888891899344
2014-01-06,0.37193037151331826
2014-01-07,0.3481148339690761
2014-01-08,0.3190584155937041
2014-01-09,0.3133543871542423
2014-01-10,0.3187902775046701
2014-01-13,0.3183515060862537
2014-01-14,0.287028102049042
2014-01-15,0.2596536407776158
2014-01-16,0.23990892694871563
2014-01-17,0.1964705565251298
2014-01-20,0.15790742408398808
2014-01-21,0.11434717271084575
2014-01-22,0.09438307317273197
2014-01-23,0.057185007366681494
2014-01-24,0.04131610773382528
2014-01-27,0.07086004990743949
2014-01-28,0.10742433477578099
2014-01-29,0.1572492669563635
2014-01-30,0.21107189428255185
2014-01-31,0.2438091173346644
2014-02-03,0.29877742558672504
2014-02-04,0.37851194278961287
2014-02-05,0.41029849443515115
2014-02-06,0.42516797028160724
2014-02-07,0.3955265233483414
2014-02-10,0.3627649241063078
2014-02-11,0.335000443796291
2014-02-12,0.30126379695777294
2014-02-13,0.27542503565081494
2014-02-14,0.2452473125394809
2014-02-17,0.18350242349182225
2014-02-18,0.10018460637184551
2014-02-19,0.05591744549124192
2014-02-20,0.03573396024391993
2014-02-21,0.01450229883036655
2014-02-24,-0.031471195344082194
2014-02-25,-0.11993238853553707
2014-02-26,-0.2016901295011354
2014-02-27,-0.29044383697153997
2014-02-28,-0.36954457323670803
2014-03-03,-0.4193207530374647
2014-03-04,-0.4657817710101611
2014-03-05,-0.5204088126034516
2014-03-06,-0.5987295107914278
2014-03-07,-0.6513089524320868
2014-03-10,-0.6579148998982971
2014-03-11,-0.6455805478027147
2014-03-12,-0.6205218245729432
2014-03-13,-0.6141108866260255
2014-03-14,-0.5570462260415129
2014-03-17,-0.5408360597498866
2014-03-18,-0.528014183856062
2014-03-19,-0.528672340983692
2014-03-20,-0.48384452773511555
2014-03-21,-0.4640510615263895
2014-03-24,-0.47509347555662207
2014-03-25,-0.4957644846021917
2014-03-26,-0.5467107215187362
2014-03-27,-0.6038485106729848
2014-03-28,-0.7062528844942372
2014-03-30,-0.7868405683440476
2014-03-31,-0.8630892903894767
2014-04-01,-0.9254923365647707
2014-04-02,-0.9970120777672278
2014-04-03,-1.0261660009022462
2014-04-06,-1.0950531135941886
2014-04-07,-1.172423140375585
2014-04-08,-1.2520114004389953
2014-04-09,-1.3268219272796025
2014-04-10,-1.3406188507699224
2014-04-13,-1.341252631707642
2014-04-14,-1.35590272184489
2014-04-15,-1.3438852602181677
2014-04-16,-1.338205607968616
2014-04-17,-1.3601929312694456
2014-04-20,-1.3275288367870584
2014-04-21,-1.2671977667543113
2014-04-22,-1.1806866687558362
2014-04-23,-1.08754524710123
2014-04-24,-1.0369646530333712
2014-04-27,-0.9711976926501854
2014-04-28,-0.9220796699770534
2014-04-29,-0.8852959993995037
2014-04-30,-0.8584821904960612
2014-05-01,-0.821576638968955
2014-05-04,-0.8070484297812744
2014-05-05,-0.7669495973756699
2014-05-06,-0.7518851120099104
2014-05-07,-0.7239743745604215
2014-05-08,-0.693260375271014
2014-05-11,-0.7007194893841577
2014-05-12,-0.6814135469736738
2014-05-13,-0.6769770804096517
2014-05-14,-0.6828029897986754
2014-05-15,-0.6757582709140433
2014-05-18,-0.6509433095834011
2014-05-19,-0.6647646092636311
2014-05-20,-0.6463362096899964
2014-05-21,-0.6213018626501351
2014-05-22,-0.5873458301024143
2014-05-25,-0.5437124501595305
2014-05-26,-0.4995915464184044
2014-05-27,-0.45020538565624374
2014-05-28,-0.3876804585313877
2014-05-29,-0.35362692122400974
2014-06-01,-0.3010962319631766
2014-06-02,-0.2037621056436609
2014-06-03,-0.11807979810220355
2014-06-04,-0.028131657326095485
2014-06-05,0.02729979853430258
2014-06-08,0.05954949778817289
2014-06-09,0.07627156406795708
2014-06-10,0.06912934042367871
2014-06-11,0.08097616872101883
2014-06-12,0.09718633501264516
2014-06-15,0.07895294495830296
2014-06-16,0.021547017715014875
2014-06-17,-0.014749129064287164
2014-06-18,-0.09199727489612713
2014-06-19,-0.14065214996091632
2014-06-22,-0.1632976303893706
2014-06-23,-0.17955654906081736
2014-06-24,-0.17358438253233227
2014-06-25,-0.19664425818929274
2014-06-26,-0.22862581935412898
2014-06-29,-0.25363579020406923
2014-06-30,-0.27167417073911887
2014-07-01,-0.3361735692468595
2014-07-02,-0.33407721691440756
2014-07-03,-0.3490198213305997
2014-07-06,-0.3626704876814475
2014-07-07,-0.3516280736512095
2014-07-08,-0.36069601629855746
2014-07-09,-0.35250561648804773
2014-07-10,-0.31945150296707525
2014-07-13,-0.28873750367767315
2014-07-14,-0.28556859898907966
2014-07-15,-0.26126553764659527
2014-07-16,-0.26484883756368954
2014-07-17,-0.2159502005997711
2014-07-20,-0.20432275801165004
2014-07-21,-0.2115868626054903
2014-07-22,-0.21212313878354758
2014-07-23,-0.20571220083664069
2014-07-24,-0.20966114360242072
2014-07-27,-0.2069310103322436
2014-07-28,-0.19630299153051722
2014-07-29,-0.1861137441472126
2014-07-30,-0.16749033505427446
2014-07-31,-0.17358438253232145
2014-08-03,-0.14513736890476447
2014-08-04,-0.10952375544300806
2014-08-05,-0.037248352353263875
2014-08-06,0.019036270154051353
2014-08-07,0.0978932445200956
2014-08-10,0.15695675267741382
2014-08-11,0.22201680355313272
2014-08-12,0.2808121736214115
2014-08-13,0.32247108218140524
2014-08-14,0.32500620593227897
2014-08-17,0.31615764899413923
2014-08-18,0.31055112531432366
2014-08-19,0.26462638351969536
2014-08-20,0.24173714119211728
2014-08-21,0.19876191837686888
2014-08-24,0.17833467123042848
2014-08-25,0.17818841409095637
2014-08-26,0.1583705716923147
2014-08-27,0.11000821090646976
2014-08-28,0.0731514117591894
2014-08-31,0.0549180217048418
2014-09-01,0.03283319364437127
2014-09-02,0.023887131946579813
2014-09-03,-0.011628976755530308
2014-09-04,-0.05621302810498297
2014-09-07,-0.11020628876056453
2014-09-08,-0.1450154879552188
2014-09-09,-0.13577691197848848
2014-09-10,-0.1004070604158505
2014-09-11,-0.05155717583175249
2014-09-14,-0.017576767094115993
2014-09-15,0.07139632608549135
2014-09-16,0.15554293366249128
2014-09-17,0.2673321405999515
2014-09-18,0.38309466649309104
2014-09-21,0.5021723542143017
2014-09-22,0.615546013496056
2014-09-23,0.7224599824510667
2014-09-24,0.7985868235469338
2014-09-25,0.9160069303541198
2014-09-28,1.0481258796783688
2014-09-29,1.1199625113496912
2014-09-30,1.1890446335609262
2014-10-01,1.2783102410194884
2014-10-02,1.3679414913267367
2014-10-05,1.420764694866525
2014-10-06,1.406626504717435
2014-10-07,1.3460029204057329
2014-10-08,1.3076591736738101
2014-10-09,1.2379188943349397
2014-10-12,1.164132167470643
2014-10-13,1.0662617649730701
2014-10-14,0.988550471532898
2014-10-15,0.9085478162409869
2014-10-16,0.8347367131867746
2014-10-19,0.7682628432961439
2014-10-20,0.7669709052307941
2014-10-21,0.8208179087469035
2014-10-22,0.9050863972734545
2014-10-23,0.9714383862145342
2014-10-27,1.0180456613267026
2014-10-28,1.1109433210821906
2014-10-29,1.1342957110180953
2014-10-30,1.092003021520387
2014-10-31,0.9807744669509053
2014-11-03,0.9255380206098106
2014-11-04,0.911180444751507
2014-11-05,0.87320234086827
2014-11-06,0.8311046608898544
2014-11-07,0.8372230845578279
2014-11-10,0.8573821936152343
2014-11-11,0.8190384468833006
2014-11-12,0.8596004268972373
2014-11-13,0.9077190257839691
2014-11-14,1.0478577415893346
2014-11-17,1.1837550003499813
2014-11-18,1.2379432705248554
2014-11-19,1.2696566936006575
2014-11-20,1.2828929647229939
2014-11-21,1.219685504280603
2014-11-24,1.1161842019132988
2014-11-25,1.0582907508717738
2014-11-26,0.9778737003513458
2014-11-27,0.863646874422669
2014-11-28,0.7521258055742537
2014-12-01,0.6319511893069966
2014-12-02,0.5344951820379298
2014-12-03,0.4793562404564814
2014-12-04,0.4138574181623407
2014-12-05,0.39676970903387615
2014-12-08,0.44654588883462737
2014-12-09,0.47516353579157755
2014-12-10,0.5137754206125397
2014-12-11,0.6221519609622771
2014-12-12,0.7301141060835192
2014-12-15,0.8265950657560907
2014-12-16,0.9262205539273454
2014-12-17,1.050417241530124
2014-12-18,1.1665697864618705
2014-12-19,1.188654614522341
2014-12-22,1.2085212093008084
2014-12-23,1.2224400137406848
2014-12-24,1.274458803013371
2014-12-25,1.3114374831102078
2014-12-26,1.3146551401786273
2014-12-29,1.303320211869445
2014-12-30,1.2542996939559647
2014-12-31,1.1125277734264793
2015-01-01,1.000665437919283
2015-01-02,0.9548382008843064
2015-01-05,0.9429426202071296
2015-01-06,0.9478178581895683
2015-01-07,0.8962865927151407
2015-01-08,0.8292520704565263
2015-01-09,0.7230693871988817
2015-01-12,0.5903654093167496
2015-01-13,0.511532811140621
2015-01-14,0.45834396475214706
2015-01-15,0.3800232665641709
2015-01-16,0.3447752959510894
2015-01-19,0.23764194128687594
2015-01-20,0.14654811958490105
2015-01-21,0.028421103270264616
2015-01-22,-0.0818811560825478
2015-01-23,-0.18665002032528072
2015-01-26,-0.24125268572866101
2015-01-27,-0.34526588808412306
2015-01-28,-0.4285593290141842
2015-01-29,-0.4771166993193325
2015-01-30,-0.531475602823589
2015-02-02,-0.4966907798188449
2015-02-03,-0.4488159428312368
2015-02-04,-0.39116625368884117
2015-02-05,-0.2776707134575358
2015-02-06,-0.12163872182939305
2015-02-09,0.06383970721271222
2015-02-10,0.24000643170834568
2015-02-11,0.49420134011301103
2015-02-12,0.7734549717474425
2015-02-13,0.9819445240666878
2015-02-16,1.1076525354440134
2015-02-17,1.1765396481359613
2015-02-18,1.2830148456725448
2015-02-19,1.345807910886435
2015-02-20,1.441338199152432
2015-02-23,1.4920406741698582
2015-02-24,1.5796487007143905
2015-02-25,1.5815256673376343
2015-02-26,1.5473258728907842
2015-02-27,1.594688809890229
2015-03-02,1.5579295155026003
2015-03-03,1.5830857434920127
2015-03-04,1.6499496324212446
2015-03-05,1.7491119729841729
2015-03-06,1.8415221089414078
2015-03-09,1.9878280007945779
2015-03-10,2.186883967617795
2015-03-11,2.3759213203870844
2015-03-12,2.5752698014892457
2015-03-13,2.765550339944059
2015-03-16,3.128073036318641
2015-03-17,3.423219943775839
2015-03-18,3.6771954664712907
2015-03-19,3.8469025006401862
2015-03-20,4.046982267439719
2015-03-23,4.105436370849222
2015-03-24,4.000594378036748
2015-03-25,3.9217130274807985
2015-03-26,3.864867752605494
2015-03-27,3.753029793288208
2015-03-29,3.596217763582879
2015-03-30,3.4348717625538705
2015-03-31,3.22377395791401
2015-04-01,3.0199402578680004
2015-04-02,2.6805018133402942
2015-04-05,2.42240671454968
2015-04-06,2.2821948701745676
2015-04-07,2.1331832212411523
2015-04-08,1.833599847219932
2015-04-09,1.5712876675744984
2015-04-12,1.2690229126629324
2015-04-13,1.0424218512389067
2015-04-14,0.8003662854105259
2015-04-15,0.5615771290303847
2015-04-16,0.3677864192282186
2015-04-19,0.20163830878650732
2015-04-20,0.025130317632098345
2015-04-21,-0.1431628975218961
2015-04-22,-0.2270657431997722
2015-04-23,-0.36978833513583187
2015-04-26,-0.5489289548007555
2015-04-27,-0.8213572532597685
2015-04-28,-1.0061531489843227
2015-04-29,-1.124304541488864
2015-04-30,-1.1694736213962105
2015-05-03,-1.2365081436548249
2015-05-04,-1.2219555582772286
2015-05-05,-1.2367275293640385
2015-05-06,-1.2470630338868205
2015-05-07,-1.2110594013864628
2015-05-10,-1.2159102631789913
2015-05-11,-1.0811586853442277
2015-05-12,-1.0022042062185372
2015-05-13,-0.915936870119186
2015-05-14,-0.9392892600550906
2015-05-17,-0.9473090265362126
2015-05-18,-1.012905353590005
2015-05-19,-1.0220464248070946
2015-05-20,-1.0244352914184853
2015-05-21,-0.9748541211370266
2015-05-24,-0.79325150629096
2015-05-25,-0.7119325367437834
2015-05-26,-0.528940479072726
2015-05-27,-0.3858034919081494
2015-05-28,-0.14825752121353755
2015-05-31,0.08838653045432583
2015-06-01,0.27786265464203697
2015-06-02,0.3979397661496424
2015-06-03,0.5738383525562526
2015-06-04,0.7095649779875061
2015-06-07,0.796002947416245
2015-06-08,0.8446578224810505
2015-06-09,0.8033401805798323
2015-06-10,0.7864718571605704
2015-06-11,0.7081267827826841
2015-06-14,0.6373870796574027
2015-06-15,0.5808586952509637
2015-06-16,0.5393460438304528
2015-06-17,0.4373804414276277
2015-06-18,0.3363411342414612
2015-06-21,0.27457186900389235
2015-06-22,0.25197514095526935
2015-06-23,0.22328436542858313
2015-06-24,0.18318553302298402
2015-06-25,0.2028571182821373
2015-06-28,0.1920097137711973
2015-06-29,0.16078381449364276
2015-06-30,0.16651221912301484
2015-07-01,0.24822120770878187
2015-07-02,0.26174999311006775
2015-07-05,0.26153060740085415
2015-07-06,0.2692091072232114
2015-07-07,0.33760869611691163
2015-07-08,0.4363322652614234
2015-07-09,0.5030011446713412
2015-07-12,0.5042199541669549
2015-07-13,0.5122153444581559
2015-07-14,0.5266216726962799
2015-07-15,0.4884973116735546
2015-07-16,0.5259635155686336
2015-07-19,0.5420518009107089
2015-07-20,0.5807855666812276
2015-07-21,0.5348608248866047
2015-07-22,0.4756754357797246
2015-07-23,0.48084318804111836
2015-07-26,0.636217022541631
2015-07-27,0.8303977513823986
2015-07-28,1.0173875041990619
2015-07-29,1.168349248325457
2015-07-30,1.3552902487623
2015-08-02,1.5601965011644507
2015-08-03,1.7834580245705005
2015-08-04,2.0646861275878163
2015-08-05,2.3021345935227875
2015-08-06,2.512696121984569
2015-08-09,2.6399885857061944
2015-08-10,2.665291070835079
2015-08-11,2.723818302814334
2015-08-12,2.8247601052408435
2015-08-13,2.9133431793818607
2015-08-16,2.9021788844020553
2015-08-17,2.8466742999719266
2015-08-18,2.7549223211423217
2015-08-19,2.6691668850311174
2015-08-20,2.4888562082504007
2015-08-23,2.3549821732524805
2015-08-24,2.388475058191875
2015-08-25,2.431840300045719
2015-08-26,2.444345285470689
2015-08-27,2.3619781397572868
2015-08-30,2.366487734891045
2015-08-31,2.40992610531462
2015-09-01,2.5365116595288058
2015-09-02,2.699588370041575
2015-09-03,2.888601346620954
2015-09-06,3.1310225552980158
2015-09-07,3.3051904322208543
2015-09-08,3.3817560447351487
2015-09-09,3.4523982431007783
2015-09-10,3.631660743715275
2015-09-13,3.804366049243376
2015-09-14,3.8730825286059303
2015-09-15,3.9108656229698804
2015-09-16,3.8564092147059723
2015-09-17,3.8836374188379206
2015-09-20,3.8137021299797524
2015-09-21,3.73385888723139
2015-09-22,3.821121225132589
2015-09-23,4.099377367598873
2015-09-24,4.019740189331217
2015-09-27,3.959739386270622
2015-09-28,4.130378243136886
2015-09-29,4.174537286494884
2015-09-30,4.152560023208945
2015-10-01,4.120257425964731
2015-10-04,3.9625307640270147
2015-10-05,3.6955711338790285
2015-10-06,3.3303934226970706
2015-10-07,2.832691321481092
2015-10-08,2.5462735773787872
2015-10-11,2.207655963735886
2015-10-12,1.7118293367233632
2015-10-13,1.4049032573326585
2015-10-14,1.155559708193788
2015-10-15,0.8392239220237043
2015-10-18,0.7341525940367435
2015-10-19,0.5947630729662189
2015-10-20,0.5524455098053287
2015-10-21,0.5063695361385974
2015-10-22,0.5578480694470954
2015-10-26,0.6009168172358972
2015-10-27,0.6694089361566019
2015-10-28,0.5587310844898526
2015-10-29,0.5668374113188263
2015-10-30,0.5342230641628083
2015-11-02,0.36185604045389547
2015-11-03,0.26028692424208005
2015-11-04,0.05680046053400993
2015-11-05,-0.1652939905958391
2015-11-06,-0.37141706260054924
2015-11-09,-0.5512959325885299
2015-11-10,-0.7237748877817318
2015-11-11,-0.9051287659960383
2015-11-12,-1.0710535109424322
2015-11-13,-1.1738115882540376
2015-11-16,-1.1871985937752159
2015-11-17,-1.2392193729409513
2015-11-18,-1.1871140233204134
2015-11-19,-1.2189647490169477
2015-11-20,-1.220385035184284
2015-11-23,-1.2597426324272496
2015-11-24,-1.324956402541398
2015-11-25,-1.3442533904331364
2015-11-26,-1.3507081060272381
2015-11-27,-1.3473874719932806
2015-11-30,-1.322135729137271
2015-12-01,-1.2750225237161137
2015-12-02,-1.1754214117347692
2015-12-03,-1.0123934536018309
2015-12-04,-0.9756829115940335
2015-12-07,-0.8602372761697377
2015-12-08,-0.7390388599261648
2015-12-09,-0.5363752169959433
2015-12-10,-0.4828694801386148
2015-12-11,-0.3517255784108558
2015-12-14,-0.35872154491566205
2015-12-15,-0.3308108074661677
2015-12-16,-0.2772806944189236
2015-12-17,-0.2064922389138272
2015-12-18,-0.08275869891937518
2015-12-21,0.1409415959051017
2015-12-22,0.3867998473597852
2015-12-23,0.5713519811852263
2015-12-24,0.7804021858724499
2015-12-25,0.8792476359665073
2015-12-28,0.9986909665364092
2015-12-29,0.9709508624162972
2015-12-30,0.9293163300462137
2015-12-31,1.0022011378837565
2016-01-01,1.0803999551221763
2016-01-04,1.026772337315286
2016-01-05,1.0258216659087116
2016-01-06,1.0416661893516521
2016-01-07,1.1079206735330691
2016-01-08,1.2165653519718407
2016-01-11,1.2855987218032607
2016-01-12,1.479706322074292
2016-01-13,1.613141585653801
2016-01-14,1.629839275743675
2016-01-15,1.6429292897265282
2016-01-18,1.6521922418931796
2016-01-19,1.6087538714695993
2016-01-20,1.5708488961560874
2016-01-21,1.5876684671955126
2016-01-22,1.6299367805033105
2016-01-25,1.6866357982391373
2016-01-26,1.6684024081848006
2016-01-27,1.656189937038791
2016-01-28,1.6845150697167968
2016-01-29,1.6844419411470661
2016-02-01,1.6031473477897997
2016-02-02,1.4340253421787985
2016-02-03,1.2744588030133928
2016-02-04,0.9823345431053108
2016-02-05,0.6205187562381789
2016-02-08,0.373807338136562
2016-02-09,0.12846098667003097
2016-02-10,-0.1050385364991437
2016-02-11,-0.3456315309327926
2016-02-12,-0.49898214167059485
2016-02-15,-0.5871508205831001
2016-02-16,-0.6015327726313193
2016-02-17,-0.5678936305524476
2016-02-18,-0.5179711936122079
2016-02-19,-0.4021355391493322
2016-02-22,-0.3080921984679774
2016-02-23,-0.2599248472014196
2016-02-24,-0.18377362991563687
2016-02-25,-0.1645164398849789
2016-02-26,-0.22633445750237366
2016-02-29,-0.22726075271903773
2016-03-01,-0.20580970559627615
2016-03-02,-0.3616466877051263
2016-03-03,-0.46068714731848714
2016-03-04,-0.7106893510582378
2016-03-07,-0.9784861734339197
2016-03-08,-1.157529288339197
2016-03-09,-1.3751111594957004
2016-03-10,-1.6451262151533907
2016-03-11,-1.9750579456153328
2016-03-14,-2.3620543366617928
2016-03-15,-2.705076081106604
2016-03-16,-2.835220559047952
2016-03-17,-2.9522750230064467
2016-03-18,-3.0635767061456542
2016-03-21,-3.152891065984037
2016-03-22,-3.2515415065588074
2016-03-23,-3.355652213673899
2016-03-24,-3.270335548981117
2016-03-25,-3.1131822526170123
2016-03-27,-2.898720533769271
2016-03-28,-2.7802278746059543
2016-03-29,-2.8322710400685507
2016-03-30,-2.8803408865754565
2016-03-31,-2.783689293573492
2016-04-03,-2.7402021707700857
2016-04-04,-2.6198569211734517
2016-04-05,-2.4071259118094765
2016-04-06,-2.3461854370289257
2016-04-07,-2.2459017917300352
2016-04-10,-2.264330191303681
2016-04-11,-2.3794589362591063
2016-04-12,-2.442642020511587
2016-04-13,-2.4704796293913507
2016-04-14,-2.50857961422416
2016-04-17,-2.440448163419494
2016-04-18,-2.3806777457547144
2016-04-19,-2.474721086436075
2016-04-20,-2.5132598426873063
2016-04-21,-2.5931893694094814
2016-04-24,-2.5233759615008693
2016-04-25,-2.339555113372805
2016-04-26,-2.161413917494271
2016-04-27,-2.0153030351603984
2016-04-28,-1.8737017479603009
2016-05-01,-1.8511293961015773
2016-05-02,-1.880551457325635
2016-05-03,-1.747311203265424
2016-05-04,-1.6220175871165992
2016-05-05,-1.5093264611523904
2016-05-08,-1.4729571858033579
2016-05-09,-1.3966840875680078
2016-05-10,-1.3472979268058525
2016-05-11,-1.330283346247124
2016-05-12,-1.255692205115725
2016-05-15,-1.0788185711126357
2016-05-16,-1.0113940298154147
2016-05-17,-1.0302612008074765
2016-05-18,-0.9854333875589001
2016-05-19,-0.9386067267375234
2016-05-22,-0.8640399617960401
2016-05-23,-0.7772607257085201
2016-05-24,-0.611624515254956
2016-05-25,-0.4143723864852412
2016-05-26,-0.27642752777196855
2016-05-29,-0.17753332529807983
2016-05-30,-0.07766407522770666
2016-05-31,0.03936601254087254
2016-06-01,0.10069650636002504
2016-06-02,0.14776692908053643
2016-06-05,0.14654811958493894
2016-06-06,0.09357865890567311
2016-06-07,-0.019039338488799424
2016-06-08,-0.228284552695321
2016-06-09,-0.40949714850279717
2016-06-12,-0.6124776819018839
2016-06-13,-0.6881901277692503
2016-06-14,-0.7715323210791373
2016-06-15,-0.879128823351699
2016-06-16,-0.9700763879142018
2016-06-19,-1.063949095266185
2016-06-20,-1.1534584646238606
2016-06-21,-1.1640864834255977
2016-06-22,-1.1145540655239594
2016-06-23,-1.153312207484383
2016-06-26,-1.1721306260966244
2016-06-27,-1.225611986764032
2016-06-28,-1.381668354582085
2016-06-29,-1.5941556020469307
2016-06-30,-1.8276795014060372
2016-07-03,-1.9688907695675388
2016-07-04,-2.030830668134501
2016-07-05,-2.114660385242641
2016-07-06,-2.124898385005771
2016-07-07,-2.066614914925645
2016-07-10,-2.118999347047017
2016-07-11,-2.172919479132846
2016-07-12,-2.120169404162794
2016-07-13,-2.021738349297232
2016-07-14,-1.900539933053659
2016-07-17,-1.7902620498907678
2016-07-18,-1.77366186456054
2016-07-19,-1.781827888181134
2016-07-20,-1.8250224967055908
2016-07-21,-1.886938019082637
2016-07-24,-1.8753105764944997
2016-07-25,-1.8541276674607776
2016-07-26,-1.8300927442073274
2016-07-27,-1.7606449791474066
2016-07-28,-1.6518052911893317
2016-07-31,-1.613022773038982
2016-08-01,-1.5269504464589232
2016-08-02,-1.4443151626564974
2016-08-03,-1.3829359164575137
2016-08-04,-1.3860316925763656
2016-08-07,-1.3874455115912774
2016-08-08,-1.4285681439732032
2016-08-09,-1.476150466681867
2016-08-10,-1.525682884583505
2016-08-11,-1.5923273878035236
2016-08-14,-1.5787986024022431
2016-08-15,-1.5954475401122858
2016-08-16,-1.6013709542609613
2016-08-17,-1.6004690352342128
2016-08-18,-1.4997953708967375
2016-08-21,-1.394904625704432
2016-08-22,-1.2903063947910813
2016-08-23,-1.1190392844678076
2016-08-24,-0.938899241016473
2016-08-25,-0.7732874067528354
2016-08-28,-0.6473356334763803
2016-08-29,-0.5551692594182692
2016-08-30,-0.4690481804583738
2016-08-31,-0.40705952951159136
2016-09-01,-0.3679844970823026
2016-09-04,-0.27789009916672236
2016-09-05,-0.16463832083454083
2016-09-06,-0.1865281393757134
2016-09-07,-0.21482889586380907
2016-09-08,-0.23335480019709012
2016-09-11,-0.23411046208436642
2016-09-12,-0.20044694381559522
2016-09-13,-0.10988939829168298
2016-09-14,0.029298646107113645
2016-09-15,0.1010377730187735
2016-09-18,0.1203437154292627
2016-09-19,0.13399438178010506
2016-09-20,0.21599588464481637
2016-09-21,0.2517070028662245
2016-09-22,0.2619206264394447
2016-09-25,0.23532620324520498
2016-09-26,0.2297928081351417
2016-09-27,0.13418939129939222
2016-09-28,-0.010507672019568275
2016-09-29,-0.05760247092997905
2016-10-02,-0.06657290881768613
2016-10-03,-0.12485637889780701
2016-10-04,-0.12302816465439453
2016-10-05,-0.10240590798866156
2016-10-06,-0.07664027525144503
2016-10-09,-0.09921262711016864
2016-10-10,-0.1318279692127301
2016-10-11,-0.1626882256415935
2016-10-12,-0.17526633963629967
2016-10-13,-0.2728686040448386
2016-10-16,-0.35338315932491837
2016-10-17,-0.36754572566391863
2016-10-18,-0.4657330186303515
2016-10-19,-0.5396903788240415
2016-10-20,-0.6470918715772997
2016-10-23,-0.7227555650648403
2016-10-24,-0.803367625104561
2016-10-25,-0.8854422565390245
2016-10-26,-0.9447982789752816
2016-10-27,-0.9417268790463452
2016-10-31,-0.9400449219423994
2016-11-01,-0.9472358979664982
2016-11-02,-0.8820539661412066
2016-11-03,-0.7837691684151274
2016-11-04,-0.6457024287522929
2016-11-07,-0.5363020884262343
2016-11-08,-0.4366766002549741
2016-11-09,-0.3496048498885207
2016-11-10,-0.23649932869581133
2016-11-11,0.009480803708428678
2016-11-14,0.20463658014569686
2016-11-15,0.4575151742950968
2016-11-16,0.6495020460437606
2016-11-17,0.8275701133525426
2016-11-18,0.986624752529796
2016-11-21,1.1424861108285564
2016-11-22,1.3355455349333671
2016-11-23,1.5617565773187914
2016-11-24,1.7818491960362637
2016-11-25,1.7537190728775558
2016-11-28,1.753597191927994
2016-11-29,1.6801029793426523
2016-11-30,1.6466588467830838
2016-12-01,1.5445957396206125
2016-12-02,1.6291811186160234
2016-12-05,1.6853682363636977
2016-12-06,1.6813705412180973
2016-12-07,1.6910722648031704
2016-12-08,1.5908129956941959
2016-12-09,1.5422068730092162
2016-12-12,1.4600103606252015
2016-12-13,1.3434677966548592
2016-12-14,1.1782703576197222
2016-12-15,1.096122597615528
2016-12-16,0.8097023661469078
2016-12-19,0.6652490647270766
2016-12-20,0.5575794338847788
2016-12-21,0.45441939817624477
2016-12-22,0.35552519570236146
2016-12-23,0.22243119878161724
2016-12-26,0.0749552498126646
2016-12-27,-0.023500181242802287
2016-12-28,-0.12385695511142313
2016-12-29,-0.2576578615396232
2016-12-30,-0.42346470532255354
2017-01-02,-0.6161097341988528
2017-01-03,-0.7523726358081743
2017-01-04,-0.8988979133705473
2017-01-05,-1.0529066812359686
2017-01-06,-1.1687910880786812
2017-01-09,-1.2310966294943182
2017-01-10,-1.320752255991471
2017-01-11,-1.4021443541083891
2017-01-12,-1.493481937709488
2017-01-13,-1.5558606076948662
2017-01-16,-1.6256983917933885
2017-01-17,-1.6883695760577164
2017-01-18,-1.7639845171654367
2017-01-19,-1.7442641795264466
2017-01-20,-1.6987538329603245
2017-01-23,-1.7357568892470878
2017-01-24,-1.7090405851032808
2017-01-25,-1.6739388716296877
2017-01-26,-1.6390321676753872
2017-01-27,-1.5895972545333952
2017-01-30,-1.6172154777039398
2017-01-31,-1.6935373283190995
2017-02-01,-1.7142570897445004
2017-02-02,-1.7642039028746557
2017-02-03,-1.7870687690123235
2017-02-06,-1.741363412926898
2017-02-07,-1.7283221513238598
2017-02-08,-1.7095281089015446
2017-02-09,-1.7028490328655983
2017-02-10,-1.6522196864179082
2017-02-13,-1.565659836039602
2017-02-14,-1.5088876897340335
2017-02-15,-1.5136166705770056
2017-02-16,-1.5219045751471563
2017-02-17,-1.4947982519647696
2017-02-20,-1.4554307052565256
2017-02-21,-1.4284218868337797
2017-02-22,-1.3976347589746416
2017-02-23,-1.388201173478608
2017-02-24,-1.3972447399360455
2017-02-27,-1.3403750888708201
2017-02-28,-1.2831885473367404
2017-03-01,-1.1907784113795
2017-03-02,-1.093834304098591
2017-03-03,-0.9799487448286789
2017-03-06,-0.9136455082674361
2017-03-07,-0.8183589819005573
2017-03-08,-0.7541277214818561
2017-03-09,-0.605871734435717
2017-03-10,-0.4313382146642034
2017-03-13,-0.3410975596091565
2017-03-14,-0.25161256644139124
2017-03-15,-0.1593974400034543
2017-03-16,-0.1172997600250387
2017-03-17,-0.14121280232892713
2017-03-20,-0.14886692596137419
2017-03-21,-0.19920375813010918
2017-03-22,-0.20841795791692386
2017-03-23,-0.2720398135878317
2017-03-24,-0.32500927426708665
2017-03-26,-0.35228623077886656
2017-03-27,-0.35733210209069843
2017-03-28,-0.3707633827323326
2017-03-29,-0.31750140777411173
2017-03-30,-0.2713816564601854
2017-04-02,-0.2234824432826725
2017-04-03,-0.1604212399797484
2017-04-04,-0.1318767215925289
2017-04-05,-0.07754219427818262
2017-04-06,-0.06496408028348186
2017-04-09,-0.030861790596283446
2017-04-10,-0.024353347889714036
2017-04-11,-0.02306140982436424
2017-04-12,-0.02025814798447269
2017-04-13,-0.03156870010374471
2017-04-16,-0.010775810108618559
2017-04-17,0.006263146640020125
2017-04-18,0.022034541513224645
2017-04-19,0.04911648850571201
2017-04-20,0.0514809789272034
2017-04-23,0.04436313147282983
2017-04-24,0.034393269798728046
2017-04-25,0.030980603211010687
2017-04-26,0.06096331680305212
2017-04-27,0.08531513052536777
2017-04-30,0.10515734911391965
2017-05-01,0.13791894835595325
2017-05-02,0.17745712839356864
2017-05-03,0.1699492619005991
2017-05-04,0.185647528204073
2017-05-07,0.20305212780140822
2017-05-08,0.26543079778678125
2017-05-09,0.29448721616215323
2017-05-10,0.2690140977038756
2017-05-11,0.22150490356494779
2017-05-14,0.20938993717857904
2017-05-15,0.13492067699674207
2017-05-16,0.0735170546078535
2017-05-17,0.044850655271088315
2017-05-18,0.2259169939390869
2017-05-21,0.29226898288016645
2017-05-22,0.3488217434765211
2017-05-23,0.4229497369995988
2017-05-24,0.5127028682563981
2017-05-25,0.639044660571449
2017-05-28,0.6168379515614166
2017-05-29,0.7512970151172305
2017-05-30,0.9055007925019607
2017-05-31,0.9830658288026498
2017-06-01,0.8097754947166655
2017-06-04,0.7707735908571021
2017-06-05,0.7665321338123885
2017-06-06,0.7420096867606906
2017-06-07,0.698205673488419
2017-06-08,0.6539872649876413
2017-06-11,0.6403609748267145
2017-06-12,0.6654196980564752
2017-06-13,0.6830193071730976
2017-06-14,0.7036171876489203
2017-06-15,0.7013989543669065
2017-06-18,0.7143427112102985
2017-06-19,0.6596669172371766
2017-06-20,0.6740001169055593
2017-06-21,0.7033978019396959
2017-06-22,0.7529302198413396
2017-06-25,0.9043551115760723
2017-06-26,0.8375643512165871
2017-06-27,0.7845461381575008
2017-06-28,0.7609743625123772
2017-06-29,0.7585123673312449
2017-07-02,0.6158141515850954
2017-07-03,0.5971663663022417
2017-07-04,0.5378103438659793
2017-07-05,0.4530055791613547
2017-07-06,0.3730029238694328
2017-07-09,0.17297190944973675
2017-07-10,0.12709205079843872
2017-07-11,0.02173274106672131
2017-07-12,-0.08783850896275347
2017-07-13,-0.21961917646781412
2017-07-16,-0.21961917646781412
2017-07-17,-0.3773983494722272
2017-07-18,-0.5808538592883437
2017-07-19,-0.7650212251818699
2017-07-20,-1.0021694936397014
2017-07-23,-1.0021694936397014
2017-07-24,-1.0552811211227058
2017-07-25,-1.1738563608477652
2017-07-26,-1.2593396790838263
2017-07-27,-1.2754727370196128
2017-07-30,-1.2566682476587532
2017-07-31,-1.2894666599222853
2017-08-01,-1.2896432629308312
2017-08-02,-1.2926156656803331
2017-08-03,-1.2607301168553549
2017-08-06,-1.307681643465881
2017-08-07,-1.299667349190656
2017-08-08,-1.3224690362238607
2017-08-09,-1.286322628896879
2017-08-10,-1.2419728874545437
2017-08-13,-1.2241882182838852
2017-08-14,-1.1222658960549778
2017-08-15,-1.0407001797690958
2017-08-16,-0.9640942719204547
2017-08-17,-0.8673058737710244
2017-08-20,-0.8083154941834423
2017-08-21,-0.7227948654526326
2017-08-22,-0.6423434892770269
2017-08-23,-0.6250314197067124
2017-08-24,-0.6264467311414177
2017-08-27,-0.6172932230927454
2017-08-28,-0.614696412657202
2017-08-29,-0.578719146239809
2017-08-30,-0.526270540067452
2017-08-31,-0.5113637537262364
2017-09-03,-0.470620693444373
2017-09-04,-0.46073092496569823
2017-09-05,-0.46640958226872264
2017-09-06,-0.4716977230598793
2017-09-07,-0.48028162422182774
2017-09-10,-0.4571242438052156
2017-09-11,-0.48774123580823237
2017-09-12,-0.4927085063444308
2017-09-13,-0.4872064520499579
2017-09-14,-0.47663763256658026
2017-09-17,-0.5426025873086511
2017-09-18,-0.5441024691981481
2017-09-19,-0.49405815130835196
2017-09-20,-0.4356284240887535
2017-09-21,-0.3722503303169695
2017-09-24,-0.42509791004667885
2017-09-25,-0.34906857371045263
2017-09-26,-0.300608708164956
2017-09-27,-0.2378887715208128
2017-09-28,-0.1765826538915651
2017-10-01,-0.10764678881979681
2017-10-02,-0.0877801940413347
2017-10-03,-0.0706193563431341
2017-10-04,-0.06640227548832543
2017-10-05,-0.04453683313705768
2017-10-08,-0.00012341511698736964
2017-10-09,0.02096198915708305
2017-10-10,0.024496536694356908
2017-10-11,-0.016577343307737524
2017-10-12,-0.045097485505041404
2017-10-15,-0.07018058492471771
2017-10-16,-0.060210723250610505
2017-10-17,-0.048924547321259525
2017-10-18,-0.00828943873758149
2017-10-19,0.0090664084799225
2017-10-22,0.04899460755613927
2017-10-23,0.09550437790866151
2017-10-24,0.15620109079009423
2017-10-25,0.21170567522022293
2017-10-26,0.32732194397390124
2017-10-30,0.42138966084515544
2017-10-31,0.533690767770779
2017-11-01,0.6454312223284079
2017-11-02,0.7316254298580285
2017-11-03,0.8243524562841232
2017-11-06,0.9156656636953172
2017-11-07,0.9121067399681331
2017-11-08,0.9198096159803898
2017-11-09,0.9217597111733696
2017-11-10,0.8506543651994078
2017-11-13,0.877297540773468
2017-11-14,0.8301296132933049
2017-11-15,0.8338835465397978
2017-11-16,0.8173942424725198
2017-11-17,0.8038094222355728
2017-11-20,0.7262626680773097
2017-11-21,0.6963764435703482
2017-11-22,0.6424949071185466
2017-11-23,0.5760443977432382
2017-11-24,0.5068261751383185
2017-11-27,0.4092706317604458
2017-11-28,0.31062323820941223
2017-11-29,0.13539398135081815
2017-11-30,0.1200065114687415
2017-12-01,0.128360434886583
2017-12-04,0.0978952758692011
2017-12-05,0.06234158720764585
2017-12-06,0.022222441310444953
2017-12-07,0.025350719015845766
2017-12-08,0.07989752231733879
2017-12-11,0.11522268419846479
2017-12-12,0.17075977021514227
2017-12-13,0.24338558103487762
2017-12-14,0.2766082965360728
2017-12-15,0.3132132083876016
2017-12-18,0.3207241219043078
2017-12-19,0.3527737332659784
2017-12-20,0.38341155696190227
2017-12-21,0.4270246234131951
2017-12-22,0.4159233002573439
2017-12-25,0.42840594084156347
2017-12-26,0.42570424645963206
2017-12-27,0.39474648527111156
2017-12-28,0.36411373994808405
2017-12-29,0.2912797158395104
2018-01-01,0.28066083810899967
2018-01-02,0.28619626456822256
2018-01-03,0.244919249650197
2018-01-04,0.16948002024476652
2018-01-05,0.09321301605689536
2018-01-08,-0.04048022886585483
2018-01-09,-0.14583107464275577
2018-01-10,-0.21670484681254606
2018-01-11,-0.3125134299133863
2018-01-12,-0.41781857033419273
2018-01-15,-0.5247741819469787
2018-01-16,-0.635162773639062
2018-01-17,-0.6659072431658533
2018-01-18,-0.6747283768903407
2018-01-19,-0.6977841898489764
2018-01-22,-0.7159190594690952
2018-01-23,-0.7435047810530965
2018-01-24,-0.7378779438816846
2018-01-25,-0.8084199635688715
2018-01-26,-0.8634793094281484
