Date,Adj Close
2010-01-04,1.719
2010-01-05,1.737
2010-01-06,1.7315
2010-01-07,1.7389
2010-01-08,1.732
2010-01-11,1.731
2010-01-12,1.7373
2010-01-13,1.7459
2010-01-14,1.7641
2010-01-15,1.7644
2010-01-18,1.7633
2010-01-19,1.7742
2010-01-20,1.7895
2010-01-21,1.8008
2010-01-22,1.8188
2010-01-25,1.7835
2010-01-26,1.8336
2010-01-27,1.8496
2010-01-28,1.868
2010-01-29,1.8729
2010-02-01,1.8624
2010-02-02,1.8304
2010-02-03,1.85
2010-02-04,1.8804
2010-02-05,1.8827
2010-02-08,1.8715
2010-02-09,1.843
2010-02-10,1.8506
2010-02-11,1.8515
2010-02-12,1.8585
2010-02-15,1.8514
2010-02-16,1.8425
2010-02-17,1.833
2010-02-18,1.819
2010-02-19,1.8035
2010-02-22,1.808
2010-02-23,1.8196
2010-02-24,1.8186
2010-02-25,1.836
2010-02-26,1.806
2010-03-01,1.798
2010-03-02,1.7325
2010-03-03,1.788
2010-03-04,1.7885
2010-03-05,1.778
2010-03-08,1.7847
2010-03-09,1.781
2010-03-10,1.768
2010-03-11,1.769
2010-03-12,1.761
2010-03-15,1.7614
2010-03-16,1.7662
2010-03-17,1.762
2010-03-18,1.771
2010-03-19,1.795
2010-03-22,1.799
2010-03-23,1.7806
2010-03-24,1.7933
2010-03-25,1.799
2010-03-26,1.823
2010-03-28,1.8085
2010-03-29,1.7938
2010-03-30,1.7805
2010-03-31,1.7654
2010-04-01,1.765
2010-04-04,1.7605
2010-04-05,1.753
2010-04-06,1.777
2010-04-07,1.773
2010-04-08,1.771
2010-04-11,1.7562
2010-04-12,1.7135
2010-04-13,1.746
2010-04-14,1.75
2010-04-15,1.7562
2010-04-18,1.7603
2010-04-19,1.7525
2010-04-20,1.748
2010-04-21,1.7635
2010-04-22,1.7628
2010-04-25,1.744
2010-04-26,1.765
2010-04-27,1.7581
2010-04-28,1.731
2010-04-29,1.7287
2010-05-02,1.731
2010-05-03,1.7493
2010-05-04,1.7798
2010-05-05,1.8341
2010-05-06,1.8495
2010-05-09,1.7749
2010-05-10,1.7755
2010-05-11,1.7735
2010-05-12,1.77
2010-05-13,1.8025
2010-05-16,1.8033
2010-05-17,1.816
2010-05-18,1.8297
2010-05-19,1.8848
2010-05-20,1.8468
2010-05-23,1.8622
2010-05-24,1.8685
2010-05-25,1.863
2010-05-26,1.816
2010-05-27,1.8143
2010-05-30,1.8144
2010-05-31,1.834
2010-06-01,1.831
2010-06-02,1.8194
2010-06-03,1.8389
2010-06-06,1.874
2010-06-07,1.86
2010-06-08,1.842
2010-06-09,1.8123
2010-06-10,1.8116
2010-06-13,1.8017
2010-06-14,1.7846
2010-06-15,1.7868
2010-06-16,1.7854
2010-06-17,1.7723
2010-06-20,1.7636
2010-06-21,1.7669
2010-06-22,1.8011
2010-06-23,1.7785
2010-06-24,1.78
2010-06-27,1.782
2010-06-28,1.8078
2010-06-29,1.7909
2010-06-30,1.7989
2010-07-01,1.7745
2010-07-04,1.7734
2010-07-05,1.767
2010-07-06,1.765
2010-07-07,1.7683
2010-07-08,1.7564
2010-07-11,1.76
2010-07-12,1.756
2010-07-13,1.766
2010-07-14,1.77
2010-07-15,1.7826
2010-07-18,1.7863
2010-07-19,1.7737
2010-07-20,1.7714
2010-07-21,1.7602
2010-07-22,1.7605
2010-07-25,1.7656
2010-07-26,1.7607
2010-07-27,1.7623
2010-07-28,1.7648
2010-07-29,1.7585
2010-08-01,1.7429
2010-08-02,1.7537
2010-08-03,1.7537
2010-08-04,1.7526
2010-08-05,1.7535
2010-08-08,1.7075
2010-08-09,1.751
2010-08-10,1.76
2010-08-11,1.7685
2010-08-12,1.7664
2010-08-15,1.722
2010-08-16,1.7554
2010-08-17,1.7478
2010-08-18,1.7488
2010-08-19,1.7606
2010-08-22,1.7128
2010-08-23,1.7613
2010-08-24,1.7609
2010-08-25,1.7649
2010-08-26,1.7563
2010-08-29,1.6992
2010-08-30,1.755
2010-08-31,1.7501
2010-09-01,1.74
2010-09-02,1.7395
2010-09-05,1.674
2010-09-06,1.7249
2010-09-07,1.73
2010-09-08,1.7192
2010-09-09,1.7232
2010-09-12,1.668
2010-09-13,1.7165
2010-09-14,1.7015
2010-09-15,1.7212
2010-09-16,1.7175
2010-09-19,1.6655
2010-09-20,1.7265
2010-09-21,1.7245
2010-09-22,1.6743
2010-09-23,1.7177
2010-09-26,1.6644
2010-09-27,1.709
2010-09-28,1.709
2010-09-29,1.7035
2010-09-30,1.6961
2010-10-03,1.6335
2010-10-04,1.6975
2010-10-05,1.669
2010-10-06,1.684
2010-10-07,1.6778
2010-10-10,1.6258
2010-10-11,1.6613
2010-10-12,1.67
2010-10-13,1.6525
2010-10-14,1.6606
2010-10-17,1.6064
2010-10-18,1.672
2010-10-19,1.69
2010-10-20,1.675
2010-10-21,1.694
2010-10-24,1.6439
2010-10-25,1.6998
2010-10-26,1.7023
2010-10-27,1.719
2010-10-28,1.7135
2010-11-01,1.6462
2010-11-02,1.7043
2010-11-03,1.701
2010-11-04,1.689
2010-11-05,1.6747
2010-11-08,1.679
2010-11-09,1.696
2010-11-10,1.696
2010-11-11,1.71
2010-11-12,1.7215
2010-11-15,1.6704
2010-11-16,1.72
2010-11-17,1.736
2010-11-18,1.7262
2010-11-19,1.711
2010-11-22,1.673
2010-11-23,1.7208
2010-11-24,1.7335
2010-11-25,1.722
2010-11-26,1.7155
2010-11-29,1.7296
2010-11-30,1.717
2010-12-01,1.7145
2010-12-02,1.7059
2010-12-03,1.7015
2010-12-06,1.6361
2010-12-07,1.6813
2010-12-08,1.677
2010-12-09,1.692
2010-12-10,1.7036
2010-12-13,1.705
2010-12-14,1.693
2010-12-15,1.693
2010-12-16,1.6989
2010-12-17,1.7043
2010-12-20,1.6662
2010-12-21,1.7066
2010-12-22,1.7
2010-12-23,1.699
2010-12-24,1.6923
2010-12-27,1.6907
2010-12-28,1.685
2010-12-29,1.6902
2010-12-30,1.678
2010-12-31,1.662
2011-01-03,1.6155
2011-01-04,1.6465
2011-01-05,1.6675
2011-01-06,1.675
2011-01-07,1.6859
2011-01-10,1.6355
2011-01-11,1.689
2011-01-12,1.6416
2011-01-13,1.6247
2011-01-14,1.669
2011-01-17,1.6481
2011-01-18,1.6821
2011-01-19,1.6715
2011-01-20,1.67
2011-01-21,1.6352
2011-01-24,1.6193
2011-01-25,1.6705
2011-01-26,1.6677
2011-01-27,1.6183
2011-01-28,1.6723
2011-01-31,1.6343
2011-02-01,1.667
2011-02-02,1.6652
2011-02-03,1.6627
2011-02-04,1.6684
2011-02-07,1.6242
2011-02-08,1.6279
2011-02-09,1.6645
2011-02-10,1.662
2011-02-11,1.6641
2011-02-14,1.6155
2011-02-15,1.6665
2011-02-16,1.6686
2011-02-17,1.669
2011-02-18,1.662
2011-02-21,1.6145
2011-02-22,1.6675
2011-02-23,1.6707
2011-02-24,1.671
2011-02-25,1.6627
2011-02-28,1.66
2011-03-01,1.6588
2011-03-02,1.6574
2011-03-03,1.6542
2011-03-04,1.6495
2011-03-07,1.6399
2011-03-08,1.6521
2011-03-09,1.654
2011-03-10,1.6547
2011-03-11,1.659
2011-03-14,1.6561
2011-03-15,1.6649
2011-03-16,1.6632
2011-03-17,1.676
2011-03-18,1.6795
2011-03-21,1.6637
2011-03-22,1.6636
2011-03-23,1.6593
2011-03-24,1.66
2011-03-25,1.6575
2011-03-27,1.6499
2011-03-28,1.66
2011-03-29,1.6559
2011-03-30,1.6285
2011-03-31,1.6272
2011-04-03,1.612
2011-04-04,1.6052
2011-04-05,1.607
2011-04-06,1.6147
2011-04-07,1.5929
2011-04-10,1.5703
2011-04-11,1.5771
2011-04-12,1.591
2011-04-13,1.592
2011-04-14,
2011-04-17,1.5686
2011-04-18,1.589
2011-04-19,1.5785
2011-04-20,1.569
2011-04-21,1.569
2011-04-24,1.5613
2011-04-25,1.575
2011-04-26,1.5645
2011-04-27,1.5665
2011-04-28,1.5863
2011-05-01,1.5633
2011-05-02,1.5765
2011-05-03,1.5875
2011-05-04,1.605
2011-05-05,1.625
2011-05-08,1.5994
2011-05-09,1.6155
2011-05-10,1.607
2011-05-11,1.6199
2011-05-12,1.6165
2011-05-15,1.6356
2011-05-16,1.6308
2011-05-17,1.618
2011-05-18,1.6113
2011-05-19,1.6159
2011-05-22,1.6113
2011-05-23,1.6373
2011-05-24,1.6285
2011-05-25,1.6265
2011-05-26,1.6223
2011-05-29,1.5943
2011-05-30,1.593
2011-05-31,1.5787
2011-06-01,1.592
2011-06-02,1.5775
2011-06-05,1.5688
2011-06-06,1.5802
2011-06-07,1.577
2011-06-08,1.5815
2011-06-09,1.5869
2011-06-12,1.5948
2011-06-13,1.589
2011-06-14,1.5791
2011-06-15,1.597
2011-06-16,1.6061
2011-06-19,1.5898
2011-06-20,1.594
2011-06-21,1.5875
2011-06-22,1.587
2011-06-23,1.5905
2011-06-26,1.59
2011-06-27,1.595
2011-06-28,1.578
2011-06-29,1.5697
2011-06-30,1.5614
2011-07-03,1.5488
2011-07-04,1.5515
2011-07-05,1.5637
2011-07-06,1.5692
2011-07-07,1.5545
2011-07-10,1.5618
2011-07-11,1.58
2011-07-12,1.5747
2011-07-13,1.5677
2011-07-14,1.5765
2011-07-17,1.568
2011-07-18,1.575
2011-07-19,1.565
2011-07-20,1.5615
2011-07-21,1.5523
2011-07-24,1.5539
2011-07-25,1.5441
2011-07-26,1.5337
2011-07-27,1.5631
2011-07-28,1.5628
2011-07-31,1.5465
2011-08-01,1.5578
2011-08-02,1.5633
2011-08-03,1.563
2011-08-04,1.5768
2011-08-07,1.593
2011-08-08,1.5969
2011-08-09,1.6282
2011-08-10,1.6219
2011-08-11,1.6233
2011-08-14,1.6114
2011-08-15,1.5887
2011-08-16,1.5841
2011-08-17,1.5785
2011-08-18,1.607
2011-08-21,1.5953
2011-08-22,1.6025
2011-08-23,1.5973
2011-08-24,1.6073
2011-08-25,1.609
2011-08-28,1.6
2011-08-29,1.5943
2011-08-30,1.5865
2011-08-31,1.5825
2011-09-01,1.599
2011-09-04,1.6298
2011-09-05,1.6493
2011-09-06,1.66
2011-09-07,1.6535
2011-09-08,1.6516
2011-09-11,1.6749
2011-09-12,1.7035
2011-09-13,1.7115
2011-09-14,1.724
2011-09-15,1.7091
2011-09-18,1.7105
2011-09-19,1.7846
2011-09-20,1.7916
2011-09-21,1.8339
2011-09-22,1.8768
2011-09-25,1.8558
2011-09-26,1.846
2011-09-27,1.802
2011-09-28,1.8177
2011-09-29,1.8277
2011-10-02,1.847
2011-10-03,1.8877
2011-10-04,1.8501
2011-10-05,1.8337
2011-10-06,1.8067
2011-10-09,1.7623
2011-10-10,1.7469
2011-10-11,1.7388
2011-10-12,1.774
2011-10-13,1.7431
2011-10-16,1.7307
2011-10-17,1.767
2011-10-18,1.7575
2011-10-19,1.7613
2011-10-20,1.787
2011-10-23,1.7676
2011-10-24,1.7493
2011-10-25,1.7615
2011-10-26,1.758
2011-10-27,1.709
2011-10-31,1.6871
2011-11-01,1.6924
2011-11-02,1.742
2011-11-03,1.7333
2011-11-04,1.7315
2011-11-07,1.749
2011-11-08,1.7499
2011-11-09,1.7395
2011-11-10,1.7566
2011-11-11,1.76
2011-11-14,1.7399
2011-11-15,1.7595
2011-11-16,1.7693
2011-11-17,1.7703
2011-11-18,1.7645
2011-11-21,1.7778
2011-11-22,1.8042
2011-11-23,1.8117
2011-11-24,1.8593
2011-11-25,1.8755
2011-11-28,1.8803
2011-11-29,1.8547
2011-11-30,1.8415
2011-12-01,1.808
2011-12-02,1.799
2011-12-05,1.7952
2011-12-06,1.7796
2011-12-07,1.791
2011-12-08,1.7987
2011-12-09,1.817
2011-12-12,1.7973
2011-12-13,1.8092
2011-12-14,1.8577
2011-12-15,1.8763
2011-12-16,1.8588
2011-12-19,1.853
2011-12-20,1.8665
2011-12-21,1.8418
2011-12-22,1.8553
2011-12-23,1.851
2011-12-26,1.858
2011-12-27,1.8575
2011-12-28,1.86
2011-12-29,1.8767
2011-12-30,1.8652
2012-01-02,1.8623
2012-01-03,1.8701
2012-01-04,1.8345
2012-01-05,1.8184
2012-01-06,1.843
2012-01-09,1.8476
2012-01-10,1.841
2012-01-11,1.799
2012-01-12,1.8035
2012-01-13,1.7809
2012-01-16,1.7908
2012-01-17,1.7793
2012-01-18,1.7795
2012-01-19,1.7683
2012-01-20,1.7555
2012-01-23,1.7601
2012-01-24,1.752
2012-01-25,1.7584
2012-01-26,1.76
2012-01-27,1.8525
2012-01-30,1.738
2012-01-31,1.7463
2012-02-01,1.7448
2012-02-02,1.7317
2012-02-03,1.7181
2012-02-06,1.7153
2012-02-07,1.7237
2012-02-08,1.7247
2012-02-09,1.7184
2012-02-10,1.7155
2012-02-13,1.7188
2012-02-14,1.7152
2012-02-15,1.7161
2012-02-16,1.7277
2012-02-17,1.7155
2012-02-20,1.7093
2012-02-21,1.7172
2012-02-22,1.7145
2012-02-23,1.7051
2012-02-24,1.7128
2012-02-27,1.7066
2012-02-28,1.7059
2012-02-29,1.6977
2012-03-01,1.7166
2012-03-02,1.7135
2012-03-05,1.7293
2012-03-06,1.7378
2012-03-07,1.7593
2012-03-08,1.7658
2012-03-09,1.7613
2012-03-12,1.7891
2012-03-13,1.7988
2012-03-14,1.7913
2012-03-15,1.8034
2012-03-16,1.7994
2012-03-19,1.7975
2012-03-20,1.8207
2012-03-21,1.8141
2012-03-22,1.8192
2012-03-23,1.8181
2012-03-25,1.8093
2012-03-26,1.8171
2012-03-27,1.8212
2012-03-28,1.8234
2012-03-29,1.8208
2012-04-01,1.8257
2012-04-02,1.8328
2012-04-03,1.8292
2012-04-04,1.8275
2012-04-05,1.8229
2012-04-08,1.8219
2012-04-09,1.819
2012-04-10,1.8325
2012-04-11,1.8346
2012-04-12,1.8262
2012-04-15,1.8374
2012-04-16,1.8457
2012-04-17,1.8584
2012-04-18,1.8777
2012-04-19,1.8795
2012-04-22,1.8718
2012-04-23,1.8798
2012-04-24,1.8793
2012-04-25,1.8788
2012-04-26,1.8838
2012-04-29,1.886
2012-04-30,1.9058
2012-05-01,1.9064
2012-05-02,1.9222
2012-05-03,1.9098
2012-05-06,1.9269
2012-05-07,1.9188
2012-05-08,1.9379
2012-05-09,1.9695
2012-05-10,1.952
2012-05-13,1.9652
2012-05-14,1.9926
2012-05-15,1.9999
2012-05-16,1.9994
2012-05-17,2.0077
2012-05-20,2.022
2012-05-21,2.0323
2012-05-22,2.0873
2012-05-23,2.0271
2012-05-24,2.0274
2012-05-27,1.9847
2012-05-28,1.9819
2012-05-29,1.992
2012-05-30,2.0149
2012-05-31,2.0253
2012-06-03,2.0388
2012-06-04,2.0529
2012-06-05,2.0215
2012-06-06,2.0316
2012-06-07,2.0296
2012-06-10,2.022
2012-06-11,2.0637
2012-06-12,2.0668
2012-06-13,2.0709
2012-06-14,2.0578
2012-06-17,2.0482
2012-06-18,2.0601
2012-06-19,2.0279
2012-06-20,2.0225
2012-06-21,2.0622
2012-06-24,2.066
2012-06-25,2.0603
2012-06-26,2.0747
2012-06-27,2.0745
2012-06-28,2.0768
2012-07-01,2.0087
2012-07-02,1.9846
2012-07-03,2.0084
2012-07-04,2.0263
2012-07-05,2.0187
2012-07-08,2.0276
2012-07-09,2.0314
2012-07-10,2.0325
2012-07-11,2.0352
2012-07-12,2.0367
2012-07-15,2.0373
2012-07-16,2.0341
2012-07-17,2.0206
2012-07-18,2.0185
2012-07-19,2.0112
2012-07-22,2.0229
2012-07-23,2.0364
2012-07-24,2.0455
2012-07-25,2.0327
2012-07-26,2.0201
2012-07-29,2.0209
2012-07-30,2.0403
2012-07-31,2.0567
2012-08-01,2.0421
2012-08-02,2.0484
2012-08-05,2.027
2012-08-06,2.0285
2012-08-07,2.0271
2012-08-08,2.0211
2012-08-09,2.0171
2012-08-12,2.0139
2012-08-13,2.0197
2012-08-14,2.0258
2012-08-15,2.0236
2012-08-16,2.0151
2012-08-19,2.0145
2012-08-20,2.0143
2012-08-21,2.0109
2012-08-22,2.0153
2012-08-23,2.0228
2012-08-26,2.0231
2012-08-27,2.031
2012-08-28,2.0409
2012-08-29,2.047
2012-08-30,2.0455
2012-09-02,2.0277
2012-09-03,2.0286
2012-09-04,2.0367
2012-09-05,2.0362
2012-09-06,2.025
2012-09-09,2.0253
2012-09-10,2.0193
2012-09-11,2.0119
2012-09-12,2.0238
2012-09-13,2.0182
2012-09-16,2.0093
2012-09-17,2.0303
2012-09-18,2.0199
2012-09-19,2.0215
2012-09-20,2.0181
2012-09-23,2.0188
2012-09-24,2.0235
2012-09-25,2.0282
2012-09-26,2.0332
2012-09-27,2.027
2012-09-30,2.0226
2012-10-01,2.023
2012-10-02,2.0251
2012-10-03,2.0187
2012-10-04,2.0161
2012-10-07,1.9974
2012-10-08,2.0287
2012-10-09,2.0307
2012-10-10,2.0394
2012-10-11,2.0391
2012-10-14,2.0419
2012-10-15,2.0355
2012-10-16,2.0334
2012-10-17,2.0299
2012-10-18,2.026
2012-10-21,2.026
2012-10-22,2.023
2012-10-23,2.0254
2012-10-24,2.0241
2012-10-25,2.024
2012-10-29,2.0252
2012-10-30,2.0309
2012-10-31,2.029
2012-11-01,2.0279
2012-11-02,2.0295
2012-11-05,2.0288
2012-11-06,2.0342
2012-11-07,2.0291
2012-11-08,2.033
2012-11-09,2.0372
2012-11-12,2.0445
2012-11-13,2.0493
2012-11-14,2.0572
2012-11-15,2.0637
2012-11-16,2.0648
2012-11-19,2.0806
2012-11-20,2.0772
2012-11-21,2.0802
2012-11-22,2.0956
2012-11-23,2.1033
2012-11-26,2.0801
2012-11-27,2.0813
2012-11-28,2.083
2012-11-29,2.0919
2012-11-30,2.0956
2012-12-03,2.1339
2012-12-04,2.1191
2012-12-05,2.1183
2012-12-06,2.0871
2012-12-07,2.076
2012-12-10,2.0735
2012-12-11,2.0762
2012-12-12,2.0756
2012-12-13,2.0704
2012-12-14,2.0843
2012-12-17,2.0851
2012-12-18,2.0951
2012-12-19,2.088
2012-12-20,2.0692
2012-12-21,2.0693
2012-12-24,2.0563
2012-12-25,2.0749
2012-12-26,2.0771
2012-12-27,2.048
2012-12-28,2.0417
2012-12-31,2.0451
2013-01-01,2.0507
2013-01-02,2.0456
2013-01-03,2.0456
2013-01-04,2.0487
2013-01-07,2.0324
2013-01-08,2.0264
2013-01-09,2.0401
2013-01-10,2.0477
2013-01-11,2.0277
2013-01-14,2.0297
2013-01-15,2.0324
2013-01-16,
2013-01-17,2.0408
2013-01-18,2.0371
2013-01-21,2.0298
2013-01-22,2.0387
2013-01-23,2.041
2013-01-24,2.0339
2013-01-25,2.0285
2013-01-28,2.0285
2013-01-29,1.9941
2013-01-30,1.9864
2013-01-31,1.9883
2013-02-01,1.9906
2013-02-04,1.9864
2013-02-05,1.9947
2013-02-06,1.9829
2013-02-07,1.9859
2013-02-08,1.9635
2013-02-11,1.9701
2013-02-12,1.9707
2013-02-13,1.9688
2013-02-14,1.9641
2013-02-15,1.9562
2013-02-18,1.9652
2013-02-19,1.9597
2013-02-20,1.9539
2013-02-21,1.9601
2013-02-22,1.9718
2013-02-25,1.9691
2013-02-26,1.9805
2013-02-27,1.9821
2013-02-28,1.9744
2013-03-01,1.9777
2013-03-04,1.9811
2013-03-05,1.9711
2013-03-06,1.9625
2013-03-07,1.9707
2013-03-08,1.9595
2013-03-11,1.9419
2013-03-12,1.9573
2013-03-13,1.9656
2013-03-14,1.9715
2013-03-15,1.972
2013-03-18,1.9788
2013-03-19,1.9828
2013-03-20,1.9826
2013-03-21,1.9844
2013-03-22,2.0051
2013-03-25,2.0065
2013-03-26,2.006
2013-03-27,2.0149
2013-03-28,2.0102
2013-03-29,2.0192
2013-03-31,2.019
2013-04-01,2.0151
2013-04-02,2.0186
2013-04-03,2.021
2013-04-04,2.0128
2013-04-07,1.9832
2013-04-08,1.9897
2013-04-09,1.9806
2013-04-10,1.9732
2013-04-11,1.9748
2013-04-14,1.9662
2013-04-15,1.998
2013-04-16,1.9846
2013-04-17,1.9971
2013-04-18,1.9817
2013-04-21,2.0052
2013-04-22,2.0159
2013-04-23,2.0184
2013-04-24,2.0087
2013-04-25,1.9993
2013-04-28,1.9933
2013-04-29,2.0057
2013-04-30,2.0015
2013-05-01,2.0017
2013-05-02,2.0069
2013-05-05,2.0054
2013-05-06,2.0059
2013-05-07,2.0058
2013-05-08,2.0007
2013-05-09,2.0093
2013-05-12,2.0138
2013-05-13,2.0062
2013-05-14,2.0184
2013-05-15,2.0199
2013-05-16,2.0226
2013-05-19,2.0312
2013-05-20,2.0357
2013-05-21,2.0328
2013-05-22,2.0456
2013-05-23,2.0411
2013-05-26,2.0469
2013-05-27,2.0535
2013-05-28,2.0738
2013-05-29,2.1073
2013-05-30,2.1077
2013-06-02,2.0899
2013-06-03,2.1213
2013-06-04,2.124
2013-06-05,2.1251
2013-06-06,2.1274
2013-06-09,2.1274
2013-06-10,2.1274
2013-06-11,2.1274
2013-06-12,2.1527
2013-06-13,2.1168
2013-06-16,2.0964
2013-06-17,2.1678
2013-06-18,2.1776
2013-06-19,2.2242
2013-06-20,2.2557
2013-06-23,2.2385
2013-06-24,2.2256
2013-06-25,2.2102
2013-06-26,2.1862
2013-06-27,2.1959
2013-06-30,2.1892
2013-07-01,2.2231
2013-07-02,2.2472
2013-07-03,2.2634
2013-07-04,2.246
2013-07-07,2.2475
2013-07-08,2.2615
2013-07-09,2.2541
2013-07-10,2.2704
2013-07-11,2.252
2013-07-14,2.2619
2013-07-15,2.2163
2013-07-16,2.2488
2013-07-17,2.2229
2013-07-18,2.2218
2013-07-21,2.2448
2013-07-22,2.2302
2013-07-23,2.21
2013-07-24,2.2436
2013-07-25,2.2407
2013-07-28,2.2544
2013-07-29,2.2666
2013-07-30,2.2794
2013-07-31,2.2737
2013-08-01,2.3012
2013-08-04,2.284
2013-08-05,2.3026
2013-08-06,2.2952
2013-08-07,2.3041
2013-08-08,2.2785
2013-08-11,2.2686
2013-08-12,2.2845
2013-08-13,2.3107
2013-08-14,2.3215
2013-08-15,2.3378
2013-08-18,2.3875
2013-08-19,2.4096
2013-08-20,2.3939
2013-08-21,2.4478
2013-08-22,2.4325
2013-08-25,2.3455
2013-08-26,2.3762
2013-08-27,2.3684
2013-08-28,2.3425
2013-08-29,2.3561
2013-09-01,2.3807
2013-09-02,2.3748
2013-09-03,2.356
2013-09-04,2.3578
2013-09-05,2.3204
2013-09-08,2.3006
2013-09-09,2.2739
2013-09-10,2.2823
2013-09-11,2.2718
2013-09-12,2.2726
2013-09-15,2.2767
2013-09-16,2.2814
2013-09-17,2.2503
2013-09-18,2.1828
2013-09-19,2.1973
2013-09-22,2.2075
2013-09-23,2.1958
2013-09-24,2.1947
2013-09-25,2.2233
2013-09-26,2.239
2013-09-29,2.2227
2013-09-30,2.217
2013-10-01,2.2126
2013-10-02,2.1896
2013-10-03,2.2049
2013-10-06,2.2075
2013-10-07,
2013-10-08,2.2051
2013-10-09,2.2026
2013-10-10,2.1772
2013-10-13,2.171
2013-10-14,2.1789
2013-10-15,2.1773
2013-10-16,2.1781
2013-10-17,2.1585
2013-10-20,2.1455
2013-10-21,2.1706
2013-10-22,2.1696
2013-10-23,2.1863
2013-10-24,2.2006
2013-10-28,2.1844
2013-10-29,2.1775
2013-10-30,2.182
2013-10-31,2.1811
2013-11-01,2.2318
2013-11-04,2.2517
2013-11-05,2.2408
2013-11-06,2.2773
2013-11-07,2.2825
2013-11-08,2.3029
2013-11-11,2.3093
2013-11-12,2.3278
2013-11-13,2.3304
2013-11-14,2.329
2013-11-15,2.3113
2013-11-18,2.3159
2013-11-19,2.2604
2013-11-20,2.2688
2013-11-21,2.2687
2013-11-22,2.3021
2013-11-25,2.2738
2013-11-26,2.2808
2013-11-27,2.2938
2013-11-28,2.327
2013-11-29,2.3149
2013-12-02,2.3308
2013-12-03,2.3533
2013-12-04,2.373
2013-12-05,2.388
2013-12-06,2.3562
2013-12-09,2.3218
2013-12-10,2.317
2013-12-11,2.306
2013-12-12,2.3387
2013-12-13,2.332
2013-12-16,2.325
2013-12-17,2.3229
2013-12-18,2.3164
2013-12-19,2.3289
2013-12-20,2.3545
2013-12-23,2.3827
2013-12-24,2.354
2013-12-25,2.3552
2013-12-26,2.3545
2013-12-27,2.3523
2013-12-30,2.3335
2013-12-31,2.3593
2014-01-01,2.3592
2014-01-02,2.3571
2014-01-03,2.3847
2014-01-06,2.3715
2014-01-07,2.3737
2014-01-08,2.3687
2014-01-09,2.392
2014-01-10,2.388
2014-01-13,2.3535
2014-01-14,2.3568
2014-01-15,2.3516
2014-01-16,2.3555
2014-01-17,2.3606
2014-01-20,2.3475
2014-01-21,2.3405
2014-01-22,2.3578
2014-01-23,2.3696
2014-01-24,2.3909
2014-01-27,2.3932
2014-01-28,2.4184
2014-01-29,2.4234
2014-01-30,2.4324
2014-01-31,2.4088
2014-02-03,2.4223
2014-02-04,2.4372
2014-02-05,2.4064
2014-02-06,2.3955
2014-02-07,2.3795
2014-02-10,2.3752
2014-02-11,2.4062
2014-02-12,2.4014
2014-02-13,2.417
2014-02-14,2.391
2014-02-17,2.3841
2014-02-18,2.3818
2014-02-19,2.3861
2014-02-20,2.389
2014-02-21,2.3696
2014-02-24,2.3406
2014-02-25,2.3363
2014-02-26,2.3388
2014-02-27,2.348
2014-02-28,2.319
2014-03-03,2.3334
2014-03-04,2.3411
2014-03-05,2.3378
2014-03-06,2.3173
2014-03-07,2.32
2014-03-10,2.3356
2014-03-11,2.3432
2014-03-12,2.3594
2014-03-13,2.3523
2014-03-14,2.3611
2014-03-17,2.3405
2014-03-18,2.3461
2014-03-19,2.3294
2014-03-20,2.3446
2014-03-21,2.3233
2014-03-24,2.3198
2014-03-25,2.3186
2014-03-26,2.3091
2014-03-27,2.2929
2014-03-28,2.2562
2014-03-30,2.2561
2014-03-31,2.2693
2014-04-01,2.2583
2014-04-02,2.265
2014-04-03,2.2765
2014-04-06,2.2308
2014-04-07,2.2143
2014-04-08,2.1989
2014-04-09,2.1813
2014-04-10,2.2039
2014-04-13,2.2139
2014-04-14,2.2123
2014-04-15,2.2336
2014-04-16,2.2382
2014-04-17,2.2282
2014-04-20,2.2282
2014-04-21,2.2282
2014-04-22,2.237
2014-04-23,2.2179
2014-04-24,2.209
2014-04-27,2.2388
2014-04-28,2.2203
2014-04-29,2.2332
2014-04-30,2.228
2014-05-01,2.2307
2014-05-04,2.215
2014-05-05,2.2423
2014-05-06,2.227
2014-05-07,2.214
2014-05-08,2.213
2014-05-11,2.2075
2014-05-12,2.2099
2014-05-13,2.2116
2014-05-14,2.1997
2014-05-15,2.2156
2014-05-18,2.2103
2014-05-19,2.2029
2014-05-20,2.2128
2014-05-21,2.2051
2014-05-22,2.2108
2014-05-25,2.219
2014-05-26,2.2211
2014-05-27,2.2328
2014-05-28,2.2276
2014-05-29,2.2236
2014-06-01,2.2368
2014-06-02,2.2738
2014-06-03,2.2766
2014-06-04,2.2754
2014-06-05,2.2563
2014-06-08,2.2428
2014-06-09,2.2262
2014-06-10,2.2191
2014-06-11,2.2304
2014-06-12,2.227
2014-06-15,2.2196
2014-06-16,2.2298
2014-06-17,2.2588
2014-06-18,2.2197
2014-06-19,2.2195
2014-06-22,2.2268
2014-06-23,2.213
2014-06-24,2.2216
2014-06-25,2.2048
2014-06-26,2.1939
2014-06-29,2.1918
2014-06-30,2.2117
2014-07-01,2.1981
2014-07-02,2.2223
2014-07-03,2.2068
2014-07-06,2.2098
2014-07-07,2.2225
2014-07-08,2.2094
2014-07-09,2.2074
2014-07-10,2.2186
2014-07-13,2.2175
2014-07-14,2.2073
2014-07-15,2.2158
2014-07-16,2.2207
2014-07-17,2.2554
2014-07-20,2.2223
2014-07-21,2.2182
2014-07-22,2.2083
2014-07-23,2.2159
2014-07-24,2.2153
2014-07-27,2.2221
2014-07-28,2.2193
2014-07-29,2.227
2014-07-30,2.2437
2014-07-31,2.2603
2014-08-03,2.2523
2014-08-04,2.254
2014-08-05,2.2763
2014-08-06,2.2707
2014-08-07,2.2941
2014-08-10,2.279
2014-08-11,2.2724
2014-08-12,2.2749
2014-08-13,2.2785
2014-08-14,2.2639
2014-08-17,2.2456
2014-08-18,2.2552
2014-08-19,2.2435
2014-08-20,2.2573
2014-08-21,2.2668
2014-08-24,2.2729
2014-08-25,2.2829
2014-08-26,2.2586
2014-08-27,2.2436
2014-08-28,2.2372
2014-08-31,2.2316
2014-09-01,2.2431
2014-09-02,2.2398
2014-09-03,2.234
2014-09-04,2.2393
2014-09-07,2.2378
2014-09-08,2.265
2014-09-09,2.2832
2014-09-10,2.2852
2014-09-11,2.2949
2014-09-14,2.2719
2014-09-15,2.3395
2014-09-16,2.3337
2014-09-17,2.3553
2014-09-18,2.3632
2014-09-21,2.365
2014-09-22,2.3957
2014-09-23,2.4097
2014-09-24,2.3794
2014-09-25,2.4252
2014-09-28,2.4198
2014-09-29,2.4435
2014-09-30,2.4359
2014-10-01,2.4817
2014-10-02,2.4921
2014-10-05,2.4549
2014-10-06,2.4253
2014-10-07,2.3932
2014-10-08,2.374
2014-10-09,2.3949
2014-10-12,2.386
2014-10-13,2.3905
2014-10-14,2.3961
2014-10-15,2.4524
2014-10-16,2.4659
2014-10-19,2.4307
2014-10-20,2.4622
2014-10-21,2.478
2014-10-22,2.4843
2014-10-23,2.4957
2014-10-27,2.4689
2014-10-28,2.5196
2014-10-29,2.4582
2014-10-30,2.4578
2014-10-31,2.4016
2014-11-03,2.4135
2014-11-04,2.4923
2014-11-05,2.4939
2014-11-06,2.5013
2014-11-07,2.5666
2014-11-10,2.5489
2014-11-11,2.5494
2014-11-12,2.5544
2014-11-13,2.5631
2014-11-14,2.5859
2014-11-17,2.5968
2014-11-18,2.6047
2014-11-19,2.5791
2014-11-20,2.5689
2014-11-21,2.5697
2014-11-24,2.512
2014-11-25,2.5425
2014-11-26,2.5271
2014-11-27,2.4979
2014-11-28,2.5272
2014-12-01,2.5315
2014-12-02,2.557
2014-12-03,2.5649
2014-12-04,2.5491
2014-12-05,2.5883
2014-12-08,2.5861
2014-12-09,2.5966
2014-12-10,2.5895
2014-12-11,2.6131
2014-12-12,2.6467
2014-12-15,2.6496
2014-12-16,2.6921
2014-12-17,2.7352
2014-12-18,2.712
2014-12-19,2.6593
2014-12-22,2.6565
2014-12-23,2.6624
2014-12-24,2.6912
2014-12-25,2.6912
2014-12-26,2.6952
2014-12-29,2.6927
2014-12-30,2.6993
2014-12-31,2.6541
2015-01-01,2.6542
2015-01-02,2.6532
2015-01-05,2.6912
2015-01-06,2.7031
2015-01-07,2.6966
2015-01-08,2.6808
2015-01-09,2.6597
2015-01-12,2.6264
2015-01-13,2.6702
2015-01-14,2.6396
2015-01-15,2.6121
2015-01-16,2.6387
2015-01-19,2.6169
2015-01-20,2.6481
2015-01-21,2.611
2015-01-22,2.5971
2015-01-23,2.5707
2015-01-26,2.5778
2015-01-27,2.5799
2015-01-28,2.5693
2015-01-29,2.5731
2015-01-30,2.6002
2015-02-02,2.6788
2015-02-03,2.7236
2015-02-04,2.6911
2015-02-05,2.7383
2015-02-06,2.7416
2015-02-09,2.7796
2015-02-10,2.7663
2015-02-11,2.8311
2015-02-12,2.8655
2015-02-13,2.817
2015-02-16,2.8309
2015-02-17,2.826
2015-02-18,2.8257
2015-02-19,2.834
2015-02-20,2.8633
2015-02-23,2.8641
2015-02-24,2.8747
2015-02-25,2.857
2015-02-26,2.8688
2015-02-27,2.905
2015-03-02,2.8368
2015-03-03,2.8927
2015-03-04,2.9279
2015-03-05,2.9714
2015-03-06,3.0001
2015-03-09,3.057
2015-03-10,3.1227
2015-03-11,3.1016
2015-03-12,3.1269
2015-03-13,3.1631
2015-03-16,3.245
2015-03-17,3.2428
2015-03-18,3.2462
2015-03-19,3.2181
2015-03-20,3.2904
2015-03-23,3.2246
2015-03-24,3.1283
2015-03-25,3.1362
2015-03-26,3.1973
2015-03-27,3.1795
2015-03-29,3.2412
2015-03-30,3.226
2015-03-31,3.1885
2015-04-01,3.1643
2015-04-02,3.1222
2015-04-05,3.1216
2015-04-06,3.1216
2015-04-07,3.1251
2015-04-08,3.0461
2015-04-09,3.0553
2015-04-12,3.0718
2015-04-13,3.1192
2015-04-14,3.0646
2015-04-15,3.0259
2015-04-16,3.0186
2015-04-19,3.0367
2015-04-20,3.0294
2015-04-21,3.026
2015-04-22,3.0052
2015-04-23,2.9685
2015-04-26,2.9483
2015-04-27,2.9131
2015-04-28,2.9348
2015-04-29,2.9527
2015-04-30,3.0111
2015-05-03,3.0111
2015-05-04,3.083
2015-05-05,3.0531
2015-05-06,3.0287
2015-05-07,3.0213
2015-05-10,2.9712
2015-05-11,3.0564
2015-05-12,3.0175
2015-05-13,3.0365
2015-05-14,2.9899
2015-05-17,2.9914
2015-05-18,3.0058
2015-05-19,3.0316
2015-05-20,3.0017
2015-05-21,3.0367
2015-05-24,3.089
2015-05-25,3.0932
2015-05-26,3.148
2015-05-27,3.1379
2015-05-28,3.1584
2015-05-31,3.1758
2015-06-01,3.1695
2015-06-02,3.1286
2015-06-03,3.1332
2015-06-04,3.1402
2015-06-07,3.1396
2015-06-08,3.1099
2015-06-09,3.0955
2015-06-10,3.114
2015-06-11,3.0871
2015-06-14,3.1168
2015-06-15,3.1235
2015-06-16,3.0869
2015-06-17,3.0504
2015-06-18,3.0578
2015-06-21,3.0932
2015-06-22,3.0844
2015-06-23,3.0738
2015-06-24,3.0949
2015-06-25,3.1244
2015-06-28,3.1257
2015-06-29,3.115
2015-06-30,3.108
2015-07-01,3.1455
2015-07-02,3.094
2015-07-05,3.1292
2015-07-06,3.1351
2015-07-07,3.1787
2015-07-08,3.2317
2015-07-09,3.2211
2015-07-12,3.1556
2015-07-13,3.1312
2015-07-14,3.1365
2015-07-15,3.1356
2015-07-16,3.1506
2015-07-19,3.1852
2015-07-20,3.1945
2015-07-21,3.1719
2015-07-22,3.2198
2015-07-23,3.2842
2015-07-26,3.356
2015-07-27,3.3617
2015-07-28,3.3545
2015-07-29,3.3239
2015-07-30,3.3708
2015-08-02,3.4194
2015-08-03,3.4488
2015-08-04,3.4663
2015-08-05,3.4838
2015-08-06,3.5316
2015-08-09,3.5316
2015-08-10,3.4357
2015-08-11,3.471
2015-08-12,3.4751
2015-08-13,3.5193
2015-08-16,3.4779
2015-08-17,3.4766
2015-08-18,3.4649
2015-08-19,3.4883
2015-08-20,3.4578
2015-08-23,3.498
2015-08-24,3.5481
2015-08-25,3.6115
2015-08-26,3.5941
2015-08-27,3.5502
2015-08-30,3.5787
2015-08-31,3.6192
2015-09-01,3.6925
2015-09-02,3.7539
2015-09-03,3.735
2015-09-06,3.8397
2015-09-07,3.835
2015-09-08,3.8159
2015-09-09,3.7787
2015-09-10,3.8481
2015-09-13,3.8682
2015-09-14,3.8107
2015-09-15,3.8597
2015-09-16,3.8286
2015-09-17,3.8914
2015-09-20,3.939
2015-09-21,
2015-09-22,4.0477
2015-09-23,4.1751
2015-09-24,3.933
2015-09-27,3.9676
2015-09-28,4.1037
2015-09-29,4.0544
2015-09-30,3.9457
2015-10-01,3.9988
2015-10-04,3.9275
2015-10-05,3.9099
2015-10-06,3.849
2015-10-07,3.8803
2015-10-08,3.7819
2015-10-11,3.7591
2015-10-12,3.7605
2015-10-13,3.8888
2015-10-14,3.8071
2015-10-15,3.7925
2015-10-18,3.9207
2015-10-19,3.8878
2015-10-20,3.9023
2015-10-21,3.9367
2015-10-22,3.9023
2015-10-26,3.8756
2015-10-27,3.9039
2015-10-28,3.8834
2015-10-29,3.8972
2015-10-30,3.8447
2015-11-02,3.8514
2015-11-03,3.8702
2015-11-04,3.7671
2015-11-05,3.7956
2015-11-06,3.7801
2015-11-09,3.7663
2015-11-10,3.7991
2015-11-11,3.7454
2015-11-12,3.7629
2015-11-13,3.7669
2015-11-16,3.8406
2015-11-17,3.8256
2015-11-18,3.8083
2015-11-19,3.7671
2015-11-20,3.7612
2015-11-23,3.6996
2015-11-24,3.7289
2015-11-25,3.6962
2015-11-26,3.7394
2015-11-27,3.7384
2015-11-30,3.8414
2015-12-01,3.8666
2015-12-02,3.8506
2015-12-03,3.8323
2015-12-04,3.7559
2015-12-07,3.751
2015-12-08,3.7595
2015-12-09,3.8145
2015-12-10,3.7427
2015-12-11,3.8078
2015-12-14,3.8127
2015-12-15,3.8844
2015-12-16,3.9059
2015-12-17,3.8929
2015-12-18,3.8763
2015-12-21,3.9784
2015-12-22,4.0114
2015-12-23,3.9852
2015-12-24,3.941
2015-12-25,3.913
2015-12-28,3.9082
2015-12-29,3.8551
2015-12-30,3.8641
2015-12-31,3.9567
2016-01-01,3.95
2016-01-04,3.9491
2016-01-05,4.0373
2016-01-06,4.0269
2016-01-07,4.0199
2016-01-08,4.0415
2016-01-11,3.9932
2016-01-12,4.0504
2016-01-13,4.0252
2016-01-14,4.0141
2016-01-15,4.0059
2016-01-18,4.0043
2016-01-19,4.0523
2016-01-20,4.0584
2016-01-21,4.1014
2016-01-22,4.1535
2016-01-25,4.0895
2016-01-26,4.0879
2016-01-27,4.0669
2016-01-28,4.1049
2016-01-29,4.067
2016-02-01,3.9971
2016-02-02,3.9597
2016-02-03,3.9853
2016-02-04,3.8923
2016-02-05,3.8862
2016-02-08,3.8985
2016-02-09,3.8916
2016-02-10,3.8815
2016-02-11,3.9263
2016-02-12,3.9875
2016-02-15,3.9682
2016-02-16,3.995
2016-02-17,4.0625
2016-02-18,3.9809
2016-02-19,4.0246
2016-02-22,4.0164
2016-02-23,3.9428
2016-02-24,3.9535
2016-02-25,3.9544
2016-02-26,3.9519
2016-02-29,3.9647
2016-03-01,4.0129
2016-03-02,3.922
2016-03-03,3.8893
2016-03-04,3.7961
2016-03-07,3.7688
2016-03-08,3.7811
2016-03-09,3.7527
2016-03-10,3.6769
2016-03-11,3.614
2016-03-14,3.5717
2016-03-15,3.655
2016-03-16,3.7623
2016-03-17,3.7366
2016-03-18,3.6206
2016-03-21,3.6211
2016-03-22,3.6126
2016-03-23,3.5778
2016-03-24,3.6801
2016-03-25,3.6772
2016-03-27,3.6835
2016-03-28,3.6772
2016-03-29,3.6349
2016-03-30,3.5961
2016-03-31,3.5865
2016-04-03,3.5486
2016-04-04,3.6172
2016-04-05,3.6737
2016-04-06,3.6364
2016-04-07,3.6826
2016-04-10,3.5862
2016-04-11,3.4885
2016-04-12,3.4825
2016-04-13,3.4935
2016-04-14,3.4725
2016-04-17,3.531
2016-04-18,3.6099
2016-04-19,3.5253
2016-04-20,3.5244
2016-04-21,3.5244
2016-04-24,3.5623
2016-04-25,3.5504
2016-04-26,3.5202
2016-04-27,3.5215
2016-04-28,3.4797
2016-05-01,3.4328
2016-05-02,3.4965
2016-05-03,3.5549
2016-05-04,3.5454
2016-05-05,3.5331
2016-05-08,3.499
2016-05-09,3.513
2016-05-10,3.4704
2016-05-11,3.447
2016-05-12,3.4771
2016-05-15,3.5302
2016-05-16,3.4945
2016-05-17,3.4861
2016-05-18,3.5585
2016-05-19,3.5609
2016-05-22,3.5573
2016-05-23,3.5665
2016-05-24,3.5673
2016-05-25,3.5769
2016-05-26,3.5827
2016-05-29,3.6089
2016-05-30,3.5674
2016-05-31,3.5832
2016-06-01,3.591
2016-06-02,3.5801
2016-06-05,3.5245
2016-06-06,3.4845
2016-06-07,3.4349
2016-06-08,3.3575
2016-06-09,3.3959
2016-06-12,3.4158
2016-06-13,3.4773
2016-06-14,3.4751
2016-06-15,3.4693
2016-06-16,3.4612
2016-06-19,3.4128
2016-06-20,3.3917
2016-06-21,3.4121
2016-06-22,3.3743
2016-06-23,3.337
2016-06-26,3.3677
2016-06-27,3.3893
2016-06-28,3.3025
2016-06-29,3.2376
2016-06-30,3.2059
2016-07-03,3.2306
2016-07-04,3.2885
2016-07-05,3.2991
2016-07-06,3.327
2016-07-07,3.3611
2016-07-10,3.2977
2016-07-11,3.3072
2016-07-12,3.2935
2016-07-13,3.2616
2016-07-14,3.2484
2016-07-17,3.2766
2016-07-18,3.2494
2016-07-19,3.2479
2016-07-20,3.2527
2016-07-21,3.2686
2016-07-24,3.2515
2016-07-25,3.2821
2016-07-26,3.27
2016-07-27,3.2586
2016-07-28,3.2819
2016-07-31,3.2462
2016-08-01,3.2584
2016-08-02,3.2528
2016-08-03,3.2346
2016-08-04,3.1869
2016-08-07,3.1607
2016-08-08,3.1686
2016-08-09,3.1429
2016-08-10,3.1247
2016-08-11,3.139
2016-08-14,3.1905
2016-08-15,3.1848
2016-08-16,3.2012
2016-08-17,3.2048
2016-08-18,3.2379
2016-08-21,3.2045
2016-08-22,3.1987
2016-08-23,3.2355
2016-08-24,3.2233
2016-08-25,3.2283
2016-08-28,3.2641
2016-08-29,3.2276
2016-08-30,3.2368
2016-08-31,3.226
2016-09-01,3.2532
2016-09-04,3.2561
2016-09-05,3.2672
2016-09-06,3.1963
2016-09-07,3.1907
2016-09-08,3.2149
2016-09-11,3.2717
2016-09-12,3.2469
2016-09-13,3.3141
2016-09-14,3.3435
2016-09-15,3.2998
2016-09-18,3.2655
2016-09-19,3.2712
2016-09-20,3.2561
2016-09-21,3.2096
2016-09-22,3.217
2016-09-25,3.2432
2016-09-26,3.2406
2016-09-27,3.2326
2016-09-28,3.2178
2016-09-29,3.2593
2016-10-02,3.2598
2016-10-03,3.2087
2016-10-04,3.2545
2016-10-05,3.2185
2016-10-06,3.2272
2016-10-09,3.2193
2016-10-10,3.2027
2016-10-11,3.1959
2016-10-12,3.2007
2016-10-13,3.1773
2016-10-16,3.202
2016-10-17,3.2042
2016-10-18,3.1817
2016-10-19,3.1661
2016-10-20,3.1391
2016-10-23,3.1489
2016-10-24,3.1245
2016-10-25,3.1104
2016-10-26,3.1388
2016-10-27,3.1653
2016-10-31,3.2031
2016-11-01,3.1982
2016-11-02,3.2351
2016-11-03,3.2526
2016-11-04,3.2584
2016-11-07,3.2323
2016-11-08,3.2009
2016-11-09,3.1681
2016-11-10,3.233
2016-11-11,3.3956
2016-11-14,3.39
2016-11-15,3.4403
2016-11-16,3.4417
2016-11-17,3.4507
2016-11-18,3.4324
2016-11-21,3.3823
2016-11-22,3.3874
2016-11-23,3.3636
2016-11-24,3.4311
2016-11-25,3.3907
2016-11-28,3.421
2016-11-29,3.4072
2016-11-30,3.4538
2016-12-01,3.4063
2016-12-02,3.573
2016-12-05,3.4747
2016-12-06,3.42
2016-12-07,3.4063
2016-12-08,3.3816
2016-12-09,3.3737
2016-12-12,3.377
2016-12-13,3.3373
2016-12-14,3.3342
2016-12-15,3.369
2016-12-16,3.3657
2016-12-19,3.3904
2016-12-20,3.3639
2016-12-21,3.3531
2016-12-22,3.3254
2016-12-23,3.2863
2016-12-26,3.2695
2016-12-27,3.2696
2016-12-28,3.2694
2016-12-29,3.2825
2016-12-30,3.2523
2017-01-02,3.2532
2017-01-03,3.284
2017-01-04,3.2635
2017-01-05,3.2141
2017-01-06,3.1977
2017-01-09,3.2222
2017-01-10,3.1955
2017-01-11,3.1945
2017-01-12,3.1963
2017-01-13,3.1868
2017-01-16,3.1868
2017-01-17,3.2405
2017-01-18,3.2098
2017-01-19,3.2296
2017-01-20,3.1949
2017-01-23,3.1423
2017-01-24,3.1617
2017-01-25,3.1687
2017-01-26,3.1685
2017-01-27,3.1761
2017-01-30,3.1096
2017-01-31,3.1255
2017-02-01,3.1501
2017-02-02,3.128
2017-02-03,3.1225
2017-02-06,3.1195
2017-02-07,3.1137
2017-02-08,3.1167
2017-02-09,3.1159
2017-02-10,3.1288
2017-02-13,3.1071
2017-02-14,3.1101
2017-02-15,3.0812
2017-02-16,3.0561
2017-02-17,3.0875
2017-02-20,3.0955
2017-02-21,3.0855
2017-02-22,3.0939
2017-02-23,3.0623
2017-02-24,3.0603
2017-02-27,3.0946
2017-02-28,3.1053
2017-03-01,3.108
2017-03-02,3.0882
2017-03-03,3.1546
2017-03-06,3.12
2017-03-07,3.1372
2017-03-08,3.1159
2017-03-09,3.1593
2017-03-10,3.1913
2017-03-13,3.1475
2017-03-14,3.1524
2017-03-15,3.1637
2017-03-16,3.0999
2017-03-17,3.1193
2017-03-20,3.0866
2017-03-21,3.071
2017-03-22,3.0868
2017-03-23,3.0848
2017-03-24,3.1381
2017-03-26,3.1097
2017-03-27,3.1252
2017-03-28,3.1384
2017-03-29,3.1221
2017-03-30,3.1477
2017-04-02,3.1218
2017-04-03,3.113
2017-04-04,3.0956
2017-04-05,3.1196
2017-04-06,3.1415
2017-04-09,3.1447
2017-04-10,3.1318
2017-04-11,3.1368
2017-04-12,3.1235
2017-04-13,3.1424
2017-04-16,3.1437
2017-04-17,3.1303
2017-04-18,3.1065
2017-04-19,3.1483
2017-04-20,3.1471
2017-04-23,3.1468
2017-04-24,3.127
2017-04-25,3.1472
2017-04-26,3.1711
2017-04-27,3.1811
2017-04-30,3.1761
2017-05-01,3.1751
2017-05-02,3.1502
2017-05-03,3.1621
2017-05-04,3.1849
2017-05-07,3.1777
2017-05-08,3.1964
2017-05-09,3.1868
2017-05-10,3.1657
2017-05-11,3.139
2017-05-14,3.1777
2017-05-15,3.1082
2017-05-16,3.0958
2017-05-17,3.1334
2017-05-18,3.369
2017-05-21,3.2533
2017-05-22,3.2654
2017-05-23,3.2686
2017-05-24,3.2742
2017-05-25,3.2735
2017-05-28,3.1777
2017-05-29,3.2554
2017-05-30,3.2562
2017-05-31,3.2251
2017-06-01,3.249
2017-06-04,3.2492
2017-06-05,3.2961
2017-06-06,3.276
2017-06-07,3.2673
2017-06-08,3.2596
2017-06-11,3.1777
2017-06-12,3.3167
2017-06-13,3.3144
2017-06-14,3.2726
2017-06-15,3.2736
2017-06-18,3.2886
2017-06-19,3.2811
2017-06-20,3.3255
2017-06-21,3.3334
2017-06-22,3.3397
2017-06-25,3.3415
2017-06-26,3.2948
2017-06-27,3.312
2017-06-28,3.2795
2017-06-29,3.3027
2017-07-02,3.1777
2017-07-03,3.3005
2017-07-04,3.3092
2017-07-05,3.287
2017-07-06,3.2973
2017-07-09,3.1777
2017-07-10,
2017-07-11,3.2531
2017-07-12,3.2068
2017-07-13,3.21
2017-07-16,3.1777
2017-07-17,3.1812
2017-07-18,3.1527
2017-07-19,3.1477
2017-07-20,3.1184
2017-07-23,3.1777
2017-07-24,3.1444
2017-07-25,3.1712
2017-07-26,3.1375
2017-07-27,3.1526
2017-07-30,3.1777
2017-07-31,3.1258
2017-08-01,3.1228
2017-08-02,3.1122
2017-08-03,3.1115
2017-08-06,3.1293
2017-08-07,3.1242
2017-08-08,3.1259
2017-08-09,3.1523
2017-08-10,3.1736
2017-08-13,3.1777
2017-08-14,3.1872
2017-08-15,3.1676
2017-08-16,3.1514
2017-08-17,3.1733
2017-08-20,3.1777
2017-08-21,3.163
2017-08-22,3.1605
2017-08-23,3.1393
2017-08-24,3.1465
2017-08-27,3.1587
2017-08-28,3.1658
2017-08-29,3.1642
2017-08-30,3.1588
2017-08-31,3.146
2017-09-03,3.1777
2017-09-04,3.1394
2017-09-05,3.1158
2017-09-06,3.0979
2017-09-07,3.0976
2017-09-10,3.1777
2017-09-11,3.0997
2017-09-12,3.1219
2017-09-13,3.1316
2017-09-14,3.1181
2017-09-17,3.1097
2017-09-18,3.1349
2017-09-19,3.1328
2017-09-20,3.1306
2017-09-21,3.1345
2017-09-24,3.1235
2017-09-25,3.1573
2017-09-26,3.1639
2017-09-27,3.1919
2017-09-28,3.1809
2017-10-01,3.1634
2017-10-02,3.1529
2017-10-03,3.1408
2017-10-04,3.1332
2017-10-05,3.1524
2017-10-08,3.1555
2017-10-09,3.1868
2017-10-10,3.1778
2017-10-11,3.1697
2017-10-12,3.169
2017-10-15,3.1462
2017-10-17,3.1715
