Date,wr_10
2010-01-04,-0.48101764447504325
2010-01-05,-1.4499579476595141
2010-01-06,-1.1590993229036841
2010-01-07,-1.2678342539837928
2010-01-08,-0.85588540121576
2010-01-11,-0.8084329146468954
2010-01-12,-1.107383580030774
2010-01-13,-1.515474964523052
2010-01-14,-1.458156214756921
2010-01-15,-1.4482609832952826
2010-01-18,-1.2966374424792766
2010-01-19,-1.512765385711142
2010-01-20,-1.6428592691174193
2010-01-21,-1.6020467267203282
2010-01-22,-1.40012155332546
2010-01-25,-0.4683003882777736
2010-01-26,-1.366690395876101
2010-01-27,-1.2820974604590725
2010-01-28,-1.5993640776871894
2010-01-29,-1.6720681702003264
2010-02-01,-1.0173878382248909
2010-02-02,-0.293044819591635
2010-02-03,-0.5989531964821752
2010-02-04,-1.2886840019103392
2010-02-05,-1.3158086575061327
2010-02-08,-0.9135555790484222
2010-02-09,-0.0014201846252494123
2010-02-10,-0.2446562898047641
2010-02-11,-0.2734605654181243
2010-02-12,-0.497493820188732
2010-02-15,-0.2842524112271949
2010-02-16,0.002326713015512746
2010-02-17,0.5350944053188078
2010-02-18,0.673752746310746
2010-02-19,1.0130682668318103
2010-02-22,0.23327878634633903
2010-02-23,-0.1598437004987521
2010-02-24,-0.1298392467348284
2010-02-25,-0.6519167422270412
2010-02-26,0.07927446009307114
2010-03-01,0.3101391057047966
2010-03-02,2.0244805335146387
2010-03-03,0.07985064672619648
2010-03-04,0.06233145855693327
2010-03-05,0.430234410111501
2010-03-08,0.11258804273452891
2010-03-09,0.2364759974786004
2010-03-10,0.6178292568797431
2010-03-11,0.3274286286273159
2010-03-12,0.24099105584597663
2010-03-15,-0.06906245271255927
2010-03-16,-0.2957875072420065
2010-03-17,-0.11051895645915716
2010-03-18,-0.5212558379116992
2010-03-19,-1.4846855170166111
2010-03-22,-1.2647244922420295
2010-03-23,-0.5642456441642217
2010-03-24,-1.0477283273483589
2010-03-25,-1.2647244922420295
2010-03-26,-1.6720681702003264
2010-03-28,-1.1865613205276195
2010-03-29,-0.6943578246525316
2010-03-30,-0.24903085219411364
2010-03-31,0.5389516151992733
2010-04-01,0.3659529782356838
2010-04-04,0.524075308717786
2010-04-05,0.6424077623582427
2010-04-06,-0.23833089894494286
2010-04-07,-0.11365809274882256
2010-04-08,-0.07611796194113112
2010-04-11,0.07456991383607145
2010-04-12,1.6234398722625392
2010-04-13,0.06896842062788516
2010-04-14,-0.1758460758395037
2010-04-15,-0.42388289362124315
2010-04-18,-0.5879072408640064
2010-04-19,-0.2758609217192355
2010-04-20,-0.09583419913571647
2010-04-21,-1.0299656209422394
2010-04-22,-1.4564361624836204
2010-04-25,-0.49122622318027015
2010-04-26,-1.5693862617637993
2010-04-27,-1.1361186968974815
2010-04-28,0.2552358435986398
2010-04-29,-0.02138216776190318
2010-05-02,-0.16636190941988357
2010-05-03,-0.8953149404326403
2010-05-04,-1.3621192497652725
2010-05-05,-1.5003949191834063
2010-05-06,-1.3316220310826727
2010-05-09,0.11140535404101302
2010-05-10,0.09979923566199914
2010-05-11,0.13848629692536876
2010-05-12,0.20618865413626664
2010-05-13,-0.4224760913934888
2010-05-16,-0.4301523866457443
2010-05-17,-0.4422918761909873
2010-05-18,-0.7225426103175014
2010-05-19,-1.4850915787914896
2010-05-20,-0.5849704669106288
2010-05-23,-0.9056851150075911
2010-05-24,-0.8641338879528573
2010-05-25,-0.7544144175241875
2010-05-26,0.18318832977534386
2010-05-27,0.5199366027602705
2010-05-30,0.31257148571020443
2010-05-31,-0.09862235420360653
2010-06-01,-0.0356845215637354
2010-06-02,0.207675097977092
2010-06-03,-0.20142081418205685
2010-06-06,-0.937793456068525
2010-06-07,-1.240804154766916
2010-06-08,-0.7787355668025453
2010-06-09,-0.01632239666133287
2010-06-10,0.0016469373150573368
2010-06-13,0.5613252943933462
2010-06-14,1.0698609567708708
2010-06-15,0.6724658913525093
2010-06-16,0.7089364211988826
2010-06-17,0.9737492238970278
2010-06-20,1.0189241980346195
2010-06-21,0.7198162851446511
2010-06-22,-0.3156967560812924
2010-06-23,-0.2803793917790532
2010-06-24,-0.4580261270776352
2010-06-27,-0.5417531645343729
2010-06-28,-1.6720681702003264
2010-06-29,-0.9143384812168512
2010-06-30,-1.2492466310438017
2010-07-01,-0.22777677407160432
2010-07-04,-0.18172690347040388
2010-07-05,0.09219371111818427
2010-07-06,0.17620618165716076
2010-07-07,-0.05780280280548706
2010-07-08,0.3703526471884047
2010-07-11,0.1356253076642777
2010-07-12,0.2831921221838378
2010-07-13,-0.1879263003614535
2010-07-14,-0.7357712945883157
2010-07-15,-1.6002033108328402
2010-07-18,-1.6720681702003264
2010-07-19,-0.7841141429587445
2010-07-20,-0.6941452327095986
2010-07-21,-0.2560357567137472
2010-07-22,-0.2677708319636346
2010-07-25,-0.46726711121174785
2010-07-26,-0.27559421546355956
2010-07-27,-0.24935585872537874
2010-07-28,-0.3536602803877627
2010-07-29,-0.09081313779855064
2010-08-01,0.4682495316259826
2010-08-02,-0.4540482908153169
2010-08-03,-0.4540482908153169
2010-08-04,-0.7093698747004561
2010-08-05,-0.757238850719793
2010-08-08,1.6830104919691233
2010-08-09,-0.7194561793269937
2010-08-10,-1.1193606136777914
2010-08-11,-1.2785192587782022
2010-08-12,-1.1801320309226713
2010-08-15,0.9000550723085644
2010-08-16,-0.6647703612032257
2010-08-17,-0.3087022984879666
2010-08-18,-0.35555335937154803
2010-08-19,-0.908395877797869
2010-08-22,1.331084832437553
2010-08-23,-0.8446287914879729
2010-08-24,-0.8171177347154431
2010-08-25,-1.0147941359836234
2010-08-26,-0.5897898732570392
2010-08-29,2.0480254297166423
2010-08-30,-0.5795849864272362
2010-08-31,-0.34884500364758053
2010-09-01,0.023107825981088247
2010-09-02,-0.27775593985170094
2010-09-05,2.0821265171983048
2010-09-06,0.13402564665625574
2010-09-07,-0.23244707010033552
2010-09-08,0.2156194394408691
2010-09-09,0.004508564271484832
2010-09-12,2.1756848938388256
2010-09-13,-0.12141338064194235
2010-09-14,0.1959855742454031
2010-09-15,-1.153618141628803
2010-09-16,-0.9617916310573378
2010-09-19,1.7227214556603532
2010-09-20,-1.4091337435762443
2010-09-21,-1.306022203723665
2010-09-22,1.2820774465760711
2010-09-23,-0.9554429682249004
2010-09-26,1.792479568846327
2010-09-27,-0.506907769866185
2010-09-28,-0.5369866388965502
2010-09-29,-0.39126646151486844
2010-09-30,-0.2760311597547787
2010-10-03,2.1857129769745463
2010-10-04,-0.5622398794821643
2010-10-05,0.15596960116236486
2010-10-06,-0.39858304880876166
2010-10-07,-0.402088247451625
2010-10-10,1.5633568710880286
2010-10-11,0.21229786992569946
2010-10-12,-0.43083460756780745
2010-10-13,0.0883789949268608
2010-10-14,-0.22779887730219084
2010-10-17,1.8878604652675157
2010-10-18,-0.6928760135779531
2010-10-19,-1.400725765353159
2010-10-20,-0.8108509722071585
2010-10-21,-1.4833901634482036
2010-10-24,0.5657847024047916
2010-10-25,-1.4230225404986403
2010-10-26,-1.250358514161538
2010-10-27,-1.7062322062790267
2010-10-28,-1.5113486613431557
2010-11-01,1.1071171379330162
2010-11-02,-1.1204045836981993
2010-11-03,-0.9875221139568172
2010-11-04,-0.2994700599860676
2010-11-05,-0.038797161314022055
2010-11-08,-0.2009926656606982
2010-11-09,-0.8422307061010466
2010-11-10,-0.8422307061010466
2010-11-11,-1.3360182880444158
2010-11-12,-1.7051386854423136
2010-11-15,0.17803796991469567
2010-11-16,-1.3390760667719526
2010-11-17,-1.5940819106282822
2010-11-18,-1.2883757731058616
2010-11-19,-0.7470901051215172
2010-11-22,1.073101218612942
2010-11-23,-0.9268641604536939
2010-11-24,-1.443604097041186
2010-11-25,-0.8860752112918616
2010-11-26,-0.5764416214188317
2010-11-29,-1.2481083317587942
2010-11-30,-0.6478955267741496
2010-12-01,-0.6602757065818654
2010-12-02,-0.3312545345959073
2010-12-03,-0.28846707703982505
2010-12-06,1.9727288516626271
2010-12-07,0.12570688242607578
2010-12-08,0.27047154022183384
2010-12-09,-0.2345214520889508
2010-12-10,-0.7174457905416053
2010-12-13,-0.9784966588542138
2010-12-14,-0.7087981496882833
2010-12-15,-0.7087981496882833
2010-12-16,-0.9456020297308276
2010-12-17,-1.162337784346031
2010-12-20,0.36685337321683686
2010-12-21,-1.2197845640987235
2010-12-22,-0.8580613312993581
2010-12-23,-0.7667909366374784
2010-12-24,-0.6166845725071775
2010-12-27,-0.5704131186694589
2010-12-28,-0.37196967598036884
2010-12-29,-0.6242275927693101
2010-12-30,-0.19867965386110426
2010-12-31,0.3710852753602215
2011-01-03,1.7949054034944456
2011-01-04,0.25101294219630393
2011-01-05,-0.5153002145461832
2011-01-06,-1.0533154174186683
2011-01-07,-1.4884383209877061
2011-01-10,0.5675598704152441
2011-01-11,-1.5054522433033215
2011-01-12,0.33119774156135245
2011-01-13,0.9860370821565582
2011-01-14,-0.7304944437823633
2011-01-17,0.079336456717043
2011-01-18,-1.162199383481016
2011-01-19,-0.5322554157309287
2011-01-20,-0.47081873091777476
2011-01-21,1.3233220625170985
2011-01-24,2.1506238869055045
2011-01-25,-0.7353861457295704
2011-01-26,-0.5792724749844361
2011-01-27,1.9612916667844642
2011-01-28,-1.0119701873940812
2011-01-31,1.0582094437897496
2011-02-01,-0.781535982487175
2011-02-02,-0.7453130419318409
2011-02-03,-0.6144154249447699
2011-02-04,-0.9128619916753002
2011-02-07,1.4014078766561662
2011-02-08,1.207679403515307
2011-02-09,-0.7086617091754643
2011-02-10,-0.6020145980723034
2011-02-11,-0.7095319426401898
2011-02-14,1.7608336720312576
2011-02-15,-1.0404142312297233
2011-02-16,-1.1557597331287042
2011-02-17,-1.1777303049189838
2011-02-18,-0.79324529858904
2011-02-21,1.8093674389646086
2011-02-22,-1.24598623238894
2011-02-23,-1.4302378811722458
2011-02-24,-1.4414035310885116
2011-02-25,-1.013695933754365
2011-02-28,-0.8506129027081074
2011-03-01,-0.7781315555764493
2011-03-02,-0.6935699839228346
2011-03-03,-0.5002863915717197
2011-03-04,-0.19960960322053095
2011-03-07,0.3934650066625613
2011-03-08,-0.3748125774144838
2011-03-09,-0.23792998016981978
2011-03-10,0.32606626424019053
2011-03-11,-1.0197360460153364
2011-03-14,-0.3227576167530305
2011-03-15,-0.5794418958978439
2011-03-16,-0.4058470672703421
2011-03-17,-1.7129140122303215
2011-03-18,-1.9495570809349525
2011-03-21,-0.3837267989323677
2011-03-22,-0.37381648069184603
2011-03-23,0.6333062901810576
2011-03-24,0.8071432093996795
2011-03-25,0.9762055279835287
2011-03-27,2.0244805335146387
2011-03-28,0.6313782235325149
2011-03-29,-0.24557071125279842
2011-03-30,1.3840835882741391
2011-03-31,0.3542269407595745
2011-04-03,1.1272078103745151
2011-04-04,1.4708370816723058
2011-04-05,1.37017463588279
2011-04-06,0.7156057504565019
2011-04-07,0.979382994244442
2011-04-10,1.7813365283370886
2011-04-11,1.4373031220942165
2011-04-12,0.4761579698256863
2011-04-13,0.39637679410412463
2011-04-14,
2011-04-17,1.661012355534302
2011-04-18,0.08340579578983652
2011-04-19,0.661114661802269
2011-04-20,1.020717961226506
2011-04-21,1.020717961226506
2011-04-24,1.763888327247534
2011-04-25,0.44162416952181066
2011-04-26,1.1262537456960513
2011-04-27,0.9535178249617063
2011-04-28,-0.7565677903083061
2011-05-01,1.122404987780497
2011-05-02,-0.07179012378195357
2011-05-03,-0.3728928005451602
2011-05-04,-0.7754350768885119
2011-05-05,-1.8755983815655872
2011-05-08,-0.30774309153115303
2011-05-09,-1.136634931779218
2011-05-10,-0.5804311311345026
2011-05-11,-1.22542635544303
2011-05-12,-0.5769848963598749
2011-05-15,-1.5346964278325415
2011-05-16,-1.2349762626664682
2011-05-17,0.19984140354790403
2011-05-18,0.8332653502203048
2011-05-19,0.3983772674303138
2011-05-22,0.8332653502203048
2011-05-23,-1.6247977264188103
2011-05-24,-0.698189899816508
2011-05-25,-0.48875371263718903
2011-05-26,-0.40517589146233746
2011-05-29,1.6501464875688099
2011-05-30,1.0102208891895443
2011-05-31,1.5679790369715267
2011-06-01,0.8275558779442774
2011-06-02,0.6151713402233111
2011-06-05,0.891143073804225
2011-06-06,0.3698750203483706
2011-06-07,0.4745919364866457
2011-06-08,-0.020204444289546375
2011-06-09,-1.061567386102205
2011-06-12,-1.5915625722972724
2011-06-13,-1.2024521824325383
2011-06-14,-0.5382809997323907
2011-06-15,-0.8963135830826735
2011-06-16,-1.3257033482044156
2011-06-19,-0.35229876225039636
2011-06-20,0.0737952017389324
2011-06-21,0.7077679345660532
2011-06-22,0.9280465959720725
2011-06-23,0.5625686167912093
2011-06-26,0.6147797566741829
2011-06-27,0.06325608237698936
2011-06-28,0.9550387701757173
2011-06-29,0.9191758716117399
2011-06-30,1.1971889941397127
2011-07-03,2.0244805335146387
2011-07-04,1.764833859316543
2011-07-05,0.9312313789963449
2011-07-06,0.555426982130693
2011-07-07,1.5598496428443702
2011-07-10,0.6997517062176315
2011-07-11,-1.4717132269095428
2011-07-12,-0.9407726271889593
2011-07-13,-0.23953032567122862
2011-07-14,-1.1210920761506664
2011-07-17,-0.23891426100602964
2011-07-18,-0.9307816654446472
2011-07-19,0.05760034089625061
2011-07-20,0.4035340431155485
2011-07-21,1.3128454889491838
2011-07-24,0.6064079704515674
2011-07-25,0.8052000710327331
2011-07-26,1.4761268863666848
2011-07-27,-0.42053161082736856
2011-07-28,-0.4011779526927376
2011-07-31,0.33485634061487973
2011-08-01,-0.5615170574962631
2011-08-02,-0.9978049946299891
2011-08-03,-0.502274276619639
2011-08-04,-0.7004039395095377
2011-08-07,-1.1804555548725069
2011-08-08,0.08949701453298081
2011-08-09,-0.7949210201662689
2011-08-10,-0.5871756425266169
2011-08-11,-0.6333412820020959
2011-08-14,-0.2029270187238618
2011-08-15,0.5654947356198153
2011-08-16,0.7212101572048758
2011-08-17,1.6383387088308023
2011-08-18,0.4619297529587995
2011-08-21,0.9906999638316449
2011-08-22,0.30132013778289235
2011-08-23,0.5970440340800951
2011-08-24,-0.41900081300881
2011-08-25,-1.1390774268739832
2011-08-28,-0.3653811865615558
2011-08-29,0.21687725541440722
2011-08-30,1.2913661257946223
2011-08-31,1.7043883273270202
2011-09-01,0.7859787456032962
2011-09-04,-0.4762718781260889
2011-09-05,-1.0699955669605221
2011-09-06,-1.5436850415683043
2011-09-07,-1.2559297532551659
2011-09-08,-0.644427630567565
2011-09-11,-0.9420774598028377
2011-09-12,-1.328894423583515
2011-09-13,-1.125256079490147
2011-09-14,-1.415474767773256
2011-09-15,-0.7393653561836778
2011-09-18,0.2819592004890553
2011-09-19,-1.367529998360447
2011-09-20,-0.7278618311955752
2011-09-21,-0.24817483813191754
2011-09-22,-0.7432535103731761
2011-09-25,-0.33498720422828593
2011-09-26,-0.1901983261451288
2011-09-27,0.4598741876976315
2011-09-28,0.2580015143215737
2011-09-29,0.21763302057809697
2011-10-02,0.3570489457692488
2011-10-03,-0.4612366775357255
2011-10-04,0.5029042169396073
2011-10-05,0.7942597069598154
2011-10-06,0.6367147811408931
2011-10-09,1.3893808167239254
2011-10-10,1.7337658744203002
2011-10-11,1.914903469702159
2011-10-12,1.1277376235390177
2011-10-13,1.6102483977741096
2011-10-16,1.8709833461590148
2011-10-17,0.8385384917046895
2011-10-18,0.891935063643296
2011-10-19,0.16393344359700968
2011-10-20,-1.0977040289856477
2011-10-23,-0.1453395555185841
2011-10-24,0.7530248704838578
2011-10-25,0.1541152531488966
2011-10-26,0.11050922602240912
2011-10-27,1.18638371534478
2011-10-31,1.4157674236214548
2011-11-01,1.2691229016926469
2011-11-02,-0.10324847333925946
2011-11-03,-0.018506675507734358
2011-11-04,-0.08420360674888037
2011-11-07,-0.9605092281955272
2011-11-08,-0.9925293805857399
2011-11-09,-0.9264124230990267
2011-11-10,-0.9064917922212291
2011-11-11,-1.0154022392977555
2011-11-14,-0.0173837449431327
2011-11-15,-0.5567301992518486
2011-11-16,-1.0376250593499565
2011-11-17,-0.8199615867569087
2011-11-18,-0.392243750812188
2011-11-21,-0.21115670645668927
2011-11-22,-1.2770827105699283
2011-11-23,-0.26049091978005623
2011-11-24,-1.0201768109641054
2011-11-25,-0.9246435334006482
2011-11-28,-0.9842322438159031
2011-11-29,-0.29603469676940475
2011-11-30,0.029478598020707635
2011-12-01,0.8897725473844181
2011-12-02,1.1375104287377722
2011-12-05,1.23326288323073
2011-12-06,1.626351906938657
2011-12-07,1.3390945434597878
2011-12-08,1.1450698330398468
2011-12-09,0.4549961676915273
2011-12-12,0.6236391129891775
2011-12-13,0.036052676303040175
2011-12-14,-1.0472533008113327
2011-12-15,-1.57293926897614
2011-12-16,-0.9550351824740719
2011-12-19,-0.7346148966357238
2011-12-20,-1.1932983079721862
2011-12-21,-0.27658392060512277
2011-12-22,-0.6516005440888626
2011-12-23,-0.45840362470315943
2011-12-26,-0.0993814453593773
2011-12-27,-0.0626364284238286
2011-12-28,-0.2284455995187545
2011-12-29,-1.1573588570248234
2011-12-30,-0.38863715552894185
2012-01-02,-0.1947855960212924
2012-01-03,-0.7161794457315415
2012-01-04,0.9149974723715756
2012-01-05,1.7497020183717273
2012-01-06,0.4743149480857835
2012-01-09,0.23582793494288642
2012-01-10,0.04928605449097809
2012-01-11,1.7151127235470771
2012-01-12,1.0499732556720913
2012-01-13,1.4872535323010139
2012-01-16,1.1350318560086337
2012-01-17,1.4158774872676392
2012-01-18,1.40770831886164
2012-01-19,1.5778924160099876
2012-01-20,2.058256105426752
2012-01-23,1.406918697571805
2012-01-24,1.6744060976893045
2012-01-25,1.0281221109822203
2012-01-26,0.5151801926403908
2012-01-27,-6.065830686359747
2012-01-30,1.4653939857997451
2012-01-31,0.9194624156781425
2012-02-01,0.5630543018133847
2012-02-02,1.1744303041793462
2012-02-03,1.7831014203989195
2012-02-06,1.7411684065875808
2012-02-07,1.0758753671845283
2012-02-08,0.9492636069563702
2012-02-09,1.0904489552740277
2012-02-10,1.3199990889094242
2012-02-13,1.0133169867585143
2012-02-14,1.3116931153095008
2012-02-15,1.0036313275468427
2012-02-16,-0.24287928184541144
2012-02-17,0.7759773289486591
2012-02-20,1.534871433684842
2012-02-21,0.5678934615209912
2012-02-22,0.8983796039061221
2012-02-23,0.9292068435250105
2012-02-24,0.27033126439062877
2012-02-27,0.8008544579793665
2012-02-28,0.8607522379006668
2012-02-29,1.1912420962018462
2012-03-01,-0.8095401393334892
2012-03-02,-0.415605802927748
2012-03-05,-0.8491138967455351
2012-03-06,-0.5809489666210083
2012-03-07,-1.159024044061957
2012-03-08,-1.1993011915554113
2012-03-09,-0.963195883572435
2012-03-12,-0.869453619852428
2012-03-13,-1.049578143684528
2012-03-14,-0.6850144933462856
2012-03-15,-1.0799661211981944
2012-03-16,-0.9205159498498195
2012-03-19,-0.8559028630323541
2012-03-20,-1.3614074557115465
2012-03-21,-0.9038936914686281
2012-03-22,-1.0971615505229602
2012-03-23,-0.8862372382881336
2012-03-25,-0.09418265138010529
2012-03-26,-0.6719998836241294
2012-03-27,-0.9757243262139353
2012-03-28,-0.9313739542873934
2012-03-29,-0.5260519054122333
2012-04-01,-0.9482684240183809
2012-04-02,-1.5600515428150181
2012-04-03,-0.7461082385005147
2012-04-04,-0.6221608460682554
2012-04-05,-0.2867737841927414
2012-04-08,0.26329764326300736
2012-04-09,0.24745485281720617
2012-04-10,-0.8841416891363597
2012-04-11,-1.0601678178846905
2012-04-12,-0.35606330289136734
2012-04-15,-0.7960074947534258
2012-04-16,-1.3163625402201995
2012-04-17,-1.0695920002578305
2012-04-18,-1.2391022446823239
2012-04-19,-1.312624760336324
2012-04-22,-0.9423806820483475
2012-04-23,-1.2071508239871005
2012-04-24,-1.1843607579962585
2012-04-25,-1.1615706920054165
2012-04-26,-1.3533115365002877
2012-04-29,-1.2324160552044892
2012-04-30,-1.5544507114457595
2012-05-01,-1.2661243857657418
2012-05-02,-1.18970798803425
2012-05-03,-0.6145862323747096
2012-05-06,-1.3773782735405304
2012-05-07,-0.6700205968197488
2012-05-08,-0.5082775865011653
2012-05-09,-1.5273756766718753
2012-05-10,-0.9188746784574632
2012-05-13,-0.8170339735284745
2012-05-14,-1.46818980589055
2012-05-15,-1.5063608145165492
2012-05-16,-1.4904274149315726
2012-05-17,-1.2341174952780063
2012-05-20,-1.0890814241852609
2012-05-21,-0.9522424343378295
2012-05-22,-1.3557859281712346
2012-05-23,-0.03355044413296414
2012-05-24,0.09989033745142858
2012-05-27,1.471072806068941
2012-05-28,1.4911213634071945
2012-05-29,1.2244417783534722
2012-05-30,0.6197920261029558
2012-05-31,0.3451912652555536
2012-06-03,-0.011261645459819485
2012-06-04,-0.3835569077625409
2012-06-05,-0.27337406609196235
2012-06-06,-0.6614732543198327
2012-06-07,-0.5846219299182656
2012-06-10,-0.29258689719234166
2012-06-11,-1.6671525469240993
2012-06-12,-1.6229989396200566
2012-06-13,-1.5040432291223806
2012-06-14,-0.8370351296917131
2012-06-17,-0.348235301101313
2012-06-18,-0.9541434219581635
2012-06-19,0.6853726697721659
2012-06-20,0.9603225733542631
2012-06-21,-1.061068384462315
2012-06-24,-1.1662813024430967
2012-06-25,-0.8595807549732951
2012-06-26,-1.4188799028225942
2012-06-27,-0.9380017609519677
2012-06-28,-1.038498947932397
2012-07-01,1.096154159145601
2012-07-02,1.7369356905290356
2012-07-03,0.9765393279670959
2012-07-04,0.4046445846957212
2012-07-05,0.6474602298835687
2012-07-08,0.3631103295977979
2012-07-09,0.24170250700387438
2012-07-10,0.20655813730563014
2012-07-11,-0.12702632919446905
2012-07-12,-1.0235508537591098
2012-07-15,-1.0534824222102397
2012-07-16,-0.6795352996675617
2012-07-17,0.47075189510058824
2012-07-18,0.6253883946583846
2012-07-19,0.8116512904109435
2012-07-22,0.056858623160257006
2012-07-23,-0.814055992898245
2012-07-24,-1.4011169563154617
2012-07-25,-0.693966779618818
2012-07-26,0.15596960116238376
2012-07-29,0.10200538650958663
2012-07-30,-0.9919535875747357
2012-07-31,-1.666328187741155
2012-08-01,-0.828290748700175
2012-08-02,-1.106476018812246
2012-08-05,0.3344373192478599
2012-08-06,0.23343872078569858
2012-08-07,0.32770407935039847
2012-08-08,0.7316984731990144
2012-08-09,1.0010280690981015
2012-08-12,0.9106995722975896
2012-08-13,0.5615141898619853
2012-08-14,-0.033671125696616726
2012-08-15,0.07237054391234983
2012-08-16,0.10305548171558604
2012-08-19,0.16157604166885103
2012-08-20,0.18108289498660557
2012-08-21,0.29868219292483267
2012-08-22,-0.19122185214582282
2012-08-23,-0.9545028335968598
2012-08-26,-0.9810219733634038
2012-08-27,-0.5191484965270444
2012-08-28,-1.0639483279995474
2012-08-29,-1.2907808039080482
2012-08-30,-1.1938433379015336
2012-09-02,-0.014540993445558759
2012-09-03,-0.0737383926153791
2012-09-04,-0.4218784207184459
2012-09-05,-0.38329231733936286
2012-09-06,0.48103639835182155
2012-09-09,0.01150846713520075
2012-09-10,0.3775033882951107
2012-09-11,0.8288971243923207
2012-09-12,-0.04374831492269118
2012-09-13,0.03816079438148421
2012-09-16,0.7207185425778222
2012-09-17,-0.8898109756382262
2012-09-18,-0.1648916601019391
2012-09-19,-0.7503066682456947
2012-09-20,-0.4272150077667463
2012-09-23,-0.4658259616196578
2012-09-24,-0.9230306697106901
2012-09-25,-1.1388252031607569
2012-09-26,-1.5907260226858049
2012-09-27,-1.030369006474755
2012-09-30,-0.28736751571428093
2012-10-01,-0.33553101673987784
2012-10-02,-0.5883893971242884
2012-10-03,0.18222661928536935
2012-10-04,0.38792801143650996
2012-10-07,2.528035155692495
2012-10-08,-1.0351243935602326
2012-10-09,-0.9430266203009985
2012-10-10,-1.585655343360267
2012-10-11,-1.4661844449301087
2012-10-14,-1.6446185511133573
2012-10-15,-1.0590266772575043
2012-10-16,-0.866879343648559
2012-10-17,-0.5466337876336635
2012-10-18,0.10490776452320749
2012-10-21,0.10490776452320749
2012-10-22,0.2307129319800148
2012-10-23,-0.007134705792506142
2012-10-24,0.12169943133429807
2012-10-25,0.1316097495747977
2012-10-29,0.018065060642629038
2012-10-30,-0.5453126829716893
2012-10-31,-0.3575201017669164
2012-11-01,-0.24879808106940707
2012-11-02,-0.4069392020839782
2012-11-05,-0.33775246164010064
2012-11-06,-0.8539795226568276
2012-11-07,-0.3388866704998581
2012-11-08,-0.6898423717846305
2012-11-09,0.023913912964795996
2012-11-12,-0.4814195240599312
2012-11-13,-0.7311285001637988
2012-11-14,-0.978965288253774
2012-11-15,-1.2782777584643563
2012-11-16,-1.0424997190988772
2012-11-19,-1.0319341263862642
2012-11-20,-0.8786625947688117
2012-11-21,-0.8057736413821264
2012-11-22,-1.4715599651309574
2012-11-23,-1.2255628680094286
2012-11-26,0.03169090311686994
2012-11-27,-0.02915763521590237
2012-11-28,0.04738706016404907
2012-11-29,-0.3969928261973669
2012-11-30,-0.5164976773291551
2012-12-03,-1.391095347115115
2012-12-04,-0.7413456937305306
2012-12-05,-0.7062240908448817
2012-12-06,0.6635184216955847
2012-12-07,1.1508306617340136
2012-12-10,1.361463198450276
2012-12-11,1.0390161765746098
2012-12-12,1.0643929411310031
2012-12-13,1.2843249006197792
2012-12-14,0.6964298550632776
2012-12-17,0.32891260958839647
2012-12-18,-0.30727365627266856
2012-12-19,-0.41900081300882
2012-12-20,0.5114469549475145
2012-12-21,0.5055134899335131
2012-12-24,1.2768639417520653
2012-12-25,0.17323944915015563
2012-12-26,-0.11022229977106636
2012-12-27,0.9017592585567867
2012-12-28,1.1676938566679151
2012-12-31,1.0175353669112708
2013-01-01,0.4963585075247607
2013-01-02,0.729298807250605
2013-01-03,0.729298807250605
2013-01-04,0.5569784917390626
2013-01-07,1.0977254052461565
2013-01-08,0.9492939092680652
2013-01-09,-0.5709685563277747
2013-01-10,-1.2081586715269346
2013-01-11,0.2645698956901904
2013-01-14,0.11729703896846166
2013-01-15,-0.24909565844768097
2013-01-16,
2013-01-17,-1.0149039562065532
2013-01-18,-0.7795074353625643
2013-01-21,-0.16481938212519578
2013-01-22,-0.6896976927747066
2013-01-23,-0.7768102810193548
2013-01-24,-0.09333382798873804
2013-01-25,0.42649333347116136
2013-01-28,0.038860953812109224
2013-01-29,1.0506846102555194
2013-01-30,1.423730809712995
2013-01-31,1.0242379430976518
2013-02-01,0.9242136840559539
2013-02-04,1.1068666788277517
2013-02-05,0.745909570112056
2013-02-06,1.1417226341200188
2013-02-07,0.7589503277773064
2013-02-08,1.056153846054998
2013-02-11,-0.009260794826813135
2013-02-12,-0.05482811232502456
2013-02-13,0.032524076565748794
2013-02-14,0.3394813010791921
2013-02-15,0.8554306784528369
2013-02-18,0.26764024853348806
2013-02-19,0.509037195210031
2013-02-20,0.7967946501640477
2013-02-21,-0.17541674381817163
2013-02-22,-1.2302855202441554
2013-02-25,-0.9868542641458591
2013-02-26,-1.4766903317375777
2013-02-27,-1.1935280941096382
2013-02-28,-0.6595051106461239
2013-03-01,-0.888372103559063
2013-03-04,-1.1241744598936054
2013-03-05,-0.43063811773320015
2013-03-06,0.740703766953536
2013-03-07,-0.005889813599727709
2013-03-08,0.7895161810319936
2013-03-11,1.215285792402913
2013-03-12,0.2712252611058857
2013-03-13,-0.4026128324476725
2013-03-14,-0.7906846714497783
2013-03-15,-0.8751672721168439
2013-03-18,-0.33772724781341634
2013-03-19,-0.5263266714723436
2013-03-20,-0.5168967002893985
2013-03-21,-0.6017664409359168
2013-03-22,-1.3216844068150213
2013-03-25,-1.2038386677297606
2013-03-26,-1.054948186274609
2013-03-27,-1.1431407833343512
2013-03-28,-0.8638195790343633
2013-03-29,-1.3969205320597342
2013-03-31,-1.384957591271014
2013-04-01,-1.0652762131754054
2013-04-02,-1.2477402836811808
2013-04-03,-1.3877182699145458
2013-04-04,-0.6321184070068501
2013-04-07,1.1123451390914605
2013-04-08,0.6665646831703648
2013-04-09,1.0117274640036926
2013-04-10,1.0632680176897946
2013-04-11,0.9753857305286634
2013-04-14,1.227986613929646
2013-04-15,-0.3956356067628359
2013-04-16,0.2885322472396597
2013-04-17,-0.575965982714498
2013-04-18,0.29050369059555176
2013-04-21,-1.01973604601532
2013-04-22,-1.4738474426098003
2013-04-23,-1.441992524740903
2013-04-24,-0.9460516889727796
2013-04-25,-0.46544922956861723
2013-04-28,0.3355986486980666
2013-04-29,-0.5054509646242351
2013-04-30,0.1980533962181074
2013-05-01,0.18057562456933882
2013-05-02,-0.2738464382986834
2013-05-05,-0.1427631509328995
2013-05-06,-0.18645758005484062
2013-05-07,-0.7397042538330328
2013-05-08,-0.18028590401270542
2013-05-09,-0.34891874605179707
2013-05-12,-0.6012795028773266
2013-05-13,0.10637213813607989
2013-05-14,-0.7373087278816242
2013-05-15,-0.8071121927300694
2013-05-16,-0.600379680467853
2013-05-19,-1.1741656917407801
2013-05-20,-1.1605531281733286
2013-05-21,-0.9627673119229035
2013-05-22,-1.2522708410718069
2013-05-23,-0.9898975103665015
2013-05-26,-1.3280675810533487
2013-05-27,-0.9305112873882109
2013-05-28,-0.8299190679301065
2013-05-29,-1.5923386883554866
2013-05-30,-0.6869171066498776
2013-06-02,-0.14768755524391747
2013-06-03,-1.0807392376928742
2013-06-04,-1.0279509712492283
2013-06-05,-1.0593018083663206
2013-06-06,-1.0888474524648166
2013-06-09,-0.7380104465531159
2013-06-10,-0.31286960326582325
2013-06-11,0.04471820763238284
2013-06-12,-1.2106198085285211
2013-06-13,0.5706701037314328
2013-06-16,1.5828794132050594
2013-06-17,-1.133315859126975
2013-06-18,-1.503256227056425
2013-06-19,-0.6721475356532866
2013-06-20,-1.3352527985634277
2013-06-23,-0.9731762740537642
2013-06-24,-0.7016188806715119
2013-06-25,-0.3774340854709955
2013-06-26,0.12778897198435293
2013-06-27,-0.07640534707051791
2013-06-30,0.8971421756841272
2013-07-01,-0.03290515012233954
2013-07-02,-0.7841716678374101
2013-07-03,-1.4219534320385123
2013-07-04,-0.8158685711525446
2013-07-07,-0.8717076754382711
2013-07-08,-1.3928726487716927
2013-07-09,-1.0645166010748983
2013-07-10,-1.6479077211564404
2013-07-11,-0.5814715029552208
2013-07-14,-1.14972976641451
2013-07-15,1.1798530440903452
2013-07-16,-0.5146156846929717
2013-07-17,0.835745548398957
2013-07-18,0.8930967976808593
2013-07-21,-0.3060656873042568
2013-07-22,0.45514180316456027
2013-07-23,1.4772261164842035
2013-07-24,-0.29636396512457924
2013-07-25,-0.1440913622726902
2013-07-28,-1.187370630850646
2013-07-29,-1.332385316345432
2013-07-30,-0.9931102450281831
2013-07-31,-0.7781069020570056
2013-08-01,-1.3902985775396597
2013-08-04,-0.8133417925678044
2013-08-05,-1.4372601763164323
2013-08-06,-1.0244975943670414
2013-08-07,-1.4024260233776142
2013-08-08,-0.1473643945301027
2013-08-11,0.7606524855350386
2013-08-12,-0.18276845168915365
2013-08-13,-1.581076202108891
2013-08-14,-0.7019997231021573
2013-08-15,-0.8921511812735422
2013-08-18,-1.14528171884523
2013-08-19,-1.644937537512513
2013-08-20,-1.0598338658286361
2013-08-21,-1.6033120024366603
2013-08-22,-1.3264779585461146
2013-08-25,0.47112208916666004
2013-08-26,0.11002756036302855
2013-08-27,0.4330163756524149
2013-08-28,1.4397641104733125
2013-08-29,1.1208147507235606
2013-09-01,0.4013915061714399
2013-09-02,0.5739361054745913
2013-09-03,1.1237392354575186
2013-09-04,0.7951044270399555
2013-09-05,1.145313536463211
2013-09-08,1.4337176833552103
2013-09-09,1.6598681744913426
2013-09-10,1.4969562693958165
2013-09-11,1.7005961507652216
2013-09-12,1.6850807312323086
2013-09-15,1.440621072090803
2013-09-16,1.3540551582519342
2013-09-17,1.77733783126053
2013-09-18,1.8086719952963255
2013-09-19,1.61669507479537
2013-09-22,1.3072136293389964
2013-09-23,1.5118971117500914
2013-09-24,1.531140857959684
2013-09-25,1.0308034565103334
2013-09-26,0.7561427151552723
2013-09-29,1.0413000453519266
2013-09-30,1.1410176393470777
2013-10-01,1.2179926241854389
2013-10-02,1.7415258731713925
2013-10-03,1.4640126486039815
2013-10-06,0.5845458640442684
2013-10-07,
2013-10-08,0.6877053627526009
2013-10-09,0.7418328035566583
2013-10-10,1.418943112028145
2013-10-13,1.3769958879594866
2013-10-14,0.8581237638950613
2013-10-15,0.5928368600637697
2013-10-16,0.5480979952684096
2013-10-17,1.2782055596825403
2013-10-20,1.9144642030469199
2013-10-21,0.5337592556772136
2013-10-22,0.4218240357245957
2013-10-23,-0.5355887952717933
2013-10-24,-1.3909390616653863
2013-10-28,-0.4219408577789374
2013-10-29,-0.009219400568048102
2013-10-30,-0.2783855683142673
2013-10-31,0.22641803338938787
2013-11-01,-0.8139407925522021
2013-11-04,-1.4977711782766374
2013-11-05,-0.23242095671575086
2013-11-06,-1.2075210534116267
2013-11-07,-1.196836196603667
2013-11-08,-0.9030016315022643
2013-11-11,-1.0371167772152734
2013-11-12,-1.2937858073425987
2013-11-13,-1.3489822376875669
2013-11-14,-1.1899096436288155
2013-11-15,-0.6256988656946627
2013-11-18,-0.660748241825479
2013-11-19,1.5185177895945001
2013-11-20,1.201347114301287
2013-11-21,1.2051229556738332
2013-11-22,-0.05600806275394246
2013-11-25,1.0125550456743777
2013-11-26,0.6062813713629203
2013-11-27,0.06082015515072909
2013-11-28,-1.2504241873845565
2013-11-29,-0.7550948483485626
2013-12-02,-0.8951309779963338
2013-12-03,-1.4512650550453554
2013-12-04,-1.4468976907862274
2013-12-05,-1.574940924507659
2013-12-06,-0.6665155089115531
2013-12-09,0.6128322718828092
2013-12-10,1.0295352046168935
2013-12-11,1.4228853523218121
2013-12-12,0.2378153267190815
2013-12-13,0.4806278396101605
2013-12-16,0.7343125545709801
2013-12-17,0.8104179690592289
2013-12-18,1.045982347237158
2013-12-19,0.19473524784119947
2013-12-20,-0.47703007575607853
2013-12-23,-1.5606337498180534
2013-12-24,-0.4578172446556998
2013-12-25,-0.345325778312069
2013-12-26,-0.314775789025162
2013-12-27,-0.21876153698062845
2013-12-30,0.6017238895818477
2013-12-31,-0.5242614298496381
2014-01-01,-0.40959875521875283
2014-01-02,0.17241095711535492
2014-01-03,-0.8750710164219487
2014-01-06,-0.3741013769041138
2014-01-07,-0.4575963168237444
2014-01-08,-0.2678350897336576
2014-01-09,-1.152122407973476
2014-01-10,-1.0003134263014033
2014-01-13,1.0845010059985556
2014-01-14,0.9102351385377138
2014-01-15,0.7490369735161421
2014-01-16,0.4568342246093409
2014-01-17,0.21007508339278264
2014-01-20,0.7010248247771728
2014-01-21,1.0204796510241483
2014-01-22,0.23096986615663068
2014-01-23,-0.47742196661562897
2014-01-24,-0.3822652052350293
2014-01-27,-0.45872259748814026
2014-01-28,-1.2964296778264186
2014-01-29,-0.9978730052203552
2014-01-30,-1.2571788379049555
2014-01-31,-0.5772213210875492
2014-02-03,-0.849493753842313
2014-02-04,-1.3497532968518735
2014-02-05,0.023057455566802835
2014-02-06,0.9875804763715893
2014-02-07,1.3692243452033077
2014-02-10,1.563541697599091
2014-02-11,0.1626491570714061
2014-02-12,0.2304222293116365
2014-02-13,-0.6268371574257374
2014-02-14,0.6988216880444509
2014-02-17,1.0506311508807678
2014-02-18,1.0661160547737258
2014-02-19,0.820820384619815
2014-02-20,0.5168895527542692
2014-02-21,1.065105654690702
2014-02-24,1.4742309173128068
2014-02-25,1.4872307676182157
2014-02-26,1.4027575339867062
2014-02-27,0.8768456153759094
2014-02-28,1.8158978480385646
2014-03-03,1.2596773534356784
2014-03-04,0.9622538945160897
2014-03-05,0.8805357940018212
2014-03-06,1.0628946615678767
2014-03-07,0.4301675429811042
2014-03-10,-0.6703316894225918
2014-03-11,-0.9826585540545518
2014-03-12,-1.1107591331109166
2014-03-13,-0.7517236229005756
2014-03-14,-1.0943294324011639
2014-03-17,-0.08573468675178354
2014-03-18,-0.3599157826564616
2014-03-19,0.4577314140592859
2014-03-20,-0.13591063253315216
2014-03-21,1.1705491275401565
2014-03-24,1.3711370416952475
2014-03-25,1.0221948447221252
2014-03-26,1.0895220791792437
2014-03-27,0.9174580670781134
2014-03-28,1.64150476691353
2014-03-30,1.644834990970938
2014-03-31,1.190978259349764
2014-04-01,1.502575725526097
2014-04-02,1.0867377139991725
2014-04-03,0.396782133113399
2014-04-06,1.5077586717050189
2014-04-07,1.3056260029898306
2014-04-08,1.5547363876106637
2014-04-09,1.6305601686686357
2014-04-10,0.9183521490270407
2014-04-13,0.6032158571502245
2014-04-14,0.6536376638505224
2014-04-15,-0.017602637847084497
2014-04-16,-0.3247912617034777
2014-04-17,-0.7833838271077378
2014-04-20,-0.7833838271077378
2014-04-21,-0.7833838271077378
2014-04-22,-1.1993637323851223
2014-04-23,0.1511448345133148
2014-04-24,0.9584346526679933
2014-04-27,-1.1044333505287398
2014-04-28,0.1762061816571563
2014-04-29,-0.37524616594623095
2014-04-30,-0.06013053874430682
2014-05-01,-0.22374826825299773
2014-05-04,0.7276585292605433
2014-05-05,-0.926698513549618
2014-05-06,0.0004686203330079488
2014-05-07,0.7882576883378315
2014-05-08,1.0593070709105545
2014-05-11,1.2590335797150642
2014-05-12,1.1003433575858772
2014-05-13,0.729908624618688
2014-05-14,1.0540566941974054
2014-05-15,0.03894228333268814
2014-05-18,0.3773137536209085
2014-05-19,0.5680245132072274
2014-05-20,-0.6239328415520315
2014-05-21,0.09666019689368938
2014-05-22,-0.4367658185791025
2014-05-25,-1.2041506127680244
2014-05-26,-0.4001374334381823
2014-05-27,-0.9712124595966595
2014-05-28,-0.5944523820148562
2014-05-29,-0.3332121909395933
2014-06-01,-0.15542199152301636
2014-06-02,-1.6546110334649566
2014-06-03,-1.2777696418040736
2014-06-04,-1.1982564026523286
2014-06-05,-0.3064358572755452
2014-06-08,0.33761759491901094
2014-06-09,1.180091235711735
2014-06-10,1.344706553143982
2014-06-11,0.8426512604519298
2014-06-12,0.9937121449787466
2014-06-15,1.3224917171841686
2014-06-16,0.8693090636037171
2014-06-17,-0.5264627375559049
2014-06-18,0.9616392244899132
2014-06-19,0.9750082975594057
2014-06-22,0.48703713052289943
2014-06-23,1.1968021200565708
2014-06-24,0.538786317667482
2014-06-25,1.2077394999822044
2014-06-26,1.3144866684888286
2014-06-29,1.1973404544826824
2014-06-30,0.34888233217671827
2014-07-01,0.6044311809664347
2014-07-02,-0.6841506018066158
2014-07-03,0.15720776688036206
2014-07-06,-0.0056357883493788055
2014-07-07,-0.6950068388219299
2014-07-08,0.01607668568125035
2014-07-09,0.12463905583441873
2014-07-10,-0.48331021702326227
2014-07-13,-0.1456656534059834
2014-07-14,0.5312606801288796
2014-07-15,0.15402688943485254
2014-07-16,-0.027647607150647745
2014-07-17,-1.6438070944838414
2014-07-20,0.22707611794680618
2014-07-21,0.458816938821916
2014-07-22,1.0183862380081286
2014-07-23,0.5888178871177006
2014-07-24,0.6227311779774671
2014-07-27,0.23838054823339516
2014-07-28,0.535006586014475
2014-07-29,0.07067665096383065
2014-07-30,-0.3418889756431814
2014-07-31,-0.8060934738754852
2014-08-03,-0.4614269280745571
2014-08-04,-0.5346685690572557
2014-08-05,-1.0195019835380499
2014-08-06,-0.7966745051655718
2014-08-07,-1.3035189474969309
2014-08-10,-0.7470096212148204
2014-08-11,-0.4514369836611211
2014-08-12,-0.24806787800406715
2014-08-13,-0.2845073664598206
2014-08-14,0.5068359044234506
2014-08-17,1.7713728993430622
2014-08-18,1.1217684853122216
2014-08-19,1.2523554779083794
2014-08-20,0.5863976174479899
2014-08-21,-0.510848682122314
2014-08-24,-0.9831056877874897
2014-08-25,-1.5370637827603024
2014-08-26,0.025129843331424147
2014-08-27,0.9894468964744644
2014-08-28,1.1105306965331323
2014-08-31,1.2222969438521705
2014-09-01,0.5989786140468457
2014-09-02,0.7778438739040376
2014-09-03,1.0922131185014874
2014-09-04,0.80494467085208
2014-09-07,0.8862470616962534
2014-09-08,-0.5354856664718798
2014-09-09,-1.0398245092653038
2014-09-10,-1.132122853927361
2014-09-11,-0.3169667800306901
2014-09-14,0.5523514009098768
2014-09-15,-1.4419558007751325
2014-09-16,-1.2577491183531002
2014-09-17,-1.2219893859156705
2014-09-18,-1.4029139893687108
2014-09-21,-1.0248432726103776
2014-09-22,-1.3165302467878588
2014-09-23,-1.54834488708418
2014-09-24,-0.5793776728757767
2014-09-25,-1.2209741842432889
2014-09-28,-0.39395557212921517
2014-09-29,-0.9569903039932525
2014-09-30,-0.6066873210947128
2014-10-01,-1.3625664556421528
2014-10-02,-1.411949507382426
2014-10-05,-0.3974875777365929
2014-10-06,0.3868697099333888
2014-10-07,1.237473390143064
2014-10-08,1.5851366302042467
2014-10-09,1.0574189532394829
2014-10-12,1.282140834817775
2014-10-13,1.1685174115478547
2014-10-14,1.0271193737008277
2014-10-15,-0.3944358996540312
2014-10-16,-0.8148221602031831
2014-10-19,0.09957358379377491
2014-10-20,-0.7187066984762353
2014-10-21,-1.129145697202142
2014-10-22,-1.0719226159501398
2014-10-23,-1.4024375588705265
2014-10-27,0.099549641718361
2014-10-28,-0.9800299624195921
2014-10-29,0.9495777760144392
2014-10-30,0.4651761140444299
2014-10-31,1.7389102473907274
2014-11-03,1.4692049771626012
2014-11-04,-0.3167425265329226
2014-11-05,-0.3530054200089698
2014-11-06,-0.520721302335708
2014-11-07,-1.323337160415897
2014-11-10,-0.9896864105140362
2014-11-11,-0.9991115729406371
2014-11-12,-1.0933631972066973
2014-11-13,-1.2469554076194058
2014-11-14,-0.9544164605913154
2014-11-17,-0.8976055145928808
2014-11-18,-1.1009879671149805
2014-11-19,-0.32972967731648667
2014-11-20,0.49941227250552767
2014-11-21,0.2016178363572986
2014-11-24,1.6589525915204963
2014-11-25,0.7598717664542575
2014-11-26,1.09257749896465
2014-11-27,1.8263036856609671
2014-11-28,0.9381357051281908
2014-12-01,0.7118679389840002
2014-12-02,-0.29636396512458923
2014-12-03,-0.9568663557859173
2014-12-04,-0.16052396341809727
2014-12-05,-1.1739516782103632
2014-12-08,-1.1018558701591927
2014-12-09,-1.29864771541079
2014-12-10,-1.0758506373430834
2014-12-11,-0.6142133964683987
2014-12-12,-1.1100024380988571
2014-12-15,-0.6914030158127101
2014-12-16,-0.5793119055943466
2014-12-17,-1.3304729104510875
2014-12-18,-0.8305134653120299
2014-12-19,0.2772438187824413
2014-12-22,0.3477802876939561
2014-12-23,0.22654828462603854
2014-12-24,-0.1822044341022767
2014-12-25,0.20573133104785438
2014-12-26,0.08763073348507575
2014-12-29,0.18668223061505523
2014-12-30,-0.19802443423617822
2014-12-31,0.9916213368883904
2015-01-01,0.8942940807099334
2015-01-02,1.0414648117510976
2015-01-05,-0.5416397279029642
2015-01-06,-0.9627673119229146
2015-01-07,-0.6672252876406632
2015-01-08,0.051169171383893694
2015-01-09,0.6755784769383502
2015-01-12,1.820167708539611
2015-01-13,0.16296368374211362
2015-01-14,0.7912595674900994
2015-01-15,1.4627933398713984
2015-01-16,0.6805483476771369
2015-01-19,1.321636348798753
2015-01-20,0.0956942307239715
2015-01-21,1.1194634370878587
2015-01-22,0.5940047252656502
2015-01-23,1.3244604571374754
2015-01-26,1.1280121353083155
2015-01-27,0.7946740698871909
2015-01-28,1.1725276500161945
2015-01-29,1.0370707061963587
2015-01-30,0.577545755203349
2015-02-02,-0.9915414669476014
2015-02-03,-1.6330707102499737
2015-02-04,-0.857205641612546
2015-02-05,-1.3483990731764806
2015-02-06,-1.0732751836374257
2015-02-09,-1.4873921088353692
2015-02-10,-0.7904052655886467
2015-02-11,-1.1914177355349789
2015-02-12,-1.5549950951281724
2015-02-13,-0.7230439967151565
2015-02-16,-0.8045312657512331
2015-02-17,-0.7047845246028168
2015-02-18,-0.6010848241419251
2015-02-19,-0.5547654793030208
2015-02-20,-1.1618978049399902
2015-02-23,-0.8097117525509425
2015-02-24,-0.7397888165100858
2015-02-25,-0.019206084618530007
2015-02-26,-0.49959457254622763
2015-02-27,-1.3211515651472008
2015-03-02,1.0023933343307672
2015-03-03,-0.9020958134818253
2015-03-04,-0.24181864355144725
2015-03-05,-1.1192312127307904
2015-03-06,-0.6391406522372431
2015-03-09,-1.0557524416595727
2015-03-10,-1.1983760752880517
2015-03-11,-0.9550267951423627
2015-03-12,-1.2367216210579923
2015-03-13,-0.7529947596191411
2015-03-16,-1.4090032914435973
2015-03-17,-1.2987325258706468
2015-03-18,-1.2858077099488578
2015-03-19,-0.7771381526393862
2015-03-20,-1.3827983345576713
2015-03-23,-0.33707354774616904
2015-03-24,1.163042929994043
2015-03-25,1.039980415205383
2015-03-26,0.22920631100036087
2015-03-27,0.5286991053841833
2015-03-29,-0.5094304122271673
2015-03-30,-0.2536837563488428
2015-03-31,0.37727016440359906
2015-04-01,0.7844457612625073
2015-04-02,1.423601217478667
2015-04-05,1.3708338861574865
2015-04-06,1.3708338861574865
2015-04-07,0.9773183727132662
2015-04-08,1.6516257903473015
2015-04-09,1.5236308785137405
2015-04-12,1.2287904681393358
2015-04-13,-0.12878602917414403
2015-04-14,0.9719748372337569
2015-04-15,1.4005240856535301
2015-04-16,1.5712039482810836
2015-04-19,1.0996920981243483
2015-04-20,1.1925358132850947
2015-04-21,1.0859486975247041
2015-04-22,1.1861385861204004
2015-04-23,1.6930204062812828
2015-04-26,1.188552704440826
2015-04-27,1.4358694209806508
2015-04-28,0.9310509869955041
2015-04-29,0.574541171281614
2015-04-30,-0.3932023674195754
2015-05-03,-0.3932023674195754
2015-05-04,-1.6094451282690496
2015-05-05,-1.0744654271989738
2015-05-06,-0.6378933634494814
2015-05-07,-0.5054903605090602
2015-05-10,0.3909137539929728
2015-05-11,-1.0362617931613514
2015-05-12,0.04783648628202435
2015-05-13,-0.29481455480727287
2015-05-14,0.9887858147390632
2015-05-17,0.9474682062772698
2015-05-18,0.3846351301253411
2015-05-19,-0.4061688214156794
2015-05-20,0.5103055255252624
2015-05-21,-0.5624905327668128
2015-05-24,-0.7554162175034045
2015-05-25,-0.5249337850607274
2015-05-26,-1.1133078559873884
2015-05-27,-0.9369491318139299
2015-05-28,-1.0990579310425501
2015-05-31,-1.136360660542314
2015-06-01,-1.0244975943670511
2015-06-02,-0.33476747583629035
2015-06-03,-0.21950537079208005
2015-06-04,0.2095585007884155
2015-06-07,0.27603581485933054
2015-06-08,1.2213964700877422
2015-06-09,1.1659924465863039
2015-06-10,0.6988739286988263
2015-06-11,1.3780895033568343
2015-06-14,0.32382210326973804
2015-06-15,0.11777487935218407
2015-06-16,1.2433462816480874
2015-06-17,1.4981267664278628
2015-06-18,1.2388966750832224
2015-06-21,0.286510764519102
2015-06-22,0.5232620643203494
2015-06-23,0.8084397663536773
2015-06-24,-0.2745924407471033
2015-06-25,-1.278965043126158
2015-06-28,-0.5522235521330559
2015-06-29,-0.26828190726765805
2015-06-30,-0.08252569100057136
2015-07-01,-1.0281903244521593
2015-07-02,0.7823338891396227
2015-07-05,-0.3867453055662829
2015-07-06,-0.09981722081643508
2015-07-07,-0.3433754970981708
2015-07-08,-1.523342654541456
2015-07-09,-1.2690699987375664
2015-07-12,0.3021431102392633
2015-07-13,0.9177003569591319
2015-07-14,0.7890614329296642
2015-07-15,0.8109057785195674
2015-07-16,0.8629569816796133
2015-07-19,-0.14176089065768857
2015-07-20,-0.41181511645933433
2015-07-21,0.18520751778633107
2015-07-22,-0.17412032947923514
2015-07-23,-0.841624222916437
2015-07-26,-1.397371793500267
2015-07-27,-1.1681123448000923
2015-07-28,-1.0559767195811645
2015-07-29,-0.6168991986572995
2015-07-30,-1.1077531020927212
2015-08-02,-1.2199722855733177
2015-08-03,-1.3358131293862028
2015-08-04,-1.3176387873998368
2015-08-05,-0.6852406222291703
2015-08-06,-1.2170637433220424
2015-08-09,-1.2170637433220424
2015-08-10,0.17258353494634082
2015-08-11,-0.338934180620644
2015-08-12,-0.26849740969688557
2015-08-13,-0.6761422864004205
2015-08-16,0.5064380256870975
2015-08-17,0.5397172037676359
2015-08-18,0.8392298064924586
2015-08-19,0.2402046010428021
2015-08-20,0.6391582659656231
2015-08-23,0.15501577507534786
2015-08-24,-0.9145786817341385
2015-08-25,-0.9927120504676821
2015-08-26,-0.6840750665682586
2015-08-27,0.09461249625845879
2015-08-30,-0.12974755230906612
2015-08-31,-0.7651899228542983
2015-09-01,-0.9803863473621074
2015-09-02,-1.1001379947810752
2015-09-03,-0.8099555243139958
2015-09-06,-1.65976125865648
2015-09-07,-1.6013324972160052
2015-09-08,-1.3683926085952351
2015-09-09,-0.40692841188739953
2015-09-10,-1.071352188168875
2015-09-13,-1.210481740762524
2015-09-14,-0.12936196409229617
2015-09-15,-0.7901403762994972
2015-09-16,-0.17239365579688234
2015-09-17,-1.0072552018026095
2015-09-20,-0.8049368496068966
2015-09-21,
2015-09-22,-0.7535072471159147
2015-09-23,-1.1365716503469678
2015-09-24,0.8277269474787374
2015-09-27,0.5469969537374328
2015-09-28,-0.5025867244475349
2015-09-29,-0.08296929158281839
2015-09-30,1.216716187147297
2015-10-01,0.8242354833953696
2015-10-04,1.558806059133598
2015-10-05,1.285170792771648
2015-10-06,1.5190739406024871
2015-10-07,1.0584546551515241
2015-10-08,1.48594514952222
2015-10-11,1.6846281067233047
2015-10-12,1.5851143445470461
2015-10-13,0.058503968833952334
2015-10-14,1.010609987413748
2015-10-15,0.833955061321741
2015-10-18,-1.3832753027225964
2015-10-19,-0.9688136123714033
2015-10-20,-0.7794793907853854
2015-10-21,-1.3088768737487304
2015-10-22,-0.7166322307374529
2015-10-26,-0.2768022379157536
2015-10-27,-0.527801721849483
2015-10-28,-0.11188927165103459
2015-10-29,-0.30080289562999213
2015-10-30,1.4769445796113962
2015-11-02,1.2944325949769817
2015-11-03,0.13215197175372798
2015-11-04,1.6321866785621864
2015-11-05,1.1149981037683383
2015-11-06,1.3903296987110647
2015-11-09,1.6354636348536207
2015-11-10,1.052826453297394
2015-11-11,1.3999833407923274
2015-11-12,0.8052536229368169
2015-11-13,0.6192175475237712
2015-11-16,-1.009208271148026
2015-11-17,-0.8206290099991459
2015-11-18,-0.41817279493137216
2015-11-19,0.540277844420775
2015-11-20,0.6541088956888432
2015-11-23,1.7803087351647071
2015-11-24,1.1582014576296866
2015-11-25,1.8524986581551217
2015-11-26,0.9352619895710593
2015-11-27,0.9564943198623551
2015-11-30,-0.5235451691809777
2015-12-01,-0.9423987093501177
2015-12-02,-0.6764599536871703
2015-12-03,-0.3722925018976748
2015-12-04,0.8975650563928986
2015-12-07,1.0128112389186967
2015-12-08,0.8697298910973037
2015-12-09,0.12291754328797622
2015-12-10,1.4654172748344279
2015-12-11,0.289872666345035
2015-12-14,0.2714591710492186
2015-12-15,-1.0419330096066912
2015-12-16,-0.8514587174398777
2015-12-17,-0.6535380702063761
2015-12-18,-0.4008086283543653
2015-12-21,-1.011265087443864
2015-12-22,-1.3945076486207206
2015-12-23,-1.0528869931487668
2015-12-24,-0.18809821379197297
2015-12-25,0.7352156767876485
2015-12-28,0.8296961548378697
2015-12-29,1.670220221216812
2015-12-30,1.5032912782492547
2015-12-31,-0.21422206828363585
2016-01-01,-0.08995274407445403
2016-01-04,0.15304070186664068
2016-01-05,-1.3063845249357755
2016-01-06,-1.1342981036348148
2016-01-07,-0.8968572688625945
2016-01-08,-1.2399834055202839
2016-01-11,-0.47271523882740146
2016-01-12,-1.363037374046905
2016-01-13,-0.31739362418852274
2016-01-14,0.028281949621383168
2016-01-15,0.38229695009437686
2016-01-18,0.6641215895567356
2016-01-19,-1.0771378587093987
2016-01-20,-0.3500205973429348
2016-01-21,-0.462053477080233
2016-01-22,-1.424523179546753
2016-01-25,-0.2422187465744489
2016-01-26,-0.21266113575014453
2016-01-27,0.3804297219234682
2016-01-28,-0.31433108708226487
2016-01-29,0.5156404524366669
2016-02-01,1.4002469051339916
2016-02-02,1.8986772442972943
2016-02-03,1.2377421661440053
2016-02-04,1.3609083507988875
2016-02-05,1.3575908448951652
2016-02-08,1.1973810173557253
2016-02-09,1.2872548230485825
2016-02-10,1.4188092342801584
2016-02-11,0.7061410934787961
2016-02-12,-1.074605103189773
2016-02-15,-0.7262473286911295
2016-02-16,-0.6041763224604539
2016-02-17,-1.5925724991526944
2016-02-18,-0.10053592797295652
2016-02-19,-0.8897201712394479
2016-02-22,-0.7401804604823472
2016-02-23,0.6020296263130196
2016-02-24,1.1849254041963224
2016-02-25,1.1021830467217804
2016-02-26,1.1635060179181125
2016-02-29,0.8495324053928888
2016-03-01,-0.3327744792724159
2016-03-02,1.3504040051901423
2016-03-03,1.1019589820193374
2016-03-04,0.6192129323112479
2016-03-07,0.8217805564808636
2016-03-08,0.6967322917512342
2016-03-09,0.9854616184440422
2016-03-10,1.6456753030301403
2016-03-11,1.7891748355482313
2016-03-14,2.0320159668857465
2016-03-15,1.188368501710872
2016-03-16,-0.18483039621040648
2016-03-17,-0.1848270007756485
2016-03-18,1.3778539381126038
2016-03-21,1.371118244410497
2016-03-22,1.4856250373462763
2016-03-23,1.9544293190127537
2016-03-24,0.576306387562166
2016-03-25,0.6153734110343713
2016-03-27,0.539368760123117
2016-03-28,0.6245800913832856
2016-03-29,0.6632965343127393
2016-03-30,0.7055614903836733
2016-03-31,0.8962485809568221
2016-04-03,1.6490653239487472
2016-04-04,0.2864471558947634
2016-04-05,-0.8358258250826476
2016-04-06,-0.22678514391907856
2016-04-07,-1.2015599733233644
2016-04-10,0.5152714665442759
2016-04-11,1.6651581105002051
2016-04-12,1.7576874898172288
2016-04-13,1.5880502944026895
2016-04-14,1.6512506643968021
2016-04-17,0.8147009577533763
2016-04-18,-0.313568646591347
2016-04-19,0.8953373173972914
2016-04-20,0.8027398602529143
2016-04-21,0.2854527959406531
2016-04-24,-0.559536322701068
2016-04-25,-0.2942231165840052
2016-04-26,0.37909275104079077
2016-04-27,0.3501089554145559
2016-04-28,0.9401595804249218
2016-05-01,1.655382092953038
2016-05-02,0.33854779139477253
2016-05-03,-0.8391851289377595
2016-05-04,-0.647601862787774
2016-05-05,-0.6815191874752441
2016-05-08,0.7574708066441813
2016-05-09,0.5514529648766306
2016-05-10,1.1783358262550407
2016-05-11,1.5226799332093828
2016-05-12,1.079741573409141
2016-05-15,0.376639906899981
2016-05-16,0.9228600588975956
2016-05-17,1.0513824476029168
2016-05-18,-0.056358140761998674
2016-05-19,-0.09307882324923607
2016-05-22,-0.5939890684862958
2016-05-23,-0.7726976763379889
2016-05-24,-0.71622736355616
2016-05-25,-0.7084681575684513
2016-05-26,-0.6313166694936017
2016-05-29,-1.2883694241566463
2016-05-30,-0.2230414871705848
2016-05-31,-0.20441044763804617
2016-06-01,-0.4419152243182499
2016-06-02,-0.11001752357282725
2016-06-05,1.3329588748728949
2016-06-06,1.3165009248779787
2016-06-07,1.1130998523456535
2016-06-08,1.7519585120706564
2016-06-09,1.2719197220041858
2016-06-12,1.0231496198603676
2016-06-13,0.25433749514453846
2016-06-14,0.11525900962480728
2016-06-15,0.08244786809458537
2016-06-16,-0.36561149284408223
2016-06-19,0.3921557622865574
2016-06-20,0.8388749928042242
2016-06-21,0.40697583154543143
2016-06-22,1.240623740026994
2016-06-23,1.6131210111012286
2016-06-26,1.0311515485163605
2016-06-27,0.47617812787596153
2016-06-28,1.0017775456937104
2016-06-29,1.414686810096024
2016-06-30,1.8033320175633822
2016-07-03,1.441585769616637
2016-07-04,0.5936056985187899
2016-07-05,0.43836236944042545
2016-07-06,0.029750210828512633
2016-07-07,-0.8859320612271974
2016-07-10,0.06629888620477864
2016-07-11,-0.47278162035896126
2016-07-12,-0.178859872007858
2016-07-13,0.513136800254354
2016-07-14,1.108221248265941
2016-07-17,0.44408975747237067
2016-07-18,1.1095174526480656
2016-07-19,1.1462138328967268
2016-07-20,1.028785416101018
2016-07-21,-0.010778772227262081
2016-07-24,0.517631474724742
2016-07-25,-0.7921288592073028
2016-07-26,-0.738403806890872
2016-07-27,0.23463748396213485
2016-07-28,-1.220267773079594
2016-07-31,0.874443159025538
2016-08-01,0.15860356878232504
2016-08-02,0.48718567577919997
2016-08-03,0.4770880528897707
2016-08-04,1.2042822748479698
2016-08-07,1.5052744319847895
2016-08-08,1.0195935072620284
2016-08-09,1.3486112809004627
2016-08-10,1.5609325370509195
2016-08-11,1.2772637367209212
2016-08-14,0.2592302701897873
2016-08-15,0.37190581891265034
2016-08-16,-0.6757011346482259
2016-08-17,-0.9168592952478134
2016-08-18,-1.5116860710888251
2016-08-21,-0.6476921823268981
2016-08-22,-0.4976573154161489
2016-08-23,-1.3711862989677177
2016-08-24,-0.9798628573834655
2016-08-25,-0.9071268891498866
2016-08-28,-1.0349257588538605
2016-08-29,0.40023943642776716
2016-08-30,0.07819163269501218
2016-08-31,0.5227576226304367
2016-09-01,-0.4591381267938565
2016-09-04,-0.5638255412545311
2016-09-05,-0.9525810342240234
2016-09-06,1.3068958341291919
2016-09-07,1.2090212898727288
2016-09-08,0.48350240398544414
2016-09-11,-0.8426633356033514
2016-09-12,0.0028925866960886676
2016-09-13,-1.063152493548442
2016-09-14,-1.2875093453738369
2016-09-15,-0.48343180255479673
2016-09-18,0.1476862688111734
2016-09-19,0.04280658931303773
2016-09-20,0.32064574026423537
2016-09-21,1.4227167910494112
2016-09-22,1.2747748742971614
2016-09-25,0.7509805203905559
2016-09-26,0.8029601127629614
2016-09-27,0.9628973200626901
2016-09-28,0.996319201980267
2016-09-29,-1.0450781195181917
2016-10-02,-1.1810579212187409
2016-10-03,0.7033150237413652
2016-10-04,-1.3689240292592009
2016-10-05,0.9112809238852463
2016-10-06,0.0711032018705374
2016-10-09,0.4761341971458125
2016-10-10,1.3272119846862842
2016-10-11,1.6758462591004615
2016-10-12,1.4297514771610518
2016-10-13,1.2732351179448418
2016-10-16,0.37799845388893727
2016-10-17,0.29942447178097914
2016-10-18,0.9168039184641511
2016-10-19,1.3264730129248807
2016-10-20,1.8425474876942167
2016-10-23,0.8970673429176566
2016-10-24,1.1981563524979233
2016-10-25,1.639488585540946
2016-10-26,0.6118088692780376
2016-10-27,-0.3079896344632437
2016-10-31,-1.6165852628275
2016-11-01,-0.7787355668025364
2016-11-02,-1.5095541657801994
2016-11-03,-1.6744623079618046
2016-11-04,-1.6265161220953925
2016-11-07,-1.032061894326073
2016-11-08,-0.23920401468865618
2016-11-09,0.8855888414405376
2016-11-10,0.7672055194694698
2016-11-11,-0.5756813971924248
2016-11-14,-0.5133487481686272
2016-11-15,-1.0732295063645403
2016-11-16,-1.0888126686204884
2016-11-17,-1.1889901402658793
2016-11-18,-0.9852959479202492
2016-11-21,-0.42764135576089995
2016-11-22,-0.48440858969329
2016-11-23,0.0052600837454438165
2016-11-24,-0.2775617729904838
2016-11-25,0.41420315299223737
2016-11-28,-0.5409734448950728
2016-11-29,-0.1639418697933297
2016-11-30,-1.4371064639774993
2016-12-01,0.06355181727736732
2016-12-02,-1.6085383563475084
2016-12-05,-0.1562172629215238
2016-12-06,0.8827082405833477
2016-12-07,1.2914096935374104
2016-12-08,1.7194676071884114
2016-12-09,1.6405080449245277
2016-12-12,1.4027603404064364
2016-12-13,1.7440723338104256
2016-12-14,1.593306066257186
2016-12-15,1.1258645877350884
2016-12-16,0.8617678848683894
2016-12-19,-0.02451664500408315
2016-12-20,-0.007963504648936335
2016-12-21,0.34722089036994397
2016-12-22,1.2111700066349433
2016-12-23,1.3510100694795497
2016-12-26,1.7731855842478215
2016-12-27,1.770672634755148
2016-12-28,1.6405803088962931
2016-12-29,1.1077183012857563
2016-12-30,1.7873434468612308
2017-01-02,1.7198651614935863
2017-01-03,0.6799892949238757
2017-01-04,0.7254575220676318
2017-01-05,1.4621332307154475
2017-01-06,1.7305978300583655
2017-01-09,0.8631127415428901
2017-01-10,1.5042494659463552
2017-01-11,1.518425361927176
2017-01-12,0.9219036474328675
2017-01-13,1.185744464001556
2017-01-16,1.185744464001556
2017-01-17,-0.8551892551732473
2017-01-18,-0.2973186522898044
2017-01-19,-1.1614469206907094
2017-01-20,0.35295969110279085
2017-01-23,2.5733879976393643
2017-01-24,1.7414501223253183
2017-01-25,1.4412663528821212
2017-01-26,1.2215742559335385
2017-01-27,0.8075097668595043
2017-01-30,2.285943734509117
2017-01-31,1.4488833566450878
2017-02-01,0.7373411179018333
2017-02-02,1.1312476212900893
2017-02-03,1.229189406152886
2017-02-06,1.3624784219118435
2017-02-07,1.6201705190458104
2017-02-08,1.4868815032868723
2017-02-09,1.4690151033021588
2017-02-10,0.41843962453973066
2017-02-13,1.85856721647178
2017-02-14,1.0134129430629337
2017-02-15,0.922670532794443
2017-02-16,1.4443223064204678
2017-02-17,0.1681702062143076
2017-02-20,-0.15326881150003732
2017-02-21,0.16780493460325946
2017-02-22,-0.18504744166043996
2017-02-23,1.1423495928553902
2017-02-24,1.143245585326643
2017-02-27,-0.6416364611809803
2017-02-28,-1.326498461354465
2017-03-01,-1.2368924630169642
2017-03-02,0.1663749351047133
2017-03-03,-1.5854573758302493
2017-03-06,-0.38676398174836724
2017-03-07,-0.9826462470145054
2017-03-08,-0.24472227898143048
2017-03-09,-0.990971794870166
2017-03-10,-1.5864705587077865
2017-03-13,-0.19788708338432487
2017-03-14,-0.35323089683375697
2017-03-15,-0.7114727523395767
2017-03-16,1.578821858020041
2017-03-17,0.908606485570781
2017-03-20,1.7771875272713324
2017-03-21,1.5640563177494278
2017-03-22,1.1483590258014083
2017-03-23,1.2009789361745815
2017-03-24,-0.4873911157567387
2017-03-26,0.355837664849728
2017-03-27,-0.10437522597421973
2017-03-28,-1.335658491596709
2017-03-29,-0.6905434608627357
2017-03-30,-0.8485795975905525
2017-04-02,-0.05864055942043913
2017-04-03,0.5465802249282066
2017-04-04,1.1694964795941691
2017-04-05,0.3073276857247886
2017-04-06,-0.4794013386810214
2017-04-09,-0.5943571778635927
2017-04-10,-0.13094145115881228
2017-04-11,-0.3105599498815961
2017-04-12,0.167225256721022
2017-04-13,-1.209427006538353
2017-04-16,-1.2689748790889075
2017-04-17,-0.6551737312601574
2017-04-18,0.7128019612286767
2017-04-19,-1.454319158200287
2017-04-20,-1.298883171462387
2017-04-23,-1.3004829871898016
2017-04-24,-0.10081854555332191
2017-04-25,-0.26480298004611036
2017-04-26,-1.054324999874413
2017-04-27,-0.8920624804256058
2017-04-30,-0.7507571018432323
2017-05-01,-0.7224960261267601
2017-05-02,-0.01879524078652078
2017-05-03,-0.35510204181258376
2017-05-04,-0.9994545681482127
2017-05-07,-0.5168967002894078
2017-05-08,-1.0906417116876246
2017-05-09,-0.5585273639918241
2017-05-10,0.5143361524921487
2017-05-11,1.0664622221852345
2017-05-14,-0.9557943707463137
2017-05-15,1.3681475990003935
2017-05-16,1.789833007703848
2017-05-17,1.5044159830394088
2017-05-18,-1.2490044235216027
2017-05-21,0.10316340771400706
2017-05-22,-0.03824740263993515
2017-05-23,-0.07564530289882937
2017-05-24,-0.1410916283518905
2017-05-25,-0.13291083767025585
2017-05-28,0.9866888013303543
2017-05-29,0.10047663074878355
2017-05-30,0.3373654556790197
2017-05-31,1.8698440339568423
2017-06-01,0.724879010206226
2017-06-04,0.4872017292337163
2017-06-05,-1.5384024440061488
2017-06-06,-0.6119606865912911
2017-06-07,-0.21096350800875863
2017-06-08,0.1439420408516678
2017-06-11,3.6940206623353378
2017-06-12,-1.1923382939848688
2017-06-13,-1.116764409375586
2017-06-14,0.4346057026935371
2017-06-15,0.7190849711040902
2017-06-18,0.3885405719488757
2017-06-19,0.7504741917643232
2017-06-20,-1.3921728375430455
2017-06-21,-1.2332841135443606
2017-06-22,-1.4566866061627457
2017-06-25,-1.5468463306435887
2017-06-26,0.7922976322763169
2017-06-27,-0.06922862387404961
2017-06-28,1.6075383138383974
2017-06-29,0.472137749229835
2017-07-02,6.96186510828001
2017-07-03,0.5863569507491282
2017-07-04,0.13467192655922824
2017-07-05,1.2702996198256769
2017-07-06,0.7232529007414228
2017-07-09,6.139214216281144
2017-07-10,
2017-07-11,0.8108348971622138
2017-07-12,1.8080416263633765
2017-07-13,1.3346939332998882
2017-07-16,1.9573141716041758
2017-07-17,1.4321926162148555
2017-07-18,1.9164716566619129
2017-07-19,1.5671974660240058
2017-07-20,1.597747926217785
2017-07-23,0.09604846306622422
2017-07-24,0.8697447033786613
2017-07-25,-0.29153892458686675
2017-07-26,0.6594047395629453
2017-07-27,-0.33788337316413825
2017-07-30,-1.489993033591238
2017-07-31,0.5747621894347501
2017-08-01,0.7146064026900506
2017-08-02,1.1275238627602693
2017-08-03,1.15923445213038
2017-08-06,0.352879465290583
2017-08-07,0.5839137592727731
2017-08-08,0.11933620159999662
2017-08-09,-1.300193150457232
2017-08-10,-1.596264397024023
2017-08-13,-0.8342284821416341
2017-08-14,-1.1526075636039255
2017-08-15,-0.49574124816592136
2017-08-16,0.245352947095704
2017-08-17,-0.5256701544912452
2017-08-20,-0.5546108837085026
2017-08-21,0.18556453280581128
2017-08-22,0.43028163164296007
2017-08-23,1.4864384041329406
2017-08-24,1.1277436512118086
2017-08-27,0.5014822954219709
2017-08-28,-0.9599624675366142
2017-08-29,-0.8568903992937563
2017-08-30,-0.2745924407470791
2017-08-31,0.35599940654601214
2017-09-03,-1.9237786850447502
2017-09-04,0.45070237252706297
2017-09-05,1.6187617733507953
2017-09-06,1.8936292519672004
2017-09-07,1.505885036360472
2017-09-10,-1.8076857851165051
2017-09-11,1.173622957439288
2017-09-12,0.19740198844451057
2017-09-13,-0.8500080019220392
2017-09-14,-0.21395342728656772
2017-09-17,0.2644904727320102
2017-09-18,-1.1708412273237234
2017-09-19,-1.051230252319079
2017-09-20,-0.9259235165999157
2017-09-21,-1.1480581844656983
2017-09-24,-0.2196576012369838
2017-09-25,-0.9033669107122072
2017-09-26,-0.31947651639799446
2017-09-27,-1.4432915403287143
2017-09-28,-1.0017927809273557
2017-10-01,-0.09965566190367242
2017-10-02,0.3831025643277778
2017-10-03,0.9394239488420845
2017-10-04,1.2888489506857896
2017-10-05,0.40609105129116674
2017-10-08,0.3282493160001932
2017-10-09,-1.1589225917925856
2017-10-10,-0.8380004386544859
2017-10-11,-0.6722706406867781
2017-10-12,-0.6659069845737763
2017-10-15,0.5808579628330611
2017-10-16,-0.7369944596452227
2017-10-17,0.0394994988274629
2017-10-18,-0.6744036994629194
2017-10-19,-0.2073979291057041
2017-10-22,-0.6584287940357868
2017-10-23,-0.893556792718908
2017-10-24,-1.1199324414901
2017-10-25,-0.8052150761252692
2017-10-26,-1.4455693501630629
2017-10-30,-0.18384726350988254
2017-10-31,-1.444034321594532
2017-11-01,-0.9554172454601464
2017-11-02,-0.8285604123056319
2017-11-03,0.044094968443188366
2017-11-06,-0.4335173986713726
2017-11-07,0.9897016112860706
2017-11-08,0.5487546322272617
2017-11-09,1.2866464609168413
2017-11-10,1.3825648903545609
2017-11-13,0.4832739840292422
2017-11-14,0.5028324427790638
2017-11-15,-0.9053765872075906
2017-11-16,
2017-11-17,
2017-11-20,1.1755356212441388
2017-11-21,1.199791190166161
2017-11-22,0.8326236181350377
2017-11-23,1.9365626183992484
2017-11-24,1.9542187841304128
2017-11-27,1.2727022753186488
2017-11-28,1.1978819861722982
2017-11-29,1.5636919139379641
2017-11-30,0.10887773875752317
2017-12-01,-1.0378776757909374
2017-12-04,-0.43843734545879004
2017-12-05,0.20444068996990428
2017-12-06,0.304347411691929
2017-12-07,0.9481890565230988
2017-12-08,-0.746329370049868
2017-12-11,-0.7655488607104289
2017-12-12,-0.8929494434173253
2017-12-13,-0.7562266601237272
2017-12-14,-0.6142228976743906
2017-12-15,-1.5538731676834607
2017-12-18,-0.12371363722938657
2017-12-19,0.0008451390375848266
2017-12-20,0.14532033057070734
2017-12-21,0.35152820589048955
2017-12-22,-0.08360838437538584
2017-12-25,-1.4016920364428995
2017-12-26,-1.2960763591939028
2017-12-27,-0.20612256998422057
2017-12-28,-0.44865525402419154
2017-12-29,-0.3521854183400634
2018-01-01,-0.33294109262811383
2018-01-02,-0.49103248373039254
2018-01-03,1.3735159819170362
2018-01-04,1.5712515185374119
2018-01-05,1.6483968827888607
2018-01-08,1.8568950648196314
2018-01-09,1.3374767617576933
2018-01-10,1.033009181092679
2018-01-11,1.7804443095680882
2018-01-12,1.4803997719288893
2018-01-15,1.3587770334312714
2018-01-16,0.46071819705140216
2018-01-17,-0.18964761035577754
2018-01-18,-0.16589087061467084
2018-01-19,0.6465896285309131
2018-01-22,1.1407298151457559
2018-01-23,0.8556489382525808
2018-01-24,-1.5123772661998443
2018-01-25,1.2769351229947423
2018-01-26,1.2199189476160976
