Date,open_2_sma
2010-01-04,1.693
2010-01-05,1.68215
2010-01-06,1.67555
2010-01-07,1.7020000000000002
2010-01-08,1.7098
2010-01-11,1.68595
2010-01-12,1.68175
2010-01-13,1.6914500000000001
2010-01-14,1.70195
2010-01-15,1.70825
2010-01-18,1.71985
2010-01-19,1.7206000000000001
2010-01-20,1.7157499999999999
2010-01-21,1.7309999999999999
2010-01-22,1.7464999999999997
2010-01-25,1.7856999999999998
2010-01-26,1.81625
2010-01-27,1.7997999999999998
2010-01-28,1.7961999999999998
2010-01-29,1.8132
2010-02-01,1.8464
2010-02-02,1.84015
2010-02-03,1.7947000000000002
2010-02-04,1.7867000000000002
2010-02-05,1.8079999999999998
2010-02-08,1.8289999999999997
2010-02-09,1.8264499999999997
2010-02-10,1.8084499999999997
2010-02-11,1.7984999999999998
2010-02-12,1.8014999999999994
2010-02-15,1.8074999999999992
2010-02-16,1.8079999999999992
2010-02-17,1.7986499999999992
2010-02-18,1.7861499999999992
2010-02-19,1.7759999999999994
2010-02-22,1.7831499999999993
2010-02-23,1.777249999999999
2010-02-24,1.7681999999999989
2010-02-25,1.774249999999999
2010-02-26,1.7736499999999988
2010-03-01,1.7806499999999987
2010-03-02,1.7662999999999989
2010-03-03,1.744049999999999
2010-03-04,1.7411999999999987
2010-03-05,1.7391499999999986
2010-03-08,1.755799999999999
2010-03-09,1.7788999999999988
2010-03-10,1.754699999999999
2010-03-11,1.7217499999999992
2010-03-12,1.7163499999999992
2010-03-15,1.7142999999999993
2010-03-16,1.7139999999999995
2010-03-17,1.7152999999999998
2010-03-18,1.7147999999999997
2010-03-19,1.7265999999999997
2010-03-22,1.7434999999999996
2010-03-23,1.7478499999999997
2010-03-24,1.7379999999999998
2010-03-25,1.734
2010-03-26,1.75595
2010-03-28,1.7961
2010-03-29,1.8121
2010-03-30,1.7708500000000003
2010-03-31,1.7346500000000002
2010-04-01,1.7240000000000004
2010-04-04,1.7178000000000004
2010-04-05,1.7178000000000007
2010-04-06,1.7111000000000007
2010-04-07,1.7084500000000007
2010-04-08,1.7213000000000007
2010-04-11,1.7224000000000006
2010-04-12,1.7359500000000008
2010-04-13,1.7283500000000012
2010-04-14,1.6972500000000013
2010-04-15,1.697050000000001
2010-04-18,1.7274000000000012
2010-04-19,1.7303000000000013
2010-04-20,1.7036000000000011
2010-04-21,1.702350000000001
2010-04-22,1.7084000000000006
2010-04-25,1.7100500000000007
2010-04-26,1.7010000000000007
2010-04-27,1.7106000000000008
2010-04-28,1.7135000000000007
2010-04-29,1.6905500000000009
2010-05-02,1.677500000000001
2010-05-03,1.676600000000001
2010-05-04,1.6953500000000008
2010-05-05,1.7290000000000005
2010-05-06,1.7746000000000004
2010-05-09,1.8122000000000005
2010-05-10,1.7706000000000006
2010-05-11,1.7303500000000005
2010-05-12,1.7326500000000005
2010-05-13,1.7249000000000003
2010-05-16,1.7400500000000005
2010-05-17,1.7533000000000007
2010-05-18,1.7604000000000006
2010-05-19,1.7739000000000005
2010-05-20,1.8045500000000008
2010-05-23,1.815900000000001
2010-05-24,1.8097000000000008
2010-05-25,1.8067500000000005
2010-05-26,1.8248500000000005
2010-05-27,1.8100000000000007
2010-05-30,1.789350000000001
2010-05-31,1.815600000000001
2010-06-01,1.8074000000000008
2010-06-02,1.782750000000001
2010-06-03,1.7919500000000008
2010-06-06,1.8043500000000008
2010-06-07,1.810900000000001
2010-06-08,1.816650000000001
2010-06-09,1.802050000000001
2010-06-10,1.776400000000001
2010-06-13,1.7544000000000013
2010-06-14,1.7588000000000015
2010-06-15,1.7481000000000015
2010-06-16,1.7351000000000014
2010-06-17,1.733050000000001
2010-06-20,1.727750000000001
2010-06-21,1.7227000000000008
2010-06-22,1.729450000000001
2010-06-23,1.7378000000000013
2010-06-24,1.7647500000000016
2010-06-27,1.7860500000000017
2010-06-28,1.7553000000000016
2010-06-29,1.7456500000000017
2010-06-30,1.7607000000000017
2010-07-01,1.7504000000000017
2010-07-04,1.7573000000000016
2010-07-05,1.7498000000000018
2010-07-06,1.727200000000002
2010-07-07,1.7225500000000018
2010-07-08,1.7148000000000017
2010-07-11,1.711650000000002
2010-07-12,1.7102000000000017
2010-07-13,1.7066500000000016
2010-07-14,1.7077500000000014
2010-07-15,1.7117000000000013
2010-07-18,1.7465000000000015
2010-07-19,1.7625500000000014
2010-07-20,1.7330500000000013
2010-07-21,1.7272500000000015
2010-07-22,1.7193000000000014
2010-07-25,1.7159500000000014
2010-07-26,1.7182000000000017
2010-07-27,1.7155000000000018
2010-07-28,1.719250000000002
2010-07-29,1.713900000000002
2010-08-01,1.7104000000000021
2010-08-02,1.707000000000002
2010-08-03,1.704800000000002
2010-08-04,1.7052000000000023
2010-08-05,1.7023000000000024
2010-08-08,1.7051000000000025
2010-08-09,1.7028000000000028
2010-08-10,1.7003500000000025
2010-08-11,1.7134500000000024
2010-08-12,1.7214500000000021
2010-08-15,1.7205000000000021
2010-08-16,1.7134000000000018
2010-08-17,1.703950000000002
2010-08-18,1.703500000000002
2010-08-19,1.7051000000000016
2010-08-22,1.7073500000000017
2010-08-23,1.7181000000000015
2010-08-24,1.7247000000000017
2010-08-25,1.717450000000002
2010-08-26,1.7129500000000015
2010-08-29,1.7060000000000015
2010-08-30,1.7043500000000016
2010-08-31,1.7071000000000014
2010-09-01,1.7000500000000016
2010-09-02,1.6852500000000015
2010-09-05,1.6790500000000013
2010-09-06,1.6797500000000012
2010-09-07,1.678500000000001
2010-09-08,1.677850000000001
2010-09-09,1.674450000000001
2010-09-12,1.6725000000000012
2010-09-13,1.6658500000000014
2010-09-14,1.6599500000000011
2010-09-15,1.6668500000000013
2010-09-16,1.6675000000000013
2010-09-19,1.6665500000000013
2010-09-20,1.6773000000000016
2010-09-21,1.6722000000000015
2010-09-22,1.6651500000000015
2010-09-23,1.6707500000000017
2010-09-26,1.6667000000000018
2010-09-27,1.6602500000000016
2010-09-28,1.6589500000000015
2010-09-29,1.6542500000000013
2010-09-30,1.6440500000000016
2010-10-03,1.6385000000000014
2010-10-04,1.6437000000000013
2010-10-05,1.6308000000000011
2010-10-06,1.6209500000000014
2010-10-07,1.6297000000000015
2010-10-10,1.6237000000000013
2010-10-11,1.618450000000001
2010-10-12,1.6206500000000013
2010-10-13,1.6118000000000012
2010-10-14,1.6063500000000013
2010-10-17,1.6121500000000015
2010-10-18,1.6185000000000018
2010-10-19,1.6323000000000019
2010-10-20,1.634150000000002
2010-10-21,1.636550000000002
2010-10-24,1.651400000000002
2010-10-25,1.6508500000000021
2010-10-26,1.6495500000000023
2010-10-27,1.6618000000000024
2010-10-28,1.6624000000000025
2010-11-01,1.6529000000000025
2010-11-02,1.6525500000000026
2010-11-03,1.6539000000000024
2010-11-04,1.6524500000000024
2010-11-05,1.6354500000000023
2010-11-08,1.6243000000000025
2010-11-09,1.6394500000000023
2010-11-10,1.650500000000002
2010-11-11,1.654150000000002
2010-11-12,1.6617000000000017
2010-11-15,1.668100000000002
2010-11-16,1.6711500000000021
2010-11-17,1.681100000000002
2010-11-18,1.6825500000000022
2010-11-19,1.6678500000000023
2010-11-22,1.663200000000002
2010-11-23,1.669300000000002
2010-11-24,1.6791000000000023
2010-11-25,1.6783500000000022
2010-11-26,1.6713500000000021
2010-11-29,1.6740000000000022
2010-11-30,1.6726000000000023
2010-12-01,1.6661000000000024
2010-12-02,1.6596000000000022
2010-12-03,1.6506500000000024
2010-12-06,1.6403500000000026
2010-12-07,1.6298000000000026
2010-12-08,1.6284500000000024
2010-12-09,1.6359000000000021
2010-12-10,1.6496000000000022
2010-12-13,1.658050000000002
2010-12-14,1.650100000000002
2010-12-15,1.645300000000002
2010-12-16,1.653350000000002
2010-12-17,1.656350000000002
2010-12-20,1.6587500000000017
2010-12-21,1.6606500000000017
2010-12-22,1.6505000000000016
2010-12-23,1.6470000000000016
2010-12-24,1.6475000000000017
2010-12-27,1.643050000000002
2010-12-28,1.6383000000000019
2010-12-29,1.638050000000002
2010-12-30,1.6337500000000018
2010-12-31,1.6243500000000015
2011-01-03,1.6156500000000018
2011-01-04,1.603750000000002
2011-01-05,1.605000000000002
2011-01-06,1.6177500000000018
2011-01-07,1.630050000000002
2011-01-10,1.6345500000000017
2011-01-11,1.6350500000000014
2011-01-12,1.6396500000000016
2011-01-13,1.632350000000002
2011-01-14,1.6228500000000021
2011-01-17,1.6294000000000022
2011-01-18,1.633450000000002
2011-01-19,1.627450000000002
2011-01-20,1.6229000000000018
2011-01-21,1.6289000000000016
2011-01-24,1.6313500000000016
2011-01-25,1.6237500000000014
2011-01-26,1.6213500000000014
2011-01-27,1.6194000000000013
2011-01-28,1.6216500000000016
2011-01-31,1.6302500000000015
2011-02-01,1.6256000000000017
2011-02-02,1.6146000000000018
2011-02-03,1.6143500000000017
2011-02-04,1.6171500000000014
2011-02-07,1.6207500000000012
2011-02-08,1.6261000000000014
2011-02-09,1.6216500000000016
2011-02-10,1.6127000000000014
2011-02-11,1.615200000000001
2011-02-14,1.617050000000001
2011-02-15,1.6157000000000012
2011-02-16,1.6179500000000013
2011-02-17,1.6200500000000013
2011-02-18,1.6168000000000013
2011-02-21,1.6129000000000016
2011-02-22,1.6159000000000017
2011-02-23,1.6162000000000016
2011-02-24,1.6192500000000014
2011-02-25,1.6422500000000015
2011-02-28,1.6591500000000017
2011-03-01,1.6578500000000016
2011-03-02,1.6578500000000018
2011-03-03,1.655400000000002
2011-03-04,1.648200000000002
2011-03-07,1.647000000000002
2011-03-08,1.6501000000000021
2011-03-09,1.6495500000000023
2011-03-10,1.648900000000002
2011-03-11,1.6526000000000018
2011-03-14,1.6581500000000016
2011-03-15,1.6572000000000016
2011-03-16,1.6572500000000014
2011-03-17,1.6653000000000013
2011-03-18,1.6721000000000013
2011-03-21,1.6686500000000013
2011-03-22,1.661600000000001
2011-03-23,1.6570000000000011
2011-03-24,1.655300000000001
2011-03-25,1.654800000000001
2011-03-27,1.651700000000001
2011-03-28,1.653900000000001
2011-03-29,1.6494500000000012
2011-03-30,1.6319000000000012
2011-03-31,1.6228000000000011
2011-04-03,1.6125500000000015
2011-04-04,1.6037500000000016
2011-04-05,1.6042500000000015
2011-04-06,1.6012500000000016
2011-04-07,1.5931000000000015
2011-04-10,1.5829000000000018
2011-04-11,1.5783500000000021
2011-04-12,1.5844500000000021
2011-04-13,1.5881500000000022
2011-04-14,1.5853000000000044
2011-04-17,1.5712000000000044
2011-04-18,1.5772000000000022
2011-04-19,1.576850000000002
2011-04-20,1.5664000000000025
2011-04-21,1.5623000000000027
2011-04-24,1.5604500000000028
2011-04-25,1.5610500000000027
2011-04-26,1.5623000000000027
2011-04-27,1.5630000000000026
2011-04-28,1.5728500000000025
2011-05-01,1.5760000000000027
2011-05-02,1.5775000000000028
2011-05-03,1.5819000000000027
2011-05-04,1.5954000000000028
2011-05-05,1.611350000000003
2011-05-08,1.605650000000003
2011-05-09,1.603900000000003
2011-05-10,1.603550000000003
2011-05-11,1.6073000000000028
2011-05-12,1.6152500000000027
2011-05-15,1.6228500000000028
2011-05-16,1.6303500000000026
2011-05-17,1.6296000000000026
2011-05-18,1.6177000000000028
2011-05-19,1.6091000000000029
2011-05-22,1.6149500000000028
2011-05-23,1.6232500000000027
2011-05-24,1.6240000000000028
2011-05-25,1.6214500000000027
2011-05-26,1.6173500000000027
2011-05-29,1.6001500000000028
2011-05-30,1.5865000000000027
2011-05-31,1.5792500000000027
2011-06-01,1.5770000000000026
2011-06-02,1.5747000000000027
2011-06-05,1.5696000000000025
2011-06-06,1.5594000000000023
2011-06-07,1.5629000000000024
2011-06-08,1.5749000000000026
2011-06-09,1.5770000000000026
2011-06-12,1.5874000000000028
2011-06-13,1.5919000000000025
2011-06-14,1.5827500000000025
2011-06-15,1.5858500000000026
2011-06-16,1.5963000000000025
2011-06-19,1.5936000000000026
2011-06-20,1.5892000000000028
2011-06-21,1.5861500000000026
2011-06-22,1.5850500000000027
2011-06-23,1.5863500000000026
2011-06-26,1.5881500000000024
2011-06-27,1.5895000000000026
2011-06-28,1.5811500000000027
2011-06-29,1.5679500000000026
2011-06-30,1.558200000000003
2011-07-03,1.553050000000003
2011-07-04,1.550000000000003
2011-07-05,1.554000000000003
2011-07-06,1.562400000000003
2011-07-07,1.5563500000000028
2011-07-10,1.5466500000000027
2011-07-11,1.5585000000000029
2011-07-12,1.573200000000003
2011-07-13,1.571650000000003
2011-07-14,1.5701500000000028
2011-07-17,1.5705500000000028
2011-07-18,1.5695500000000029
2011-07-19,1.5672500000000027
2011-07-20,1.5639500000000028
2011-07-21,1.5553500000000031
2011-07-24,1.5508500000000032
2011-07-25,1.5490000000000033
2011-07-26,1.5389000000000033
2011-07-27,1.548400000000003
2011-07-28,1.5629500000000032
2011-07-31,1.5534000000000032
2011-08-01,1.552800000000003
2011-08-02,1.562250000000003
2011-08-03,1.5542500000000028
2011-08-04,1.5639500000000028
2011-08-07,1.5876500000000027
2011-08-08,1.6072500000000027
2011-08-09,1.6244500000000026
2011-08-10,1.6229500000000026
2011-08-11,1.6204500000000026
2011-08-14,1.6142000000000025
2011-08-15,1.5973500000000027
2011-08-16,1.5869500000000025
2011-08-17,1.5845000000000025
2011-08-18,1.5892000000000024
2011-08-21,1.594000000000002
2011-08-22,1.5979500000000022
2011-08-23,1.5972000000000022
2011-08-24,1.6005500000000024
2011-08-25,1.6069000000000027
2011-08-28,1.602300000000003
2011-08-29,1.593100000000003
2011-08-30,1.584350000000003
2011-08-31,1.583350000000003
2011-09-01,1.5897500000000029
2011-09-04,1.615900000000003
2011-09-05,1.637250000000003
2011-09-06,1.647000000000003
2011-09-07,1.652500000000003
2011-09-08,1.651750000000003
2011-09-11,1.664700000000003
2011-09-12,1.6868000000000027
2011-09-13,1.705100000000003
2011-09-14,1.7102500000000032
2011-09-15,1.704500000000003
2011-09-18,1.7138500000000032
2011-09-19,1.7612000000000032
2011-09-20,1.787650000000003
2011-09-21,1.8242500000000033
2011-09-22,1.8831000000000033
2011-09-25,1.8633000000000037
2011-09-26,1.823400000000004
2011-09-27,1.8088500000000038
2011-09-28,1.8157000000000036
2011-09-29,1.8348500000000034
2011-10-02,1.8557500000000031
2011-10-03,1.8801500000000033
2011-10-04,1.8689500000000032
2011-10-05,1.840600000000003
2011-10-06,1.802550000000003
2011-10-09,1.7711000000000028
2011-10-10,1.7620500000000026
2011-10-11,1.7637000000000027
2011-10-12,1.7700000000000025
2011-10-13,1.7579500000000026
2011-10-16,1.7383000000000026
2011-10-17,1.7496500000000026
2011-10-18,1.7580000000000027
2011-10-19,1.7577500000000028
2011-10-20,1.772150000000003
2011-10-23,1.773050000000003
2011-10-24,1.7578500000000026
2011-10-25,1.7534000000000027
2011-10-26,1.7572000000000028
2011-10-27,1.7289500000000024
2011-10-31,1.6860000000000022
2011-11-01,1.6786500000000022
2011-11-02,1.714900000000002
2011-11-03,1.7355000000000023
2011-11-04,1.7303500000000023
2011-11-07,1.7386500000000025
2011-11-08,1.7445000000000026
2011-11-09,1.7343500000000027
2011-11-10,1.7509000000000026
2011-11-11,1.7656500000000024
2011-11-14,1.7471000000000023
2011-11-15,1.7497500000000024
2011-11-16,1.7646000000000024
2011-11-17,1.765900000000002
2011-11-18,1.7691000000000021
2011-11-21,1.777250000000002
2011-11-22,1.792050000000002
2011-11-23,1.808250000000002
2011-11-24,1.8378000000000019
2011-11-25,1.8776500000000018
2011-11-28,1.890050000000002
2011-11-29,1.868150000000002
2011-11-30,1.8446500000000021
2011-12-01,1.8200000000000023
2011-12-02,1.797500000000002
2011-12-05,1.7906000000000022
2011-12-06,1.783450000000002
2011-12-07,1.783600000000002
2011-12-08,1.790350000000002
2011-12-09,1.8056000000000019
2011-12-12,1.8092500000000018
2011-12-13,1.8192500000000016
2011-12-14,1.8483500000000017
2011-12-15,1.867250000000002
2011-12-16,1.8643000000000018
2011-12-19,1.851400000000002
2011-12-20,1.8570500000000019
2011-12-21,1.853550000000002
2011-12-22,1.8498500000000018
2011-12-23,1.851800000000002
2011-12-26,1.8517000000000017
2011-12-27,1.8551500000000014
2011-12-28,1.8554000000000013
2011-12-29,1.8645500000000013
2011-12-30,1.8669000000000013
2012-01-02,1.8613000000000013
2012-01-03,1.8588000000000013
2012-01-04,1.8461500000000013
2012-01-05,1.8271500000000012
2012-01-06,1.8287000000000013
2012-01-09,1.8462500000000013
2012-01-10,1.8423500000000015
2012-01-11,1.8132500000000014
2012-01-12,1.7980500000000013
2012-01-13,1.7902000000000013
2012-01-16,1.7813500000000015
2012-01-17,1.7823000000000015
2012-01-18,1.7837500000000015
2012-01-19,1.7740500000000017
2012-01-20,1.7629500000000018
2012-01-23,1.765300000000002
2012-01-24,1.760950000000002
2012-01-25,1.7546500000000018
2012-01-26,1.7565000000000017
2012-01-27,1.7478000000000018
2012-01-30,1.7395000000000014
2012-01-31,1.7436000000000011
2012-02-01,1.746300000000001
2012-02-02,1.7394000000000012
2012-02-03,1.7253500000000015
2012-02-06,1.7169500000000015
2012-02-07,1.7197500000000014
2012-02-08,1.7244000000000015
2012-02-09,1.7217000000000016
2012-02-10,1.7170000000000016
2012-02-13,1.7208000000000019
2012-02-14,1.720600000000002
2012-02-15,1.7181500000000018
2012-02-16,1.7244000000000015
2012-02-17,1.7216000000000014
2012-02-20,1.7142000000000015
2012-02-21,1.7138500000000014
2012-02-22,1.7148000000000012
2012-02-23,1.709950000000001
2012-02-24,1.7091000000000007
2012-02-27,1.7108500000000006
2012-02-28,1.7072500000000006
2012-02-29,1.6990500000000006
2012-03-01,1.7044000000000006
2012-03-02,1.7136500000000008
2012-03-05,1.720200000000001
2012-03-06,1.733750000000001
2012-03-07,1.748650000000001
2012-03-08,1.763500000000001
2012-03-09,1.7645000000000008
2012-03-12,1.775900000000001
2012-03-13,1.794550000000001
2012-03-14,1.7950500000000007
2012-03-15,1.7967500000000007
2012-03-16,1.8009000000000008
2012-03-19,1.7992000000000008
2012-03-20,1.809750000000001
2012-03-21,1.8161000000000014
2012-03-22,1.8152500000000014
2012-03-23,1.818600000000001
2012-03-25,1.813750000000001
2012-03-26,1.813250000000001
2012-03-27,1.8193500000000011
2012-03-28,1.8226000000000013
2012-03-29,1.8223000000000014
2012-04-01,1.8233000000000013
2012-04-02,1.8292500000000014
2012-04-03,1.8310500000000012
2012-04-04,1.8284000000000011
2012-04-05,1.825050000000001
2012-04-08,1.8222500000000013
2012-04-09,1.8205000000000011
2012-04-10,1.8258500000000009
2012-04-11,1.833600000000001
2012-04-12,1.829600000000001
2012-04-15,1.8310000000000008
2012-04-16,1.8415500000000007
2012-04-17,1.851150000000001
2012-04-18,1.867150000000001
2012-04-19,1.8786500000000008
2012-04-22,1.875750000000001
2012-04-23,1.874600000000001
2012-04-24,1.8783000000000007
2012-04-25,1.8790500000000008
2012-04-26,1.8813000000000009
2012-04-29,1.8851000000000009
2012-04-30,1.896100000000001
2012-05-01,1.9061000000000012
2012-05-02,1.9143000000000012
2012-05-03,1.916000000000001
2012-05-06,1.918350000000001
2012-05-07,1.9228500000000013
2012-05-08,1.9283500000000013
2012-05-09,1.9537000000000013
2012-05-10,1.9607500000000013
2012-05-13,1.9586000000000015
2012-05-14,1.9790500000000013
2012-05-15,1.9964000000000013
2012-05-16,1.9996500000000013
2012-05-17,2.003550000000001
2012-05-20,2.0150500000000013
2012-05-21,2.0272000000000014
2012-05-22,2.0606000000000013
2012-05-23,2.0579500000000013
2012-05-24,2.026950000000001
2012-05-27,2.0059500000000012
2012-05-28,1.983300000000001
2012-05-29,1.986950000000001
2012-05-30,2.002300000000001
2012-05-31,2.019050000000001
2012-06-03,2.032150000000001
2012-06-04,2.0457500000000013
2012-06-05,2.042000000000001
2012-06-06,2.0314500000000013
2012-06-07,2.031550000000001
2012-06-10,2.026750000000001
2012-06-11,2.0428500000000014
2012-06-12,2.0652500000000016
2012-06-13,2.0688500000000016
2012-06-14,2.064350000000001
2012-06-17,2.052950000000001
2012-06-18,2.054050000000001
2012-06-19,2.043950000000001
2012-06-20,2.0261500000000012
2012-06-21,2.0433000000000012
2012-06-24,2.064100000000001
2012-06-25,2.0631000000000013
2012-06-26,2.067550000000001
2012-06-27,2.074600000000001
2012-06-28,2.0755500000000016
2012-07-01,2.042850000000002
2012-07-02,1.9956000000000016
2012-07-03,1.9953500000000013
2012-07-04,2.0173500000000013
2012-07-05,2.0225000000000013
2012-07-08,2.0231000000000012
2012-07-09,2.029450000000001
2012-07-10,2.032100000000001
2012-07-11,2.033900000000001
2012-07-12,2.036000000000001
2012-07-15,2.036850000000001
2012-07-16,2.0354000000000014
2012-07-17,2.027350000000001
2012-07-18,2.020900000000001
2012-07-19,2.0162000000000013
2012-07-22,2.0169500000000014
2012-07-23,2.029600000000001
2012-07-24,2.0410000000000013
2012-07-25,2.039150000000001
2012-07-26,2.025500000000001
2012-07-29,2.0196500000000013
2012-07-30,2.030750000000001
2012-07-31,2.0485000000000007
2012-08-01,2.049500000000001
2012-08-02,2.0454000000000008
2012-08-05,2.037700000000001
2012-08-06,2.027750000000001
2012-08-07,2.027800000000001
2012-08-08,2.024200000000001
2012-08-09,2.019950000000001
2012-08-12,2.016200000000001
2012-08-13,2.0168500000000007
2012-08-14,2.022700000000001
2012-08-15,2.024550000000001
2012-08-16,2.0193500000000006
2012-08-19,2.0148000000000006
2012-08-20,2.0144
2012-08-21,2.0146500000000005
2012-08-22,2.014900000000001
2012-08-23,2.0188500000000005
2012-08-26,2.023
2012-08-27,2.02705
2012-08-28,2.0359500000000006
2012-08-29,2.0439500000000006
2012-08-30,2.0455000000000005
2012-09-02,2.03585
2012-09-03,2.02815
2012-09-04,2.0326500000000003
2012-09-05,2.0364500000000003
2012-09-06,2.03045
2012-09-09,2.025
2012-09-10,2.0223
2012-09-11,2.0156
2012-09-12,2.01785
2012-09-13,2.0210000000000004
2012-09-16,2.013750000000001
2012-09-17,2.019800000000001
2012-09-18,2.025100000000001
2012-09-19,2.0207000000000006
2012-09-20,2.019800000000001
2012-09-23,2.0184500000000014
2012-09-24,2.0211500000000013
2012-09-25,2.025850000000001
2012-09-26,2.0307000000000013
2012-09-27,2.0301000000000013
2012-09-30,2.0248000000000013
2012-10-01,2.0228000000000015
2012-10-02,2.0240500000000017
2012-10-03,2.0219000000000014
2012-10-04,2.017400000000001
2012-10-07,2.0223000000000013
2012-10-08,2.0286000000000017
2012-10-09,2.0297000000000014
2012-10-10,2.035050000000001
2012-10-11,2.039250000000001
2012-10-14,2.0405500000000005
2012-10-15,2.0387500000000003
2012-10-16,2.0334000000000003
2012-10-17,2.0305500000000003
2012-10-18,2.0279500000000006
2012-10-21,2.0261000000000005
2012-10-22,2.0245500000000005
2012-10-23,2.0242000000000004
2012-10-24,2.024800000000001
2012-10-25,2.0241000000000007
2012-10-29,2.024750000000001
2012-10-30,2.028150000000001
2012-10-31,2.029850000000001
2012-11-01,2.029650000000001
2012-11-02,2.0299500000000013
2012-11-05,2.029650000000001
2012-11-06,2.032000000000001
2012-11-07,2.0326000000000013
2012-11-08,2.030850000000001
2012-11-09,2.0349000000000004
2012-11-12,2.041950000000001
2012-11-13,2.0470500000000014
2012-11-14,2.0532000000000012
2012-11-15,2.061350000000001
2012-11-16,2.065200000000001
2012-11-19,2.073800000000001
2012-11-20,2.0779500000000013
2012-11-21,2.0767500000000014
2012-11-22,2.0888000000000013
2012-11-23,2.1002500000000013
2012-11-26,2.0918000000000014
2012-11-27,2.0810000000000017
2012-11-28,2.082300000000002
2012-11-29,2.087500000000002
2012-11-30,2.0938000000000017
2012-12-03,2.1151000000000018
2012-12-04,2.1270000000000016
2012-12-05,2.118800000000001
2012-12-06,2.102700000000001
2012-12-07,2.081600000000001
2012-12-10,2.075100000000001
2012-12-11,2.0752000000000006
2012-12-12,2.076900000000001
2012-12-13,2.073950000000001
2012-12-14,2.0775000000000006
2012-12-17,2.084600000000001
2012-12-18,2.089550000000001
2012-12-19,2.091450000000001
2012-12-20,2.078900000000001
2012-12-21,2.069350000000001
2012-12-24,2.0732500000000007
2012-12-25,2.076200000000001
2012-12-26,2.076150000000001
2012-12-27,2.0615000000000006
2012-12-28,2.043800000000001
2012-12-31,2.0436500000000013
2013-01-01,2.0481500000000015
2013-01-02,2.0481000000000016
2013-01-03,2.0455500000000018
2013-01-04,2.047200000000002
2013-01-07,2.0408500000000016
2013-01-08,2.0297500000000017
2013-01-09,2.0332500000000016
2013-01-10,2.0438000000000014
2013-01-11,2.0378500000000015
2013-01-14,2.0288500000000016
2013-01-15,2.0310500000000014
2013-01-16,2.0324000000000026
2013-01-17,2.039400000000003
2013-01-18,2.0382500000000014
2013-01-21,2.038100000000001
2013-01-22,2.039650000000001
2013-01-23,2.0406000000000013
2013-01-24,2.0374500000000015
2013-01-25,2.031200000000002
2013-01-28,2.028500000000002
2013-01-29,2.0113000000000016
2013-01-30,1.9885500000000014
2013-01-31,1.9856500000000012
2013-02-01,1.9894500000000013
2013-02-04,1.9885000000000015
2013-02-05,1.9905500000000016
2013-02-06,1.9888000000000017
2013-02-07,1.9845000000000015
2013-02-08,1.9756000000000014
2013-02-11,1.9676000000000011
2013-02-12,1.9704000000000013
2013-02-13,1.9697500000000014
2013-02-14,1.9664500000000014
2013-02-15,1.9601500000000014
2013-02-18,1.9607000000000014
2013-02-19,1.9631500000000015
2013-02-20,1.9575000000000014
2013-02-21,1.9570000000000012
2013-02-22,1.9659500000000012
2013-02-25,1.9720500000000012
2013-02-26,1.9768000000000012
2013-02-27,1.9817000000000013
2013-02-28,1.9777500000000012
2013-03-01,1.9755500000000015
2013-03-04,1.9791000000000016
2013-03-05,1.9753000000000018
2013-03-06,1.9663000000000017
2013-03-07,1.9666000000000017
2013-03-08,1.9651000000000016
2013-03-11,1.9521500000000018
2013-03-12,1.9511000000000016
2013-03-13,1.9612000000000016
2013-03-14,1.9682500000000016
2013-03-15,1.971750000000002
2013-03-18,1.9766000000000021
2013-03-19,1.9820000000000022
2013-03-20,1.9827000000000021
2013-03-21,1.983500000000002
2013-03-22,1.9947500000000025
2013-03-25,2.0058000000000025
2013-03-26,2.0062500000000023
2013-03-27,2.0104500000000023
2013-03-28,2.0125500000000027
2013-03-29,2.0147000000000026
2013-03-31,2.0171000000000023
2013-04-01,2.0150500000000022
2013-04-02,2.0168500000000025
2013-04-03,2.0198000000000027
2013-04-04,2.016900000000003
2013-04-07,1.9980000000000029
2013-04-08,1.986450000000003
2013-04-09,1.9851500000000026
2013-04-10,1.9769500000000026
2013-04-11,1.9740500000000027
2013-04-14,1.9705000000000026
2013-04-15,1.9821000000000026
2013-04-16,1.991300000000003
2013-04-17,1.9908500000000031
2013-04-18,1.9891000000000034
2013-04-21,1.9931500000000033
2013-04-22,2.010550000000003
2013-04-23,2.0171500000000027
2013-04-24,2.013550000000003
2013-04-25,2.004000000000003
2013-04-28,1.9982000000000029
2013-04-29,2.001400000000003
2013-04-30,2.003650000000003
2013-05-01,2.001650000000003
2013-05-02,2.004300000000003
2013-05-05,2.0061500000000025
2013-05-06,2.005650000000003
2013-05-07,2.005850000000003
2013-05-08,2.003250000000003
2013-05-09,2.005000000000003
2013-05-12,2.003750000000003
2013-05-13,2.0024000000000033
2013-05-14,2.0124500000000034
2013-05-15,2.018950000000003
2013-05-16,2.0211000000000032
2013-05-19,2.027750000000003
2013-05-20,2.0343000000000027
2013-05-21,2.034200000000003
2013-05-22,2.0393000000000026
2013-05-23,2.0435000000000025
2013-05-26,2.0290000000000026
2013-05-27,2.0352000000000023
2013-05-28,2.0636000000000028
2013-05-29,2.090250000000003
2013-05-30,2.1070500000000028
2013-06-02,2.123250000000003
2013-06-03,2.1299500000000027
2013-06-04,2.1227000000000027
2013-06-05,2.1258500000000025
2013-06-06,2.1271500000000025
2013-06-09,2.1273000000000026
2013-06-10,2.1273000000000026
2013-06-11,2.1273000000000026
2013-06-12,2.1391000000000027
2013-06-13,2.133300000000003
2013-06-16,2.1059000000000028
2013-06-17,2.1319500000000025
2013-06-18,2.1727000000000025
2013-06-19,2.201150000000003
2013-06-20,2.239150000000003
2013-06-23,2.254500000000003
2013-06-24,2.2404500000000027
2013-06-25,2.2177500000000028
2013-06-26,2.1971000000000025
2013-06-27,2.1890500000000026
2013-06-30,2.2099500000000027
2013-07-01,2.2236500000000023
2013-07-02,2.2343000000000024
2013-07-03,2.254400000000002
2013-07-04,2.253700000000002
2013-07-07,2.2467000000000024
2013-07-08,2.2535000000000025
2013-07-09,2.256700000000002
2013-07-10,2.261850000000002
2013-07-11,2.2593000000000023
2013-07-14,2.2576500000000026
2013-07-15,2.2404000000000024
2013-07-16,2.2314500000000024
2013-07-17,2.2356500000000024
2013-07-18,2.222050000000002
2013-07-21,2.2306500000000025
2013-07-22,2.2348500000000024
2013-07-23,2.220150000000002
2013-07-24,2.2271000000000023
2013-07-25,2.242200000000002
2013-07-28,2.245000000000002
2013-07-29,2.258000000000002
2013-07-30,2.2729500000000016
2013-07-31,2.2765000000000013
2013-08-01,2.2874000000000017
2013-08-04,2.2741500000000014
2013-08-05,2.275050000000001
2013-08-06,2.299050000000001
2013-08-07,2.2997500000000013
2013-08-08,2.2915500000000013
2013-08-11,2.2631000000000014
2013-08-12,2.2659500000000015
2013-08-13,2.297350000000001
2013-08-14,2.3158000000000007
2013-08-15,2.329650000000001
2013-08-18,2.3637000000000006
2013-08-19,2.3995500000000005
2013-08-20,2.4018000000000006
2013-08-21,2.4208500000000006
2013-08-22,2.4400000000000004
2013-08-25,2.439050000000001
2013-08-26,2.4113000000000007
2013-08-27,2.3725000000000005
2013-08-28,2.3554500000000007
2013-08-29,2.349500000000001
2013-09-01,2.400950000000001
2013-09-02,2.4099000000000013
2013-09-03,2.3648500000000015
2013-09-04,2.3567500000000017
2013-09-05,2.3397500000000018
2013-09-08,2.3836500000000016
2013-09-09,2.359750000000002
2013-09-10,2.2780000000000014
2013-09-11,2.2768500000000014
2013-09-12,2.2721500000000017
2013-09-15,2.2752000000000017
2013-09-16,2.2796000000000016
2013-09-17,2.2669500000000014
2013-09-18,2.2176000000000013
2013-09-19,2.1903000000000015
2013-09-22,2.2877500000000017
2013-09-23,2.2878000000000016
2013-09-24,2.196150000000001
2013-09-25,2.208700000000001
2013-09-26,2.232750000000001
2013-09-29,2.248250000000001
2013-09-30,2.235450000000001
2013-10-01,2.215000000000001
2013-10-02,2.201200000000001
2013-10-03,2.197100000000001
2013-10-06,2.2061500000000014
2013-10-07,2.2075000000000027
2013-10-08,2.205500000000002
2013-10-09,2.2041000000000013
2013-10-10,2.189900000000001
2013-10-13,2.176550000000001
2013-10-14,2.1774000000000013
2013-10-15,2.1780000000000013
2013-10-16,2.1774500000000017
2013-10-17,2.168250000000002
2013-10-20,2.1624500000000015
2013-10-21,2.168350000000002
2013-10-22,2.170050000000002
2013-10-23,2.1789000000000023
2013-10-24,2.194400000000002
2013-10-28,2.1933500000000024
2013-10-29,2.182000000000002
2013-10-30,2.1799500000000025
2013-10-31,2.1815000000000024
2013-11-01,2.206400000000002
2013-11-04,2.242950000000002
2013-11-05,2.2474500000000024
2013-11-06,2.2600500000000023
2013-11-07,2.2808500000000027
2013-11-08,2.2926500000000027
2013-11-11,2.3076500000000024
2013-11-12,2.3201500000000026
2013-11-13,2.3290000000000024
2013-11-14,2.329600000000003
2013-11-15,2.320050000000003
2013-11-18,2.3134000000000023
2013-11-19,2.287950000000002
2013-11-20,2.2645000000000026
2013-11-21,2.2678000000000025
2013-11-22,2.2844500000000023
2013-11-25,2.2889500000000025
2013-11-26,2.278850000000003
2013-11-27,2.285750000000003
2013-11-28,2.3083000000000027
2013-11-29,2.3211000000000026
2013-12-02,2.3230000000000026
2013-12-03,2.3409000000000026
2013-12-04,2.3609500000000025
2013-12-05,2.3785000000000025
2013-12-06,2.3711500000000023
2013-12-09,2.3390000000000026
2013-12-10,2.3193500000000027
2013-12-11,2.309250000000003
2013-12-12,2.3201000000000027
2013-12-13,2.3343500000000024
2013-12-16,2.3275500000000022
2013-12-17,2.3239500000000026
2013-12-18,2.3186500000000025
2013-12-19,2.3214000000000024
2013-12-20,2.340400000000002
2013-12-23,2.3542000000000023
2013-12-24,2.3540500000000026
2013-12-25,2.3522000000000025
2013-12-26,2.3523000000000023
2013-12-27,2.3523000000000023
2013-12-30,2.355100000000002
2013-12-31,2.358550000000002
2014-01-01,2.358150000000002
2014-01-02,2.3571000000000017
2014-01-03,2.3710500000000017
2014-01-06,2.3782500000000018
2014-01-07,2.371350000000002
2014-01-08,2.3699500000000016
2014-01-09,2.3804000000000016
2014-01-10,2.3899500000000016
2014-01-13,2.3706500000000017
2014-01-14,2.3529500000000017
2014-01-15,2.350950000000002
2014-01-16,2.352500000000002
2014-01-17,2.3580500000000018
2014-01-20,2.3550500000000016
2014-01-21,2.344050000000002
2014-01-22,2.3481500000000017
2014-01-23,2.363850000000002
2014-01-24,2.3804500000000024
2014-01-27,2.3920500000000025
2014-01-28,2.4058500000000027
2014-01-29,2.4209500000000026
2014-01-30,2.4268000000000027
2014-01-31,2.418500000000003
2014-02-03,2.407250000000003
2014-02-04,2.422450000000003
2014-02-05,2.421800000000003
2014-02-06,2.400000000000003
2014-02-07,2.386600000000003
2014-02-10,2.377400000000003
2014-02-11,2.389600000000003
2014-02-12,2.402750000000003
2014-02-13,2.410350000000003
2014-02-14,2.4040000000000026
2014-02-17,2.3864500000000026
2014-02-18,2.3830000000000027
2014-02-19,2.3849500000000026
2014-02-20,2.3885000000000023
2014-02-21,2.3803000000000023
2014-02-24,2.3561000000000023
2014-02-25,2.3370500000000023
2014-02-26,2.336000000000002
2014-02-27,2.3433500000000023
2014-02-28,2.3309000000000024
2014-03-03,2.323500000000003
2014-03-04,2.336250000000003
2014-03-05,2.3375500000000025
2014-03-06,2.325650000000002
2014-03-07,2.316600000000002
2014-03-10,2.3133500000000016
2014-03-11,2.3259500000000015
2014-03-12,2.351300000000002
2014-03-13,2.355800000000002
2014-03-14,2.356550000000002
2014-03-17,2.3507500000000023
2014-03-18,2.3422500000000017
2014-03-19,2.335650000000002
2014-03-20,2.3358500000000024
2014-03-21,2.333900000000002
2014-03-24,2.321600000000002
2014-03-25,2.3203000000000022
2014-03-26,2.3149500000000023
2014-03-27,2.3010500000000023
2014-03-28,2.273650000000002
2014-03-30,2.255200000000002
2014-03-31,2.252600000000002
2014-04-01,2.253700000000002
2014-04-02,2.2627000000000024
2014-04-03,2.2629000000000024
2014-04-06,2.2461500000000023
2014-04-07,2.2239500000000025
2014-04-08,2.205550000000003
2014-04-09,2.1890500000000026
2014-04-10,2.191550000000003
2014-04-13,2.207850000000003
2014-04-14,2.2074500000000032
2014-04-15,2.216300000000003
2014-04-16,2.2268000000000026
2014-04-17,2.225100000000003
2014-04-20,2.228200000000003
2014-04-21,2.228200000000003
2014-04-22,2.232600000000003
2014-04-23,2.226400000000003
2014-04-24,2.211300000000003
2014-04-27,2.222800000000003
2014-04-28,2.2295500000000033
2014-04-29,2.2257000000000033
2014-04-30,2.2213500000000033
2014-05-01,2.211700000000003
2014-05-04,2.213400000000003
2014-05-05,2.227500000000003
2014-05-06,2.233500000000003
2014-05-07,2.219450000000003
2014-05-08,2.2128000000000023
2014-05-11,2.210600000000002
2014-05-12,2.2012500000000026
2014-05-13,2.196450000000003
2014-05-14,2.197700000000003
2014-05-15,2.206450000000003
2014-05-18,2.212850000000003
2014-05-19,2.206550000000003
2014-05-20,2.206800000000003
2014-05-21,2.207950000000003
2014-05-22,2.207950000000003
2014-05-25,2.2149000000000028
2014-05-26,2.2200500000000027
2014-05-27,2.2279500000000025
2014-05-28,2.2312000000000025
2014-05-29,2.2244500000000027
2014-06-01,2.229050000000003
2014-06-02,2.2543000000000033
2014-06-03,2.274250000000003
2014-06-04,2.2703500000000028
2014-06-05,2.2612000000000028
2014-06-08,2.2505000000000033
2014-06-09,2.233450000000003
2014-06-10,2.2219000000000033
2014-06-11,2.224650000000003
2014-06-12,2.2199500000000034
2014-06-15,2.2148500000000033
2014-06-16,2.2260000000000035
2014-06-17,2.2446000000000037
2014-06-18,2.237300000000004
2014-06-19,2.212350000000004
2014-06-22,2.2169000000000034
2014-06-23,2.2209000000000034
2014-06-24,2.2085000000000035
2014-06-25,2.2024500000000033
2014-06-26,2.1973500000000037
2014-06-29,2.1826000000000034
2014-06-30,2.1914500000000032
2014-07-01,2.204850000000003
2014-07-02,2.210200000000003
2014-07-03,2.2125500000000033
2014-07-06,2.1977000000000033
2014-07-07,2.2054500000000035
2014-07-08,2.2149000000000036
2014-07-09,2.209450000000004
2014-07-10,2.213900000000004
2014-07-13,2.2108000000000043
2014-07-14,2.204250000000004
2014-07-15,2.2015000000000042
2014-07-16,2.1993000000000045
2014-07-17,2.2281500000000043
2014-07-20,2.2388500000000042
2014-07-21,2.2146500000000042
2014-07-22,2.208600000000004
2014-07-23,2.2131000000000043
2014-07-24,2.209050000000004
2014-07-27,2.212100000000004
2014-07-28,2.219700000000004
2014-07-29,2.212700000000004
2014-07-30,2.225000000000004
2014-07-31,2.250250000000004
2014-08-03,2.2472500000000037
2014-08-04,2.2458500000000035
2014-08-05,2.2670500000000033
2014-08-06,2.2669500000000036
2014-08-07,2.273800000000003
2014-08-10,2.2855000000000034
2014-08-11,2.2747500000000036
2014-08-12,2.2718500000000037
2014-08-13,2.2748500000000034
2014-08-14,2.270250000000003
2014-08-17,2.2603500000000025
2014-08-18,2.2557000000000027
2014-08-19,2.2482000000000024
2014-08-20,2.249500000000002
2014-08-21,2.260950000000002
2014-08-24,2.263550000000002
2014-08-25,2.2717500000000026
2014-08-26,2.2698500000000026
2014-08-27,2.2509500000000022
2014-08-28,2.239100000000002
2014-08-31,2.2333000000000016
2014-09-01,2.2364000000000015
2014-09-02,2.240450000000002
2014-09-03,2.235850000000002
2014-09-04,2.235600000000002
2014-09-07,2.238500000000002
2014-09-08,2.2504500000000016
2014-09-09,2.2722000000000016
2014-09-10,2.2768000000000015
2014-09-11,2.2826000000000013
2014-09-14,2.3138500000000013
2014-09-15,2.3361500000000017
2014-09-16,2.335600000000002
2014-09-17,2.344450000000002
2014-09-18,2.358150000000002
2014-09-21,2.362700000000002
2014-09-22,2.380200000000002
2014-09-23,2.401900000000002
2014-09-24,2.3937000000000017
2014-09-25,2.4015000000000013
2014-09-28,2.4182000000000015
2014-09-29,2.4274000000000013
2014-09-30,2.4386500000000013
2014-10-01,2.457800000000001
2014-10-02,2.485200000000001
2014-10-05,2.493150000000001
2014-10-06,2.4598500000000008
2014-10-07,2.407600000000001
2014-10-08,2.382650000000001
2014-10-09,2.383500000000001
2014-10-12,2.408050000000001
2014-10-13,2.4068000000000014
2014-10-14,2.3936500000000014
2014-10-15,2.4245500000000013
2014-10-16,2.4584000000000015
2014-10-19,2.4475500000000014
2014-10-20,2.4464500000000013
2014-10-21,2.4691000000000014
2014-10-22,2.473050000000001
2014-10-23,2.482800000000001
2014-10-27,2.4811500000000013
2014-10-28,2.4932000000000016
2014-10-29,2.4889000000000014
2014-10-30,2.4581000000000017
2014-10-31,2.429800000000002
2014-11-03,2.412600000000002
2014-11-04,2.4578500000000023
2014-11-05,2.492950000000002
2014-11-06,2.4977500000000017
2014-11-07,2.5340500000000015
2014-11-10,2.560100000000001
2014-11-11,2.5515500000000015
2014-11-12,2.5517500000000015
2014-11-13,2.5587500000000016
2014-11-14,2.5744500000000015
2014-11-17,2.5912000000000015
2014-11-18,2.600950000000002
2014-11-19,2.592200000000002
2014-11-20,2.5740500000000015
2014-11-21,2.5693000000000015
2014-11-24,2.5419500000000017
2014-11-25,2.528250000000002
2014-11-26,2.5346500000000023
2014-11-27,2.512400000000002
2014-11-28,2.5125500000000027
2014-12-01,2.544050000000003
2014-12-02,2.5587500000000025
2014-12-03,2.5607000000000024
2014-12-04,2.557100000000003
2014-12-05,2.568800000000003
2014-12-08,2.5858500000000033
2014-12-09,2.590250000000003
2014-12-10,2.593250000000003
2014-12-11,2.601300000000003
2014-12-12,2.6299500000000027
2014-12-15,2.6382000000000025
2014-12-16,2.660900000000003
2014-12-17,2.7137500000000028
2014-12-18,2.723850000000003
2014-12-19,2.685850000000003
2014-12-22,2.649250000000003
2014-12-23,2.6506500000000033
2014-12-24,2.676700000000003
2014-12-25,2.6913000000000027
2014-12-26,2.6890000000000027
2014-12-29,2.6825000000000028
2014-12-30,2.688900000000003
2014-12-31,2.6768000000000027
2015-01-01,2.6533000000000024
2015-01-02,2.656950000000003
2015-01-05,2.669650000000003
2015-01-06,2.6906500000000024
2015-01-07,2.700100000000002
2015-01-08,2.6883500000000025
2015-01-09,2.6699500000000027
2015-01-12,2.640500000000003
2015-01-13,2.6456000000000026
2015-01-14,2.655050000000003
2015-01-15,2.6262000000000025
2015-01-16,2.6256000000000026
2015-01-19,2.620900000000003
2015-01-20,2.625650000000003
2015-01-21,2.6295500000000027
2015-01-22,2.6039500000000024
2015-01-23,2.5839500000000024
2015-01-26,2.5775000000000023
2015-01-27,2.5821000000000023
2015-01-28,2.5744000000000025
2015-01-29,2.570800000000003
2015-01-30,2.5865000000000027
2015-02-02,2.6394500000000027
2015-02-03,2.7012000000000027
2015-02-04,2.707300000000003
2015-02-05,2.7146500000000033
2015-02-06,2.739800000000004
2015-02-09,2.749800000000003
2015-02-10,2.762250000000003
2015-02-11,2.798350000000003
2015-02-12,2.8480500000000033
2015-02-13,2.8413000000000035
2015-02-16,2.8212500000000027
2015-02-17,2.8258000000000028
2015-02-18,2.8259500000000033
2015-02-19,2.8301500000000033
2015-02-20,2.848700000000003
2015-02-23,2.863500000000003
2015-02-24,2.8698000000000032
2015-02-25,2.8651000000000026
2015-02-26,2.863100000000002
2015-02-27,2.8879500000000027
2015-03-02,2.8706000000000027
2015-03-03,2.8647000000000022
2015-03-04,2.910000000000002
2015-03-05,2.9505500000000024
2015-03-06,2.9867500000000025
2015-03-09,3.0287500000000027
2015-03-10,3.090650000000003
2015-03-11,3.1125500000000024
2015-03-12,3.1143500000000026
2015-03-13,3.144750000000003
2015-03-16,3.203300000000003
2015-03-17,3.243450000000003
2015-03-18,3.2448500000000027
2015-03-19,3.232400000000003
2015-03-20,3.2543000000000033
2015-03-23,3.2610000000000032
2015-03-24,3.1798500000000027
2015-03-25,3.1323500000000033
2015-03-26,3.166850000000003
2015-03-27,3.188300000000003
2015-03-29,3.2164500000000027
2015-03-30,3.2402500000000023
2015-03-31,3.2081500000000025
2015-04-01,3.177150000000003
2015-04-02,3.143100000000003
2015-04-05,3.1055500000000027
2015-04-06,3.105550000000003
2015-04-07,3.1233500000000034
2015-04-08,3.0852500000000034
2015-04-09,3.0498500000000037
2015-04-12,3.0615500000000035
2015-04-13,3.0941500000000035
2015-04-14,3.0918500000000035
2015-04-15,3.0446000000000035
2015-04-16,3.021950000000004
2015-04-19,3.028050000000004
2015-04-20,3.033300000000003
2015-04-21,3.029950000000003
2015-04-22,3.0174500000000033
2015-04-23,2.9868000000000032
2015-04-26,2.9585000000000026
2015-04-27,2.9302000000000024
2015-04-28,2.9228000000000027
2015-04-29,2.943050000000003
2015-04-30,2.9841000000000033
2015-05-03,3.018300000000003
2015-05-04,3.049800000000003
2015-05-05,3.0655500000000035
2015-05-06,3.030200000000004
2015-05-07,3.0146500000000036
2015-05-10,2.9977000000000036
2015-05-11,3.014650000000003
2015-05-12,3.0366000000000035
2015-05-13,3.026850000000004
2015-05-14,3.013200000000004
2015-05-17,2.992950000000004
2015-05-18,3.001000000000004
2015-05-19,3.0188500000000036
2015-05-20,3.016500000000004
2015-05-21,3.019250000000004
2015-05-24,3.0559500000000037
2015-05-25,3.076600000000004
2015-05-26,3.1130500000000048
2015-05-27,3.1430000000000042
2015-05-28,3.148450000000004
2015-05-31,3.172050000000004
2015-06-01,3.178100000000004
2015-06-02,3.1494000000000044
2015-06-03,3.1300000000000043
2015-06-04,3.1359500000000047
2015-06-07,3.1413500000000045
2015-06-08,3.1262500000000046
2015-06-09,3.1017000000000055
2015-06-10,3.104100000000005
2015-06-11,3.101150000000005
2015-06-14,3.107150000000005
2015-06-15,3.1254000000000053
2015-06-16,3.105750000000006
2015-06-17,3.0627500000000056
2015-06-18,3.0500500000000055
2015-06-21,3.076000000000006
2015-06-22,3.087450000000006
2015-06-23,3.079350000000006
2015-06-24,3.084750000000006
2015-06-25,3.110200000000006
2015-06-28,3.146400000000006
2015-06-29,3.1412500000000056
2015-06-30,3.112150000000006
2015-07-01,3.127700000000006
2015-07-02,3.120600000000006
2015-07-05,3.127000000000006
2015-07-06,3.1423000000000068
2015-07-07,3.1523000000000065
2015-07-08,3.2057500000000068
2015-07-09,3.226750000000007
2015-07-12,3.1927500000000073
2015-07-13,3.148300000000008
2015-07-14,3.134250000000008
2015-07-15,3.1359500000000073
2015-07-16,3.1430500000000072
2015-07-19,3.1687000000000074
2015-07-20,3.188700000000008
2015-07-21,3.1710500000000077
2015-07-22,3.185650000000007
2015-07-23,3.252300000000007
2015-07-26,3.3173500000000073
2015-07-27,3.3561000000000076
2015-07-28,3.358250000000007
2015-07-29,3.339250000000007
2015-07-30,3.3469500000000076
2015-08-02,3.3972000000000078
2015-08-03,3.436900000000008
2015-08-04,3.458100000000008
2015-08-05,3.4755500000000072
2015-08-06,3.507700000000008
2015-08-09,3.519300000000008
2015-08-10,3.471800000000008
2015-08-11,3.453800000000008
2015-08-12,3.461100000000008
2015-08-13,3.485150000000008
2015-08-16,3.5020000000000087
2015-08-17,3.476750000000008
2015-08-18,3.4669000000000083
2015-08-19,3.476500000000008
2015-08-20,3.4734000000000083
2015-08-23,3.4800500000000083
2015-08-24,3.524550000000008
2015-08-25,3.5801500000000086
2015-08-26,3.6035000000000093
2015-08-27,3.5725500000000094
2015-08-30,3.5552500000000093
2015-08-31,3.588650000000009
2015-09-01,3.6551500000000097
2015-09-02,3.7229000000000094
2015-09-03,3.74480000000001
2015-09-06,3.7879000000000103
2015-09-07,3.8374000000000104
2015-09-08,3.8108000000000106
2015-09-09,3.782300000000011
2015-09-10,3.8136000000000108
2015-09-13,3.856950000000011
2015-09-14,3.837850000000011
2015-09-15,3.834400000000011
2015-09-16,3.8446500000000103
2015-09-17,3.8622000000000103
2015-09-20,3.9053000000000107
2015-09-21,3.917400000000021
2015-09-22,4.047400000000021
2015-09-23,4.1106000000000105
2015-09-24,4.053650000000011
2015-09-27,3.9524000000000106
2015-09-28,4.03755000000001
2015-09-29,4.0793500000000105
2015-09-30,4.00020000000001
2015-10-01,3.97240000000001
2015-10-04,3.96280000000001
2015-10-05,3.9186000000000094
2015-10-06,3.88065000000001
2015-10-07,3.86490000000001
2015-10-08,3.8301000000000105
2015-10-11,3.77115000000001
2015-10-12,3.76075000000001
2015-10-13,3.8244000000000105
2015-10-14,3.847750000000011
2015-10-15,3.8000000000000114
2015-10-18,3.8539500000000113
2015-10-19,3.900450000000011
2015-10-20,3.8796500000000105
2015-10-21,3.9044000000000105
2015-10-22,3.9191500000000103
2015-10-26,3.8869000000000105
2015-10-27,3.887500000000011
2015-10-28,3.8938000000000113
2015-10-29,3.890100000000011
2015-10-30,3.870200000000011
2015-11-02,3.841350000000011
2015-11-03,3.8546000000000107
2015-11-04,3.8191000000000113
2015-11-05,3.7805500000000114
2015-11-06,3.786000000000011
2015-11-09,3.7775000000000114
2015-11-10,3.7871000000000117
2015-11-11,3.7713500000000115
2015-11-12,3.754200000000011
2015-11-13,3.7651000000000114
2015-11-16,3.8145000000000118
2015-11-17,3.843650000000012
2015-11-18,3.8163500000000115
2015-11-19,3.7876500000000113
2015-11-20,3.7646500000000116
2015-11-23,3.7309000000000117
2015-11-24,3.714450000000012
2015-11-25,3.712150000000012
2015-11-26,3.7180500000000123
2015-11-27,3.7400500000000116
2015-11-30,3.7905000000000117
2015-12-01,3.854250000000012
2015-12-02,3.8586000000000116
2015-12-03,3.8411500000000114
2015-12-04,3.7942000000000116
2015-12-07,3.755600000000012
2015-12-08,3.757450000000012
2015-12-09,3.7875500000000115
2015-12-10,3.7794000000000114
2015-12-11,3.7756500000000117
2015-12-14,3.8378500000000115
2015-12-15,3.8757500000000116
2015-12-16,3.895000000000011
2015-12-17,3.899600000000011
2015-12-18,3.8842000000000114
2015-12-21,3.9262000000000112
2015-12-22,3.9942500000000107
2015-12-23,3.9980000000000104
2015-12-24,3.9625500000000105
2015-12-25,3.9268500000000106
2015-12-28,3.911300000000011
2015-12-29,3.882600000000011
2015-12-30,3.8597500000000107
2015-12-31,3.910350000000011
2016-01-01,3.953300000000011
2016-01-04,3.955250000000011
2016-01-05,3.9988000000000112
2016-01-06,4.032100000000011
2016-01-07,4.024000000000012
2016-01-08,4.0313000000000105
2016-01-11,4.03090000000001
2016-01-12,4.03520000000001
2016-01-13,4.03770000000001
2016-01-14,4.01975000000001
2016-01-15,4.010150000000009
2016-01-18,4.02440000000001
2016-01-19,4.04765000000001
2016-01-20,4.055400000000009
2016-01-21,4.080000000000011
2016-01-22,4.1277000000000115
2016-01-25,4.1231000000000115
2016-01-26,4.089800000000011
2016-01-27,4.077800000000011
2016-01-28,4.087150000000012
2016-01-29,4.086500000000012
2016-02-01,4.030650000000011
2016-02-02,3.9764000000000115
2016-02-03,3.9720000000000115
2016-02-04,3.9387500000000113
2016-02-05,3.889300000000011
2016-02-08,3.8905000000000114
2016-02-09,3.8940000000000117
2016-02-10,3.888000000000012
2016-02-11,3.904600000000012
2016-02-12,3.9574000000000122
2016-02-15,3.998250000000012
2016-02-16,4.001850000000012
2016-02-17,4.029900000000011
2016-02-18,4.022550000000011
2016-02-19,4.002350000000012
2016-02-22,4.025800000000013
2016-02-23,3.985550000000013
2016-02-24,3.948300000000013
2016-02-25,3.954050000000013
2016-02-26,3.9537000000000138
2016-02-29,3.9727500000000138
2016-03-01,4.002800000000013
2016-03-02,3.967450000000013
2016-03-03,3.9061500000000122
2016-03-04,3.843150000000012
2016-03-07,3.7754000000000123
2016-03-08,3.768100000000012
2016-03-09,3.7671000000000117
2016-03-10,3.7149500000000115
2016-03-11,3.6459000000000117
2016-03-14,3.5964000000000116
2016-03-15,3.6192500000000116
2016-03-16,3.7119500000000114
2016-03-17,3.751450000000011
2016-03-18,3.6796000000000113
2016-03-21,3.620100000000011
2016-03-22,3.6162000000000107
2016-03-23,3.595450000000011
2016-03-24,3.6293500000000116
2016-03-25,3.6787500000000115
2016-03-27,3.6655500000000116
2016-03-28,3.6472500000000116
2016-03-29,3.637400000000012
2016-03-30,3.616300000000012
2016-03-31,3.592750000000012
2016-04-03,3.5678500000000124
2016-04-04,3.583300000000013
2016-04-05,3.6455500000000125
2016-04-06,3.654600000000012
2016-04-07,3.6592500000000117
2016-04-10,3.6332500000000114
2016-04-11,3.535700000000012
2016-04-12,3.4858500000000117
2016-04-13,3.4886500000000122
2016-04-14,3.482500000000013
2016-04-17,3.4981000000000124
2016-04-18,3.5662000000000122
2016-04-19,3.566350000000013
2016-04-20,3.524450000000013
2016-04-21,3.5243000000000126
2016-04-24,3.5420000000000122
2016-04-25,3.554850000000012
2016-04-26,3.5356000000000125
2016-04-27,3.5209000000000126
2016-04-28,3.5002500000000127
2016-05-01,3.4557500000000125
2016-05-02,3.4641500000000125
2016-05-03,3.5259500000000124
2016-05-04,3.550100000000012
2016-05-05,3.539850000000012
2016-05-08,3.5195000000000123
2016-05-09,3.5092000000000123
2016-05-10,3.492150000000012
2016-05-11,3.4592500000000124
2016-05-12,3.4626000000000126
2016-05-15,3.502500000000012
2016-05-16,3.5117500000000117
2016-05-17,3.487450000000012
2016-05-18,3.518450000000012
2016-05-19,3.5453000000000117
2016-05-22,3.5352500000000115
2016-05-23,3.5519000000000114
2016-05-24,3.563100000000012
2016-05-25,3.5689000000000117
2016-05-26,3.5665500000000114
2016-05-29,3.568400000000011
2016-05-30,3.5741500000000115
2016-05-31,3.5755500000000113
2016-06-01,3.587750000000011
2016-06-02,3.5853500000000107
2016-06-05,3.5547000000000106
2016-06-06,3.5067500000000105
2016-06-07,3.4604000000000106
2016-06-08,3.3973000000000106
2016-06-09,3.3768500000000103
2016-06-12,3.3972500000000103
2016-06-13,3.43810000000001
2016-06-14,3.46665000000001
2016-06-15,3.4627000000000097
2016-06-16,3.465800000000009
2016-06-19,3.437850000000009
2016-06-20,3.402250000000009
2016-06-21,3.4015000000000093
2016-06-22,3.3935000000000093
2016-06-23,3.35510000000001
2016-06-26,3.3517500000000107
2016-06-27,3.377700000000011
2016-06-28,3.344500000000011
2016-06-29,3.268900000000011
2016-06-30,3.2234500000000113
2016-07-03,3.2218000000000115
2016-07-04,3.260850000000012
2016-07-05,3.292550000000012
2016-07-06,3.311750000000012
2016-07-07,3.3441000000000125
2016-07-10,3.328250000000012
2016-07-11,3.300500000000012
2016-07-12,3.2992500000000122
2016-07-13,3.2769500000000127
2016-07-14,3.255000000000013
2016-07-17,3.2595500000000133
2016-07-18,3.2592000000000136
2016-07-19,3.2481000000000133
2016-07-20,3.2494000000000134
2016-07-21,3.259000000000013
2016-07-24,3.2594000000000127
2016-07-25,3.2674500000000126
2016-07-26,3.2782500000000123
2016-07-27,3.2657000000000123
2016-07-28,3.2704500000000127
2016-07-31,3.264700000000013
2016-08-01,3.2518500000000126
2016-08-02,3.255550000000012
2016-08-03,3.244400000000012
2016-08-04,3.2104500000000127
2016-08-07,3.173200000000012
2016-08-08,3.1637000000000124
2016-08-09,3.1551000000000125
2016-08-10,3.1346000000000127
2016-08-11,3.132950000000013
2016-08-14,3.164750000000013
2016-08-15,3.1875000000000133
2016-08-16,3.191400000000013
2016-08-17,3.201300000000013
2016-08-18,3.2215000000000136
2016-08-21,3.221850000000013
2016-08-22,3.2022000000000133
2016-08-23,3.217000000000013
2016-08-24,3.2291000000000123
2016-08-25,3.2258000000000124
2016-08-28,3.246200000000012
2016-08-29,3.246750000000012
2016-08-30,3.2333000000000123
2016-08-31,3.231550000000013
2016-09-01,3.237950000000013
2016-09-04,3.2527500000000122
2016-09-05,3.261450000000013
2016-09-06,3.2315000000000134
2016-09-07,3.193250000000013
2016-09-08,3.2023500000000125
2016-09-11,3.242900000000013
2016-09-12,3.2575000000000127
2016-09-13,3.2776500000000124
2016-09-14,3.327500000000012
2016-09-15,3.321450000000012
2016-09-18,3.282550000000012
2016-09-19,3.2681500000000123
2016-09-20,3.2636500000000126
2016-09-21,3.2328500000000124
2016-09-22,3.214300000000012
2016-09-25,3.2313500000000124
2016-09-26,3.2426000000000124
2016-09-27,3.2372000000000125
2016-09-28,3.225350000000012
2016-09-29,3.2384500000000123
2016-10-02,3.2599000000000125
2016-10-03,3.2348000000000123
2016-10-04,3.2328000000000126
2016-10-05,3.2377500000000126
2016-10-06,3.2228000000000128
2016-10-09,3.224250000000013
2016-10-10,3.2123000000000124
2016-10-11,3.1994000000000122
2016-10-12,3.198300000000012
2016-10-13,3.1891000000000123
2016-10-16,3.1906500000000126
2016-10-17,3.2039000000000124
2016-10-18,3.193500000000012
2016-10-19,3.174950000000012
2016-10-20,3.1512000000000118
2016-10-23,3.140500000000012
2016-10-24,3.1349000000000116
2016-10-25,3.1174000000000115
2016-10-26,3.124800000000012
2016-10-27,3.1505000000000116
2016-10-31,3.182450000000011
2016-11-01,3.2005000000000114
2016-11-02,3.2166500000000116
2016-11-03,3.2439000000000116
2016-11-04,3.2554000000000114
2016-11-07,3.2453500000000117
2016-11-08,3.2165500000000113
2016-11-09,3.1842000000000112
2016-11-10,3.2002500000000116
2016-11-11,3.313850000000011
2016-11-14,3.393250000000011
2016-11-15,3.4155000000000113
2016-11-16,3.4405500000000115
2016-11-17,3.446050000000012
2016-11-18,3.440750000000012
2016-11-21,3.407200000000012
2016-11-22,3.3853500000000114
2016-11-23,3.3751000000000113
2016-11-24,3.396700000000011
2016-11-25,3.410650000000011
2016-11-28,3.405800000000011
2016-11-29,3.413900000000011
2016-11-30,3.4303000000000115
2016-12-01,3.429000000000011
2016-12-02,3.4902500000000107
2016-12-05,3.5255000000000107
2016-12-06,3.4474000000000107
2016-12-07,3.41330000000001
2016-12-08,3.39400000000001
2016-12-09,3.37795000000001
2016-12-12,3.3760500000000095
2016-12-13,3.35740000000001
2016-12-14,3.33550000000001
2016-12-15,3.3514000000000106
2016-12-16,3.3683000000000103
2016-12-19,3.3800500000000104
2016-12-20,3.377800000000011
2016-12-21,3.3582500000000106
2016-12-22,3.3394000000000106
2016-12-23,3.305700000000011
2016-12-26,3.277700000000011
2016-12-27,3.269650000000011
2016-12-28,3.2697000000000114
2016-12-29,3.276950000000012
2016-12-30,3.268450000000012
2017-01-02,3.252900000000012
2017-01-03,3.268650000000012
2017-01-04,3.273800000000012
2017-01-05,3.239200000000012
2017-01-06,3.2062000000000115
2017-01-09,3.2099500000000116
2017-01-10,3.2077500000000114
2017-01-11,3.193750000000011
2017-01-12,3.1952000000000114
2017-01-13,3.191200000000012
2017-01-16,3.2031000000000125
2017-01-17,3.2298500000000128
2017-01-18,3.2249000000000128
2017-01-19,3.220100000000013
2017-01-20,3.2116000000000127
2017-01-23,3.1809000000000127
2017-01-24,3.165200000000013
2017-01-25,3.1651000000000127
2017-01-26,3.1688000000000125
2017-01-27,3.172300000000013
2017-01-30,3.1572000000000133
2017-01-31,3.1319500000000136
2017-02-01,3.136550000000014
2017-02-02,3.138000000000014
2017-02-03,3.125150000000014
2017-02-06,3.1191000000000138
2017-02-07,3.1154000000000135
2017-02-08,3.1157500000000136
2017-02-09,3.1164000000000134
2017-02-10,3.1223500000000133
2017-02-13,3.1222000000000136
2017-02-14,3.112900000000013
2017-02-15,3.0967500000000125
2017-02-16,3.0697500000000133
2017-02-17,3.0706500000000134
2017-02-20,3.094400000000013
2017-02-21,3.0945000000000134
2017-02-22,3.0898000000000128
2017-02-23,3.078250000000013
2017-02-24,3.061250000000013
2017-02-27,3.084800000000013
2017-02-28,3.1085000000000127
2017-03-01,3.1078000000000126
2017-03-02,3.098800000000012
2017-03-03,3.1223500000000115
2017-03-06,3.135250000000011
2017-03-07,3.1263500000000115
2017-03-08,3.127900000000012
2017-03-09,3.1399000000000123
2017-03-10,3.1764000000000125
2017-03-13,3.164800000000012
2017-03-14,3.1452000000000124
2017-03-15,3.157850000000013
2017-03-16,3.132850000000013
2017-03-17,3.1107000000000133
2017-03-20,3.1055000000000135
2017-03-21,3.0813500000000134
2017-03-22,3.078800000000013
2017-03-23,3.084650000000013
2017-03-24,3.1104000000000127
2017-03-26,3.1222500000000135
2017-03-27,3.114000000000014
2017-03-28,3.129400000000014
2017-03-29,3.1295500000000143
2017-03-30,3.1348000000000145
2017-04-02,3.1339500000000147
2017-04-03,3.1168000000000147
2017-04-04,3.1032000000000144
2017-04-05,3.1065500000000137
2017-04-06,3.130750000000014
2017-04-09,3.1437500000000136
2017-04-10,3.1371500000000134
2017-04-11,3.132600000000013
2017-04-12,3.1302500000000135
2017-04-13,3.133650000000014
2017-04-16,3.141950000000014
2017-04-17,3.140200000000014
2017-04-18,3.1233500000000136
2017-04-19,3.1275000000000137
2017-04-20,3.1477500000000136
2017-04-23,3.146900000000014
2017-04-24,3.1351500000000136
2017-04-25,3.1353000000000137
2017-04-26,3.159050000000014
2017-04-27,3.174250000000014
2017-04-30,3.175400000000014
2017-05-01,3.174200000000014
2017-05-02,3.1625500000000146
2017-05-03,3.156250000000014
2017-05-04,3.1737000000000135
2017-05-07,3.175700000000014
2017-05-08,3.1815000000000144
2017-05-09,3.192700000000014
2017-05-10,3.1774500000000137
2017-05-11,3.1524000000000134
2017-05-14,3.1314500000000134
2017-05-15,3.114400000000013
2017-05-16,3.1002000000000125
2017-05-17,3.115700000000013
2017-05-18,3.252250000000013
2017-05-21,3.312350000000013
2017-05-22,3.2607000000000124
2017-05-23,3.265350000000012
2017-05-24,3.269600000000013
2017-05-25,3.273750000000013
2017-05-28,3.2658000000000134
2017-05-29,3.256650000000013
2017-05-30,3.2557500000000124
2017-05-31,3.240750000000012
2017-06-01,3.237150000000012
2017-06-04,3.248000000000012
2017-06-05,3.2697500000000117
2017-06-06,3.2843000000000115
2017-06-07,3.2706500000000114
2017-06-08,3.2625500000000116
2017-06-11,3.2767500000000114
2017-06-12,3.305200000000011
2017-06-13,3.313850000000011
2017-06-14,3.2918500000000113
2017-06-15,3.274150000000011
2017-06-18,3.2824500000000114
2017-06-19,3.285150000000012
2017-06-20,3.301500000000012
2017-06-21,3.3276500000000118
2017-06-22,3.335750000000012
2017-06-25,3.338950000000012
2017-06-26,3.317300000000012
2017-06-27,3.3034500000000113
2017-06-28,3.295900000000011
2017-06-29,3.291300000000011
2017-07-02,3.299800000000011
2017-07-03,3.2969000000000115
2017-07-04,3.287450000000011
2017-07-05,3.28070000000001
2017-07-06,3.2903500000000103
2017-07-09,3.288050000000011
2017-07-10,3.2789000000000215
2017-07-11,3.253100000000021
2017-07-12,3.2301500000000107
2017-07-13,3.206850000000011
2017-07-16,3.1940000000000106
2017-07-17,3.167900000000011
2017-07-18,3.1535500000000116
2017-07-19,3.151300000000011
2017-07-20,3.1222500000000113
2017-07-23,3.117100000000011
2017-07-24,3.1411000000000113
2017-07-25,3.1559500000000114
2017-07-26,3.1516000000000117
2017-07-27,3.1432500000000116
2017-07-30,3.1414500000000114
2017-07-31,3.1280500000000115
2017-08-01,3.1259000000000112
2017-08-02,3.112950000000011
2017-08-03,3.105650000000011
2017-08-06,3.113850000000011
2017-08-07,3.120250000000011
2017-08-08,3.1252500000000114
2017-08-09,3.1402000000000116
2017-08-10,3.163950000000012
2017-08-13,3.181250000000012
2017-08-14,3.1879000000000115
2017-08-15,3.177350000000011
2017-08-16,3.148100000000011
2017-08-17,3.1509500000000106
2017-08-20,3.1591500000000106
2017-08-21,3.1538500000000105
2017-08-22,3.1617000000000104
2017-08-23,3.149900000000011
2017-08-24,3.1411500000000103
2017-08-27,3.1494500000000096
2017-08-28,3.160750000000009
2017-08-29,3.1650000000000094
2017-08-30,3.1616000000000093
2017-08-31,3.142700000000009
2017-09-03,3.131150000000009
2017-09-04,3.137500000000009
2017-09-05,3.1274000000000095
2017-09-06,3.1065500000000092
2017-09-07,3.0976500000000087
2017-09-10,3.0931500000000085
2017-09-11,3.0950000000000086
2017-09-12,3.1126500000000092
2017-09-13,3.1282000000000094
2017-09-14,3.12440000000001
2017-09-17,3.1141000000000094
2017-09-18,3.121700000000009
2017-09-19,3.132250000000009
2017-09-20,3.1319500000000082
2017-09-21,3.131800000000008
2017-09-24,3.1250000000000084
2017-09-25,3.1372500000000088
2017-09-26,3.161600000000009
2017-09-27,3.1787000000000085
2017-09-28,3.181350000000008
2017-10-01,3.1667000000000085
2017-10-02,3.1577500000000085
2017-10-03,3.147150000000008
2017-10-04,3.137200000000008
2017-10-05,3.142850000000008
2017-10-08,3.1378000000000084
2017-10-09,3.1533000000000087
2017-10-10,3.180600000000009
2017-10-11,3.1737500000000085
2017-10-12,3.169400000000009
2017-10-15,3.156350000000009
2017-10-16,3.155150000000009
2017-10-17,3.1605000000000087
2017-10-18,3.1621000000000086
2017-10-19,3.1663500000000084
2017-10-22,3.1774500000000083
2017-10-23,3.214400000000009
2017-10-24,3.226000000000009
2017-10-25,3.222350000000009
2017-10-26,3.2453000000000087
2017-10-30,3.2613000000000083
2017-10-31,3.2742500000000083
2017-11-01,3.2783500000000076
2017-11-02,3.2676500000000077
2017-11-03,3.2661000000000073
2017-11-06,3.266400000000007
2017-11-07,3.2572000000000068
2017-11-08,3.2589500000000062
2017-11-09,3.260600000000006
2017-11-10,3.250000000000006
2017-11-13,3.260800000000006
2017-11-14,3.2755000000000063
2017-11-15,3.294000000000006
2017-11-16,3.309900000000012
2017-11-17,
2017-11-20,3.252400000000012
2017-11-21,3.253200000000006
2017-11-22,3.2557000000000063
2017-11-23,3.2400500000000063
2017-11-24,3.221600000000006
2017-11-27,3.226000000000006
2017-11-28,3.2289500000000064
2017-11-29,3.2189500000000066
2017-11-30,3.2282000000000064
2017-12-01,3.2581000000000064
2017-12-04,3.262200000000006
2017-12-05,3.247850000000006
2017-12-06,3.2415000000000056
2017-12-07,3.237150000000006
2017-12-08,3.2615500000000055
2017-12-11,3.2875500000000057
2017-12-12,3.2946500000000056
2017-12-13,3.3039500000000057
2017-12-14,3.306550000000006
2017-12-15,3.3245000000000062
2017-12-18,3.340400000000006
2017-12-19,3.315450000000006
2017-12-20,3.289550000000006
2017-12-21,3.2914500000000055
2017-12-22,3.3006000000000055
2017-12-25,3.3212000000000055
2017-12-26,3.335500000000005
2017-12-27,3.322600000000005
2017-12-28,3.3116000000000048
2017-12-29,3.312250000000005
2018-01-01,3.309250000000005
2018-01-02,3.309150000000005
2018-01-03,3.2841000000000053
2018-01-04,3.2465000000000046
2018-01-05,3.234200000000005
2018-01-08,3.2328000000000054
2018-01-09,3.2360000000000055
2018-01-10,3.2429000000000054
2018-01-11,3.2365500000000056
2018-01-12,3.2203500000000056
2018-01-15,3.1957500000000056
2018-01-16,3.195250000000006
2018-01-17,3.2180000000000057
2018-01-18,3.2226000000000052
2018-01-19,3.213600000000006
2018-01-22,3.1980000000000057
2018-01-23,3.195950000000005
2018-01-24,3.2172000000000045
2018-01-25,3.1894000000000045
2018-01-26,3.1452500000000048
