Date,kdjk
2010-01-04,55.926463473633305
2010-01-05,68.6147810854265
2010-01-06,74.45086502500058
2010-01-07,79.32209622659231
2010-01-08,78.85486774541323
2010-01-11,78.11548307546163
2010-01-12,80.3183237619038
2010-01-13,85.46681575568935
2010-01-14,88.3822764936406
2010-01-15,90.23668752451923
2010-01-18,89.92459552389073
2010-01-19,91.84656351935517
2010-01-20,94.30098674190552
2010-01-21,95.5692450418281
2010-01-22,94.41397142085067
2010-01-25,84.70121691345337
2010-01-26,86.80564219350993
2010-01-27,87.67608930348905
2010-01-28,91.12235564814904
2010-01-29,94.08157043209935
2010-02-01,89.760003009233
2010-02-02,79.30050296954647
2010-02-03,75.64205453751126
2010-02-04,79.95772024423137
2010-02-05,83.03097655531731
2010-02-08,81.84749086371801
2010-02-09,72.83339217754359
2010-02-10,69.01735524678952
2010-02-11,66.73307088602704
2010-02-12,67.36908558487748
2010-02-15,65.73153905426207
2010-02-16,60.32588040510673
2010-02-17,54.352274700450906
2010-02-18,48.6211778028092
2010-02-19,42.68582164985163
2010-02-22,45.015655991675985
2010-02-23,49.70740702475371
2010-02-24,52.56467827624272
2010-02-25,61.472748480458144
2010-02-26,58.85622845557116
2010-03-01,54.69642283511511
2010-03-02,36.464281890076734
2010-03-03,41.84506628374784
2010-03-04,45.59023376262493
2010-03-05,44.76947653685265
2010-03-08,47.08665585548628
2010-03-09,47.514292309454575
2010-03-10,45.52482611290529
2010-03-11,48.508819709933974
2010-03-12,50.954964929932075
2010-03-15,52.98350088407564
2010-03-16,56.24516606273297
2010-03-17,56.748965123763085
2010-03-18,60.7886182586093
2010-03-19,72.16937069775176
2010-03-22,77.77305797975755
2010-03-23,75.19233731434572
2010-03-24,77.83162343441785
2010-03-25,81.54789313753496
2010-03-26,87.6985954250233
2010-03-28,87.42104429301071
2010-03-29,82.79760440790089
2010-03-30,73.82076361703605
2010-03-31,62.6094810406409
2010-04-01,56.69529407779099
2010-04-04,51.32664725591641
2010-04-05,46.6804959046598
2010-04-06,51.52505235690079
2010-04-07,53.86084264066419
2010-04-08,58.51415307069396
2010-04-11,59.395110311592134
2010-04-12,43.28707313993831
2010-04-13,46.49172339022051
2010-04-14,50.835752101416816
2010-04-15,55.96842347886658
2010-04-18,60.869280876242904
2010-04-19,61.32266632730763
2010-04-20,62.192593796009646
2010-04-21,73.1746921603028
2010-04-22,80.17201699575742
2010-04-25,76.13319651569014
2010-04-26,83.16287175120084
2010-04-27,83.85570760424886
2010-04-28,71.85782805800507
2010-04-29,66.35362256576727
2010-05-02,63.99149550361501
2010-05-03,68.99001999091581
2010-05-04,76.53174030580034
2010-05-05,82.80644367793202
2010-05-06,85.46768319153254
2010-05-09,74.22945842631037
2010-05-10,66.84196583034334
2010-05-11,61.56811327465068
2010-05-12,57.441710960354946
2010-05-13,60.28850592020854
2010-05-16,59.68018450236123
2010-05-17,61.42140505285621
2010-05-18,65.7186656396331
2010-05-19,75.45973058146083
2010-05-20,73.8370034862321
2010-05-23,75.5604742769975
2010-05-24,76.421499850792
2010-05-25,76.00613031966813
2010-05-26,64.59269051158839
2010-05-27,56.5168734392957
2010-05-30,53.11491903141848
2010-05-31,54.55485710683292
2010-06-01,54.94727893387801
2010-06-02,53.014417510969736
2010-06-03,55.41483301336688
2010-06-06,70.27655534224458
2010-06-07,76.29548133927418
2010-06-08,76.14143200396057
2010-06-09,69.16373244708484
2010-06-10,61.957907981617865
2010-06-13,54.499157748002716
2010-06-14,44.94097778534051
2010-06-15,42.152336141601175
2010-06-16,39.964371616129704
2010-06-17,36.117800255502004
2010-06-20,34.8997153916189
2010-06-21,35.39246117971444
2010-06-22,52.505437981729806
2010-06-23,56.82317987003959
2010-06-24,60.267925877874674
2010-06-27,64.56206991699204
2010-06-28,76.37471327799469
2010-06-29,77.41704177007875
2010-06-30,81.131934981487
2010-07-01,74.39750742820162
2010-07-04,69.44682313395262
2010-07-05,63.722124513544124
2010-07-06,59.14808300902937
2010-07-07,58.20887937368768
2010-07-08,53.72188596901307
2010-07-11,52.847192109747894
2010-07-12,50.93339088088315
2010-07-13,57.38395649368821
2010-07-14,66.63097099579213
2010-07-15,77.10594502190109
2010-07-18,84.7372966812674
2010-07-19,81.81780978045694
2010-07-20,79.06019770196251
2010-07-21,73.27117236568223
2010-07-22,69.51764224731548
2010-07-25,68.8142306340128
2010-07-26,65.77833584780686
2010-07-27,64.35636234850027
2010-07-28,64.3489368252605
2010-07-29,61.97378331616311
2010-08-01,58.49024848009102
2010-08-02,61.34343512976692
2010-08-03,66.07547953495256
2010-08-04,68.70259786742639
2010-08-05,71.36380424788346
2010-08-08,50.655048384219455
2010-08-09,58.513262881729794
2010-08-10,67.35817891246552
2010-08-11,74.68998999741048
2010-08-12,78.69066506798217
2010-08-15,62.599860362178234
2010-08-16,65.98334586037912
2010-08-17,65.02818748106392
2010-08-18,64.8138909358339
2010-08-19,69.6562399225796
2010-08-22,50.974779894478054
2010-08-23,59.785325633751896
2010-08-24,65.48076967383811
2010-08-25,71.06026356152483
2010-08-26,70.94748408557982
2010-08-29,47.08600849866682
2010-08-30,54.87262562331499
2010-08-31,57.98302430089363
2010-09-01,56.70256842148409
2010-09-02,58.56194619911806
2010-09-05,38.488047120297225
2010-09-06,44.1023943016722
2010-09-07,49.75326099722405
2010-09-08,49.480101420521265
2010-09-09,51.201670528070665
2010-09-12,32.65469623989756
2010-09-13,44.203408274081504
2010-09-14,48.917279195343724
2010-09-15,61.269770982964076
2010-09-16,68.83485218106259
2010-09-19,48.61098988941589
2010-09-20,63.36966968917819
2010-09-21,72.27898946270638
2010-09-22,54.880553644593626
2010-09-23,63.45825845018468
2010-09-26,44.35392276567254
2010-09-27,52.39587412644096
2010-09-28,58.0284088379172
2010-09-29,60.469411892766814
2010-09-30,61.05762211290835
2010-10-03,39.10850819988283
2010-10-04,49.397883971261436
2010-10-05,50.126211908836
2010-10-06,57.412021299823834
2010-10-07,60.15607145959624
2010-10-10,44.28356117176233
2010-10-11,47.50879945387475
2010-10-12,54.88485420137302
2010-10-13,54.04854412439302
2010-10-14,56.34211283759255
2010-10-17,38.95527554365989
2010-10-18,50.47372979506399
2010-10-19,64.53567801940432
2010-10-20,68.59116123279436
2010-10-21,77.3593852663073
2010-10-24,64.72659691478552
2010-10-25,74.23864882544889
2010-10-26,78.77385072060628
2010-10-27,86.17129500536396
2010-10-28,89.21018270863706
2010-11-01,66.7356192640006
2010-11-02,72.84916375043755
2010-11-03,74.0508737098947
2010-11-04,70.32328840582827
2010-11-05,65.48763444742293
2010-11-08,63.72645017583298
2010-11-09,68.33464025327639
2010-11-10,72.56424488811174
2010-11-11,78.67919356177141
2010-11-12,86.08433977676745
2010-11-15,74.03970851321992
2010-11-16,79.69040925449116
2010-11-17,85.75703795587738
2010-11-18,86.77402773036654
2010-11-19,80.78963904624591
2010-11-22,62.325970449965006
2010-11-23,67.59102603545263
2010-11-24,76.2462510339444
2010-11-25,77.07653848998356
2010-11-26,74.83796724074507
2010-11-29,79.40228743884727
2010-11-30,78.27361168009878
2010-12-01,76.39198321582012
2010-12-02,72.17064204312442
2010-12-03,68.97058210616416
2010-12-06,46.44705473744279
2010-12-07,48.086743231154955
2010-12-08,47.87446512920958
2010-12-09,52.99705152503381
2010-12-10,61.937182423044845
2010-12-13,70.28168296172588
2010-12-14,71.50157800054254
2010-12-15,72.31484135975364
2010-12-16,74.99237704837721
2010-12-17,78.73179823492967
2010-12-20,65.89963019583544
2010-12-21,72.77591926699903
2010-12-22,74.14086227777254
2010-12-23,76.51362512027202
2010-12-24,74.8255792651496
2010-12-27,73.28296621443123
2010-12-28,70.46510958477396
2010-12-29,70.86125415887814
2010-12-30,67.28800591723949
2010-12-31,61.06293277474189
2011-01-03,42.9035623260184
2011-01-04,44.594477549362715
2011-01-05,54.78364737992072
2011-01-06,64.27621128423804
2011-01-07,74.59683926885712
2011-01-10,62.86889214709268
2011-01-11,73.74348225599331
2011-01-12,64.4313641315287
2011-01-13,52.318323816546716
2011-01-14,59.721649839961955
2011-01-17,54.59275834979394
2011-01-18,64.44797751372397
2011-01-19,66.02048100160567
2011-01-20,66.51481625118664
2011-01-21,51.06922468180001
2011-01-24,32.87922944286415
2011-01-25,46.8063641232971
2011-01-26,54.68337799270583
2011-01-27,37.050823423708685
2011-01-28,53.95333114309776
2011-01-31,44.68215997179166
2011-02-01,55.0911369508914
2011-02-02,61.70381745734589
2011-02-03,64.93191229923154
2011-02-04,69.77519365746693
2011-02-07,52.135303798084664
2011-02-08,42.12230829220745
2011-02-09,52.72743121274643
2011-02-10,58.83583133481335
2011-02-11,65.67262455505633
2011-02-14,46.15916426503504
2011-02-15,58.410220456036306
2011-02-16,67.61771012076522
2011-02-17,73.9541544440565
2011-02-18,75.48959964468492
2011-02-21,52.29940080154489
2011-02-22,64.35744061743695
2011-02-23,73.99829374495798
2011-02-24,81.24940715894805
2011-02-25,81.56278560051878
2011-02-28,80.30111632627174
2011-03-01,78.80640870553195
2011-03-02,77.04740972525659
2011-03-03,74.03160648350433
2011-03-04,69.51340489019532
2011-03-07,61.04982245377008
2011-03-08,59.78701856530719
2011-03-09,54.47262699148597
2011-03-10,59.60275589386746
2011-03-11,67.18615098806853
2011-03-14,65.95680027848414
2011-03-15,67.45186316908156
2011-03-16,66.88319423058479
2011-03-17,78.29045361228668
2011-03-18,88.02920321248058
2011-03-21,80.40195316935694
2011-03-22,71.28350044026413
2011-03-23,54.72954083404983
2011-03-24,47.46360285857664
2011-03-25,41.09513822412573
2011-03-27,27.39675881608382
2011-03-28,30.8266949321155
2011-03-29,41.021136139035484
2011-03-30,34.43514339093595
2011-03-31,38.41218861721314
2011-04-03,34.02970920421377
2011-04-04,27.678908506288764
2011-04-05,24.352756956789598
2011-04-06,28.037845347864366
2011-04-07,28.135758388607698
2011-04-10,21.324360385826697
2011-04-11,21.016858495239376
2011-04-12,28.170068672897287
2011-04-13,36.190206872390064
2011-04-14,24.126804581593376
2011-04-17,19.36208171548341
2011-04-18,30.4115412273376
2011-04-19,37.381944592475556
2011-04-20,33.97264539411335
2011-04-21,31.69977926187188
2011-04-24,23.483055626278315
2011-04-25,29.92865153153103
2011-04-26,28.05212282787425
2011-04-27,28.358736090856958
2011-04-28,47.376204255089384
2011-05-01,39.71853051135035
2011-05-02,45.381973927398164
2011-05-03,51.87277226227835
2011-05-04,59.82986404786811
2011-05-05,75.05522682556288
2011-05-08,71.06745855223225
2011-05-09,75.29497236815484
2011-05-10,73.25265694581722
2011-05-11,78.055883851324
2011-05-12,73.3773459909728
2011-05-15,81.01282525524314
2011-05-16,81.37427907041793
2011-05-17,70.70305731719263
2011-05-18,57.877059524334705
2011-05-19,53.24796295654703
2011-05-22,46.24032995057097
2011-05-23,63.68807643541374
2011-05-24,67.01018126855732
2011-05-25,67.92926813252662
2011-05-26,67.19541193185658
2011-05-29,48.17246871406481
2011-05-30,41.260984652351716
2011-05-31,31.623788965021618
2011-06-01,31.875698667444162
2011-06-02,34.657059184889505
2011-06-05,33.69696124854441
2011-06-06,37.679507266741595
2011-06-07,41.51385861379501
2011-06-08,52.92466196143541
2011-06-09,63.11129914186433
2011-06-12,74.68157994817568
2011-06-13,78.886328555892
2011-06-14,75.70038358656558
2011-06-15,75.77656159405927
2011-06-16,80.72772388446168
2011-06-19,67.71470070749514
2011-06-20,62.73328332126764
2011-06-21,52.18000432340617
2011-06-22,44.67367519865489
2011-06-23,42.965124332059915
2011-06-26,41.35528062815297
2011-06-27,45.255372270620384
2011-06-28,41.41719194569481
2011-06-29,37.57845799679991
2011-06-30,32.976833633086706
2011-07-03,21.984555755391135
2011-07-04,16.99771369521457
2011-07-05,21.190096252755534
2011-07-06,27.373804156180785
2011-07-07,23.4007179223023
2011-07-10,30.93564849549277
2011-07-11,52.15041426348118
2011-07-12,61.50587689832797
2011-07-13,61.41945542092694
2011-07-14,69.31125393012107
2011-07-17,66.61748479476884
2011-07-18,71.06049788456957
2011-07-19,65.10985063962389
2011-07-20,58.0233228863091
2011-07-21,43.00498182814454
2011-07-24,41.4573442072688
2011-07-25,38.63299386941834
2011-07-26,30.70006455750644
2011-07-27,42.514411857418466
2011-07-28,55.2385063312689
2011-07-31,52.43006649190824
2011-08-01,58.27240484296031
2011-08-02,66.10148877942694
2011-08-03,66.85246931286689
2011-08-04,69.13974144667318
2011-08-07,74.48117808285107
2011-08-08,65.77068131482369
2011-08-09,69.27084969010846
2011-08-10,69.73096788736933
2011-08-11,70.20526064286157
2011-08-14,66.8889771807111
2011-08-15,57.748939610095526
2011-08-16,44.17221952097134
2011-08-17,32.06489352927878
2011-08-18,35.42017922129479
2011-08-21,35.45960666035033
2011-08-22,39.17819931202843
2011-08-23,41.87523394185445
2011-08-24,55.126124953484336
2011-08-25,65.2778817519353
2011-08-28,64.46398310764724
2011-08-29,55.32538632879295
2011-08-30,43.494391630741006
2011-08-31,31.882667046192417
2011-09-01,32.42320253221948
2011-09-04,44.16580392528278
2011-09-05,57.3480609002883
2011-09-06,70.40768930278696
2011-09-07,76.51929785854458
2011-09-08,75.07953190569637
2011-09-11,76.80372155057633
2011-09-12,81.32874365998019
2011-09-13,82.22591105411067
2011-09-14,84.85503579371193
2011-09-15,81.36081884155413
2011-09-18,68.78053664795239
2011-09-19,76.44087573806337
2011-09-20,75.46460527309677
2011-09-21,70.0976375476948
2011-09-22,70.80583243920395
2011-09-25,68.48020057630916
2011-09-26,65.6241571654478
2011-09-27,57.55374180497982
2011-09-28,53.225483042400356
2011-09-29,46.96329420442317
2011-10-02,46.14023973605852
2011-10-03,52.14650029294829
2011-10-04,50.21019340124367
2011-10-05,46.45886145979154
2011-10-06,43.48664137832601
2011-10-09,34.718055333080414
2011-10-10,25.766866491462743
2011-10-11,18.16601343431654
2011-10-12,20.196983346209016
2011-10-13,17.1999608352808
2011-10-16,13.257172810962249
2011-10-17,21.89591694435515
2011-10-18,33.51020086917076
2011-10-19,39.11746901680887
2011-10-20,54.232363142679986
2011-10-23,55.721088487328956
2011-10-24,48.612642435554434
2011-10-25,49.27429814428731
2011-10-26,50.1086158244696
2011-10-27,40.963215147347555
2011-10-31,32.797832054319535
2011-11-01,28.67659861505531
2011-11-02,39.890287785509585
2011-11-03,46.123880287705134
2011-11-04,52.0517880134268
2011-11-07,61.61809929159482
2011-11-08,71.40777434890299
2011-11-09,74.21462495935451
2011-11-10,75.90622599832182
2011-11-11,76.40348914404845
2011-11-14,64.8245483182545
2011-11-15,66.49222761446853
2011-11-16,70.64699232268917
2011-11-17,72.28838738325732
2011-11-18,69.98487688467883
2011-11-21,66.81626522850846
2011-11-22,73.84242243304077
2011-11-23,69.83282959762343
2011-11-24,74.01017468670389
2011-11-25,75.48511543089766
2011-11-28,76.9411554507074
2011-11-29,72.21916478568396
2011-11-30,65.9283951850469
2011-12-01,50.902070406504905
2011-12-02,41.93289583564764
2011-12-05,35.09000599449898
2011-12-06,26.9834304903113
2011-12-07,24.169367202584237
2011-12-08,25.397295613108817
2011-12-09,36.99186223377687
2011-12-12,38.464290520910936
2011-12-13,43.5733500787115
2011-12-14,56.748015096722085
2011-12-15,70.19233649260445
2011-12-16,73.53200274659062
2011-12-19,73.51932713226523
2011-12-20,78.02894901187162
2011-12-21,70.9960080086781
2011-12-22,71.37691478035188
2011-12-23,62.097532318776686
2011-12-26,60.550111009071884
2011-12-27,59.18715154083915
2011-12-28,59.7736828812696
2011-12-29,68.54110504320926
2011-12-30,67.45416647244687
2012-01-02,64.98149977005804
2012-01-03,68.03468278823644
2012-01-04,55.361130273971575
2012-01-05,39.38521354403157
2012-01-06,40.23530365301028
2012-01-09,42.952568026737985
2012-01-10,46.44620414944191
2012-01-11,34.27623801045598
2012-01-12,31.63836705331848
2012-01-13,25.93664637048306
2012-01-16,26.643884710886915
2012-01-17,23.250619273188008
2012-01-18,21.062107139768102
2012-01-19,18.06847751788263
2012-01-20,11.637488413282343
2012-01-23,15.248962312974749
2012-01-24,13.550943320525914
2012-01-25,18.018544882477094
2012-01-26,30.102517466135353
2012-01-27,93.0220816322278
2012-01-30,67.05623947486595
2012-01-31,59.17444388763668
2012-02-01,52.627923832067765
2012-02-02,42.75054275161756
2012-02-03,30.774565863001733
2012-02-06,23.36770107092172
2012-02-07,24.514637593380407
2012-02-08,27.138994014184117
2012-02-09,26.515217993752994
2012-02-10,24.328530979392944
2012-02-13,25.337107349490775
2012-02-14,25.224738232993957
2012-02-15,26.021918511918457
2012-02-16,41.68473921555811
2012-02-17,39.048104289400754
2012-02-20,30.447080563794763
2012-02-21,33.43271154584112
2012-02-22,32.442999750207406
2012-02-23,31.505209710014896
2012-02-24,36.82137437457793
2012-02-27,35.58153353366919
2012-02-28,34.2148495162733
2012-02-29,32.211609079224864
2012-03-01,47.02996160837202
2012-03-02,53.35659181116423
2012-03-05,61.4834699665669
2012-03-06,64.48323285127445
2012-03-07,71.69582071461006
2012-03-08,76.86740859107042
2012-03-09,78.18607304410116
2012-03-12,78.21986928730087
2012-03-13,78.78966823692149
2012-03-14,76.95122425234294
2012-03-15,79.08370485268122
2012-03-16,79.27874098427756
2012-03-19,78.82612171107623
2012-03-20,81.7279098560827
2012-03-21,80.31519592952127
2012-03-22,80.41421225233385
2012-03-23,78.59277476808901
2012-03-25,71.50005959823164
2012-03-26,71.9820036600101
2012-03-27,75.04211065643955
2012-03-28,75.04749879038462
2012-03-29,73.03088885947938
2012-04-01,75.49378604617978
2012-04-02,82.65242302068545
2012-04-03,80.08517879222546
2012-04-04,77.25599690684844
2012-04-05,68.25792463946954
2012-04-08,61.38660944551022
2012-04-09,56.94859374976559
2012-04-10,64.19399825192228
2012-04-11,70.61156950732831
2012-04-12,68.54074399505936
2012-04-15,71.12735534160025
2012-04-16,77.5440230579221
2012-04-17,79.5965678581359
2012-04-18,82.49347617798372
2012-04-19,85.08773181662998
2012-04-22,82.57801110011255
2012-04-23,84.19298561626903
2012-04-24,85.06412768992536
2012-04-25,84.85035494581027
2012-04-26,86.47292872562033
2012-04-29,86.08188800921428
2012-04-30,89.44853140008225
2012-05-01,89.30512187626118
2012-05-02,88.5204367506316
2012-05-03,81.71758720438372
2012-05-06,85.09743908863675
2012-05-07,81.02907525926412
2012-05-08,76.48246864598129
2012-05-09,83.0070917733772
2012-05-10,80.22123875234492
2012-05-13,79.10395644307212
2012-05-14,84.2140731518291
2012-05-15,87.98179589432281
2012-05-16,90.1574207696256
2012-05-17,89.48909520515774
2012-05-20,86.83301359275434
2012-05-21,84.15693602066763
2012-05-22,86.58590743623827
2012-05-23,75.01426087147063
2012-05-24,63.576945396090835
2012-05-27,47.374940341579915
2012-05-28,36.39281737057708
2012-05-29,31.47616396133709
2012-05-30,33.65077597422469
2012-05-31,37.57670779234028
2012-06-03,43.40828138536973
2012-06-04,60.53968585774479
2012-06-05,61.0805112925506
2012-06-06,64.94071508207462
2012-06-07,66.82118358208987
2012-06-10,60.61287178680922
2012-06-11,73.68974968364213
2012-06-12,82.00597533120282
2012-06-13,86.48883203898376
2012-06-14,83.4627107991756
2012-06-17,77.03758314068097
2012-06-18,78.21789289268537
2012-06-19,64.22056036739171
2012-06-20,52.409666507554135
2012-06-21,62.34718507911015
2012-06-24,70.33723061557353
2012-06-25,72.89827989606877
2012-06-26,79.64908157454818
2012-06-27,79.81333570690921
2012-06-28,80.82906383612703
2012-07-01,62.2571516538218
2012-07-02,44.09768047448676
2012-07-03,38.848179953316716
2012-07-04,40.505528208578184
2012-07-05,39.420856316522574
2012-07-08,41.26184428592144
2012-07-09,43.58395496330231
2012-07-10,47.57810539220163
2012-07-11,58.529353212434934
2012-07-12,66.50494892524907
2012-07-15,70.55579498057341
2012-07-16,70.0119642499971
2012-07-17,60.685267003318046
2012-07-18,51.52037072169801
2012-07-19,45.283504855768484
2012-07-22,47.9318770009951
2012-07-23,57.55086157250746
2012-07-24,70.66651112133098
2012-07-25,71.62438940935452
2012-07-26,64.598741358061
2012-07-29,60.401593995398386
2012-07-30,67.46818361760225
2012-07-31,78.26036257736641
2012-08-01,76.58158962352663
2012-08-02,79.28754426632196
2012-08-05,68.09819283814308
2012-08-06,61.549372031743346
2012-08-07,56.33346113591627
2012-08-08,49.213199955820386
2012-08-09,38.68708489447512
2012-08-12,35.83482098285312
2012-08-13,38.72504549040016
2012-08-14,44.79297664403695
2012-08-15,54.66409524729988
2012-08-16,53.769027438393245
2012-08-19,52.64461108030075
2012-08-20,54.07231100132497
2012-08-21,51.61045633020047
2012-08-22,54.38689056551503
2012-08-23,63.063070466031036
2012-08-26,69.14392630475263
2012-08-27,69.03292292961417
2012-08-28,73.87160974112311
2012-08-29,79.1428447225203
2012-08-30,81.70614321952121
2012-09-02,72.85747626259882
2012-09-03,64.99475452997189
2012-09-04,65.38968325658536
2012-09-05,65.30502196228859
2012-09-06,56.203347974859035
2012-09-09,55.62071383142419
2012-09-10,51.93196103613087
2012-09-11,46.22580706138732
2012-09-12,52.60143707273672
2012-09-13,52.97910465983286
2012-09-16,47.07597295441143
2012-09-17,58.56567009550179
2012-09-18,62.69416566778074
2012-09-19,66.81753289591552
2012-09-20,66.38712719376815
2012-09-23,66.71422514672267
2012-09-24,71.05509746623594
2012-09-25,75.89492235320373
2012-09-26,83.19645190295071
2012-09-27,81.08862265842762
2012-09-30,74.90598730974452
2012-10-01,71.2185409426528
2012-10-02,71.04037365775125
2012-10-03,63.97262695533025
2012-10-04,57.405899910364525
2012-10-07,33.729836266352706
2012-10-08,50.0763011006456
2012-10-09,60.1434599930231
2012-10-10,72.64975254946157
2012-10-11,79.90996161525271
2012-10-14,86.3591163243601
2012-10-15,85.37802474429293
2012-10-16,82.99129042358808
2012-10-17,75.12950714707878
2012-10-18,67.39593255898212
2012-10-21,62.240216166917676
2012-10-22,57.66863383424553
2012-10-23,56.76568439709302
2012-10-24,55.00196654176159
2012-10-25,57.13957469343586
2012-10-29,56.18574141772714
2012-10-30,60.630066470998024
2012-10-31,61.89954520526416
2012-11-01,61.76547220457874
2012-11-02,63.102115159558764
2012-11-05,63.10632813915932
2012-11-06,68.02716957911147
2012-11-07,66.11335114797924
2012-11-08,68.29125370649582
2012-11-09,63.567452533419036
2012-11-12,64.9750557463743
2012-11-13,67.60610951567087
2012-11-14,72.15407301044726
2012-11-15,77.88507501956497
2012-11-16,79.480352079816
2012-11-19,80.54787699630003
2012-11-20,78.3017592673745
2012-11-21,77.72276430537251
2012-11-22,83.34044277752706
2012-11-23,84.13825586174407
2012-11-26,74.06199224802133
2012-11-27,66.34435846837792
2012-11-28,61.370922523222475
2012-11-29,61.69690747374288
2012-11-30,63.990067945458264
2012-12-03,73.45972859071733
2012-12-04,73.91376997100875
2012-12-05,73.89975796958787
2012-12-06,61.53887269231436
2012-12-07,48.028372130666625
2012-12-10,37.9976207324838
2012-12-11,34.21809345552313
2012-12-12,31.469575652270958
2012-12-13,27.654011533245352
2012-12-14,33.34578926527835
2012-12-17,38.274372713972326
2012-12-18,52.00714615331992
2012-12-19,56.705329073964755
2012-12-20,51.44721242705198
2012-12-21,47.99530587699681
2012-12-24,38.73844361837237
2012-12-25,42.519048019524924
2012-12-26,47.59554468358206
2012-12-27,41.85441274223603
2012-12-28,35.62894740362534
2012-12-31,34.81522257767166
2013-01-01,37.44573735754551
2013-01-02,36.64302290001774
2013-01-03,36.107879928332565
2013-01-04,38.040173920475745
2013-01-07,34.192451276325144
2013-01-08,37.36621187602865
2013-01-09,49.0143935747229
2013-01-10,61.826328784211015
2013-01-11,57.087406440469955
2013-01-14,56.62457920404093
2013-01-15,58.934904654545804
2013-01-16,39.28993643636387
2013-01-17,54.287444336467374
2013-01-18,61.47636759864737
2013-01-21,57.650911732431574
2013-01-22,62.90882699970325
2013-01-23,67.1996346664688
2013-01-24,63.89697866653486
2013-01-25,54.239776822466254
2013-01-28,54.06501752778722
2013-01-29,44.82447214827579
2013-01-30,35.300194188846135
2013-01-31,32.55307063570131
2013-02-01,31.623615717918476
2013-02-04,29.35692028253385
2013-02-05,32.86843079893927
2013-02-06,30.39012920314645
2013-02-07,31.671903907194643
2013-02-08,35.647474577114814
2013-02-11,42.16776082918765
2013-02-12,47.19311263759741
2013-02-13,49.42438369008273
2013-02-14,48.1439354164745
2013-02-15,42.637770843020704
2013-02-18,45.602702911950026
2013-02-19,44.06719146875855
2013-02-20,45.42751036188838
2013-02-21,50.12240528190934
2013-02-22,62.76453035054125
2013-02-25,68.99749177840974
2013-02-26,77.5698570982209
2013-02-27,80.73137440069003
2013-02-28,78.02354290877763
2013-03-01,78.28211178283732
2013-03-04,80.58081998780774
2013-03-05,72.3576566749589
2013-03-06,59.81479246310883
2013-03-07,58.18523110020053
2013-03-08,49.92634669283491
2013-03-11,40.5810802164504
2013-03-12,44.017280049401066
2013-03-13,51.23097436270861
2013-03-14,59.99939353649173
2013-03-15,70.6436155069888
2013-03-18,68.3967640794891
2013-03-19,68.59954339993149
2013-03-20,68.64969559995431
2013-03-21,69.44843652241852
2013-03-22,75.93372420958275
2013-03-25,78.66922738067895
2013-03-26,79.65203394006033
2013-03-27,81.66512873603158
2013-03-28,80.44126166005135
2013-03-29,84.47971920810332
2013-03-31,86.63427821420728
2013-04-01,84.6877528050564
2013-04-02,85.02993044146629
2013-04-03,87.4558510635415
2013-04-04,82.25956993323902
2013-04-07,63.064821513934284
2013-04-08,54.472592873696286
2013-04-09,45.44748200712169
2013-04-10,38.9659785941485
2013-04-11,35.437447839387794
2013-04-14,30.80728566824748
2013-04-15,42.361394865387794
2013-04-16,45.89409709613594
2013-04-17,54.045383944070466
2013-04-18,51.666253951652806
2013-04-21,61.89514969325862
2013-04-22,72.80932684864572
2013-04-23,79.79819576908343
2013-04-24,79.98533475430838
2013-04-25,72.22263907167968
2013-04-28,63.377783845951676
2013-04-29,62.03120971920822
2013-04-30,57.8238009633178
2013-05-01,55.17646620564773
2013-05-02,57.50929110321353
2013-05-05,57.88247460466397
2013-05-06,63.613044395196404
2013-05-07,67.33451228720298
2013-05-08,64.77098049611772
2013-05-09,63.07989799657219
2013-05-12,65.73084719502775
2013-05-13,60.99484567654993
2013-05-14,64.96536509799577
2013-05-15,68.84390513922207
2013-05-16,69.56540454659637
2013-05-19,75.2020729764196
2013-05-20,78.85550252548497
2013-05-21,79.46005001079408
2013-05-22,82.52121104820546
2013-05-23,82.19605447377742
2013-05-26,84.34136451109886
2013-05-27,82.62084658258333
2013-05-28,80.45369871674711
2013-05-29,86.17975321697736
2013-05-30,81.88865268228595
2013-06-02,74.17978774746183
2013-06-03,77.44997381072413
2013-06-04,79.15837369956787
2013-06-05,80.58001063394484
2013-06-06,80.84830445140693
2013-06-09,75.9114482506236
2013-06-10,68.4599811603711
2013-06-11,63.4923364335361
2013-06-12,71.500483796854
2013-06-13,60.776608884703606
2013-06-16,44.49984216474653
2013-06-17,57.65250992091612
2013-06-18,70.24609170371761
2013-06-19,71.14735650407297
2013-06-20,77.72769856535768
2013-06-23,78.84959706938807
2013-06-24,77.1487822527887
2013-06-25,73.09159515409907
2013-06-26,65.8309950989362
2013-06-27,55.93450782501389
2013-06-30,45.531764340763495
2013-07-01,47.80548995266584
2013-07-02,57.57513592200934
2013-07-03,69.83693183655933
2013-07-04,72.17057624283541
2013-07-07,74.22986385306177
2013-07-08,80.30228587182961
2013-07-09,80.8208317469757
2013-07-10,86.90332882510597
2013-07-11,81.43451735338321
2013-07-14,80.26055202199646
2013-07-15,61.12339575326327
2013-07-16,63.64502829249061
2013-07-17,53.14934185178741
2013-07-18,45.63505723828613
2013-07-21,51.43888630178182
2013-07-22,48.443977797802845
2013-07-23,37.31492459247468
2013-07-24,45.80464669801336
2013-07-25,52.63380940916252
2013-07-28,64.05181817377546
2013-07-29,72.97148238612053
2013-07-30,75.85853927782179
2013-07-31,75.8444683620852
2013-08-01,81.35547739565511
2013-08-04,79.82682159105374
2013-08-05,83.71260936564974
2013-08-06,82.77569183174165
2013-08-07,86.08565131842013
2013-08-08,74.0838531528901
2013-08-11,60.78570413509959
2013-08-12,60.42749457053718
2013-08-13,72.79781689317872
2013-08-14,73.11769635158231
2013-08-15,75.0456249434844
2013-08-18,78.61349512032498
2013-08-19,85.49768176217387
2013-08-20,84.81101379477876
2013-08-21,89.2540059333441
2013-08-22,89.35695113224763
2013-08-25,70.29167586139612
2013-08-26,62.99162146178402
2013-08-27,53.92857068645678
2013-08-28,40.51461674455759
2013-08-29,35.158478673586906
2013-09-01,38.075061731758346
2013-09-02,38.46354326421019
2013-09-03,34.16241750117464
2013-09-04,33.86074606380513
2013-09-05,30.50164903848158
2013-09-08,25.66158961183468
2013-09-09,20.395589297011806
2013-09-10,18.35396754113486
2013-09-11,15.156579969710704
2013-09-12,13.164897314539573
2013-09-15,14.041504371460173
2013-09-16,15.406510305105652
2013-09-17,12.499596491210234
2013-09-18,10.279100621647292
2013-09-19,14.319400414431472
2013-09-22,16.01416408761434
2013-09-23,15.298289546341426
2013-09-24,14.647510904375904
2013-09-25,18.725411118771497
2013-09-26,23.920742607339974
2013-09-29,24.812913434077732
2013-09-30,24.50849852853959
2013-10-01,21.9309385656259
2013-10-02,17.172146809534055
2013-10-03,23.424842059069206
2013-10-06,28.601057496743866
2013-10-07,19.06737166449591
2013-10-08,24.765844675555392
2013-10-09,28.730114399088173
2013-10-10,27.52779383584528
2013-10-13,24.473175857174372
2013-10-14,27.215104550688316
2013-10-15,31.053135761981736
2013-10-16,34.01525238393345
2013-10-17,30.11731111309853
2013-10-20,21.070270900795954
2013-10-21,29.052384365757593
2013-10-22,38.11825624383832
2013-10-23,48.49739197269926
2013-10-24,63.12986865062382
2013-10-28,64.1469890249036
2013-10-29,61.10338642652707
2013-10-30,61.50150249362865
2013-10-31,55.61674895143357
2013-11-01,62.323412202068944
2013-11-04,73.16737662345864
2013-11-05,69.12968040305067
2013-11-06,75.23077033255741
2013-11-07,79.20181377417637
2013-11-08,79.19954629540713
2013-11-11,79.89075645074936
2013-11-12,83.1580329322054
2013-11-13,84.80702332204451
2013-11-14,85.40631097066382
2013-11-15,79.70483624459352
2013-11-18,74.7384992439685
2013-11-19,54.38814488242785
2013-11-20,43.681303261761656
2013-11-21,36.50936049932903
2013-11-22,43.100213775174026
2013-11-25,38.873468282957504
2013-11-26,38.70414344100313
2013-11-27,48.346114895158266
2013-11-28,61.76193558532884
2013-11-29,66.23922320675678
2013-12-02,69.33328382096994
2013-12-03,77.56444805366405
2013-12-04,83.01250851631758
2013-12-05,87.79916848022407
2013-12-06,81.44574523903626
2013-12-09,64.84071293604383
2013-12-10,51.73565046587109
2013-12-11,39.91527024522124
2013-12-12,42.72129127459185
2013-12-13,42.40242947717881
2013-12-16,39.90227324622382
2013-12-17,37.54922791578324
2013-12-18,36.31101409924382
2013-12-19,43.12496725390198
2013-12-20,51.307150726440426
2013-12-23,66.53324947944249
2013-12-24,65.25278418660983
2013-12-25,64.87139567576423
2013-12-26,64.34165457486986
2013-12-27,63.122692975139515
2013-12-30,54.91138996453609
2013-12-31,58.59983134332594
2014-01-01,61.015670227159006
2014-01-02,57.378003286278485
2014-01-03,64.39847720796391
2014-01-06,64.56133935698627
2014-01-07,65.42282308946241
2014-01-08,64.28598883582232
2014-01-09,71.5020897509178
2014-01-10,71.53108819135556
2014-01-13,56.16358260376079
2014-01-14,47.49000745012611
2014-01-15,44.094559940572616
2014-01-16,43.532498948165326
2014-01-17,45.382922509946006
2014-01-20,42.18943805189825
2014-01-21,37.17978997698572
2014-01-22,42.13752002880732
2014-01-23,52.564860095833296
2014-01-24,56.74587795357708
2014-01-27,60.22267163332006
2014-01-28,70.09449092101437
2014-01-29,73.98349277820806
2014-01-30,78.9144303634403
2014-01-31,74.438260872024
2014-02-03,75.54134133823696
2014-02-04,80.06199146347835
2014-02-05,64.48577208676335
2014-02-06,52.34067835237241
2014-02-07,40.80250602464598
2014-02-10,31.358149900701143
2014-02-11,39.216544378245224
2014-02-12,42.879995102738235
2014-02-13,52.49470937883687
2014-02-14,46.95049590773027
2014-02-17,41.1254334858119
2014-02-18,36.05893096584987
2014-02-19,34.893196775586986
2014-02-20,36.85671270283434
2014-02-21,33.2222283127547
2014-02-24,27.10998426957171
2014-02-25,22.917929793364742
2014-02-26,22.177757470042245
2014-02-27,25.13387805839337
2014-02-28,18.63679644854224
2014-03-03,19.321082689832778
2014-03-04,24.602801929624203
2014-03-05,29.779424614221593
2014-03-06,32.51198282169467
2014-03-07,36.051245545251746
2014-03-10,48.334418149760566
2014-03-11,59.339582496524805
2014-03-12,67.83149549015928
2014-03-13,70.25519671984179
2014-03-14,74.96041812227861
2014-03-17,69.00230965326298
2014-03-18,67.50264352160129
2014-03-19,57.042878353607904
2014-03-20,56.64533023885858
2014-03-21,45.46381189050536
2014-03-24,36.20068079522065
2014-03-25,33.17181851672427
2014-03-26,30.545459026762263
2014-03-27,32.1162166707624
2014-03-28,24.86426456729513
2014-03-30,20.059219457940124
2014-03-31,20.888853301932556
2014-04-01,19.852667018200496
2014-04-02,21.691132485519894
2014-04-03,29.784779336927365
2014-04-06,25.005034409436746
2014-04-07,23.84412617671987
2014-04-08,20.871693873910786
2014-04-09,17.466608078486633
2014-04-10,21.61882993808742
2014-04-13,27.228694241191622
2014-04-14,30.51392915312177
2014-04-15,40.122839215634286
2014-04-16,56.33082716677412
2014-04-17,62.87357787247868
2014-04-20,67.23541167628171
2014-04-21,70.14330087881707
2014-04-22,74.44581640508719
2014-04-23,63.83172770201098
2014-04-24,52.16746890496119
2014-04-27,62.99304418882555
2014-04-28,58.66202945921703
2014-04-29,60.747363901773156
2014-04-30,59.2960568088325
2014-05-01,59.8039285829376
2014-05-04,51.56327479299658
2014-05-05,60.987538386588014
2014-05-06,58.909725044610525
2014-05-07,48.26595578513609
2014-05-08,40.88067863473252
2014-05-11,34.15614265884535
2014-05-12,33.24896149126984
2014-05-13,33.83967334298433
2014-05-14,31.310501860204912
2014-05-15,38.778100837142865
2014-05-18,44.26748478364863
2014-05-19,45.03908268277001
2014-05-20,53.90791166193105
2014-05-21,53.32257401934626
2014-05-22,57.7424755065682
2014-05-25,67.60890772167812
2014-05-26,66.93640443093949
2014-05-27,71.30271485030838
2014-05-28,71.15116207923963
2014-05-29,68.6944142954647
2014-06-01,65.11817162181313
2014-06-02,76.58802940863892
2014-06-03,80.56144870336527
2014-06-04,82.3879373225002
2014-06-05,75.67149901040807
2014-06-08,65.08387582081343
2014-06-09,51.00346374517843
2014-06-10,40.13211685575994
2014-06-11,37.41179585255784
2014-06-12,34.23606902991025
2014-06-15,29.154174225068225
2014-06-16,30.31022740056821
2014-06-17,53.35931977397724
2014-06-18,45.156966648594725
2014-06-19,39.56817668073877
2014-06-22,40.242557811269926
2014-06-23,34.291896004370784
2014-06-24,36.25839318951667
2014-06-25,31.537159304728018
2014-06-26,27.42708596358169
2014-06-29,25.743393718127923
2014-06-30,36.7437273516966
2014-07-01,37.301000097942264
2014-07-02,49.29219879265665
2014-07-03,49.69944921957817
2014-07-06,51.439378285396685
2014-07-07,58.81567950303987
2014-07-08,57.32107463687729
2014-07-09,55.345718871966056
2014-07-10,57.12455465192705
2014-07-13,57.65215672187106
2014-07-14,49.63477114791402
2014-07-15,57.534291876387236
2014-07-16,56.86109654504241
2014-07-17,70.98588903206692
2014-07-20,63.53187709171438
2014-07-21,56.47283141486354
2014-07-22,46.720929403996614
2014-07-23,44.093259765763236
2014-07-24,42.035669609387504
2014-07-27,42.97755896743301
2014-07-28,42.08291859384067
2014-07-29,45.673549861907865
2014-07-30,51.787581698464436
2014-07-31,60.049529990118415
2014-08-03,62.44949240988464
2014-08-04,64.04821412933575
2014-08-05,70.14767917197912
2014-08-06,71.84948390242933
2014-08-07,77.9096260246836
2014-08-10,76.55780623867793
2014-08-11,70.43167733414069
2014-08-12,66.01603513380645
2014-08-13,64.83180445870585
2014-08-14,52.66861830223875
2014-08-17,37.394790120813184
2014-08-18,33.06999403211347
2014-08-19,29.009238841252326
2014-08-20,36.67515282843218
2014-08-21,47.926804394581936
2014-08-24,59.07187198587411
2014-08-25,71.49719001956825
2014-08-26,65.69377885362512
2014-08-27,53.129185902416594
2014-08-28,43.66092708455079
2014-08-31,36.340911311499006
2014-09-01,37.081624158790135
2014-09-02,35.96252949784429
2014-09-03,32.381666781553996
2014-09-04,32.584845303049654
2014-09-07,37.41829746660703
2014-09-08,48.02982283214419
2014-09-09,59.652008396627096
2014-09-10,68.23242507340689
2014-09-11,66.06406661681828
2014-09-14,57.317518207434574
2014-09-15,69.46999218617478
2014-09-16,75.87156105584342
2014-09-17,79.825902187363
2014-09-18,83.64393479157536
2014-09-21,82.35807649484921
2014-09-22,85.02586625761035
2014-09-23,88.81626377958332
2014-09-24,78.94726167754926
2014-09-25,81.89713705066201
2014-09-28,76.40614620858189
2014-09-29,76.86609009231412
2014-09-30,74.38434320182596
2014-10-01,80.09184523957347
2014-10-02,84.12335680248746
2014-10-05,77.92214228887448
2014-10-06,66.71511994885536
2014-10-07,49.7855776688133
2014-10-08,37.152133746422045
2014-10-09,33.48848989287879
2014-10-12,29.019648999624167
2014-10-13,27.06501190138878
2014-10-14,27.036966039905863
2014-10-15,40.46549668530619
2014-10-16,52.58018354799286
2014-10-19,52.411150709203014
2014-10-20,59.677239381211535
2014-10-21,67.37955442547553
2014-10-22,72.84127157776807
2014-10-23,79.44358816646985
2014-10-27,70.32030301727795
2014-10-28,72.03125941333136
2014-10-29,57.71368955853512
2014-10-30,52.536696370313095
2014-10-31,37.599571543012814
2014-11-03,30.073534104497853
2014-11-04,41.16081509275953
2014-11-05,48.87933350349106
2014-11-06,55.53737704647212
2014-11-07,67.21359727626444
2014-11-10,71.9890750497211
2014-11-11,75.25771754972052
2014-11-12,78.15578103244997
2014-11-13,80.89642368107599
2014-11-14,77.58127106227255
2014-11-17,77.90045163664442
2014-11-18,79.91359223033672
2014-11-19,70.58811907851414
2014-11-20,60.8109275532154
2014-11-21,56.97813746444125
2014-11-24,41.281544061886926
2014-11-25,38.924538146521094
2014-11-26,34.353053442218524
2014-11-27,24.83440277790416
2014-11-28,27.145186418225688
2014-12-01,30.97557882427166
2014-12-02,45.73551641633237
2014-12-03,57.37440224856948
2014-12-04,57.95270541267658
2014-12-05,67.47674450679617
2014-12-08,73.17598569956628
2014-12-09,78.75003460899217
2014-12-10,78.31158285096716
2014-12-11,74.49201736929786
2014-12-12,77.86855945042967
2014-12-15,76.40263642628871
2014-12-16,74.41458175708262
2014-12-17,79.4678771997572
2014-12-18,78.43413422004801
2014-12-19,67.92774039720823
2014-12-22,60.40467110416066
2014-12-23,54.08473637615779
2014-12-24,52.45691690252902
2014-12-25,51.37170392010984
2014-12-26,51.49476617615956
2014-12-29,52.425924282485326
2014-12-30,62.728393966101386
2014-12-31,51.96579179404541
2015-01-01,43.969807641090284
2015-01-02,36.96824385375013
2015-01-05,47.78528084873654
2015-01-06,58.794123271851404
2015-01-07,63.468324903661504
2015-01-08,60.10639454422042
2015-01-09,52.23454648839667
2015-01-12,36.665405608436345
2015-01-13,41.229683575190876
2015-01-14,38.6069274943845
2015-01-15,30.802921167033283
2015-01-16,32.654082156966766
2015-01-19,29.313580023836373
2015-01-20,36.93506345023434
2015-01-21,34.443569271110725
2015-01-22,35.86158111088028
2015-01-23,30.220095990087877
2015-01-26,30.561388326403815
2015-01-27,31.463940658618295
2015-01-28,28.658377668265707
2015-01-29,28.009474536799544
2015-01-30,31.720602072152108
2015-02-02,48.34380607052749
2015-02-03,65.21088089321488
2015-02-04,69.37177296869443
2015-02-05,76.66252169204827
2015-02-06,79.04211309347492
2015-02-09,84.36277373034828
2015-02-10,80.90319869148175
2015-02-11,82.48576165230935
2015-02-12,87.02222530261673
2015-02-13,81.0139135260444
2015-02-16,79.5069231686478
2015-02-17,76.74017896627495
2015-02-18,72.33806417300531
2015-02-19,70.41062292620765
2015-02-20,75.67332800758753
2015-02-23,71.48412762914057
2015-02-24,72.58266364703339
2015-02-25,66.81722363546723
2015-02-26,67.30546186564176
2015-02-27,75.03927872455995
2015-03-02,59.242775678124545
2015-03-03,64.98946058042165
2015-03-04,63.08085970602932
2015-03-05,70.4020765992718
2015-03-06,70.95370949377511
2015-03-09,75.07822836534407
2015-03-10,79.03809601866313
2015-03-11,79.55953389196014
2015-03-12,82.44731978339512
2015-03-13,78.73047465440189
2015-03-16,83.21313219524825
2015-03-17,84.95675826905435
2015-03-18,86.48809926270287
2015-03-19,80.07920310459583
2015-03-20,83.92413231274224
2015-03-23,77.24454726173268
2015-03-24,59.264309777241635
2015-03-25,46.428065113215
2015-03-26,47.14078563305519
2015-03-27,44.91528024148759
2015-03-29,52.79286017009509
2015-03-30,55.738405035259895
2015-03-31,52.01252491654257
2015-04-01,47.312190822276655
2015-04-02,36.95984189249171
2015-04-05,30.534101144112842
2015-04-06,26.25027397852693
2015-04-07,26.9428839820988
2015-04-08,21.324110585983334
2015-04-09,19.136122924480897
2015-04-12,22.961496915640367
2015-04-13,36.237897168566505
2015-04-14,36.355690196384145
2015-04-15,29.8636043389606
2015-04-16,23.99645504204145
2015-04-19,25.44163775880716
2015-04-20,24.755453364909577
2015-04-21,24.96677160983586
2015-04-22,24.20419610416993
2015-04-23,19.125046017190154
2015-04-26,21.607473026135157
2015-04-27,20.367625695584337
2015-04-28,23.438330923492998
2015-04-29,29.652528900825764
2015-04-30,41.569615478583074
2015-05-03,49.514339863754614
2015-05-04,65.7781949527322
2015-05-05,71.7966281937221
2015-05-06,71.87216322950303
2015-05-07,70.72858639307947
2015-05-10,58.52381950014819
2015-05-11,65.58364770452674
2015-05-12,59.91716603053894
2015-05-13,60.858835972669304
2015-05-14,49.91185190030906
2015-05-17,44.08164366598821
2015-05-18,44.174937678928465
2015-05-19,51.36814529617892
2015-05-20,47.899382657375185
2015-05-21,53.730244907338715
2015-05-24,60.88766067550512
2015-05-25,63.58091422173375
2015-05-26,70.68203287904592
2015-05-27,73.2358957190896
2015-05-28,76.9698967696892
2015-05-31,79.76521098514561
2015-06-01,80.67072459836962
2015-06-02,73.20885409836953
2015-06-03,63.417431554301494
2015-06-04,58.1990695958718
2015-06-07,51.360206981189506
2015-06-08,41.48188452633084
2015-06-09,35.39593758950285
2015-06-10,35.5508436389035
2015-06-11,30.799841405414263
2015-06-14,35.86877946162389
2015-06-15,41.10608591950738
2015-06-16,34.447873142123015
2015-06-17,28.253943569760764
2015-06-18,25.919902214872025
2015-06-21,32.951938691525555
2015-06-22,35.50507703161385
2015-06-23,37.80388500043794
2015-06-24,45.934297317365086
2015-06-25,60.411422092173716
2015-06-28,63.509505132518825
2015-06-29,63.01447267269627
2015-06-30,59.8168024142496
2015-07-01,66.50260622165914
2015-07-02,55.536029185209074
2015-07-05,58.76705629418251
2015-07-06,56.372481973899454
2015-07-07,58.109450452857075
2015-07-08,70.73184648403758
2015-07-09,76.85389376244945
2015-07-12,66.55656826448268
2015-07-13,54.35134754511153
2015-07-14,47.37452497754644
2015-07-15,38.12923293868384
2015-07-16,35.89343468496703
2015-07-19,43.46286585701134
2015-07-20,51.67546035489072
2015-07-21,52.54891924456547
2015-07-22,54.85832089071254
2015-07-23,62.41708514941353
2015-07-26,72.39851689293974
2015-07-27,76.9187292293802
2015-07-28,78.9135211946959
2015-07-29,75.73635495376733
2015-07-30,78.7355704831849
2015-08-02,81.7469750463439
2015-08-03,84.28496420440536
2015-08-04,85.37308296076242
2015-08-05,79.90885269279586
2015-08-06,82.50293563813463
2015-08-09,84.23232426836049
2015-08-10,72.85421644024242
2015-08-11,68.65587071538118
2015-08-12,61.03979543787431
2015-08-13,63.93881099367053
2015-08-16,56.31470132726693
2015-08-17,50.9318692135611
2015-08-18,44.642483446159844
2015-08-19,51.9732553758338
2015-08-20,47.140870059351315
2015-08-23,45.48586568288604
2015-08-24,56.82664269569446
2015-08-25,65.09172212982318
2015-08-26,67.81866568091861
2015-08-27,62.61487500928801
2015-08-30,61.16883008542235
2015-08-31,65.93485106996468
2015-09-01,71.05271500056561
2015-09-02,74.85851650768114
2015-09-03,74.80313915055916
2015-09-06,83.08112059064
2015-09-07,88.0828937666842
2015-09-08,89.316892336263
2015-09-09,80.7479224203448
2015-09-10,80.67252799037479
2015-09-13,81.76798261616284
2015-09-14,71.11596476757268
2015-09-15,72.79126291687365
2015-09-16,64.05003750957411
2015-09-17,70.0384603805324
2015-09-20,72.20635267766744
2015-09-21,48.13756845177829
2015-09-22,56.86495493157099
2015-09-23,66.41450609719594
2015-09-24,55.06796748300037
2015-09-27,49.053677608207934
2015-09-28,55.490079338774564
2015-09-29,53.86287476200491
2015-09-30,41.79858689076061
2015-10-01,38.688838677824066
2015-10-04,29.991741578601427
2015-10-05,26.661161052400928
2015-10-06,23.565937250751894
2015-10-07,24.42168620298213
2015-10-08,21.13732404102626
2015-10-11,17.916203670775396
2015-10-12,16.18961707517855
2015-10-13,28.52111504045108
2015-10-14,31.914432565520194
2015-10-15,32.366974651523265
2015-10-18,53.86512296903419
2015-10-19,62.901873384474406
2015-10-20,67.21906740757908
2015-10-21,74.64040025627077
2015-10-22,74.47803273175029
2015-10-26,67.48956298472338
2015-10-27,68.008043819307
2015-10-28,63.60246229145254
2015-10-29,60.23509768091432
2015-10-30,45.09409361483696
2015-11-02,36.6458781799723
2015-11-03,41.68140692100382
2015-11-04,31.42367701509176
2015-11-05,29.150303337627996
2015-11-06,25.151940171585384
2015-11-09,20.27588899473625
2015-11-10,22.279072560642682
2015-11-11,22.61880985688299
2015-11-12,26.954082044457177
2015-11-13,30.64123501110855
2015-11-16,49.229671673023425
2015-11-17,58.4753296783865
2015-11-18,61.00998483698599
2015-11-19,54.05700268763195
2015-11-20,48.395218821868845
2015-11-23,34.4652789465341
2015-11-24,30.788455158305883
2015-11-25,22.076469626885178
2015-11-26,24.53958783090447
2015-11-27,28.50948367470927
2015-11-30,41.98294115484219
2015-12-01,54.74222455886364
2015-12-02,60.85033196010575
2015-12-03,62.179597805538144
2015-12-04,51.31948900454212
2015-12-07,43.33563990709606
2015-12-08,36.7643095924225
2015-12-09,41.656732444518354
2015-12-10,32.19837287860226
2015-12-11,38.10476095516857
2015-12-14,41.21090439627689
2015-12-15,55.12507600650368
2015-12-16,62.68360366386351
2015-12-17,65.93788843928078
2015-12-18,65.82844402267264
2015-12-21,71.26022354679378
2015-12-22,78.17660283705786
2015-12-23,78.34166029920497
2015-12-24,68.82344268438294
2015-12-25,57.50813821841355
2015-12-28,48.08263409067208
2015-12-29,35.24960352657956
2015-12-30,28.19951825672291
2015-12-31,38.98700113251337
2016-01-01,47.472396835657136
2016-01-04,48.52382409157209
2016-01-05,62.385026266956736
2016-01-06,70.07405212783691
2016-01-07,73.05896556409583
2016-01-08,78.14302044625444
2016-01-11,73.93180196645376
2016-01-12,77.48219541374928
2016-01-13,72.77246052014624
2016-01-14,65.74211232316534
2016-01-15,56.61839218665704
2016-01-18,50.01252315224299
2016-01-19,61.310278764890796
2016-01-20,62.285393884401195
2016-01-21,63.94571819513134
2016-01-22,73.7315949053666
2016-01-25,69.59417671352277
2016-01-26,65.10794457192472
2016-01-27,56.99139432757074
2016-01-28,59.08431027841203
2016-01-29,52.995385367282616
2016-02-01,40.959233906137506
2016-02-02,28.440577071846185
2016-02-03,26.468029974502965
2016-02-04,24.375444930147864
2016-02-05,22.263921238374365
2016-02-08,22.3009181288481
2016-02-09,21.515152842299948
2016-02-10,20.398122728199958
2016-02-11,30.329552956787886
2016-02-12,48.618212213277516
2016-02-15,58.01767780769826
2016-02-16,62.3821555755026
2016-02-17,74.10324035584972
2016-02-18,68.49441480062737
2016-02-19,71.9415158036086
2016-02-22,72.89112071498592
2016-02-23,53.74662284953867
2016-02-24,40.39832893476689
2016-02-25,35.24896337301209
2016-02-26,31.263077992979156
2016-02-29,31.437053101269505
2016-03-01,43.172552275557436
2016-03-02,34.86013288958734
2016-03-03,32.69529640892179
2016-03-04,35.14486573942787
2016-03-07,34.27516168473777
2016-03-08,34.822971742887134
2016-03-09,32.58458475561744
2016-03-10,25.138902480144566
2016-03-11,18.881118698440993
2016-03-14,12.505062753851307
2016-03-15,16.990352694964066
2016-03-16,34.371119483717564
2016-03-17,42.8363342719439
2016-03-18,34.3884599713834
2016-03-21,28.817282352156496
2016-03-22,24.070608059843888
2016-03-23,16.67875328382205
2016-03-24,24.177963802431407
2016-03-25,28.742133204548118
2016-03-27,32.55329919454323
2016-03-28,42.460322206711126
2016-03-29,42.66296873363192
2016-03-30,40.33522651380579
2016-03-31,37.06389272512719
2016-04-03,28.094538549690718
2016-04-04,34.402269833771925
2016-04-05,50.3321068298206
2016-04-06,53.85534671455318
2016-04-07,64.9941276422744
2016-04-10,56.938590910735236
2016-04-11,41.199221919908915
2016-04-12,29.871932955645033
2016-04-13,23.85009686960958
2016-04-14,19.265635179352877
2016-04-17,23.752847695326174
2016-04-18,36.93472850613694
2016-04-19,35.7672201340348
2016-04-20,39.52635745164038
2016-04-21,42.03244899671077
2016-04-24,51.32279872800419
2016-04-25,55.12392452393678
2016-04-26,51.58643621258027
2016-04-27,45.62390094483909
2016-04-28,40.19371174100379
2016-05-01,30.414647616388375
2016-05-02,35.479195883193285
2016-05-03,49.47567414216884
2016-05-04,59.88187451946452
2016-05-05,64.32238650465317
2016-05-08,54.30675023877092
2016-05-09,49.48740886406382
2016-05-10,40.6216483722209
2016-05-11,31.606045836257678
2016-05-12,28.60380980695327
2016-05-15,33.928478061147636
2016-05-16,32.55276020853552
2016-05-17,30.476674576109783
2016-05-18,39.08157996023214
2016-05-19,50.29681088257904
2016-05-22,57.14304820793413
2016-05-23,63.31869705366917
2016-05-24,64.81709610248859
2016-05-25,66.87570000213194
2016-05-26,68.5322396215027
2016-05-29,75.50182434394179
2016-05-30,67.08878190355027
2016-05-31,64.8247013898463
2016-06-01,65.45699477609745
2016-06-02,60.77814803254975
2016-06-05,46.75450679990017
2016-06-06,37.55382089723672
2016-06-07,33.25418325664449
2016-06-08,24.62690111371833
2016-06-09,23.20409121705898
2016-06-12,24.498815855899743
2016-06-13,33.820502407082486
2016-06-14,40.81938330612419
2016-06-15,50.156422118216426
2016-06-16,57.3971412823237
2016-06-19,52.984119388673946
2016-06-20,46.013849733724605
2016-06-21,43.26567591035804
2016-06-22,35.91215010478098
2016-06-23,27.65083511258904
2016-06-26,27.660866655443236
2016-06-27,32.40227131868258
2016-06-28,31.937120576942306
2016-06-29,27.472079328104186
2016-06-30,20.30890866987193
2016-07-03,18.79547952529233
2016-07-04,25.433119472223417
2016-07-05,31.258107117773903
2016-07-06,41.82810469895054
2016-07-07,56.01556500907904
2016-07-10,58.02469278802208
2016-07-11,61.201990974564495
2016-07-12,60.622721220472584
2016-07-13,51.562688463921624
2016-07-14,42.40512784865897
2016-07-17,42.5211331036063
2016-07-18,36.598028731325414
2016-07-19,32.31838579882312
2016-07-20,34.742737095454004
2016-07-21,42.632068968348804
2016-07-24,42.73297351513109
2016-07-25,58.600332858884514
2016-07-26,61.52945096859634
2016-07-27,57.07314568474979
2016-07-28,67.30802304909233
2016-07-31,55.24238573643192
2016-08-01,53.65365398301809
2016-08-02,49.63153651777934
2016-08-03,47.19025511441697
2016-08-04,38.856242506780376
2016-08-07,30.58606131276391
2016-08-08,29.45219621498175
2016-08-09,25.729394597611673
2016-08-10,21.341878038336457
2016-08-11,20.96588660666278
2016-08-14,29.895261302837618
2016-08-15,40.28566482765263
2016-08-16,52.45874838996611
2016-08-17,61.49579641768356
2016-08-18,72.8842981482947
2016-08-21,72.68563660084585
2016-08-22,71.20026811411653
2016-08-23,77.71807566064132
2016-08-24,76.44188070406068
2016-08-25,77.39679009739837
2016-08-28,77.76578935786155
2016-08-29,66.49032421837228
2016-08-30,61.38417447891488
2016-08-31,54.46444965260989
2016-09-01,58.70546643507329
2016-09-04,62.30811300901608
2016-09-05,68.38415743136653
2016-09-06,52.060201125214924
2016-09-07,42.06013949034337
2016-09-08,42.67146219367611
2016-09-11,54.30188280056307
2016-09-12,54.43076339709674
2016-09-13,64.1296603457073
2016-09-14,72.61871167563501
2016-09-15,71.02737406880726
2016-09-18,64.275425420353
2016-09-19,60.71987047270255
2016-09-20,50.03195580920617
2016-09-21,38.780993795284736
2016-09-22,32.614406896513984
2016-09-25,33.22662280571635
2016-09-26,33.16604491356396
2016-09-27,34.96472711013198
2016-09-28,36.59459087952609
2016-09-29,53.12209586352858
2016-10-02,68.17686847858238
2016-10-03,57.364750344350654
2016-10-04,67.92129019137839
2016-10-05,53.946371392750294
2016-10-06,53.578672005707716
2016-10-09,49.68120436071689
2016-10-10,39.40836647626166
2016-10-11,29.41602610206631
2016-10-12,24.973605935820448
2016-10-13,23.54118012468541
2016-10-16,30.541141017101083
2016-10-17,39.05994766993738
2016-10-18,36.42643854324336
2016-10-19,31.805431659002533
2016-10-20,22.844187847239557
2016-10-23,26.19655726871465
2016-10-24,24.915683959555103
2016-10-25,20.46022123125262
2016-10-26,26.37880163460651
2016-10-27,38.6187316061695
2016-10-31,58.578841708678404
2016-11-01,64.33033891689665
2016-11-02,74.75476886155519
2016-11-03,83.1914348541629
2016-11-04,88.38352793933304
2016-11-07,86.1536223178615
2016-11-08,75.9015153283494
2016-11-09,54.88177823904434
2016-11-10,47.18644896485627
2016-11-11,54.90438562928588
2016-11-14,59.487597044034615
2016-11-15,67.59175143696457
2016-11-16,73.13504095596895
2016-11-17,77.73390966872886
2016-11-18,78.96302599816289
2016-11-21,74.75383104283827
2016-11-22,70.8025076678727
2016-11-23,54.487100920298325
2016-11-24,60.069026184308406
2016-11-25,55.71490141777241
2016-11-28,60.277044404161565
2016-11-29,59.9186208814144
2016-11-30,71.16033212739774
2016-12-01,65.12273983755514
2016-12-02,76.17561819173004
2016-12-05,69.09071675582234
2016-12-06,53.2685828031674
2016-12-07,42.12279641167558
2016-12-08,30.83229402909959
2016-12-09,24.01730400062039
2016-12-12,21.617848292772358
2016-12-13,16.940457455096837
2016-12-14,15.181719698746752
2016-12-15,21.14983093665218
2016-12-16,27.408110768816474
2016-12-19,44.45831346628104
2016-12-20,47.96627777941875
2016-12-21,48.0303985951555
2016-12-22,39.452482636004866
2016-12-23,32.374621326790496
2016-12-26,23.84911306218387
2016-12-27,18.188101207556073
2016-12-28,15.623750640020935
2016-12-29,18.885435437162812
2016-12-30,15.114417982607376
2017-01-02,13.288084210627114
2017-01-03,22.30113538327969
2017-01-04,34.73409025551983
2017-01-05,28.226982156162155
2017-01-06,21.468051961068575
2017-01-09,24.784576147736622
2017-01-10,21.38856904862714
2017-01-11,18.822358211324207
2017-01-12,22.490638006146995
2017-01-13,22.556994333173837
2017-01-16,24.384947630348577
2017-01-17,49.27512840842604
2017-01-18,53.78672472407468
2017-01-19,64.5866633933816
2017-01-20,58.130581577484655
2017-01-23,33.80399173997819
2017-01-24,25.088198669652964
2017-01-25,21.984553173426747
2017-01-26,21.896512151460126
2017-01-27,25.57161166750292
2017-01-30,14.528192892728518
2017-01-31,14.875863597760645
2017-02-01,25.91868073004255
2017-02-02,26.362656577530444
2017-02-03,24.74657874399465
2017-02-06,22.467270444714334
2017-02-07,18.62401362980959
2017-02-08,17.77948426384458
2017-02-09,18.6154072231734
2017-02-10,26.89261738277392
2017-02-13,19.424521702220286
2017-02-14,27.13887032400265
2017-02-15,28.028064086969444
2017-02-16,24.047694898559225
2017-02-17,32.770927033822
2017-02-20,42.37758771951761
2017-02-21,44.9941493887693
2017-02-22,49.92034201675527
2017-02-23,42.0631640212078
2017-02-24,36.612249176068914
2017-02-27,49.57341635345097
2017-02-28,63.26613026018556
2017-03-01,71.04960062458501
2017-03-02,64.12171956532626
2017-03-03,75.30014044123908
2017-03-06,71.9432988758527
2017-03-07,75.07872533616678
2017-03-08,69.84209565474895
2017-03-09,72.48732302909187
2017-03-10,80.88634571293376
2017-03-13,73.96425334550072
2017-03-14,70.75032555794964
2017-03-15,70.30849150886517
2017-03-16,50.89101926136174
2017-03-17,43.98965147019126
2017-03-20,31.55637928884451
2017-03-21,25.18942486397465
2017-03-22,24.69330578120259
2017-03-23,24.842391270467033
2017-03-24,39.21219658994994
2017-03-26,41.18831847629865
2017-03-27,53.047744080558815
2017-03-28,65.66494858761016
2017-03-29,68.25914488281792
2017-03-30,71.41368734762113
2017-04-02,63.78941024212354
2017-04-03,55.85312174377627
2017-04-04,44.94516506274429
2017-04-05,45.44773232883959
2017-04-06,52.87704345084288
2017-04-09,58.866522650416066
2017-04-10,58.68069440056894
2017-04-11,60.17650439791734
2017-04-12,61.472481659743316
2017-04-13,70.14315795077475
2017-04-16,76.46057700642316
2017-04-17,73.92836971068706
2017-04-18,61.113536796372074
2017-04-19,72.11215683573005
2017-04-20,78.0429385726149
2017-04-23,82.01121927469354
2017-04-24,73.83886124948333
2017-04-25,69.86933913504436
2017-04-26,74.34244295032151
2017-04-27,75.86132282315009
2017-04-30,75.59969941522951
2017-05-01,75.1704418119879
2017-05-02,68.53870432725796
2017-05-03,67.15016577984377
2017-05-04,70.10279869193883
2017-05-07,66.85455121662088
2017-05-08,72.26341928884317
2017-05-09,71.4676807180091
2017-05-10,63.71654905010137
2017-05-11,51.11655313833127
2017-05-14,60.95209352357436
2017-05-15,46.5531589451857
2017-05-16,33.151354660175905
2017-05-17,26.790543743310423
2017-05-18,47.37875220994647
2017-05-21,48.911158866068206
2017-05-22,51.207924015886555
2017-05-23,53.07633336753067
2017-05-24,54.9120966258825
2017-05-25,56.06216917012673
2017-05-28,46.43367829438242
2017-05-29,46.0719231922418
2017-05-30,37.037688713701726
2017-05-31,27.136495618990892
2017-06-01,32.22957385835355
2017-06-04,35.348671673922944
2017-06-05,55.69379441603179
2017-06-06,60.90309486422064
2017-06-07,60.76000172992937
2017-06-08,57.464273804990285
2017-06-11,23.25457081504861
2017-06-12,44.51045461743977
2017-06-13,57.53771408152939
2017-06-14,49.756084425055455
2017-06-15,41.39526603097688
2017-06-18,42.34880224519435
2017-06-19,39.72078548287097
2017-06-20,57.28992313305399
2017-06-21,66.738900878224
2017-06-22,75.88374783028856
2017-06-25,82.79332059507948
2017-06-26,66.30665817449743
2017-06-27,62.86560338639116
2017-06-28,45.047106377444265
2017-06-29,44.02953159245355
2017-07-02,-15.169450848476814
2017-07-03,2.855197561689593
2017-07-04,19.3364152326973
2017-07-05,19.69170977198967
2017-07-06,27.659241864600308
2017-07-09,-18.664788477603405
2017-07-10,-12.44319231840227
2017-07-11,2.6484912567582786
2017-07-12,3.7173814336272524
2017-07-13,8.698349982864707
2017-07-16,6.404567304172433
2017-07-17,10.054326920730338
2017-07-18,7.776033978690942
2017-07-19,9.307536269645146
2017-07-20,11.170454726589291
2017-07-23,24.836452323487805
2017-07-24,30.12574845043878
2017-07-25,42.085557925831736
2017-07-26,43.803911317736336
2017-07-27,51.31028223015187
2017-07-30,69.09546347920181
2017-07-31,59.136361949564524
2017-08-01,51.23592688188698
2017-08-02,42.24551988204232
2017-08-03,35.96596750306086
2017-08-06,39.050841080472026
2017-08-07,42.34158636134036
2017-08-08,45.64842106876678
2017-08-09,60.41226069249119
2017-08-10,72.92461931168087
2017-08-13,74.39459359370447
2017-08-14,78.24553444173822
2017-08-15,73.66689151525388
2017-08-16,64.40661965995835
2017-08-17,64.42101931381329
2017-08-20,65.73215633579119
2017-08-21,59.320089848299176
2017-08-22,53.922288110905605
2017-08-23,40.79994409550045
2017-08-24,35.385501611643406
2017-08-27,45.37965619708411
2017-08-28,57.40012014303415
2017-08-29,63.38869798153494
2017-08-30,63.04152807570936
2017-08-31,57.07308097394895
2017-09-03,73.6518334897664
2017-09-04,63.29264146842527
2017-09-05,45.853630897649424
2017-09-06,31.749028268049525
2017-09-07,25.842412410648716
2017-09-10,53.53517655570422
2017-09-11,43.679414339888346
2017-09-12,50.27817607931683
2017-09-13,60.637428120674585
2017-09-14,60.609851926366545
2017-09-17,56.277138058769296
2017-09-18,66.33165136121345
2017-09-19,71.95607779499491
2017-09-20,74.57575191469093
2017-09-21,78.04778240751017
2017-09-24,65.48476973654624
2017-09-25,70.05814414648451
2017-09-26,67.84187532313584
2017-09-27,76.49827518827946
2017-09-28,77.40846869931725
2017-10-01,70.75987465526632
2017-10-02,61.974244795053096
2017-10-03,51.10057447365068
2017-10-04,40.70054881991306
2017-10-05,41.101137088168265
2017-10-08,42.69638787883021
2017-10-09,58.28179307631838
2017-10-10,67.11963593002113
2017-10-11,69.35194663579333
2017-10-12,70.49498612011476
2017-10-15,60.01440889269972
2017-10-16,64.91098659907804
2017-10-17,60.33067333334273
2017-10-18,64.55742236783446
2017-10-19,62.040906250472226
2017-10-22,65.55352520937751
2017-10-23,70.01551917120065
2017-10-24,75.03150618383752
2017-10-25,75.53755876532657
2017-10-26,81.46226861411381
2017-10-30,74.22159898949576
2017-10-31,80.55733113911262
2017-11-01,80.27709721976136
2017-11-02,77.52781496552034
2017-11-03,65.810963637651
2017-11-06,66.03877621780815
2017-11-07,50.09238701539464
2017-11-08,46.302442973669514
2017-11-09,37.5216552625528
2017-11-10,29.141420968685928
2017-11-13,33.325321210164546
2017-11-14,35.93822119478339
2017-11-15,50.37856721627532
2017-11-16,33.58571147751688
2017-11-17,22.390474318344587
2017-11-20,22.582275967260372
2017-11-21,22.491421073536614
2017-11-22,25.74175546316571
2017-11-23,17.95396310157
2017-11-24,12.602888459828716
2017-11-27,15.181026168986254
2017-11-28,21.77569576766913
2017-11-29,18.67225516551919
2017-11-30,29.721965645011288
2017-12-01,47.42921485617276
2017-12-04,53.828642258208426
2017-12-05,52.29782574362346
2017-12-06,50.37638049966593
2017-12-07,43.28962628342842
2017-12-08,53.845308336843644
2017-12-11,61.0557399310904
2017-12-12,65.8384765309603
2017-12-13,68.96712319299208
2017-12-14,69.77238002367879
2017-12-15,78.78243933366488
2017-12-18,71.18941239652665
2017-12-19,64.99112394890115
2017-12-20,55.365511204029374
2017-12-21,51.99605508840058
2017-12-22,53.67356053512423
2017-12-25,66.677611785321
2017-12-26,74.39459833307126
2017-12-27,70.47421620781255
2017-12-28,69.28411566879073
2017-12-29,68.91477732217089
2018-01-01,67.20104651666739
2018-01-02,67.2653960089721
2018-01-03,50.71361830367531
2018-01-04,37.896035390856014
2018-01-05,28.664197961820257
2018-01-08,20.939806736954395
2018-01-09,20.15487291791322
2018-01-10,22.71003941150399
2018-01-11,17.340603474913188
2018-01-12,16.46660722281367
2018-01-15,20.3277951610852
2018-01-16,29.447321881169135
2018-01-17,39.597271999614165
2018-01-18,46.14968090462714
2018-01-19,43.1914753588688
2018-01-22,36.76346857686377
2018-01-23,37.88581428778406
2018-01-24,57.15054285852274
2018-01-25,44.84129306820672
2018-01-26,37.14926535881016
