Date,close_26_ema
2010-01-04,-1.066048560705485
2010-01-05,-1.0530211000438277
2010-01-06,-1.051441624773858
2010-01-07,-1.0477706677815921
2010-01-08,-1.0478071676554834
2010-01-11,-1.0481105653854885
2010-01-12,-1.0467642633527874
2010-01-13,-1.0438299877035042
2010-01-14,-1.0378054136306654
2010-01-15,-1.0329703426565726
2010-01-18,-1.0292517213107202
2010-01-19,-1.0243192024227035
2010-01-20,-1.0176956088315472
2010-01-21,-1.0103204440286175
2010-01-22,-1.0013006001490556
2010-01-25,-0.9986689083889654
2010-01-26,-0.9892936093278566
2010-01-27,-0.9788914998374548
2010-01-28,-0.9672704944361893
2010-01-29,-0.9563552586020359
2010-02-01,-0.948018363421196
2010-02-02,-0.9446372958350212
2010-02-03,-0.9391744774690589
2010-02-04,-0.9305474090004366
2010-02-05,-0.9225085753198555
2010-02-08,-0.9165960484177392
2010-02-09,-0.9146155884958239
2010-02-10,-0.9119342470754842
2010-02-11,-0.9093970960253405
2010-02-12,-0.9062885102349177
2010-02-15,-0.9042660988047773
2010-02-16,-0.9034270328627477
2010-02-17,-0.9037260818783055
2010-02-18,-0.9055587665058934
2010-02-19,-0.9089516928420462
2010-02-22,-0.9115626970890744
2010-02-23,-0.9126840974685454
2010-02-24,-0.9138217370804342
2010-02-25,-0.9129753893686023
2010-02-26,-0.9154450093315101
2010-03-01,-0.9185775333475485
2010-03-02,-0.9284989690632763
2010-03-03,-0.9316797568841181
2010-03-04,-0.9345543355908695
2010-03-05,-0.9383208532707449
2010-03-08,-0.9410785872293841
2010-03-09,-0.9440128891084445
2010-03-10,-0.9480947966407403
2010-03-11,-0.9517538330088505
2010-03-12,-0.9559735485386938
2010-03-15,-0.9598254668441232
2010-03-16,-0.9628761758097768
2010-03-17,-0.9661339329578729
2010-03-18,-0.968198331932315
2010-03-19,-0.9675906241643083
2010-03-22,-0.9666105794146911
2010-03-23,-0.9676287787833598
2010-03-24,-0.9672431627378468
2010-03-25,-0.9662918774080947
2010-03-26,-0.9629097857410895
2010-03-28,-0.9612939803998242
2010-03-29,-0.9613307365198032
2010-03-30,-0.9627488106655835
2010-03-31,-0.9656307307270033
2010-04-01,-0.9683377503202697
2010-04-04,-0.9713091759284465
2010-04-05,-0.9748367110568176
2010-04-06,-0.9756087219307772
2010-04-07,-0.9767380096451029
2010-04-08,-0.9779902972382506
2010-04-11,-0.9806836126611213
2010-04-12,-0.9876019536994826
2010-04-13,-0.9906360619697397
2010-04-14,-0.993029448146128
2010-04-15,-0.994602241172153
2010-04-18,-0.9956332786628991
2010-04-19,-0.9973950288126012
2010-04-20,-0.9994913858104904
2010-04-21,-0.9998276595196535
2010-04-22,-1.0002113430201807
2010-04-25,-1.0025114185413224
2010-04-26,-1.0024682621366452
2010-04-27,-1.0031419439856564
2010-04-28,-1.0065680205933845
2010-04-29,-1.0099773710315243
2010-05-02,-1.0128956805073999
2010-05-03,-1.0137054352880732
2010-05-04,-1.011302309271025
2010-05-05,-1.0034651225920546
2010-05-06,-0.994618031396581
2010-05-09,-0.9941370295297842
2010-05-10,-0.9936297172405736
2010-05-11,-0.9933667070277531
2010-05-12,-0.993484846696764
2010-05-13,-0.9902363319098554
2010-05-16,-0.9871461059003549
2010-05-17,-0.9829730228792164
2010-05-18,-0.9776941129613335
2010-05-19,-0.9671147239035061
2010-05-20,-0.961245046298471
2010-05-23,-0.9542198098395342
2010-05-24,-0.9470646501549167
2010-05-25,-0.94100798422581
2010-05-26,-0.9402546778883923
2010-05-27,-0.9397327884825527
2010-05-30,-0.9392392525625208
2010-05-31,-0.9367580440444614
2010-06-01,-0.9347705509106891
2010-06-02,-0.9341283298952875
2010-06-03,-0.9315198886254629
2010-06-06,-0.925479936710394
2010-06-07,-0.9213333277059681
2010-06-08,-0.919352805349287
2010-06-09,-0.9205860565719176
2010-06-10,-0.9218002144791332
2010-06-13,-0.9239467276894178
2010-06-14,-0.9277000034956064
2010-06-15,-0.9309480156561117
2010-06-16,-0.9340999478361146
2010-06-17,-0.9383710725157507
2010-06-20,-0.9432241205225739
2010-06-21,-0.9473768651030937
2010-06-22,-0.9476905014889457
2010-06-23,-0.9503145355867398
2010-06-24,-0.952589283593152
2010-06-27,-0.9544889960778982
2010-06-28,-0.9535839523545211
2010-06-29,-0.9544909853250575
2010-06-30,-0.9545047778098934
2010-07-01,-0.9570369798474886
2010-07-04,-0.95949517558306
2010-07-05,-0.9624320982596339
2010-07-06,-0.9653579637197951
2010-07-07,-0.9677263447546015
2010-07-08,-0.9711480002485922
2010-07-11,-0.9739444716076907
2010-07-12,-0.9769467993374674
2010-07-13,-0.9786941887582149
2010-07-14,-0.9798991236390888
2010-07-15,-0.979713813941261
2010-07-18,-0.9791601963858483
2010-07-19,-0.9799485714429134
2010-07-20,-0.9809160269238435
2010-07-21,-0.9829682425605748
2010-07-22,-0.9848374620648408
2010-07-25,-0.9860416314666417
2010-07-26,-0.9876625355604308
2010-07-27,-0.9889981668459668
2010-07-28,-0.9899767308319024
2010-07-29,-0.9915332929573983
2010-08-01,-0.9945852776735081
2010-08-02,-0.9962960685298847
2010-08-03,-0.9978801321095131
2010-08-04,-0.9994604325052975
2010-08-05,-1.0008307457480243
2010-08-08,-1.006849115009715
2010-08-09,-1.007930242304809
2010-08-10,-1.008002023904913
2010-08-11,-1.0071908529457432
2010-08-12,-1.0066565967645966
2010-08-15,-1.0107462663504554
2010-08-16,-1.011084407800755
2010-08-17,-1.0121822097965731
2010-08-18,-1.0130954415101279
2010-08-19,-1.012722663816568
2010-08-22,-1.0173128976848225
2010-08-23,-1.0165554394830458
2010-08-24,-1.0158953899662744
2010-08-25,-1.0148712294390412
2010-08-26,-1.0148108909956488
2010-08-29,-1.0206506493785354
2010-08-30,-1.0202964311805311
2010-08-31,-1.0204743808062637
2010-09-01,-1.0216819827722665
2010-09-02,-1.0228517579090373
2010-09-05,-1.0306978136271352
2010-09-06,-1.0327072106924917
2010-09-07,-1.0340411839345138
2010-09-08,-1.0363914530338822
2010-09-09,-1.0381546245111795
2010-09-12,-1.0454866351145498
2010-09-13,-1.0472678689773915
2010-09-14,-1.0504659213209067
2010-09-15,-1.0513930399838867
2010-09-16,-1.0526335110001406
2010-09-19,-1.0591511357027337
2010-09-20,-1.0588876755475423
2010-09-21,-1.0588502325220408
2010-09-22,-1.063998751548968
2010-09-23,-1.064284815324028
2010-09-26,-1.0700529546625295
2010-09-27,-1.0707888403396728
2010-09-28,-1.071470215926501
2010-09-29,-1.0726689983430808
2010-09-30,-1.0745430375440457
2010-10-03,-1.082741755648291
2010-10-04,-1.0837251133616141
2010-10-05,-1.0875782758708612
2010-10-06,-1.0895972577014243
2010-10-07,-1.092106839835883
2010-10-10,-1.09979956523613
2010-10-11,-1.1032570578114202
2010-10-12,-1.1055601583526986
2010-10-13,-1.1094995466223967
2010-10-14,-1.1123107973426956
2010-10-17,-1.1205099968040726
2010-10-18,-1.1213286001512461
2010-10-19,-1.1202280530853945
2010-10-20,-1.1207577889574478
2010-10-21,-1.1192865213161884
2010-10-24,-1.1230970978647323
2010-10-25,-1.1208536938801685
2010-10-26,-1.1185183411826214
2010-10-27,-1.114631690503449
2010-10-28,-1.1116008188942348
2010-11-01,-1.115743229996272
2010-11-02,-1.1135799288015924
2010-11-03,-1.111917599540895
2010-11-04,-1.1116174144568938
2010-11-05,-1.112815950626024
2010-11-08,-1.113481728229163
2010-11-09,-1.1123429267127505
2010-11-10,-1.111288480870396
2010-11-11,-1.1088666320473002
2010-11-12,-1.1054367961629563
2010-11-15,-1.1075371339981699
2010-11-16,-1.1043606555476566
2010-11-17,-1.0997674602969196
2010-11-18,-1.0965263587964145
2010-11-19,-1.0950947498298178
2010-11-22,-1.097692713297641
2010-11-23,-1.0951628506593283
2010-11-24,-1.0915091011322329
2010-11-25,-1.0893133829904733
2010-11-26,-1.0879514403117694
2010-11-29,-1.0852345471497429
2010-11-30,-1.0840198643881827
2010-12-01,-1.0831532849249836
2010-12-02,-1.0832388527100492
2010-12-03,-1.0837723852997747
2010-12-06,-1.0910189939091672
2010-12-07,-1.0930618842389088
2010-12-08,-1.0953974274432268
2010-12-09,-1.0960112066784928
2010-12-10,-1.0953818124593555
2010-12-13,-1.0946544890301066
2010-12-14,-1.0952200500222404
2010-12-15,-1.0957437176071014
2010-12-16,-1.0956194157667571
2010-12-17,-1.0949467675958302
2010-12-20,-1.0982577975504968
2010-12-21,-1.0971522370415137
2010-12-22,-1.0968100246389156
2010-12-23,-1.096596412020708
2010-12-24,-1.0970904023656503
2010-12-27,-1.097713001980678
2010-12-28,-1.0988780121940176
2010-12-29,-1.0994198216242774
2010-12-30,-1.1011811557729732
2010-12-31,-1.1044640322006996
2011-01-03,-1.1123048909465587
2011-01-04,-1.1163641731053588
2011-01-05,-1.117954502634773
2011-01-06,-1.1186526495976001
2011-01-07,-1.1181736491532945
2011-01-10,-1.1229339663682694
2011-01-11,-1.1218177541249148
2011-01-12,-1.1256783082625654
2011-01-13,-1.1309978325459666
2011-01-14,-1.1313493112242192
2011-01-17,-1.1338326944325041
2011-01-18,-1.132621598947032
2011-01-19,-1.1325946718396962
2011-01-20,-1.1327246154085528
2011-01-21,-1.136438058482661
2011-01-24,-1.1415181181007752
2011-01-25,-1.140935440291368
2011-01-26,-1.1406850258090424
2011-01-27,-1.1455537459711338
2011-01-28,-1.14448628147313
2011-01-31,-1.1474214156680602
2011-02-01,-1.1467628340670373
2011-02-02,-1.1463388875790588
2011-02-03,-1.1462044713273025
2011-02-04,-1.1454914827477198
2011-02-07,-1.1493949898308244
2011-02-08,-1.1526273205878597
2011-02-09,-1.1518412431928104
2011-02-10,-1.1513715205455979
2011-02-11,-1.1507197656627657
2011-02-14,-1.155134273767817
2011-02-15,-1.1539559947031452
2011-02-16,-1.1526481690634294
2011-02-17,-1.15139591911024
2011-02-18,-1.1509591834321495
2011-02-21,-1.155459207604389
2011-02-22,-1.1541536086496622
2011-02-23,-1.1526143184341222
2011-02-24,-1.1511580745009429
2011-02-25,-1.1506666814401554
2011-02-28,-1.1504904648013528
2011-03-01,-1.1504512021073487
2011-03-02,-1.1505593987648963
2011-03-03,-1.1509899831497223
2011-03-04,-1.1518739507649796
2011-03-07,-1.1536836461811235
2011-03-08,-1.1540996313371612
2011-03-09,-1.1542886264155747
2011-03-10,-1.1543913463566273
2011-03-11,-1.1540424793299269
2011-03-14,-1.1540188813845933
2011-03-15,-1.1530884251253495
2011-03-16,-1.1524024177709307
2011-03-17,-1.1504456165981294
2011-03-18,-1.148272386150758
2011-03-21,-1.147891497065587
2011-03-22,-1.1475491470584291
2011-03-23,-1.1476761343942832
2011-03-24,-1.1477214397588946
2011-03-25,-1.148021515963142
2011-03-27,-1.1490840697498175
2011-03-28,-1.1490250836066096
2011-03-29,-1.1493937947471558
2011-03-30,-1.1525642635979132
2011-03-31,-1.1556341088362987
2011-04-03,-1.1600459690299054
2011-04-04,-1.1648331296405023
2011-04-05,-1.169079834470769
2011-04-06,-1.1722169380517544
2011-04-07,-1.1773725292208825
2011-04-10,-1.1844796909526494
2011-04-11,-1.1903582913840511
2011-04-12,-1.1943662549649694
2011-04-13,-1.1979740816376783
2011-04-14,-1.1979740816376783
2011-04-17,-1.2041546349300831
2011-04-18,-1.2075636430133754
2011-04-19,-1.2118391819674927
2011-04-20,-1.2167974450880215
2011-04-21,-1.2213478718735407
2011-04-24,-1.2263608596887523
2011-04-25,-1.229489188947316
2011-04-26,-1.2334950247422278
2011-04-27,-1.2369659334947236
2011-04-28,-1.2380437376497375
2011-05-01,-1.2414889418525321
2011-05-02,-1.2432586424592724
2011-05-03,-1.243722061105246
2011-05-04,-1.2422956701840964
2011-05-05,-1.2388658045346057
2011-05-08,-1.2384033132065098
2011-05-09,-1.2362802399532662
2011-05-10,-1.2352148165248689
2011-05-11,-1.2328759854566742
2011-05-12,-1.2310729421397633
2011-05-15,-1.2274060647017035
2011-05-16,-1.2245210614277282
2011-05-17,-1.2231939371607343
2011-05-18,-1.222667491488943
2011-05-19,-1.2217007820685468
2011-05-22,-1.2212869455671886
2011-05-23,-1.218194714972532
2011-05-24,-1.2162521400220858
2011-05-25,-1.2146640143913663
2011-05-26,-1.213632211206716
2011-05-29,-1.215588789404531
2011-05-30,-1.2175335996923813
2011-05-31,-1.2208177526487134
2011-06-01,-1.2224751770539388
2011-06-02,-1.2255132172248824
2011-06-05,-1.2292265035491468
2011-06-06,-1.2314801279008334
2011-06-07,-1.2338971522372297
2011-06-08,-1.235667415776557
2011-06-09,-1.2367461540332696
2011-06-12,-1.2369261953289472
2011-06-13,-1.237693428805992
2011-06-14,-1.2394284657181858
2011-06-15,-1.2391814782609962
2011-06-16,-1.2380111077107354
2011-06-19,-1.2386144302579116
2011-06-20,-1.2387383594426462
2011-06-21,-1.2395254417149164
2011-06-22,-1.2403057279612006
2011-06-23,-1.2406660758993875
2011-06-26,-1.2410513510521046
2011-06-27,-1.240891053258647
2011-06-28,-1.242500125972075
2011-06-29,-1.2448476969317228
2011-06-30,-1.2478788876377822
2011-07-03,-1.2519873355374413
2011-07-04,-1.2555118360121618
2011-07-05,-1.2575140641256843
2011-07-06,-1.2587994071620066
2011-07-07,-1.261508291304481
2011-07-10,-1.2632619933390925
2011-07-11,-1.2630052795821973
2011-07-12,-1.2633151514155112
2011-07-13,-1.264325187952873
2011-07-14,-1.26435127054109
2011-07-17,-1.2652534550991652
2011-07-18,-1.2653656881542488
2011-07-19,-1.2665025162228956
2011-07-20,-1.267916580488214
2011-07-21,-1.2701760539811306
2011-07-24,-1.272102796814431
2011-07-25,-1.274898882754538
2011-07-26,-1.2785618316809957
2011-07-27,-1.2789169831442602
2011-07-28,-1.279276796829791
2011-07-31,-1.281293291943483
2011-08-01,-1.2819933917816861
2011-08-02,-1.282073629698574
2011-08-03,-1.2821789024366907
2011-08-04,-1.2808512910839582
2011-08-07,-1.277949146311994
2011-08-08,-1.2748593034148215
2011-08-09,-1.2687662469441208
2011-08-10,-1.2637751908719503
2011-08-11,-1.2590093583622375
2011-08-14,-1.255825428184945
2011-08-15,-1.2552213955570224
2011-08-16,-1.2551371075549143
2011-08-17,-1.2556373135447696
2011-08-18,-1.2531576022577815
2011-08-21,-1.2520697137200234
2011-08-22,-1.2503189684659535
2011-08-23,-1.2492348583290376
2011-08-24,-1.2471984992265928
2011-08-25,-1.2451374621595392
2011-08-28,-1.2441584080803638
2011-08-29,-1.2438404369776472
2011-08-30,-1.244351408440232
2011-08-31,-1.2452375451901823
2011-09-01,-1.2443543433826374
2011-09-04,-1.2403563469325813
2011-09-05,-1.2346410690419045
2011-09-06,-1.228244356403397
2011-09-07,-1.2229926449975752
2011-09-08,-1.218326148654195
2011-09-11,-1.2115995412059775
2011-09-12,-1.202418192811085
2011-09-13,-1.1930909492696302
2011-09-14,-1.1831639811614163
2011-09-15,-1.1755108275603525
2011-09-18,-1.1682800381641993
2011-09-19,-1.1539338972526467
2011-09-20,-1.1399276968459509
2011-09-21,-1.12259146210406
2011-09-22,-1.1021099184720589
2011-09-25,-1.0853138436074194
2011-09-26,-1.070773812224276
2011-09-27,-1.0618539089138042
2011-09-28,-1.0519737009995833
2011-09-29,-1.0417928567064905
2011-10-02,-1.0303734073518467
2011-10-03,-1.0155975238205568
2011-10-04,-1.0057984124624917
2011-10-05,-0.9984184899738219
2011-10-06,-0.9943730170682384
2011-10-09,-0.9952115643673963
2011-10-10,-0.997578064252294
2011-10-11,-1.0006056004985535
2011-10-12,-0.9997744347402024
2011-10-13,-1.0021952950769977
2011-10-16,-1.005717144128351
2011-10-17,-1.0052301021343186
2011-10-18,-1.0057600219418192
2011-10-19,-1.0058583345396461
2011-10-20,-1.0032958152172866
2011-10-23,-1.0029261811079928
2011-10-24,-1.0044734192252742
2011-10-25,-1.0046463856555203
2011-10-26,-1.0051679178275377
2011-10-27,-1.0107101108385863
2011-10-31,-1.018102963756621
2011-11-01,-1.024400966898852
2011-11-02,-1.0251112082298253
2011-11-03,-1.0266671212287168
2011-11-04,-1.028293632646688
2011-11-07,-1.027992772179728
2011-11-08,-1.0276212719858402
2011-11-09,-1.028351098729078
2011-11-10,-1.0272612755147028
2011-11-11,-1.0259011273764616
2011-11-14,-1.0267170718833458
2011-11-15,-1.025448860679623
2011-11-16,-1.0232627335543583
2011-11-17,-1.0211352911779434
2011-11-18,-1.0197642917372443
2011-11-21,-1.0171216127484939
2011-11-22,-1.011948867858087
2011-11-23,-1.0063849088869339
2011-11-24,-0.9963183594370412
2011-11-25,-0.9853248186604914
2011-11-28,-0.974650011164994
2011-11-29,-0.967409149729052
2011-11-30,-0.962067558518536
2011-12-01,-0.9605805407980483
2011-12-02,-0.9601329292537457
2011-12-05,-0.960110826941507
2011-12-06,-0.9617010733363939
2011-12-07,-0.9619964652724318
2011-12-08,-0.9614749456633866
2011-12-09,-0.9591025687362452
2011-12-12,-0.9589399629009886
2011-12-13,-0.9575607182508561
2011-12-14,-0.9512759795090001
2011-12-15,-0.94353631352576
2011-12-16,-0.9381768439962634
2011-12-19,-0.9338132265067287
2011-12-20,-0.928378955197643
2011-12-21,-0.9258975154965023
2011-12-22,-0.9222060013857982
2011-12-23,-0.9192319109202454
2011-12-26,-0.9157553684154849
2011-12-27,-0.9125879729721801
2011-12-28,-0.9093970726340207
2011-12-29,-0.9047182482448974
2011-12-30,-0.9015733867786141
2012-01-02,-0.8989609051281605
2012-01-03,-0.8957365850274283
2012-01-04,-0.8964268291396356
2012-01-05,-0.898728280657998
2012-01-06,-0.8983192865516159
2012-01-09,-0.8974656349940415
2012-01-10,-0.8973566716405813
2012-01-11,-0.9015923098759294
2012-01-12,-0.9050495688771261
2012-01-13,-0.9105842008642613
2012-01-16,-0.9146866779740058
2012-01-17,-0.9196726511469411
2012-01-18,-0.9242686428162425
2012-01-19,-0.9296805986962882
2012-01-20,-0.9360132781409862
2012-01-23,-0.9414019169005302
2012-01-24,-0.9472277280414305
2012-01-25,-0.9519611930084353
2012-01-26,-0.956178829783541
2012-01-27,-0.9505333575885928
2012-01-30,-0.9571282757410835
2012-01-31,-0.9623777004697893
2012-02-01,-0.9673931549924253
2012-02-02,-0.9733896787627146
2012-02-03,-0.980346225342013
2012-02-06,-0.9870765741772299
2012-02-07,-0.99244107261969
2012-02-08,-0.997304950084894
2012-02-09,-1.0024590198472003
2012-02-10,-1.0075307337411383
2012-02-13,-1.0118860377532146
2012-02-14,-1.0162904292333401
2012-02-15,-1.0202756438444365
2012-02-16,-1.0227679490493042
2012-02-17,-1.0263352978044022
2012-02-20,-1.030278552949402
2012-02-21,-1.0331140344521865
2012-02-22,-1.0360182572236558
2012-02-23,-1.0396779091237285
2012-02-24,-1.042271445173734
2012-02-27,-1.0453130218883158
2012-02-28,-1.048201572125198
2012-02-29,-1.0517228115581907
2012-03-01,-1.0530317798847064
2012-03-02,-1.0545638648174034
2012-03-05,-1.05435110064567
2012-03-06,-1.053276465687133
2012-03-07,-1.0500615428995819
2012-03-08,-1.0464136328798739
2012-03-09,-1.0435005666448605
2012-03-12,-1.0379329131582837
2012-03-13,-1.0317761464932127
2012-03-14,-1.0268498169972564
2012-03-15,-1.0210390671209115
2012-03-16,-1.0160717460303585
2012-03-19,-1.0116685510131929
2012-03-20,-1.0051961019538558
2012-03-21,-0.9998845482988897
2012-03-22,-0.99443986440613
2012-03-23,-0.9895120662205372
2012-03-25,-0.9858578964333339
2012-03-26,-0.9816690502967264
2012-03-27,-0.9773671611194054
2012-03-28,-0.973156778822361
2012-03-29,-0.9695267285600342
2012-04-01,-0.9656596423963211
2012-04-02,-0.9613459269686288
2012-04-03,-0.9577234485986227
2012-04-04,-0.9545448281788483
2012-04-05,-0.9520766144220342
2012-04-08,-0.9498944820309987
2012-04-09,-0.9481734161558318
2012-04-10,-0.9451859519617414
2012-04-11,-0.9422029549059429
2012-04-12,-0.9403082266182357
2012-04-15,-0.9373974405432527
2012-04-16,-0.9338452873002345
2012-04-17,-0.9292449724133431
2012-04-18,-0.9229926827534071
2012-04-19,-0.917017674370307
2012-04-22,-0.9122802897220322
2012-04-23,-0.9070678167188964
2012-04-24,-0.9022930781856864
2012-04-25,-0.8979236493468418
2012-04-26,-0.8933616283183495
2012-04-29,-0.8889103831960236
2012-04-30,-0.8827444957374185
2012-05-01,-0.8769733902529881
2012-05-02,-0.8699984127346554
2012-05-03,-0.8648204091089122
2012-05-06,-0.858260374046115
2012-05-07,-0.853022598314472
2012-05-08,-0.8462007172751216
2012-05-09,-0.8366214380991123
2012-05-10,-0.8295586227064206
2012-05-13,-0.8216560693595498
2012-05-14,-0.8115098206881182
2012-05-15,-0.8013614157580805
2012-05-16,-0.7920163698851155
2012-05-17,-0.7825065686810689
2012-05-20,-0.7722247119423722
2012-05-21,-0.7616409918360006
2012-05-22,-0.7461624615602785
2012-05-23,-0.7380461822478499
2012-05-24,-0.7305001335953266
2012-05-27,-0.7279218571267358
2012-05-28,-0.725823666107944
2012-05-29,-0.7228380644041301
2012-05-30,-0.7177091769621685
2012-05-31,-0.7118863996514294
2012-06-03,-0.7051010544986698
2012-06-04,-0.6973624923953071
2012-06-05,-0.6934392296290616
2012-06-06,-0.6887637466776106
2012-06-07,-0.6846410972306959
2012-06-10,-0.6816085346736988
2012-06-11,-0.6744950514801844
2012-06-12,-0.6675884157448954
2012-06-13,-0.6607700547168619
2012-06-14,-0.6558093418617321
2012-06-17,-0.6522072961015488
2012-06-18,-0.6476433850132141
2012-06-19,-0.6467422145011499
2012-06-20,-0.646465351232291
2012-06-21,-0.642109942887781
2012-06-24,-0.6376848046589085
2012-06-25,-0.6341759835340399
2012-06-26,-0.6294402647599134
2012-06-27,-0.6250759901124628
2012-06-28,-0.6207975184193687
2012-07-01,-0.623867344384864
2012-07-02,-0.6291981181147227
2012-07-03,-0.6316766526512241
2012-07-04,-0.6321234042021084
2012-07-05,-0.633321768494917
2012-07-08,-0.6335124336808011
2012-07-09,-0.6332966227948836
2012-07-10,-0.6329832221117874
2012-07-11,-0.6324142593581354
2012-07-12,-0.6317325659181043
2012-07-15,-0.6310394178582309
2012-07-16,-0.6307280163935718
2012-07-17,-0.631833566383922
2012-07-18,-0.6330740502881483
2012-07-19,-0.6349763767300541
2012-07-22,-0.6355297567129865
2012-07-23,-0.6346482609062228
2012-07-24,-0.63289247956021
2012-07-25,-0.6325883652696106
2012-07-26,-0.6336077369980253
2012-07-29,-0.6344689991358997
2012-07-30,-0.6332634001680751
2012-07-31,-0.6304537930682734
2012-08-01,-0.6293597654814788
2012-08-02,-0.6276962974579243
2012-08-05,-0.6283656146323195
2012-08-06,-0.6288304766812207
2012-08-07,-0.6294054555081134
2012-08-08,-0.6305573476129469
2012-08-09,-0.6320369172447848
2012-08-12,-0.6337372914205985
2012-08-13,-0.6347128577950099
2012-08-14,-0.6349863306196812
2012-08-15,-0.6354666977755373
2012-08-16,-0.6367891132738273
2012-08-19,-0.6380755224987557
2012-08-20,-0.6392872922948721
2012-08-21,-0.6407603538032383
2012-08-22,-0.6416699964894045
2012-08-23,-0.6417378778581614
2012-08-26,-0.6417697557622722
2012-08-27,-0.6409835916756492
2012-08-28,-0.6392334798672576
2012-08-29,-0.6369831765967416
2012-08-30,-0.6350544385329133
2012-09-02,-0.6351064327183542
2012-09-03,-0.6350616498373277
2012-09-04,-0.6341838533988389
2012-09-05,-0.6334227042772692
2012-09-06,-0.6338743446028016
2012-09-09,-0.634261554874297
2012-09-10,-0.6352395872056146
2012-09-11,-0.6369092280035663
2012-09-12,-0.6372265081727659
2012-09-13,-0.6380984901225554
2012-09-16,-0.639824812198334
2012-09-17,-0.6392549935072541
2012-09-18,-0.6398011910651746
2012-09-19,-0.6401417283974891
2012-09-20,-0.6408080931801128
2012-09-23,-0.6413528221065498
2012-09-24,-0.6413719223721184
2012-09-25,-0.6409043294331789
2012-09-26,-0.6399551194231061
2012-09-27,-0.6397163757111911
2012-09-30,-0.6399496198735909
2012-10-01,-0.6401242864038172
2012-10-02,-0.6400691881667907
2012-10-03,-0.6406789758696205
2012-10-04,-0.641512045977249
2012-10-07,-0.644214195596398
2012-10-08,-0.6434844385415919
2012-10-09,-0.6426022361308676
2012-10-10,-0.6408871008087396
2012-10-11,-0.6393299877626174
2012-10-14,-0.6375991144159435
2012-10-15,-0.6366572584987293
2012-10-16,-0.6360019961922478
2012-10-17,-0.6357566493439847
2012-10-18,-0.6359321541327341
2012-10-21,-0.6360946585667614
2012-10-22,-0.6365548777863829
2012-10-23,-0.6367332049725777
2012-10-24,-0.6370325486697065
2012-10-25,-0.6373200438313431
2012-10-29,-0.6374623421946498
2012-10-30,-0.6370055708514056
2012-10-31,-0.6367788107848243
2012-11-01,-0.6366824235489409
2012-11-02,-0.6364279749610661
2012-11-05,-0.636264649918656
2012-11-06,-0.6355558691555961
2012-11-07,-0.635426169328113
2012-11-08,-0.6349033990988573
2012-11-09,-0.6339856995787794
2012-11-12,-0.6323822475666409
2012-11-13,-0.6304019663359004
2012-11-14,-0.627752691939229
2012-11-15,-0.6246285304297919
2012-11-16,-0.6216222125026956
2012-11-19,-0.6172072234634141
2012-11-20,-0.6134703230871517
2012-11-21,-0.6097004779950913
2012-11-22,-0.6046198196454302
2012-11-23,-0.599120475837609
2012-11-26,-0.5964239074653656
2012-11-27,-0.5938031840380422
2012-11-28,-0.5912010620530579
2012-11-29,-0.5878727584632099
2012-11-30,-0.5844089682270218
2012-12-03,-0.5772472525832789
2012-12-04,-0.572144145006609
2012-12-05,-0.5675016459722019
2012-12-06,-0.5664244581263632
2012-12-07,-0.5665731449317953
2012-12-10,-0.5669689446923523
2012-12-11,-0.5670566490161578
2012-12-12,-0.5671998071536003
2012-12-13,-0.5678692647131003
2012-12-14,-0.5670539478570898
2012-12-17,-0.5662164242686442
2012-12-18,-0.5644084322942705
2012-12-19,-0.5634674457422145
2012-12-20,-0.5645372753778032
2012-12-21,-0.565517533302016
2012-12-24,-0.5677674388494744
2012-12-25,-0.5679302213900708
2012-12-26,-0.5678537943872405
2012-12-27,-0.5707876245093294
2012-12-28,-0.5741546133988966
2012-12-31,-0.5769211432661634
2013-01-01,-0.5789045409797703
2013-01-02,-0.5812675990010522
2013-01-03,-0.5834556156874247
2013-01-04,-0.5851614798409155
2013-01-07,-0.5884239703742609
2013-01-08,-0.5920642992443277
2013-01-09,-0.5940204393007658
2013-01-10,-0.5950469746443683
2013-01-11,-0.5980624846734051
2013-01-14,-0.6006481221551282
2013-01-15,-0.6027634539985319
2013-01-16,-0.6027634539985319
2013-01-17,-0.6039351519418573
2013-01-18,-0.6054157494076814
2013-01-21,-0.6075732412117402
2013-01-22,-0.6085799327431812
2013-01-23,-0.6092537357081647
2013-01-24,-0.610641519291579
2013-01-25,-0.6124995857302162
2013-01-28,-0.6142080831029577
2013-01-29,-0.61946839939697
2013-01-30,-0.6251335442964984
2013-01-31,-0.630147796056357
2013-02-01,-0.634522533388767
2013-02-04,-0.6390001385784764
2013-02-05,-0.6422490681973073
2013-02-06,-0.6464928566873342
2013-02-07,-0.6500912431823846
2013-02-08,-0.6557718207409462
2013-02-11,-0.6603207588294522
2013-02-12,-0.6644574664606845
2013-02-13,-0.6684768029538918
2013-02-14,-0.6726816879384078
2013-02-15,-0.677393098753314
2013-02-18,-0.6808051114710606
2013-02-19,-0.6845327599518085
2013-02-20,-0.6885834085952004
2013-02-21,-0.6916810652202579
2013-02-22,-0.6933254581639864
2013-02-25,-0.6951270412984842
2013-02-26,-0.6956064583555274
2013-02-27,-0.6958833890007671
2013-02-28,-0.6969400000858424
2013-03-01,-0.6975744183381841
2013-03-04,-0.6978081521745917
2013-03-05,-0.699062500694055
2013-03-06,-0.7011153885905365
2013-03-07,-0.7021641349232914
2013-03-08,-0.7042958958097031
2013-03-11,-0.7080929056646356
2013-03-12,-0.7100105551999478
2013-03-13,-0.7109252327492999
2013-03-14,-0.7111606014901022
2013-03-15,-0.7113266524728721
2013-03-18,-0.7107763235044178
2013-03-19,-0.7098529321364093
2013-03-20,-0.7090189692231679
2013-03-21,-0.7080608065373836
2013-03-22,-0.7050323626468548
2013-03-25,-0.7020842912970128
2013-03-26,-0.699407085257342
2013-03-27,-0.6960084582779699
2013-03-28,-0.6933483373796526
2013-03-29,-0.6899553017784432
2013-03-31,-0.6868349344645369
2013-04-01,-0.6843494100235279
2013-04-02,-0.6816866442125061
2013-04-03,-0.6789734804447903
2013-04-04,-0.677309114177123
2013-04-07,-0.6788270845409141
2013-04-08,-0.679560767410125
2013-04-09,-0.6811802900187385
2013-04-10,-0.6834442520512419
2013-04-11,-0.6853749894595664
2013-04-14,-0.6880510085533185
2013-04-15,-0.6872434429471921
2013-04-16,-0.6878800077886468
2013-04-17,-0.6871781452282861
2013-04-18,-0.688119058714445
2013-04-21,-0.6865628663716731
2013-04-22,-0.6840168481920169
2013-04-23,-0.6814013426302578
2013-04-24,-0.6799815509765952
2013-04-25,-0.6796378314177184
2013-04-28,-0.6799392578017494
2013-04-29,-0.6789377168881623
2013-04-30,-0.6784441528256842
2013-05-01,-0.677966510751858
2013-05-02,-0.6769872542226537
2013-05-05,-0.6762354672738252
2013-05-06,-0.6754877537737972
2013-05-07,-0.6748057712356272
2013-05-08,-0.674700976388229
2013-05-09,-0.6737158706285349
2013-05-12,-0.6723390684555114
2013-05-13,-0.6718490720902944
2013-05-14,-0.6701355865002292
2013-05-15,-0.6683941604876085
2013-05-16,-0.6665029510996959
2013-05-19,-0.6638638245385818
2013-05-20,-0.6609555560524412
2013-05-21,-0.658562196288526
2013-05-22,-0.6550244491104891
2013-05-23,-0.6522134484419453
2013-05-26,-0.6490118063201756
2013-05-27,-0.6453658580864338
2013-05-28,-0.6398939146220186
2013-05-29,-0.6313682814397922
2013-05-30,-0.6234329303258946
2013-06-02,-0.6179233659730086
2013-06-03,-0.6095797579457488
2013-06-04,-0.6015754519239298
2013-06-05,-0.5940505165825347
2013-06-06,-0.5868455338262617
2013-06-09,-0.5801742831715712
2013-06-10,-0.5739972246735737
2013-06-11,-0.5682777478761988
2013-06-12,-0.5603696561527662
2013-06-13,-0.5567541465149197
2013-06-16,-0.5555128154883073
2013-06-17,-0.5469912127474755
2013-06-18,-0.5380889875089213
2013-06-19,-0.5250346532689942
2013-06-20,-0.5096948925681593
2013-06-23,-0.49726737402388166
2013-06-24,-0.48709238388083287
2013-06-25,-0.47926119127466105
2013-06-26,-0.47448814043470927
2013-06-27,-0.4690671145390401
2013-06-30,-0.46473943878920426
2013-07-01,-0.4572321101980671
2013-07-02,-0.4477925281199646
2013-07-03,-0.4373795112680271
2013-07-04,-0.4295344125393541
2013-07-07,-0.4221155622035056
2013-07-08,-0.4138007446924634
2013-07-09,-0.40686590495162606
2013-07-10,-0.3987617675582154
2013-07-11,-0.3931577631040214
2013-07-14,-0.3869466873726795
2013-07-15,-0.3859039444962604
2013-07-16,-0.38158278283782177
2013-07-17,-0.3802559111481263
2013-07-18,-0.3791409029513687
2013-07-21,-0.37573371561060676
2013-07-22,-0.37408637798504996
2013-07-23,-0.37464673518089525
2013-07-24,-0.37169635284625735
2013-07-25,-0.36926394590286404
2013-07-28,-0.3655971805484689
2013-07-29,-0.36094236753187087
2013-07-30,-0.3553107453646589
2013-07-31,-0.35068481157205
2013-08-01,-0.343562141997523
2013-08-04,-0.3387429934450455
2013-08-05,-0.33236035418066745
2013-08-06,-0.32721456015937345
2013-08-07,-0.32153100456088296
2013-08-08,-0.3189116746192617
2013-08-11,-0.3175085524102906
2013-08-12,-0.3145676776737141
2013-08-13,-0.30913947510724427
2013-08-14,-0.3029982536905778
2013-08-15,-0.2956289504229949
2013-08-18,-0.2836739585577723
2013-08-19,-0.2703226805671192
2013-08-20,-0.2595814241858928
2013-08-21,-0.24407060100864936
2013-08-22,-0.2312884653298281
2013-08-25,-0.22843597114564398
2013-08-26,-0.22262497483364543
2013-08-27,-0.21804977885127905
2013-08-28,-0.2164876808864869
2013-08-29,-0.21363708379876084
2013-09-01,-0.20845767385744243
2013-09-02,-0.204271103486202
2013-09-03,-0.202335763504173
2013-09-04,-0.20035793077222638
2013-09-05,-0.20238818179378165
2013-09-08,-0.2063124083589965
2013-09-09,-0.21270274597756253
2013-09-10,-0.21775241894573422
2013-09-11,-0.223512174636842
2013-09-12,-0.22876268105651285
2013-09-15,-0.23320093298423564
2013-09-16,-0.23682514700751486
2013-09-17,-0.24339199831037323
2013-09-18,-0.25644184016093974
2013-09-19,-0.2670278913474604
2013-09-22,-0.2757766330571921
2013-09-23,-0.28508535320388173
2013-09-24,-0.29381811421939114
2013-09-25,-0.2989510332576547
2013-09-26,-0.30208269966602025
2013-09-29,-0.30666537754039164
2013-09-30,-0.3114971268753222
2013-10-01,-0.3164252719929336
2013-10-02,-0.3233631358882837
2013-10-03,-0.32820734785877037
2013-10-06,-0.3324242774095384
2013-10-07,-0.3324242774095384
2013-10-08,-0.33688241421393106
2013-10-09,-0.34123937010588645
2013-10-10,-0.34801806487207193
2013-10-13,-0.3549115101342841
2013-10-14,-0.3603789576148752
2013-10-15,-0.36557345155576937
2013-10-16,-0.3702606817597447
2013-10-17,-0.37667868249463626
2013-10-20,-0.3839771348861454
2013-10-21,-0.3880113364563105
2013-10-22,-0.3918329522954007
2013-10-23,-0.39357709457289775
2013-10-24,-0.3936666907706431
2013-10-28,-0.39546522948107615
2013-10-29,-0.39785338140409215
2013-10-30,-0.3995816054711857
2013-10-31,-0.4012711972561178
2013-11-01,-0.3974970356932515
2013-11-04,-0.3919220251928685
2013-11-05,-0.3879174575141246
2013-11-06,-0.3803938033338366
2013-11-07,-0.37289914919536843
2013-11-08,-0.36384118148107736
2013-11-11,-0.35480205464487685
2013-11-12,-0.34451669655643524
2013-11-13,-0.33473808056556703
2013-11-14,-0.32584381239985555
2013-11-15,-0.31946361235162624
2013-11-18,-0.31308513804042776
2013-11-19,-0.3129593421686542
2013-11-20,-0.3119697393666438
2013-11-21,-0.3110647995053258
2013-11-22,-0.30675886719583517
2013-11-25,-0.3057133935775097
2013-11-26,-0.304019779289079
2013-11-27,-0.30110431913307373
2013-11-28,-0.29496404564267914
2013-11-29,-0.2905367069972786
2013-12-02,-0.28479208638776293
2013-12-03,-0.27714493202242224
2013-12-04,-0.26802748394703857
2013-12-05,-0.25803621946027805
2013-12-06,-0.2520815108003563
2013-12-09,-0.25013094555751375
2013-12-10,-0.2488223218666542
2013-12-11,-0.24874927095981397
2013-12-12,-0.24529862459261684
2013-12-13,-0.24279761938038041
2013-12-16,-0.24120652213887672
2013-12-17,-0.23995084123026666
2013-12-18,-0.23946056958924414
2013-12-19,-0.23771433288539748
2013-12-20,-0.23345124836657044
2013-12-23,-0.22658965704807232
2013-12-24,-0.22320395352413389
2013-12-25,-0.21994553825033641
2013-12-26,-0.21700129231101054
2013-12-27,-0.21450287163207454
2013-12-30,-0.21413247182831094
2013-12-31,-0.2111237321602907
2014-01-01,-0.20834850838170568
2014-01-02,-0.20599608766073535
2014-01-03,-0.20096675527808375
2014-01-06,-0.19767402562871003
2014-01-07,-0.19439818986294496
2014-01-08,-0.19188173306746023
2014-01-09,-0.18714507701317865
2014-01-10,-0.18317273908657983
2014-01-13,-0.1830583262726193
2014-01-14,-0.18261155159740772
2014-01-15,-0.18273496518000437
2014-01-16,-0.1824464366792394
2014-01-17,-0.18165257228292903
2014-01-20,-0.18227046448329118
2014-01-21,-0.18356548666600445
2014-01-22,-0.18297791976167274
2014-01-23,-0.18121529483910578
2014-01-24,-0.17738364149361716
2014-01-27,-0.17359839749907566
2014-01-28,-0.16749130698982131
2014-01-29,-0.1613204016976211
2014-01-30,-0.15467734694405363
2014-01-31,-0.15096351841860609
2014-02-03,-0.14613080881922852
2014-02-04,-0.14011755721896113
2014-02-05,-0.13773025995670135
2014-02-06,-0.13664536910864644
2014-02-07,-0.13729300628925525
2014-02-10,-0.1383366754550708
2014-02-11,-0.1361020191651054
2014-02-12,-0.13452855295356547
2014-02-13,-0.1314608433220497
2014-02-14,-0.13130507229722782
2014-02-17,-0.13187330916825707
2014-02-18,-0.13263693848673686
2014-02-19,-0.1328999988561727
2014-02-20,-0.1328441317716007
2014-02-21,-0.13479554591543447
2014-02-24,-0.13959677962081618
2014-02-25,-0.14448633450834536
2014-02-26,-0.14875554181408954
2014-02-27,-0.1517585585302736
2014-02-28,-0.1575334680317891
2014-03-03,-0.16139373730948095
2014-03-04,-0.16417299834187102
2014-03-05,-0.16708711369638443
2014-03-06,-0.17190204112039997
2014-03-07,-0.17608151174922332
2014-03-10,-0.17834064279458767
2014-03-11,-0.1796477076814312
2014-03-12,-0.1791852642656999
2014-03-13,-0.17949016676457105
2014-03-14,-0.17886386575137972
2014-03-17,-0.18041094766791846
2014-03-18,-0.18126521824036312
2014-03-19,-0.1837805121399974
2014-03-20,-0.18454005926389813
2014-03-21,-0.18744260145710076
2014-03-24,-0.19049151736477635
2014-03-25,-0.19343848601137634
2014-03-26,-0.1971480460201415
2014-03-27,-0.2022554922421529
2014-03-28,-0.21077392764839856
2014-03-30,-0.21867168599622477
2014-03-31,-0.22462150305783893
2014-04-01,-0.2312663518142496
2014-04-02,-0.23672720251553447
2014-04-03,-0.24059615459289704
2014-04-06,-0.24889709029464216
2014-04-07,-0.25828678012240514
2014-04-08,-0.26857099885671637
2014-04-09,-0.2799106368979255
2014-04-10,-0.28807682470601514
2014-04-13,-0.29460559690877336
2014-04-14,-0.3008159555882795
2014-04-15,-0.30436704077069077
2014-04-16,-0.30718012731222044
2014-04-17,-0.3108173453262727
2014-04-20,-0.3141851388455966
2014-04-21,-0.3173034653740068
2014-04-22,-0.3192821964487359
2014-04-23,-0.32308644576202855
2014-04-24,-0.3275278306209146
2014-04-27,-0.328563348356219
2014-04-28,-0.33143230118581685
2014-04-29,-0.3327568030085861
2014-04-30,-0.3345200976147816
2014-05-01,-0.3358740004087639
2014-05-04,-0.3387486514594065
2014-05-05,-0.3385916184786282
2014-05-06,-0.34002595460725993
2014-05-07,-0.34269630362677056
2014-05-08,-0.3452720995565864
2014-05-11,-0.34822497482178894
2014-05-12,-0.3507113165216083
2014-05-13,-0.352837958290502
2014-05-14,-0.35603575494954603
2014-05-15,-0.35735499055336983
2014-05-18,-0.35912373392513125
2014-05-19,-0.36152551473880995
2014-05-20,-0.3627272033353298
2014-05-21,-0.3646349086567222
2014-05-22,-0.3658127731528154
2014-05-25,-0.3660567322960479
2014-05-26,-0.36606579382829746
2014-05-27,-0.3648661504932775
2014-05-28,-0.36429227349610077
2014-05-29,-0.3641739088643161
2014-06-01,-0.3627014022945928
2014-06-02,-0.35751769320211474
2014-06-03,-0.3524288606259383
2014-06-04,-0.3478408795912983
2014-06-05,-0.3455648380264477
2014-06-08,-0.3448512770104399
2014-06-09,-0.3459045344598266
2014-06-10,-0.3476128529851791
2014-06-11,-0.34802789616662816
2014-06-12,-0.3487632478704922
2014-06-15,-0.35020818443390994
2014-06-16,-0.3504929312546072
2014-06-17,-0.347762314723755
2014-06-18,-0.3492710693924732
2014-06-19,-0.3506887145875094
2014-06-22,-0.3512476187420857
2014-06-23,-0.3531899825488799
2014-06-24,-0.35410051133536974
2014-06-25,-0.35667820565748976
2014-06-26,-0.3601903925031071
2014-06-29,-0.3636592438543388
2014-06-30,-0.3648164538992468
2014-07-01,-0.3672921544706337
2014-07-02,-0.3670858023808815
2014-07-03,-0.3684951217878307
2014-07-06,-0.36949029500075947
2014-07-07,-0.3691004675402271
2014-07-08,-0.37009210061033987
2014-07-09,-0.37121678081405063
2014-07-10,-0.37110174331861095
2014-07-13,-0.3711088029100292
2014-07-14,-0.37216849689851783
2014-07-15,-0.3722720639265339
2014-07-16,-0.3718620308025698
2014-07-17,-0.36789957057903816
2014-07-20,-0.36764822470649705
2014-07-21,-0.36783882499135645
2014-07-22,-0.36903748884472864
2014-07-23,-0.36936265732498186
2014-07-24,-0.36972568968145597
2014-07-27,-0.3693597258706846
2014-07-28,-0.36930997250046277
2014-07-29,-0.36846887403880485
2014-07-30,-0.36596579218287395
2014-07-31,-0.36193416188764865
2014-08-03,-0.35902717661729955
2014-08-04,-0.3561599973715687
2014-08-05,-0.3512027107756811
2014-08-06,-0.34719083461519984
2014-08-07,-0.3410600676813151
2014-08-10,-0.3369425174673918
2014-08-11,-0.3338114257097102
2014-08-12,-0.33065413988293785
2014-08-13,-0.32735902449940074
2014-08-14,-0.3258154522106973
2014-08-17,-0.32627570673675277
2014-08-18,-0.3257106614491306
2014-08-19,-0.326395504759881
2014-08-20,-0.32560475903861347
2014-08-21,-0.32389170526120764
2014-08-24,-0.3216757149817437
2014-08-25,-0.31859136495907886
2014-08-26,-0.31824447773639314
2014-08-27,-0.3194720466210128
2014-08-28,-0.3212694890666765
2014-08-31,-0.3235119916431578
2014-09-01,-0.32440099967029384
2014-09-02,-0.32556488261735583
2014-09-03,-0.3272414061719058
2014-09-04,-0.3282465139955902
2014-09-07,-0.32933204546342926
2014-09-08,-0.32752874768771173
2014-09-09,-0.32397986447409605
2014-09-10,-0.3204873600646797
2014-09-11,-0.31625202773018163
2014-09-14,-0.31470519020991844
2014-09-15,-0.3062931847725354
2014-09-16,-0.2991031450086237
2014-09-17,-0.2902154852945607
2014-09-18,-0.2811704900802095
2014-09-21,-0.27260964322114506
2014-09-22,-0.2615131361531599
2014-09-23,-0.24979308253341095
2014-09-24,-0.24206967776090582
2014-09-25,-0.23018949420492496
2014-09-28,-0.219746878118196
2014-09-29,-0.20763074715530488
2014-09-30,-0.1971968128247916
2014-10-01,-0.18280687967838502
2014-10-02,-0.16840906004891953
2014-10-05,-0.15891867225154116
2014-10-06,-0.1531874973675042
2014-10-07,-0.15119520197347391
2014-10-08,-0.15133289778323025
2014-10-09,-0.1493024539172753
2014-10-12,-0.14834134468231586
2014-10-13,-0.14698680049737103
2014-10-14,-0.14515438890333915
2014-10-15,-0.13764469613241864
2014-10-16,-0.12929739222021694
2014-10-19,-0.1252028323560064
2014-10-20,-0.11815917563598198
2014-10-21,-0.1100059099365459
2014-10-22,-0.1018061103272494
2014-10-23,-0.09303664510751548
2014-10-27,-0.08768388912056173
2014-10-28,-0.07749282222366861
2014-10-29,-0.07439624319672214
2014-10-30,-0.07157034068082511
2014-10-31,-0.07475645457430186
2014-11-03,-0.07647787649855765
2014-11-04,-0.06993562918577946
2014-11-05,-0.06371279163784244
2014-11-06,-0.05718684971339693
2014-11-07,-0.04440203907253429
2014-11-10,-0.03439178913355235
2014-11-11,-0.025071413831570726
2014-11-12,-0.01592518311499647
2014-11-13,-0.006558169731905303
2014-11-14,0.00446910715619814
2014-11-17,0.015804981534828233
2014-11-18,0.027116842179530844
2014-11-19,0.034947568865000965
2014-11-20,0.041145084408225785
2014-11-21,0.046966125299637285
2014-11-24,0.04639841160440532
2014-11-25,0.04902189764480707
2014-11-26,0.049860990343703455
2014-11-27,0.04762300709068651
2014-11-28,0.04857604638381267
2014-12-01,0.04990246825695764
2014-12-02,0.05376352994219253
2014-12-03,0.058154267722655736
2014-12-04,0.06058840433850787
2014-12-05,0.06688966264580222
2014-12-08,0.07249700950101949
2014-12-09,0.07877312985869662
2014-12-10,0.08385127232121063
2014-12-11,0.09098997300461263
2014-12-12,0.10106910513687557
2014-12-15,0.11070106196834097
2014-12-16,0.12400769598959954
2014-12-17,0.1407787593205096
2014-12-18,0.15391210502893263
2014-12-19,0.16063129752723115
2014-12-22,0.16656367005501804
2014-12-23,0.1726657868111978
2014-12-24,0.18128951556911851
2014-12-25,0.18927444960422832
2014-12-26,0.1970809099122459
2014-12-29,0.20405098710858388
2014-12-30,0.21118621702274812
2014-12-31,0.2131259789781413
2015-01-01,0.214932379934467
2015-01-02,0.21650172269551998
2015-01-05,0.2218783450916277
2015-01-06,0.22808538269470455
2015-01-07,0.23316151007392116
2015-01-08,0.23623026668863129
2015-01-09,0.23689311786930173
2015-01-12,0.23406862008555274
2015-01-13,0.235975725765593
2015-01-14,0.2345820924172319
2015-01-15,0.23045229645053794
2015-01-16,0.22937488036907935
2015-01-19,0.22612640725508434
2015-01-20,0.22633998415036907
2015-01-21,0.2227071389332342
2015-01-22,0.21790820839515349
2015-01-23,0.21073893526374612
2015-01-26,0.20483379949221492
2015-01-27,0.19958290769099676
2015-01-28,0.19362651323754312
2015-01-29,0.18850368591274716
2015-01-30,0.1865584217100768
2015-02-02,0.1928727575102781
2015-02-03,0.20334499685544255
2015-02-04,0.20968586646429244
2015-02-05,0.22043047587166073
2015-02-06,0.23071991565207509
2015-02-09,0.24417070195499516
2015-02-10,0.25525189918051433
2015-02-11,0.27220291344519265
2015-02-12,0.29145012168928547
2015-02-13,0.3042639510284357
2015-02-16,0.3175637927906027
2015-02-17,0.3293725325754797
2015-02-18,0.34027557567970124
2015-02-19,0.3512279669127028
2015-02-20,0.3643943159150779
2015-02-23,0.3766679803797867
2015-02-24,0.38912694211424953
2015-02-25,0.3988354801029512
2015-02-26,0.40904322559043094
2015-02-27,0.42223251773887577
2015-03-02,0.42740312638257194
2015-03-03,0.4379624420603293
2015-03-04,0.4513740114457085
2015-03-05,0.4682835374376078
2015-03-06,0.4869038015272663
2015-03-09,0.5100197525942355
2015-03-10,0.5382069830981725
2015-03-11,0.5621276804725728
2015-03-12,0.586888717478511
2015-03-13,0.6135532795514543
2015-03-16,0.6466989226026654
2015-03-17,0.677162181257812
2015-03-18,0.7057199546726866
2015-03-19,0.7292609923158122
2015-03-20,0.7585232762337449
2015-03-23,0.778824086384867
2015-03-24,0.7876780887715077
2015-03-25,0.796691919794012
2015-03-26,0.8113466784399396
2015-03-27,0.8230780366453321
2015-03-29,0.8403109745945205
2015-03-30,0.8546979877227544
2015-03-31,0.8641473942863552
2015-04-01,0.8703981774561846
2015-04-02,0.8718390844636855
2015-04-05,0.873111307188563
2015-04-06,0.8742892911930795
2015-04-07,0.8757413946327776
2015-04-08,0.8689291282096827
2015-04-09,0.8635713807108619
2015-04-12,0.8603141402280645
2015-04-13,0.8621922608050889
2015-04-14,0.8582937721897629
2015-04-15,0.850688257760008
2015-04-16,0.8428923845352053
2015-04-19,0.8375428213792958
2015-04-20,0.8318357919265732
2015-04-21,0.8262004529583855
2015-04-22,0.8188349315922243
2015-04-23,0.8082257030864874
2015-04-26,0.796316678875033
2015-04-27,0.7816553793658598
2015-04-28,0.7703206426020113
2015-04-29,0.7616737038035792
2015-04-30,0.7596971208645218
2015-05-03,0.7578669514765062
2015-05-04,0.7635960767454608
2015-05-05,0.7658136259257923
2015-05-06,0.7653475947084476
2015-05-07,0.7641520290160271
2015-05-10,0.7578721628222754
2015-05-11,0.7608544329927314
2015-05-12,0.7595993413693687
2015-05-13,0.7603989831193748
2015-05-14,0.7563279087337568
2015-05-17,0.7527132714892785
2015-05-18,0.7508531954769703
2015-05-19,0.7517947713722457
2015-05-20,0.7495794044658377
2015-05-21,0.751141913907659
2015-05-24,0.7579886944097938
2015-05-25,0.7647619589973532
2015-05-26,0.7766916395751442
2015-05-27,0.7866948078681746
2015-05-28,0.7980736404311212
2015-05-31,0.8104061589841715
2015-06-01,0.8211746781271408
2015-06-02,0.826922574859091
2015-06-03,0.832719654761068
2015-06-04,0.8388100763561523
2015-06-07,0.8443874051806447
2015-06-08,0.8464850522409906
2015-06-09,0.8469405077124356
2015-06-10,0.8492723640065283
2015-06-11,0.8486540459167686
2015-06-14,0.8511480754626561
2015-06-15,0.8541491418832919
2015-06-16,0.8531489308444412
2015-06-17,0.8484541583407312
2015-06-18,0.8448712020692118
2015-06-21,0.8452087253486666
2015-06-22,0.8446126405938902
2015-06-23,0.8429662526649201
2015-06-24,0.843620409526599
2015-06-25,0.8472720064767111
2015-06-28,0.8507873406959853
2015-06-29,0.8529374971157297
2015-06-30,0.8542056276703864
2015-07-01,0.8592517245168693
2015-07-02,0.8586066244849326
2015-07-05,0.8616437348798547
2015-07-06,0.8650650533648641
2015-07-07,0.8727346721133081
2015-07-08,0.8853084589568265
2015-07-09,0.8958563965818337
2015-07-12,0.8988600835286881
2015-07-13,0.8991219576507168
2015-07-14,0.8999116624898685
2015-07-15,0.9005499450289458
2015-07-16,0.9026897081353296
2015-07-19,0.9082434450799628
2015-07-20,0.9143460257711106
2015-07-21,0.9176630972433168
2015-07-22,0.925680169063117
2015-07-23,0.939752729887541
2015-07-26,0.9601962802814966
2015-07-27,0.9797140226962799
2015-07-28,0.9970426012510863
2015-07-29,1.0099281094534363
2015-07-30,1.0267015941952335
2015-08-02,1.0472505834332395
2015-08-03,1.06931299640084
2015-08-04,1.0915480441039769
2015-08-05,1.1139429387844633
2015-08-06,1.1396143366513383
2015-08-09,1.163384149491037
2015-08-10,1.1754914916909476
2015-08-11,1.1903467440389124
2015-08-12,1.2045249352638707
2015-08-13,1.222216571794336
2015-08-16,1.2343231370450836
2015-08-17,1.2453986937525308
2015-08-18,1.2544458054628174
2015-08-19,1.2652388275285233
2015-08-20,1.2720832196089644
2015-08-23,1.2825712985078839
2015-08-24,1.2974553435965421
2015-08-25,1.3177829622862167
2015-08-26,1.334808268967073
2015-08-27,1.346039735342286
2015-08-30,1.3593818866804959
2015-08-31,1.3759173845517165
2015-09-01,1.3987963082867632
2015-09-02,1.426320090955708
2015-09-03,1.4498536363566474
2015-09-06,1.482454306244932
2015-09-07,1.5121548333270265
2015-09-08,1.5376832326708096
2015-09-09,1.5574797127972502
2015-09-10,1.5829753867499883
2015-09-13,1.608657831674001
2015-09-14,1.6265009570413262
2015-09-15,1.648081654552743
2015-09-16,1.664852684578627
2015-09-17,1.6868655611132943
2015-09-20,1.7121625883313767
2015-09-21,1.7121625883313767
2015-09-22,1.749360405217943
2015-09-23,1.7974603414266372
2015-09-24,1.8149755972672037
2015-09-27,1.8348162181392669
2015-09-28,1.867823337237791
2015-09-29,1.8927969673522536
2015-09-30,1.904016522247098
2015-10-01,1.9200441086463897
2015-10-04,1.9271443712482963
2015-10-05,1.931798042610994
2015-10-06,1.9295891851025493
2015-10-07,1.9308839542423615
2015-10-08,1.921632887050012
2015-10-11,1.9106889388729544
2015-10-12,1.9007439764599665
2015-10-13,1.9051093582753926
2015-10-14,1.9005297248143953
2015-10-15,1.8947667182475143
2015-10-18,1.9029140105877227
2015-10-19,1.906985721750124
2015-10-20,1.9122659504040183
2015-10-21,1.9207447007016858
2015-10-22,1.9249814970933314
2015-10-26,1.9261073630996122
2015-10-27,1.930101880451463
2015-10-28,1.931656229386574
2015-10-29,1.9345313962416826
2015-10-30,1.9317221426094746
2015-11-02,1.929821774177172
2015-11-03,1.9300198536599358
2015-11-04,1.9194848468997079
2015-11-05,1.9127018548507684
2015-11-06,1.9048176564878978
2015-11-09,1.8960914698870286
2015-11-10,1.8914221130086923
2015-11-11,1.8815315834758055
2015-11-12,1.8741949414385024
2015-11-13,1.867820919915399
2015-11-16,1.8695603814491637
2015-11-17,1.8696160174038594
2015-11-18,1.86787561038175
2015-11-19,1.8619985072029823
2015-11-20,1.8559483700318344
2015-11-23,1.8439725088142502
2015-11-24,1.8359203229324765
2015-11-25,1.8250836980563052
2015-11-26,1.8195224373663454
2015-11-27,1.8142712619965662
2015-11-30,1.8200634396156736
2015-12-01,1.8280311892699088
2015-12-02,1.8337525065393998
2015-12-03,1.8371567772877715
2015-12-04,1.8324099642734852
2015-12-07,1.8275091005262674
2015-12-08,1.8238506516909594
2015-12-09,1.826148207554993
2015-12-10,1.820855008078823
2015-12-11,1.8226819558901644
2015-12-14,1.8248796802131173
2015-12-15,1.8343228583075517
2015-12-16,1.8452869506334884
2015-12-17,1.8540947261302243
2015-12-18,1.860534327463829
2015-12-21,1.8770439572170963
2015-12-22,1.8957383552596827
2015-12-23,1.9103402382071195
2015-12-24,1.9192939089429675
2015-12-25,1.9246916362127746
2015-12-28,1.9291934424991082
2015-12-29,1.927877075075894
2015-12-30,1.9275878281004024
2015-12-31,1.9368838145181282
2016-01-01,1.9447988580485995
2016-01-04,1.9520343494547918
2016-01-05,1.9678424352434427
2016-01-06,1.9814049947267662
2016-01-07,1.9932396089959825
2016-01-08,2.006427875146298
2016-01-11,2.013651033087435
2016-01-12,2.0262458356994735
2016-01-13,2.0353051116706533
2016-01-14,2.0425469051199436
2016-01-15,2.048405369009412
2016-01-18,2.0536645482590594
2016-01-19,2.06349063598129
2016-01-20,2.073218607274431
2016-01-21,2.086666038289932
2016-01-22,2.1044970061448955
2016-01-25,2.1143983810857314
2016-01-26,2.123400996774076
2016-01-27,2.129568247644112
2016-01-28,2.1392023776945477
2016-01-29,2.1442093547906325
2016-02-01,2.141627792669618
2016-02-02,2.1353757091650585
2016-02-03,2.132230126544103
2016-02-04,2.119714846579869
2016-02-05,2.1074968460181487
2016-02-08,2.097453981006045
2016-02-09,2.087442630088906
2016-02-10,2.077130044058698
2016-02-11,2.0722071648300333
2016-02-12,2.0739680763977137
2016-02-15,2.0736057551936393
2016-02-16,2.07603745651055
2016-02-17,2.085258595147924
2016-02-18,2.0853712345088797
2016-02-19,2.0899876683203953
2016-02-22,2.0934154619480823
2016-02-23,2.0889899653952337
2016-02-24,2.085997091877136
2016-02-25,2.083318845748046
2016-02-26,2.080580863341816
2016-02-29,2.0793673236133676
2016-03-01,2.0832204150919393
2016-03-02,2.077402504122938
2016-03-03,2.068639228505526
2016-03-04,2.0509020478748705
2016-03-07,2.0316599872310244
2016-03-08,2.015113278826327
2016-03-09,1.9968599296007217
2016-03-10,1.9721322449102896
2016-03-11,1.9427417550698631
2016-03-14,1.9111608340747013
2016-03-15,1.8905200915039184
2016-03-16,1.8824871596820028
2016-03-17,1.8723957104506763
2016-03-18,1.8510746521214971
2016-03-21,1.83138456886391
2016-03-22,1.812275386412552
2016-03-23,1.7909885719944711
2016-03-24,1.7818411467097892
2016-03-25,1.773071884352436
2016-03-27,1.765602681425125
2016-03-28,1.7580362744109719
2016-03-29,1.7466628299084712
2016-03-30,1.732125730555211
2016-03-31,1.7176742487502075
2016-04-03,1.700380042080194
2016-04-04,1.6914499020531668
2016-04-05,1.6890149297392407
2016-04-06,1.6829090693804185
2016-04-07,1.68202568512781
2016-04-10,1.6712543564394697
2016-04-11,1.6511933000059138
2016-04-12,1.6319987458644742
2016-04-13,1.6153617721375662
2016-04-14,1.5977889021081706
2016-04-17,1.5875578998840125
2016-04-18,1.5862312382304338
2016-04-19,1.5762678314790755
2016-04-20,1.5669495300998395
2016-04-21,1.5583214740854876
2016-04-24,1.5542457382733688
2016-04-25,1.5492432249915644
2016-04-26,1.5414930955329114
2016-04-27,1.5344512762264633
2016-04-28,1.5236151919400052
2016-05-01,1.5087393207955635
2016-05-02,1.5015424396561976
2016-05-03,1.5009085048959239
2016-05-04,1.4993406462024803
2016-05-05,1.4966189410991193
2016-05-08,1.4905779935724845
2016-05-09,1.4864300342166017
2016-05-10,1.4781908497761604
2016-05-11,1.4681459082933728
2016-05-12,1.4619528839689828
2016-05-15,1.4617012163320413
2016-05-16,1.4577821395826416
2016-05-17,1.4532860587540826
2016-05-18,1.4565983739412278
2016-05-19,1.4599131341366025
2016-05-22,1.4626106538585237
2016-05-23,1.4660582639573967
2016-05-24,1.4693330960605042
2016-05-25,1.4733565549350125
2016-05-26,1.477680833975814
2016-05-29,1.4843899649938181
2016-05-30,1.4863172182077722
2016-05-31,1.4897330733415612
2016-06-01,1.4937012577790156
2016-06-02,1.4962500697145562
2016-06-05,1.4928693405776872
2016-06-06,1.4856090069650374
2016-06-07,1.4737652400977688
2016-06-08,1.4548071835402125
2016-06-09,1.4412182552676231
2016-06-12,1.430690603691364
2016-06-13,1.4272926975183384
2016-06-14,1.4239193365304832
2016-06-15,1.4201969999733295
2016-06-16,1.415914061235236
2016-06-19,1.4069510424090705
2016-06-20,1.3964733607561772
2016-06-21,1.388878118374979
2016-06-22,1.3779426093842653
2016-06-23,1.3639658863128257
2016-06-26,1.35419427316219
2016-06-27,1.3473766987528417
2016-06-28,1.3321019675053178
2016-06-29,1.311257726239653
2016-06-30,1.2886844551150547
2016-07-03,1.2703335709261994
2016-07-04,1.2593202280996065
2016-07-05,1.2502171460727542
2016-07-06,1.2446690614615386
2016-07-07,1.243052795567551
2016-07-10,1.2350101575654622
2016-07-11,1.2285441523539768
2016-07-12,1.221142575665491
2016-07-13,1.210995566030681
2016-07-14,1.2002372772755772
2016-07-17,1.1931875690425706
2016-07-18,1.183851641908004
2016-07-19,1.1750523888617506
2016-07-20,1.1674005357868242
2016-07-21,1.1619571730548892
2016-07-24,1.1551514351127432
2016-07-25,1.1520092978618621
2016-07-26,1.1478505778401145
2016-07-27,1.1428228529777071
2016-07-28,1.1405732938941742
2016-07-31,1.1348043182109473
2016-08-01,1.130722332812328
2016-08-02,1.1263645126872552
2016-08-03,1.1204503310007452
2016-08-04,1.1100491776373171
2016-08-07,1.0977133112906996
2016-08-08,1.0871068934902453
2016-08-09,1.0746325928386042
2016-08-10,1.0612031514076417
2016-08-11,1.0502449686737603
2016-08-14,1.0454159151140874
2016-08-15,1.0403560401386154
2016-08-16,1.0373642824784752
2016-08-17,1.0349658390788958
2016-08-18,1.0361626568900253
2016-08-21,1.0338222475785348
2016-08-22,1.0310563477608297
2016-08-23,1.0322949558004086
2016-08-24,1.032182156347724
2016-08-25,1.0325939659954804
2016-08-28,1.0366716468962893
2016-08-29,1.036678626186452
2016-08-30,1.0376349950892163
2016-08-31,1.0374054141066376
2016-09-01,1.0400012586269525
2016-09-04,1.0427042454473245
2016-09-05,1.0463530939809678
2016-09-06,1.0424111815985337
2016-09-07,1.0381830587105736
2016-09-08,1.0367667974634505
2016-09-11,1.0413200851853797
2016-09-12,1.0429754745523496
2016-09-13,1.0514466906702364
2016-09-14,1.0623259803787974
2016-09-15,1.0678873404404947
2016-09-18,1.0694952483103273
2016-09-19,1.0715725809806032
2016-09-20,1.071936951329432
2016-09-21,1.0674731729397227
2016-09-22,1.064104100107268
2016-09-25,1.0636897570118
2016-09-26,1.0630376541331892
2016-09-27,1.0616078494352372
2016-09-28,1.058755845584295
2016-09-29,1.0604000060348242
2016-10-02,1.0619740021808486
2016-10-03,1.0581552943793555
2016-10-04,1.0593483366625438
2016-10-05,1.0567359796301106
2016-10-06,1.0552154117642032
2016-10-09,1.052991797890495
2016-10-10,1.0492189342528875
2016-10-11,1.0450234371200626
2016-10-12,1.0416343209944021
2016-10-13,1.0360801837292053
2016-10-16,1.033487756749864
2016-10-17,1.0313145129760994
2016-10-18,1.0269791090894738
2016-10-19,1.0213541350458586
2016-10-20,1.0133580563864688
2016-10-23,1.0069661368769027
2016-10-24,0.9985283753911008
2016-10-25,0.9892597981645505
2016-10-26,0.9836101025776558
2016-10-27,0.9811150469614079
2016-10-31,0.982707687383341
2016-11-01,0.9836764259272488
2016-11-02,0.9883833575187994
2016-11-03,0.9945485150589408
2016-11-04,1.0008558484215218
2016-11-07,1.004001128190979
2016-11-08,1.0036713517591611
2016-11-09,0.9999793796927055
2016-11-10,1.003261858573616
2016-11-11,1.023089757459282
2016-11-14,1.0408707190787863
2016-11-15,1.0625280834965924
2016-11-16,1.0827257497020804
2016-11-17,1.1023565489381588
2016-11-18,1.1186437267758915
2016-11-21,1.128551586072983
2016-11-22,1.138252108523413
2016-11-23,1.144776706690062
2016-11-24,1.1577874246880757
2016-11-25,1.1656630568294828
2016-11-28,1.1760838055381548
2016-11-29,1.1843077870401084
2016-11-30,1.1967340681405152
2016-12-01,1.2033354749154808
2016-12-02,1.2266597831242445
2016-12-05,1.238106819315358
2016-12-06,1.243058112678396
2016-12-07,1.2462281087468396
2016-12-08,1.246612997581152
2016-12-09,1.2461536954669363
2016-12-12,1.2460691430977375
2016-12-13,1.2418918004010677
2016-12-14,1.237703813273965
2016-12-15,1.2374191723680392
2016-12-16,1.2368148886074772
2016-12-19,1.2388056593174972
2016-12-20,1.2379128215292923
2016-12-21,1.235971012129667
2016-12-22,1.2313129956017308
2016-12-23,1.2229629142994123
2016-12-26,1.2134967454919727
2016-12-27,1.204742099445677
2016-12-28,1.1966152955557017
2016-12-29,1.1904430615320976
2016-12-30,1.1816098583745804
2017-01-02,1.173523892207389
2017-01-03,1.1692170085814224
2017-01-04,1.163112513673165
2017-01-05,1.1523596181518512
2017-01-06,1.1407099216506709
2017-01-09,1.1324528081981926
2017-01-10,1.1220505386346429
2017-01-11,1.112315556840256
2017-01-12,1.1034875360990632
2017-01-13,1.0943325610084358
2017-01-16,1.0858557322208184
2017-01-17,1.0835513801810144
2017-01-18,1.0782479238722074
2017-01-19,1.0753816803759786
2017-01-20,1.0691449513320084
2017-01-23,1.0579392145016644
2017-01-24,1.0495665961616476
2017-01-25,1.0425369267919233
2017-01-26,1.036007323528403
2017-01-27,1.030746100030095
2017-01-30,1.0190084241087052
2017-01-31,1.0097818920636852
2017-02-01,1.00377877447565
2017-02-02,0.9959384914182348
2017-02-03,0.988111091125135
2017-02-06,0.9805537461100763
2017-02-07,0.9729573502707171
2017-02-08,0.9662334025705361
2017-02-09,0.9599249244967483
2017-02-10,0.9554156753447246
2017-02-13,0.9489999040889476
2017-02-14,0.9433691272994909
2017-02-15,0.9351714993649857
2017-02-16,0.9249895101319847
2017-02-17,0.9188038148382598
2017-02-20,0.9139023249321291
2017-02-21,0.9083314011821211
2017-02-22,0.9040404444736483
2017-02-23,0.8968046137522325
2017-02-24,0.8898982690576105
2017-02-27,0.8870450050454632
2017-02-28,0.8855078765952813
2017-03-01,0.8843633864477486
2017-03-02,0.8812593091510711
2017-03-03,0.8852410111165124
2017-03-06,0.8853552973865316
2017-03-07,0.8872370303397638
2017-03-08,0.8867801353941802
2017-03-09,0.8908381656375602
2017-03-10,0.8978996239929223
2017-03-13,0.8999156299532689
2017-03-14,0.9022882306522015
2017-03-15,0.9056518162536045
2017-03-16,0.902178851619769
2017-03-17,0.9009662075357777
2017-03-20,0.8964670904927458
2017-03-21,0.8906905301932252
2017-03-22,0.8869732245782324
2017-03-23,0.8833247735006683
2017-03-24,0.8854498412759542
2017-03-26,0.8844851762599086
2017-03-27,0.8851923540256178
2017-03-28,0.887210057717867
2017-03-29,0.8873953151898374
2017-03-30,0.8902100682419655
2017-04-02,0.8901421274970424
2017-04-03,0.8891706130900644
2017-04-04,0.8864745002369838
2017-04-05,0.8864561166557136
2017-04-06,0.8887002855240689
2017-04-09,0.8911086219559174
2017-04-10,0.8920066288468852
2017-04-11,0.8933543702940216
2017-04-12,0.8932290445049271
2017-04-13,0.8950644406594047
2017-04-16,0.896898107475314
2017-04-17,0.8972123875115285
2017-04-18,0.8950460204798464
2017-04-19,0.897356005051819
2017-04-20,0.8993709787950668
2017-04-23,0.901205720008892
2017-04-24,0.9008601902690272
2017-04-25,0.9026259198086285
2017-04-26,0.9067285467044349
2017-04-27,0.9115597824819212
2017-04-30,0.9155168953574273
2017-05-01,0.9190776380436482
2017-05-02,0.9198036791584289
2017-05-03,0.9217046229824994
2017-05-04,0.9258188725011227
2017-05-07,0.9288849576335588
2017-05-08,0.9336547137571599
2017-05-09,0.937079947728898
2017-05-10,0.9380728705364494
2017-05-11,0.9362354493618159
2017-05-14,0.9385299362082751
2017-05-15,0.9334785362328156
2017-05-16,0.9275210051421953
2017-05-17,0.9258869996110503
2017-05-18,0.9486999004579327
2017-05-21,0.9578768488377553
2017-05-22,0.9676233569395283
2017-05-23,0.9769783037726896
2017-05-24,0.986218495596517
2017-05-25,0.9947019532648094
2017-05-28,0.9926655879703058
2017-05-29,0.9988026452623735
2017-05-30,1.0045677062916123
2017-05-31,1.0066946284636276
2017-06-01,1.0111316929820393
2017-06-04,1.0152607361980484
2017-06-05,1.023926382989529
2017-06-06,1.0298747906064594
2017-06-07,1.0344842941988257
2017-06-08,1.0379573225595475
2017-06-11,1.0327168558358046
2017-06-12,1.0422164214989231
2017-06-13,1.050774838982281
2017-06-14,1.0543834196433421
2017-06-15,1.057827948750239
2017-06-18,1.0625660883083088
2017-06-19,1.0661788741880873
2017-06-20,1.0741083781349376
2017-06-21,1.0822661920835623
2017-06-22,1.0904702030347366
2017-06-25,1.098252360761656
2017-06-26,1.1006362538755505
2017-06-27,1.1046194746471847
2017-06-28,1.1049519937249894
2017-06-29,1.1076552983949928
2017-07-02,1.0972520186464023
2017-07-03,1.1002985402632879
2017-07-04,1.1040176748503805
2017-07-05,1.1051691520686056
2017-07-06,1.1072988170634388
2017-07-09,1.096921943339408
2017-07-10,1.096921943339408
2017-07-11,1.0949645811873434
2017-07-12,1.088067970262204
2017-07-13,1.0820996504074236
2017-07-16,1.0730993450958146
2017-07-17,1.0652199127877888
2017-07-18,1.0548968545855233
2017-07-19,1.0448707424890749
2017-07-20,1.0325003406044757
2017-07-23,1.0274779891263293
2017-07-24,1.0192947483089743
2017-07-25,1.0146169555632596
2017-07-26,1.0067225042188173
2017-07-27,1.001049623145365
2017-07-30,0.998478210768175
2017-07-31,0.990619909421664
2017-08-01,0.9830538640076034
2017-08-02,0.9749552648482234
2017-08-03,0.9674064883402768
2017-08-06,0.9623071503260395
2017-08-07,0.9570631465844635
2017-08-08,0.9523978022377544
2017-08-09,0.9508514400179277
2017-08-10,0.9516500076367972
2017-08-13,0.9528162993090968
2017-08-14,0.9548858413184906
2017-08-15,0.9547546717516209
2017-08-16,0.9529450900614781
2017-08-17,0.9535527399948753
2017-08-20,0.9545725724303866
2017-08-21,0.9539866552211647
2017-08-22,0.9531848605617619
2017-08-23,0.9502404252655536
2017-08-24,0.9482645377737751
2017-08-27,0.9477031800367669
2017-08-28,0.9479206111416104
2017-08-29,0.9479558090470457
2017-08-30,0.9474284172768098
2017-08-31,0.945613529719464
2017-09-03,0.9472192569968545
2017-09-04,0.9447371628073655
2017-09-05,0.939995704324774
2017-09-06,0.9337540003800286
2017-09-07,0.9279461956760935
2017-09-10,0.9308620090140575
2017-09-11,0.9254885028801915
2017-09-12,0.922811918680411
2017-09-13,0.9213379505794452
2017-09-14,0.9185771272573585
2017-09-17,0.9151527482482531
2017-09-18,0.9145888954489088
2017-09-19,0.9138497927036116
2017-09-20,0.9129381331457024
2017-09-21,0.9124973635336443
2017-09-24,0.9109522445636904
2017-09-25,0.9130154644801495
2017-09-26,0.9156076702267503
2017-09-27,0.9209011790520205
2017-09-28,0.9246651517670822
2017-10-01,0.9263415368999799
2017-10-02,0.9268086300683389
2017-10-03,0.9259908944688493
2017-10-04,0.9244486130349368
2017-10-05,0.9250042784159388
2017-10-08,0.9258389867617265
2017-10-09,0.9298451580546915
2017-10-10,0.9326246062025467
2017-10-11,0.9343612984824013
2017-10-12,0.935896937013556
2017-10-15,0.9349637597620399
2017-10-16,0.9365889412196052
2017-10-17,0.9366270399496114
2017-10-18,0.9381082449361264
2017-10-19,0.9389426214434
2017-10-22,0.9424003476792032
2017-10-23,0.9500942653670479
2017-10-24,0.9580648467508759
2017-10-25,0.9642674809056083
2017-10-26,0.9757212958146235
2017-10-30,0.9809874137360096
2017-10-31,0.9912848350413994
2017-11-01,0.998991450478253
2017-11-02,1.0057759460327658
2017-11-03,1.0118925343728549
2017-11-06,1.020447286997779
2017-11-07,1.0237524133295648
2017-11-08,1.0291050577669298
2017-11-09,1.0321198432275875
2017-11-10,1.0346427972257124
2017-11-13,1.0398391046549884
2017-11-14,1.0445988131027344
2017-11-15,1.052723177223686
2017-11-16,1.052723177223686
2017-11-17,1.052723177223686
2017-11-20,1.0545615318226587
2017-11-21,1.0561654002251168
2017-11-22,1.0580031518948982
2017-11-23,1.0557035019742664
2017-11-24,1.053314982085352
2017-11-27,1.0525692846608454
2017-11-28,1.0511571659650243
2017-11-29,1.0479994774599894
2017-11-30,1.0490158332193436
2017-12-01,1.0528645870966769
2017-12-04,1.0548718229801397
2017-12-05,1.0550918733274623
2017-12-06,1.0550431168939167
2017-12-07,1.054347212194822
2017-12-08,1.059427185911524
2017-12-11,1.0641614856870656
2017-12-12,1.0701804253607743
2017-12-13,1.0756977549291644
2017-12-14,1.0813646209771888
2017-12-15,1.0899712254096563
2017-12-18,1.0927584573482827
2017-12-19,1.0951685987001423
2017-12-20,1.0971793139917845
2017-12-21,1.0998789787462933
2017-12-22,1.1034559322130422
2017-12-25,1.1100418881551004
2017-12-26,1.1158587135764317
2017-12-27,1.1185209089968826
2017-12-28,1.1213570088584353
2017-12-29,1.123746320912228
2018-01-01,1.125587561673833
2018-01-02,1.1276442958866506
2018-01-03,1.1239895839056855
2018-01-04,1.1182847762197077
2018-01-05,1.1127608969687937
2018-01-08,1.1069766872058813
2018-01-09,1.102919366913407
2018-01-10,1.0999789903867707
2018-01-11,1.0951382909978125
2018-01-12,1.0893931052494963
2018-01-15,1.0826764908467672
2018-01-16,1.0777612093840185
2018-01-17,1.0742000170049804
2018-01-18,1.0708534031384342
2018-01-19,1.0659834855593988
2018-01-22,1.0603991504228119
2018-01-23,1.055853668691234
2018-01-24,1.0552533072872534
2018-01-25,1.0453330815283353
2018-01-26,1.0363387710380925
