Date,mdm_14
2010-01-04,-1.3195639833333714
2010-01-05,-1.2268237656387342
2010-01-06,-1.2622508437054463
2010-01-07,-1.279784549855215
2010-01-08,-1.2901629431835924
2010-01-11,-0.5399123047320801
2010-01-12,-0.7042014439703947
2010-01-13,-0.8245572953532698
2010-01-14,-0.9156995332067855
2010-01-15,-0.9864661368670274
2010-01-18,-1.0424860652083958
2010-01-19,-0.7639755379329886
2010-01-20,-0.8517071639609826
2010-01-21,-0.9238133463684999
2010-01-22,-0.9835644720141342
2010-01-25,-1.0334144936626128
2010-01-26,-1.075239959322754
2010-01-27,-0.438456450523121
2010-01-28,-0.5642318655002653
2010-01-29,-0.6710476997466965
2010-02-01,-0.7620228002180226
2010-02-02,-0.562346710989954
2010-02-03,-0.0007345137015848156
2010-02-04,-0.18243728502666923
2010-02-05,-0.3384128987687284
2010-02-08,-0.4724800012032101
2010-02-09,-0.2907773222274242
2010-02-10,0.08437150045081128
2010-02-11,-0.10581835597322095
2010-02-12,-0.26989294373532585
2010-02-15,-0.4115262648774349
2010-02-16,-0.370603913521067
2010-02-17,-0.2257843183156538
2010-02-18,-0.06337897213760216
2010-02-19,-0.06933603627933219
2010-02-22,0.3596584138893775
2010-02-23,0.13463292469232999
2010-02-24,-0.06010690064220616
2010-02-25,-0.22866983340612665
2010-02-26,-0.3745990657388767
2010-03-01,0.08931017504242494
2010-03-02,0.28278814815878994
2010-03-03,0.0686859355412514
2010-03-04,-0.06588162125024241
2010-03-05,-0.18938069689013057
2010-03-08,-0.09527223436612509
2010-03-09,-0.2587071961924146
2010-03-10,-0.1137871763492077
2010-03-11,-0.12453403752903304
2010-03-12,-0.1846656795640346
2010-03-15,-0.32222934987909807
2010-03-16,-0.45528534568533413
2010-03-17,-0.5705811077178986
2010-03-18,-0.6704895075859176
2010-03-19,-0.7570658280809713
2010-03-22,-0.8320904089177177
2010-03-23,-0.6777635330557809
2010-03-24,-0.5278631687142247
2010-03-25,-0.6334460213325539
2010-03-26,-0.7249454984819323
2010-03-28,-0.8042407930829683
2010-03-29,-0.24042442304078132
2010-03-30,-0.250435257882136
2010-03-31,-0.18754924443918977
2010-04-01,-0.05225527228509969
2010-04-04,-0.2212431359298292
2010-04-05,-0.3676959568384703
2010-04-06,-0.4946192356540215
2010-04-07,-0.6046175334233789
2010-04-08,-0.6999479815350267
2010-04-11,-0.4270899440422267
2010-04-12,-0.3060295229643713
2010-04-13,-0.33037451158857795
2010-04-14,-0.35839810296923685
2010-04-15,-0.4865563504338557
2010-04-18,-0.5976261354768427
2010-04-19,-0.5784741525800832
2010-04-20,-0.61727345586885
2010-04-21,-0.7109133457232965
2010-04-22,-0.7920676299935824
2010-04-25,-0.6615857857731906
2010-04-26,-0.7493169152279356
2010-04-27,-0.825350385757056
2010-04-28,-0.452685103752921
2010-04-29,-0.03507235070992518
2010-05-02,-0.2063386761025894
2010-05-03,-0.35476929870850993
2010-05-04,-0.48340902686896414
2010-05-05,-0.5948966825405053
2010-05-06,-0.6915192357844975
2010-05-09,-0.08741330975531589
2010-05-10,0.980881300579953
2010-05-11,0.6741547533986183
2010-05-12,0.7106999686530244
2010-05-13,0.43999777075847324
2010-05-16,0.20538928328223346
2010-05-17,0.0020619905871085377
2010-05-18,-0.17415494900701098
2010-05-19,-0.3268762610463439
2010-05-20,-0.45923470473419753
2010-05-23,0.16467936613167514
2010-05-24,-0.03321983777819158
2010-05-25,0.3838590233539572
2010-05-26,0.15673587765462363
2010-05-27,1.1532360967402213
2010-05-30,1.550612828812207
2010-05-31,1.1679225014847763
2010-06-01,1.1570975700901844
2010-06-02,1.5308773894997298
2010-06-03,1.15081848437954
2010-06-06,0.821434113732756
2010-06-07,0.5359676695305668
2010-06-08,0.8817711322164848
2010-06-09,0.66904680006049
2010-06-10,1.5072188208006345
2010-06-13,1.1303144236312197
2010-06-14,0.8036639518797418
2010-06-15,1.1299319660568037
2010-06-16,0.8033324930035827
2010-06-17,0.6241486670647453
2010-06-20,0.5842660716449486
2010-06-21,0.33042205766908794
2010-06-22,0.11042391387731286
2010-06-23,-0.06177553468028023
2010-06-24,-0.11407061337187854
2010-06-27,-0.16400941669844188
2010-06-28,-0.31808336088860556
2010-06-29,-0.45161411202922874
2010-06-30,-0.5673407626490846
2010-07-01,0.5326273234331538
2010-07-04,0.7265348699143291
2010-07-05,0.4537216877738775
2010-07-06,0.21728359701044495
2010-07-07,0.32397771825351057
2010-07-08,0.15100284347854356
2010-07-11,0.07033731497213656
2010-07-12,-0.11498285870236412
2010-07-13,-0.06785558755883295
2010-07-14,-0.23475004071237515
2010-07-15,-0.3793919000166371
2010-07-18,-0.5047481780086186
2010-07-19,-0.6133902855478054
2010-07-20,-0.2759131960601113
2010-07-21,-0.41506663451959774
2010-07-22,-0.004780056669796219
2010-07-25,-0.18008458037291805
2010-07-26,-0.33201516754546023
2010-07-27,-0.4636883430673331
2010-07-28,-0.5778050951655112
2010-07-29,-0.4043385652714023
2010-08-01,-0.43404058207591917
2010-08-02,-0.5521103689524796
2010-08-03,-0.6544375175683205
2010-08-04,-0.5953961840021915
2010-08-05,-0.691951890602165
2010-08-08,-0.775633502983213
2010-08-09,-0.6265702735254183
2010-08-10,-0.7189694348471507
2010-08-11,-0.7990487079891665
2010-08-12,-0.7414996911398342
2010-08-15,-0.8185749301065777
2010-08-16,-0.4745136971828403
2010-08-17,-0.5617968579649814
2010-08-18,-0.6628324746872561
2010-08-19,-0.7503966758449461
2010-08-22,-0.8262856501803972
2010-08-23,-0.8920560946035438
2010-08-24,-0.9490571464362532
2010-08-25,-0.820726583041029
2010-08-26,-0.8572316237557983
2010-08-29,-0.6280426156703219
2010-08-30,-0.7202454646939468
2010-08-31,-0.712442963510527
2010-09-01,-0.5556477325232876
2010-09-02,-0.21202044469616832
2010-09-05,-0.35969291651616525
2010-09-06,-0.36072467186979534
2010-09-07,-0.48856991339937966
2010-09-08,-0.5001164808534612
2010-09-09,-0.551671123507783
2010-09-12,-0.6217420245193201
2010-09-13,-0.4401090364860253
2010-09-14,-0.5573696960661682
2010-09-15,-0.6589956010355017
2010-09-16,-0.46085446459830737
2010-09-19,-0.5753490670966315
2010-09-20,-0.6745777225951006
2010-09-21,-0.27123728426120836
2010-09-22,-0.411014177471081
2010-09-23,-0.5321541515862415
2010-09-26,-0.35554161035680715
2010-09-27,-0.4679205199376762
2010-09-28,-0.5376171632229036
2010-09-29,-0.4687616662075675
2010-09-30,-0.28444404954591673
2010-10-03,-0.4224600407176684
2010-10-04,-0.5420738997331638
2010-10-05,0.1482818907514555
2010-10-06,-0.04743089245993866
2010-10-07,-0.21704863790979284
2010-10-10,-0.022436939853658945
2010-10-11,-0.1953872123176689
2010-10-12,-0.024437513104104754
2010-10-13,-0.10940940546615321
2010-10-14,-0.2707633491818116
2010-10-17,-0.41060343373537495
2010-10-18,-0.531798173681791
2010-10-19,-0.6368336149686809
2010-10-20,-0.7278643307506489
2010-10-21,-0.8067576177616856
2010-10-24,-0.8751317998379156
2010-10-25,-0.7012611259568866
2010-10-26,-0.7837015069404227
2010-10-27,-0.8551498371261528
2010-10-28,-0.5523759694372219
2010-11-01,-0.5784970724901706
2010-11-02,-0.6773059939359339
2010-11-03,-0.7629403925222612
2010-11-04,-0.5117005340006539
2010-11-05,-0.16008366680539077
2010-11-08,-0.31468104234245775
2010-11-09,-0.44866543447458185
2010-11-10,-0.5647852409890888
2010-11-11,-0.6654224066349943
2010-11-12,-0.7526412835281122
2010-11-15,-0.8282309768354807
2010-11-16,-0.8937420443685333
2010-11-17,-0.9505183028971788
2010-11-18,-0.6419532426933221
2010-11-19,-0.41146140609637794
2010-11-22,-0.5325417497279775
2010-11-23,-0.6374780475420303
2010-11-24,-0.7284228389808761
2010-11-25,-0.49563452677385794
2010-11-26,-0.6054917876484599
2010-11-29,-0.7007014137397816
2010-11-30,-0.5847111392778465
2010-12-01,-0.5811306756409792
2010-12-02,-0.48108316625888964
2010-12-03,-0.37821791797827453
2010-12-06,-0.24290401666041084
2010-12-07,-0.16025498345759356
2010-12-08,-0.314829516774364
2010-12-09,-0.44879411231556515
2010-12-10,-0.5648967617846061
2010-12-13,-0.6031976317003068
2010-12-14,-0.39403061671856476
2010-12-15,-0.517435065600539
2010-12-16,-0.6243855879649165
2010-12-17,-0.5670429773880376
2010-12-20,-0.6673791115140821
2010-12-21,-0.5812220213933107
2010-12-22,-0.3842178916807675
2010-12-23,-0.5089307039011148
2010-12-24,-0.5062214944195456
2010-12-27,-0.6146671596080556
2010-12-28,-0.5840105501898232
2010-12-29,-0.6820843412756297
2010-12-30,-0.45547449542931157
2010-12-31,-0.44835177554197836
2011-01-03,-0.5645134032474975
2011-01-04,-0.3951272999988049
2011-01-05,-0.5183855244434138
2011-01-06,-0.6252093189620749
2011-01-07,-0.7177899408782478
2011-01-10,-0.7980264798722643
2011-01-11,-0.8675648136670787
2011-01-12,-0.8285787277520468
2011-01-13,-0.6562987282016788
2011-01-14,-0.7447340955525711
2011-01-17,-0.8213780805900112
2011-01-18,-0.7608518140671181
2011-01-19,-0.6853137066766123
2011-01-20,-0.7098671849137735
2011-01-21,-0.79116009136972
2011-01-24,-0.8616139436315402
2011-01-25,-0.7957228953697768
2011-01-26,-0.8655683737649228
2011-01-27,-0.8199238769156454
2011-01-28,-0.8865425577713423
2011-01-31,-0.9442787478462793
2011-02-01,-0.5926898098149367
2011-02-02,-0.5834291214923242
2011-02-03,-0.6815804364044639
2011-02-04,-0.7666449093283183
2011-02-07,-0.8403674525289919
2011-02-08,-0.9042603233029093
2011-02-09,-0.6387942092913546
2011-02-10,-0.7295635124969568
2011-02-11,-0.8082302419418121
2011-02-14,-0.7540734225194841
2011-02-15,-0.8294721639613355
2011-02-16,-0.894817739877607
2011-02-17,-0.9514505723383756
2011-02-18,-0.7974106747825002
2011-02-21,-0.8670311159226164
2011-02-22,-0.9273688315773838
2011-02-23,-0.8781006756339114
2011-02-24,-0.9369624499938395
2011-02-25,-0.9879759877724438
2011-02-28,-1.0067975098028306
2011-03-01,-1.0484997062735695
2011-03-02,-1.084641609881543
2011-03-03,-0.9728561326369751
2011-03-04,-0.7836473467423499
2011-03-07,-0.8551028982878194
2011-03-08,-0.9170310429605598
2011-03-09,-0.7629640140409217
2011-03-10,-0.837177343279915
2011-03-11,-0.9014955619537092
2011-03-14,-0.9572380181376641
2011-03-15,-1.005548146830425
2011-03-16,-1.0474169250308178
2011-03-17,-1.0837031994711583
2011-03-18,-1.1151513039861203
2011-03-21,-0.9531338480529448
2011-03-22,-1.0019911994236683
2011-03-23,-0.933540590539092
2011-03-24,-0.9226889499541895
2011-03-25,-0.931749802570478
2011-03-27,-0.9834583600055306
2011-03-28,-1.0282724431159094
2011-03-29,-0.36772642010366985
2011-03-30,-0.39307725235669255
2011-03-31,0.01658560844551274
2011-04-03,-0.16156767045833856
2011-04-04,-0.31596717884167635
2011-04-05,-0.3228290325518997
2011-04-06,-0.2526053403008826
2011-04-07,0.1406361332009426
2011-04-10,-0.007893196195630324
2011-04-11,-0.18278263448066254
2011-04-12,-0.334353480994357
2011-04-13,-0.4657148813062256
2011-04-14,-0.5795614282431785
2011-04-17,-0.6782284355885375
2011-04-18,-0.7637398419545153
2011-04-19,-0.43622275804207444
2011-04-20,-0.5424605832122481
2011-04-21,-0.6460743698950646
2011-04-24,-0.7358729850201723
2011-04-25,-0.813698451461932
2011-04-26,-0.7288059247783845
2011-04-27,-0.8075736659190496
2011-04-28,-0.8758390415742925
2011-05-01,-0.9350023671421697
2011-05-02,-0.9862772493009967
2011-05-03,-1.0307154805053134
2011-05-04,-1.069228614215721
2011-05-05,-0.8764029680055291
2011-05-08,-0.9354911033825749
2011-05-09,-0.9867008207093477
2011-05-10,-1.0310825757258841
2011-05-11,-1.0695467634068825
2011-05-12,-1.1028823927304143
2011-05-15,-1.1317732714774753
2011-05-16,-1.1568120330582614
2011-05-17,-0.7999673334026581
2011-05-18,-0.7192138234340804
2011-05-19,-0.7992605114206526
2011-05-22,-0.8686343076756817
2011-05-23,-0.9287582644300404
2011-05-24,-0.9808656936171511
2011-05-25,-0.9867860490258445
2011-05-26,-0.5002702163081573
2011-05-29,-0.49871573850564377
2011-05-30,-0.30578784359026173
2011-05-31,-0.30477413810573595
2011-06-01,-0.440079450802754
2011-06-02,0.27360829540387227
2011-06-05,0.061185324905573095
2011-06-06,0.3110272002022668
2011-06-07,0.09361504239751496
2011-06-08,-0.09480882769993648
2011-06-09,-0.25810951511772784
2011-06-12,-0.39963677754648025
2011-06-13,-0.41150009157886214
2011-06-14,-0.5325752771461301
2011-06-15,-0.6375071046377623
2011-06-16,-0.6038051692155743
2011-06-19,-0.6992396777646139
2011-06-20,-0.5972935072751057
2011-06-21,-0.6935962374162079
2011-06-22,-0.7770586035384964
2011-06-23,-0.8493926541778131
2011-06-26,-0.9120821647318875
2011-06-27,-0.6409567365823359
2011-06-28,-0.461378188888993
2011-06-29,-0.3542156680031646
2011-06-30,-0.3490531202373183
2011-07-03,-0.4784545686501255
2011-07-04,-0.5906024906078917
2011-07-05,-0.6877973563046224
2011-07-06,-0.5943014315976509
2011-07-07,-0.6148324730292081
2011-07-10,-0.7087966744030966
2011-07-11,-0.7902323155937998
2011-07-12,-0.6900029992361326
2011-07-13,-0.7739444637824312
2011-07-14,-0.8466937330558898
2011-07-17,-0.909743099759554
2011-07-18,-0.8305102277595224
2011-07-19,-0.8495533756947
2011-07-20,-0.6606275505762407
2011-07-21,-0.6769315114247908
2011-07-24,-0.4925563270857871
2011-07-25,-0.3512301084485163
2011-07-26,-0.48034129176649715
2011-07-27,-0.5922376506420803
2011-07-28,-0.594578255077848
2011-07-31,-0.6104559847645792
2011-08-01,-0.7050037179070848
2011-08-02,-0.7869450866305897
2011-08-03,-0.8579609395242941
2011-08-04,-0.919508012032171
2011-08-07,-0.9728488082056644
2011-08-08,-1.019077498222692
2011-08-09,-0.5282561389454251
2011-08-10,-0.6337638515304846
2011-08-11,-0.40205573278152007
2011-08-14,-0.1897010249970847
2011-08-15,0.07051035388263148
2011-08-16,-0.11483289107950218
2011-08-17,-0.27546370338001813
2011-08-18,-0.41467707404046533
2011-08-21,-0.5353286619461863
2011-08-22,-0.6398933714644778
2011-08-23,-0.7212833158187308
2011-08-24,-0.8010540714873495
2011-08-25,-0.8701887264001525
2011-08-28,-0.7454493494259059
2011-08-29,-0.5911778699068896
2011-08-30,-0.6882960183637538
2011-08-31,-0.7724650803597028
2011-09-01,-0.8454116007561919
2011-09-04,-0.9086319184331493
2011-09-05,-0.9634228604198456
2011-09-06,-1.0109083434749824
2011-09-07,-1.001282007367299
2011-09-08,-1.0437196041627752
2011-09-11,-1.0804988547188548
2011-09-12,-1.1123742052007903
2011-09-13,-1.1399995089518011
2011-09-14,-0.9585115522070642
2011-09-15,-1.0066518763572383
2011-09-18,-1.0483734906207227
2011-09-19,-1.0845322229824093
2011-09-20,-1.1158697910292041
2011-09-21,-1.1430290166697599
2011-09-22,-1.166567012224908
2011-09-25,-0.14596796921892047
2011-09-26,0.11995334042570673
2011-09-27,-0.07198230274217032
2011-09-28,-0.23832652682099711
2011-09-29,-0.3824915210226471
2011-10-02,-0.5074345159974104
2011-10-03,-0.6157184449755385
2011-10-04,0.30835211265986795
2011-10-05,0.7722159204454716
2011-10-06,1.5873991948246104
2011-10-09,1.596814671885701
2011-10-10,1.207964184523158
2011-10-11,0.8709604288089541
2011-10-12,0.9482026629873294
2011-10-13,1.0451525452671193
2011-10-16,0.729857008120387
2011-10-17,0.4566008759265527
2011-10-18,0.4713728008288449
2011-10-19,0.2325812296072161
2011-10-20,0.060251549154473956
2011-10-23,0.19249967822424474
2011-10-24,0.2817245127069757
2011-10-25,0.06821937990159614
2011-10-26,0.557176282467103
2011-10-27,1.0363357547268055
2011-10-31,1.1284591610292034
2011-11-01,0.8020560751141933
2011-11-02,0.5191734006545179
2011-11-03,0.5071367144698774
2011-11-04,0.2635766214294443
2011-11-07,0.0524912074610689
2011-11-08,0.017275377674083214
2011-11-09,-0.16096987046024414
2011-11-10,-0.31544908550999456
2011-11-11,-0.23005197938176591
2011-11-14,-0.30376601638957923
2011-11-15,-0.43920574531541834
2011-11-16,-0.5565868437178121
2011-11-17,-0.6583171289998867
2011-11-18,-0.7464833762443513
2011-11-21,-0.8228941238562206
2011-11-22,-0.8891167717865075
2011-11-23,-0.9465097333260893
2011-11-24,-0.9962502999937269
2011-11-25,-1.0393587911056796
2011-11-28,-0.4812036321794747
2011-11-29,-0.20059084679864375
2011-11-30,0.4788568845670344
2011-12-01,0.5045105474929946
2011-12-02,0.6606193785053626
2011-12-05,0.396594930260198
2011-12-06,0.16777374178105522
2011-12-07,-0.030537954900868365
2011-12-08,-0.20240809202520216
2011-12-09,-0.3513622108662915
2011-12-12,-0.48045578052856885
2011-12-13,-0.592336874235876
2011-12-14,-0.6893004887822087
2011-12-15,-0.5771385386216884
2011-12-16,-0.3783706723049617
2011-12-19,-0.5038631137754164
2011-12-20,-0.5064459849247398
2011-12-21,-0.6148617180458907
2011-12-22,-0.7088220200842216
2011-12-23,-0.42325032702715615
2011-12-26,-0.5427588145346515
2011-12-27,-0.1616106325571257
2011-12-28,-0.31600441266062523
2011-12-29,-0.44981235541699144
2011-12-30,-0.20108348528929504
2012-01-02,-0.3502142183618386
2012-01-03,0.07681558097838477
2012-01-04,0.26686839778870214
2012-01-05,0.05534408030575898
2012-01-06,-0.1279769948461252
2012-01-09,-0.28685525997775807
2012-01-10,0.5702848632539459
2012-01-11,0.3183050170423034
2012-01-12,0.45538543361382783
2012-01-13,0.541873647676884
2012-01-16,0.29368196354218296
2012-01-17,0.4017306402814585
2012-01-18,0.17222469046614763
2012-01-19,0.2249134400964941
2012-01-20,0.018983116972511985
2012-01-23,0.13134349295547365
2012-01-24,-0.062110837216372304
2012-01-25,0.0449046591756419
2012-01-26,0.1399596236891207
2012-01-27,-0.054643523913878375
2012-01-30,-0.22329958516981085
2012-01-31,-0.28868113751094704
2012-02-01,-0.42613218362060357
2012-02-02,-0.3190527281564325
2012-02-03,-0.30934576847521245
2012-02-06,-0.36325449637563356
2012-02-07,-0.4907624279699987
2012-02-08,-0.4604690426207082
2012-02-09,-0.4734541918714541
2012-02-10,-0.586268830733043
2012-02-13,-0.6171036895081473
2012-02-14,-0.7107650620181771
2012-02-15,-0.7919382515268697
2012-02-16,-0.86228834910107
2012-02-17,-0.5562544788417582
2012-02-20,-0.6580290794406399
2012-02-21,-0.746233733293004
2012-02-22,-0.709575918918778
2012-02-23,-0.4308283089383046
2012-02-24,-0.5493263988576468
2012-02-27,-0.6520247434544101
2012-02-28,-0.5379082897497302
2012-02-29,-0.6421290488942156
2012-03-01,-0.7324537068194363
2012-03-02,-0.8107350770212944
2012-03-05,-0.8785789311962381
2012-03-06,-0.9373769381478559
2012-03-07,-0.44821618298563437
2012-03-08,-0.5643958896986662
2012-03-09,-0.6650849688499602
2012-03-12,-0.7523488374477483
2012-03-13,-0.8279775235658314
2012-03-14,-0.8265845566299024
2012-03-15,-0.8484593283560959
2012-03-16,-0.7820140278239918
2012-03-19,-0.8536873552252424
2012-03-20,-0.9158042389729929
2012-03-21,-0.8496124209202354
2012-03-22,-0.9122726292419869
2012-03-23,-0.7703810603534963
2012-03-25,-0.552772127393728
2012-03-26,-0.6550110415190139
2012-03-27,-0.7089950858215919
2012-03-28,-0.7904042721564958
2012-03-29,-0.7801718662327457
2012-04-01,-0.8520908151794958
2012-04-02,-0.7759285125093389
2012-04-03,-0.8484132419525431
2012-04-04,-0.9112333408033203
2012-04-05,-0.9656774264739939
2012-04-08,-1.0128623007219109
2012-04-09,-0.4997876247074111
2012-04-10,-0.6090911391908725
2012-04-11,-0.7038208517432057
2012-04-12,-0.5966474561090854
2012-04-15,-0.693036326405657
2012-04-16,-0.7765733473293521
2012-04-17,-0.8489720987965549
2012-04-18,-0.9117176834014638
2012-04-19,-0.9660971900590515
2012-04-22,-0.8031798072192147
2012-04-23,-0.8720310307011022
2012-04-24,-0.9317020910520716
2012-04-25,-0.7779871233606368
2012-04-26,-0.8501973713570015
2012-04-29,-0.9127795862871841
2012-04-30,-0.9670175058933426
2012-05-01,-0.8662988405664015
2012-05-02,-0.9267341929353308
2012-05-03,-0.6351895532354547
2012-05-06,-0.7264394772485103
2012-05-07,-0.8055227447264918
2012-05-08,-0.8740615765407423
2012-05-09,-0.9334618974464263
2012-05-10,-0.6133218187936006
2012-05-13,-0.7074874407322367
2012-05-14,-0.7890976464123881
2012-05-15,-0.859826491335186
2012-05-16,-0.8934264119168124
2012-05-17,-0.9502447547723536
2012-05-20,-0.9994873185804893
2012-05-21,-1.042164207214207
2012-05-22,-1.0791508440300956
2012-05-23,0.0452027585699255
2012-05-24,0.4056610884768477
2012-05-27,0.7295993125981797
2012-05-28,0.4563775398073059
2012-05-29,0.21958533672188224
2012-05-30,0.014365427381181722
2012-05-31,-0.16349182738075885
2012-06-03,-0.317634781507774
2012-06-04,-0.451225341751187
2012-06-05,-0.34772473479079935
2012-06-06,-0.4773033012631424
2012-06-07,-0.20875156487316032
2012-06-10,-0.10526598119756787
2012-06-11,-0.2671723814823418
2012-06-12,-0.40749126172914585
2012-06-13,-0.5291009579430426
2012-06-14,-0.23056085759174177
2012-06-17,-0.28112503443421616
2012-06-18,-0.41958356095410354
2012-06-19,0.007462680170160657
2012-06-20,-0.16947420829697699
2012-06-21,-0.3228195116351629
2012-06-24,-0.45571877452825743
2012-06-25,-0.4416388811732037
2012-06-26,-0.5586955614612261
2012-06-27,-0.6601446843775122
2012-06-28,0.42219063611123037
2012-07-01,0.7854725380751804
2012-07-02,0.6294438544689812
2012-07-03,0.36957614276200085
2012-07-04,0.14435745928261803
2012-07-05,0.10843380078809671
2012-07-08,-0.08196590376143231
2012-07-09,-0.24697898103769078
2012-07-10,-0.38999031467711487
2012-07-11,-0.513933470497949
2012-07-12,-0.6213508722093387
2012-07-15,-0.714445953692543
2012-07-16,-0.6681773040893125
2012-07-17,-0.5495989746595842
2012-07-18,-0.3452702463095387
2012-07-19,-0.23050677469696718
2012-07-22,-0.3757144025151545
2012-07-23,-0.5015610132909168
2012-07-24,-0.610628075963244
2012-07-25,-0.3450735117101752
2012-07-26,-0.35497912395913167
2012-07-29,-0.25046214019528557
2012-07-30,-0.39300905261369706
2012-07-31,-0.516549710042987
2012-08-01,-0.38587357952049384
2012-08-02,-0.4041883885704739
2012-08-05,-0.27926096368271636
2012-08-06,-0.41796803296947044
2012-08-07,-0.48278400298171703
2012-08-08,-0.5943546670286043
2012-08-09,-0.6887410415621785
2012-08-12,-0.403538611334319
2012-08-13,-0.5256753276008593
2012-08-14,-0.6315271483651943
2012-08-15,-0.619396349209609
2012-08-16,-0.6250403967575775
2012-08-19,-0.6645549192384815
2012-08-20,-0.7518894611178002
2012-08-21,-0.8160383925445388
2012-08-22,-0.8831751379830497
2012-08-23,-0.7959436560178862
2012-08-26,-0.8496022928438135
2012-08-27,-0.9122638515757546
2012-08-28,-0.9665705358101034
2012-08-29,-1.013636328813206
2012-08-30,-0.8143737814809452
2012-09-02,-0.6601451815828617
2012-09-03,-0.7480676884829298
2012-09-04,-0.8242671944629887
2012-09-05,-0.8095197322316959
2012-09-06,-0.6051579174780385
2012-09-09,-0.340332707689669
2012-09-10,-0.47089687777549594
2012-09-11,-0.4547932373208052
2012-09-12,-0.570096003455814
2012-09-13,-0.5223002051205436
2012-09-16,-0.6286020422155874
2012-09-17,-0.7207303010312919
2012-09-18,-0.5582136897628918
2012-09-19,-0.6597270622389558
2012-09-20,-0.7477053183848779
2012-09-23,-0.5331198176875972
2012-09-24,-0.6379790397737004
2012-09-25,-0.7288570322483232
2012-09-26,-0.8076179590596632
2012-09-27,-0.8758774289628243
2012-09-30,-0.6026546959946097
2012-10-01,-0.6982426009731114
2012-10-02,-0.7626198441646139
2012-10-03,-0.7745576364296365
2012-10-04,-0.7641299142957293
2012-10-07,-0.838187790167415
2012-10-08,-0.9023712825895426
2012-10-09,-0.8056557117556417
2012-10-10,-0.8741768146326723
2012-10-11,-0.9335617704594322
2012-10-14,-0.9850287321759575
2012-10-15,-0.8842167709850728
2012-10-16,-0.8637842328579072
2012-10-17,-0.9153220623597029
2012-10-18,-0.8353453286796567
2012-10-21,-0.8999078159668187
2012-10-22,-0.845068324876489
2012-10-23,-0.9083344126707399
2012-10-24,-0.9123846006702938
2012-10-25,-0.9666751850253706
2012-10-29,-1.013727024799771
2012-10-30,-1.0545052859375843
2012-10-31,-0.6466718586335418
2012-11-01,-0.736390808593519
2012-11-02,-0.8002980260497566
2012-11-05,-0.5394607477770227
2012-11-06,-0.6434745125178692
2012-11-07,-0.6989967606872667
2012-11-08,-0.7817390570400805
2012-11-09,-0.8534490472125192
2012-11-12,-0.70555141675222
2012-11-13,-0.7874197589630402
2012-11-14,-0.7383458715782814
2012-11-15,-0.8158416198122935
2012-11-16,-0.883004601615104
2012-11-19,-0.9412125191775396
2012-11-20,-0.9916593810649839
2012-11-21,-1.035379994700769
2012-11-22,-1.0732711931851158
2012-11-23,-1.10611023187155
2012-11-26,-0.5044318662372209
2012-11-27,-0.6131161485167077
2012-11-28,-0.7073091931589296
2012-11-29,-0.7889431651821884
2012-11-30,-0.8596926076023462
2012-12-03,-0.9210087910331495
2012-12-04,-0.7987262093361026
2012-12-05,-0.8681712458690719
2012-12-06,-0.32822469102694335
2012-12-07,-0.33576041075286445
2012-12-10,-0.4669342204302654
2012-12-11,-0.43058512552467326
2012-12-12,-0.5491156398991662
2012-12-13,-0.5872124584258643
2012-12-14,-0.6848593284135318
2012-12-17,-0.7694866157361772
2012-12-18,-0.8428302647491364
2012-12-19,-0.4701447765247481
2012-12-20,-0.21870491691601246
2012-12-21,-0.36548612577166023
2012-12-24,-0.4926965067798884
2012-12-25,-0.6029455036536862
2012-12-26,0.14861512308253516
2012-12-27,0.2967798539800293
2012-12-28,0.09050014623317529
2012-12-31,-0.09750840437569767
2013-01-01,-0.26044914823672083
2013-01-02,-0.2054673768156042
2013-01-03,-0.19705592480409556
2013-01-04,-0.32594985717772856
2013-01-07,-0.16759841797473457
2013-01-08,-0.06959992055227582
2013-01-09,-0.23626179558975513
2013-01-10,-0.17988860257409053
2013-01-11,-0.31337971221879585
2013-01-14,-0.3667505809533955
2013-01-15,-0.49379236793739234
2013-01-16,-0.6038952499901896
2013-01-17,-0.6993177477692806
2013-01-18,-0.7820172458444926
2013-01-21,-0.8121425266491354
2013-01-22,-0.8797987208737004
2013-01-23,-0.6152859528789685
2013-01-24,-0.573005832822615
2013-01-25,-0.6725469195573825
2013-01-28,-0.25562804912029363
2013-01-29,0.2765085106481319
2013-01-30,0.06369884478393147
2013-01-31,0.20472013833137376
2013-02-01,0.001482255442741075
2013-02-04,-0.10771941482246775
2013-02-05,-0.26929869062392164
2013-02-06,-0.38163565130037813
2013-02-07,-0.33126948823436736
2013-02-08,0.05168672956165716
2013-02-11,-0.13114669882434674
2013-02-12,-0.2896023367588833
2013-02-13,-0.4269305563021485
2013-02-14,-0.474394116387239
2013-02-15,-0.5847752310063236
2013-02-18,-0.68274706464993
2013-02-19,-0.5922327131373123
2013-02-20,-0.4999377359839779
2013-02-21,-0.6092212356305637
2013-02-22,-0.7039336019909382
2013-02-25,-0.739853633361927
2013-02-26,-0.8171483466914529
2013-02-27,-0.8841370982437087
2013-02-28,-0.745996933488322
2013-03-01,-0.8224725401343285
2013-03-04,-0.6025344784845875
2013-03-05,-0.35190826640440537
2013-03-06,-0.4809290286616008
2013-03-07,-0.5927470226178368
2013-03-08,-0.41267183386522743
2013-03-11,-0.16427863133029477
2013-03-12,-0.31831667826403837
2013-03-13,-0.4518163189399494
2013-03-14,-0.5675160075257392
2013-03-15,-0.6677890709667568
2013-03-18,-0.7546923926156387
2013-03-19,-0.4653128508614509
2013-03-20,-0.5792130018577072
2013-03-21,-0.6779264660544624
2013-03-22,-0.7634781350249836
2013-03-25,-0.5237075823716903
2013-03-26,-0.6298217691665813
2013-03-27,-0.7217873977221533
2013-03-28,-0.5475888353596388
2013-03-29,-0.6505188550894698
2013-03-31,-0.6427804312918524
2013-04-01,-0.4306439106716374
2013-04-02,-0.5491665870265352
2013-04-03,-0.6518862398674468
2013-04-04,-0.2861943471707463
2013-04-07,-0.08236322121321456
2013-04-08,-0.2473233228292356
2013-04-09,-0.17331785269884123
2013-04-10,-0.12072078345450392
2013-04-11,-0.28056654343835297
2013-04-14,-0.22751885460447485
2013-04-15,-0.37312487176832776
2013-04-16,-0.2661884549632555
2013-04-17,-0.4066385254126043
2013-04-18,-0.5283619198020401
2013-04-21,-0.6338555282728842
2013-04-22,-0.7252833222809493
2013-04-23,-0.8045207437546055
2013-04-24,-0.6308320734564301
2013-04-25,-0.528774112979747
2013-04-28,-0.5695831350956906
2013-04-29,-0.6695805815273814
2013-04-30,-0.6154447757037732
2013-05-01,-0.7093273367210531
2013-05-02,-0.7906922229360287
2013-05-05,-0.8612084576556744
2013-05-06,-0.8692339053501603
2013-05-07,-0.9292779157479218
2013-05-08,-0.9697750532239826
2013-05-09,-1.0164135772385678
2013-05-12,-1.0568336313845417
2013-05-13,-0.8887426592891774
2013-05-14,-0.94618550249507
2013-05-15,-0.9959692999401768
2013-05-16,-1.0391152577259362
2013-05-19,-1.076508421140261
2013-05-20,-1.1089158294326755
2013-05-21,-1.0562152158720912
2013-05-22,-1.0913283848669286
2013-05-23,-1.0040415483353897
2013-05-26,-0.866071530383911
2013-05-27,-0.9265371907771724
2013-05-28,-0.978940763117999
2013-05-29,-1.0243571924800485
2013-05-30,-1.0637180979271583
2013-06-02,-1.0978308826479868
2013-06-03,-0.8227127675398925
2013-06-04,-0.42501120059192815
2013-06-05,-0.5442849049574539
2013-06-06,-0.6476554487409096
2013-06-09,-0.7372432533532378
2013-06-10,-0.8148860173505891
2013-06-11,-0.8821764128149601
2013-06-12,-0.9404947555507482
2013-06-13,-0.28241962031893086
2013-06-16,-0.42070553538752287
2013-06-17,-0.5405533284469694
2013-06-18,-0.6444214157651563
2013-06-19,-0.7344404247742516
2013-06-20,-0.8124568992488012
2013-06-23,-0.5638476437252604
2013-06-24,-0.09448418182750984
2013-06-25,0.08840199069839526
2013-06-26,0.29537556066923837
2013-06-27,0.08005028813555702
2013-06-30,-0.10656494806030027
2013-07-01,-0.26829815276337654
2013-07-02,-0.40846693017270913
2013-07-03,-0.5299465372607974
2013-07-04,-0.3005397222124585
2013-07-07,-0.4364096236952469
2013-07-08,-0.5541635383136635
2013-07-09,-0.6562169309829579
2013-07-10,-0.7446632046296796
2013-07-11,-0.821316641790172
2013-07-14,-0.6869361359477851
2013-07-15,0.15199387389418328
2013-07-16,-0.044213840402824035
2013-07-17,0.2543042715409977
2013-07-18,0.10216019523441668
2013-07-21,-0.08740302857462177
2013-07-22,0.08530618628929879
2013-07-23,0.23037110389056345
2013-07-24,0.023713092260705403
2013-07-25,-0.1553905178185049
2013-07-28,-0.3106136465538204
2013-07-29,-0.4451403581244272
2013-07-30,-0.5617301748189533
2013-07-31,-0.5981450553563464
2013-08-01,-0.6943342457532831
2013-08-04,-0.07831331572272705
2013-08-05,-0.24381340473747973
2013-08-06,-0.24644655581919184
2013-08-07,-0.1794825908780131
2013-08-08,-0.11683075264818175
2013-08-11,0.039028349995276324
2013-08-12,-0.1421172944485435
2013-08-13,-0.29911018629985403
2013-08-14,-0.4351706925709897
2013-08-15,-0.5530897980059739
2013-08-18,-0.6552863560496269
2013-08-19,-0.7438567063541263
2013-08-20,-0.8206176766180258
2013-08-21,-0.8871438508467384
2013-08-22,0.571688171231254
2013-08-25,1.0881521415425444
2013-08-26,0.7671233248924223
2013-08-27,1.3152342990588917
2013-08-28,0.96392786140659
2013-08-29,0.6594622821079287
2013-09-01,0.3955921133824219
2013-09-02,0.1669046338203159
2013-09-03,0.43034901294651395
2013-09-04,0.7625365186738846
2013-09-05,1.2397048368170915
2013-09-08,0.8984689941303631
2013-09-09,1.015899238100153
2013-09-10,0.7045041419090166
2013-09-11,0.5985106610117702
2013-09-12,0.3935477965212252
2013-09-15,0.43519240646742174
2013-09-16,0.20122488782731587
2013-09-17,0.31236837076696894
2013-09-18,1.7059016698862002
2013-09-19,1.3025062494569237
2013-09-22,0.9528968850848842
2013-09-23,0.8599483912388628
2013-09-24,0.5693467412958982
2013-09-25,0.3174919780119958
2013-09-26,0.09921784983261348
2013-09-29,0.08547021274755845
2013-09-30,0.43132674486919154
2013-10-01,0.19787464777551642
2013-10-02,0.5564423335782304
2013-10-03,0.30630815799001687
2013-10-06,0.08952520581356498
2013-10-07,-0.09835335273935997
2013-10-08,-0.26118143681856154
2013-10-09,0.010868864611084869
2013-10-10,0.06891431753929675
2013-10-13,-0.11621612257705911
2013-10-14,-0.27666250401123405
2013-10-15,-0.22413535376763835
2013-10-16,-0.37019250437640283
2013-10-17,-0.2405650601529219
2013-10-20,-0.3844315832436485
2013-10-21,-0.5091159032556116
2013-10-22,-0.6171756472659797
2013-10-23,-0.7108274254082987
2013-10-24,-0.7919922997983082
2013-10-28,-0.6061248828519067
2013-10-29,-0.6597024787222275
2013-10-30,-0.74768401267038
2013-10-31,-0.8239346754254457
2013-11-01,-0.8900185831465025
2013-11-04,-0.9472913031714184
2013-11-05,-0.9969276605263454
2013-11-06,-1.0399458369006156
2013-11-07,-1.077228256424983
2013-11-08,-1.109539686679435
2013-11-11,-1.0521394902051597
2013-11-12,-1.0877960892889214
2013-11-13,-0.7170715057318982
2013-11-14,-0.7974038360787613
2013-11-15,-0.6015820770666999
2013-11-18,0.048235916613642134
2013-11-19,0.22363374754939822
2013-11-20,0.017874050098362248
2013-11-21,-0.1604510210258689
2013-11-22,-0.3149994160002025
2013-11-25,-0.11425221711994289
2013-11-26,-0.27496045261506685
2013-11-27,-0.4142409233775076
2013-11-28,-0.5349506647049562
2013-11-29,-0.424903083298199
2013-12-02,-0.5441912033028887
2013-12-03,-0.6475742406402865
2013-12-04,-0.7371728729993644
2013-12-05,-0.8148250210438988
2013-12-06,-0.2381354776775342
2013-12-09,0.3147507489691939
2013-12-10,0.24918338226191922
2013-12-11,0.040017066849213724
2013-12-12,-0.14126040650846436
2013-12-13,-0.15756729068737846
2013-12-16,-0.0262832622972307
2013-12-17,-0.19872069176871615
2013-12-18,-0.045792136418252825
2013-12-19,-0.215628382673602
2013-12-20,-0.36281979609490467
2013-12-23,-0.49038568772670027
2013-12-24,-0.27779465748491206
2013-12-25,-0.41669723426470656
2013-12-26,-0.5370794674738619
2013-12-27,-0.251324771694174
2013-12-30,0.23176579730236155
2013-12-31,0.024921826550930403
2014-01-01,-0.15434294810030985
2014-01-02,-0.3097057527980514
2014-01-03,-0.44435351686942737
2014-01-06,-0.5610482457312866
2014-01-07,-0.2928715216142127
2014-01-08,-0.4297638498434339
2014-01-09,-0.5484038676420923
2014-01-10,-0.32576887910451346
2014-01-13,0.08646053679940066
2014-01-14,-0.10100939921830224
2014-01-15,0.0989042091091692
2014-01-16,-0.09022488321650297
2014-01-17,-0.25413676323208545
2014-01-20,0.15315810583630454
2014-01-21,-0.04320483938631891
2014-01-22,-0.1764548429995282
2014-01-23,-0.32886939504404067
2014-01-24,-0.46096200681595145
2014-01-27,-0.46926502555987026
2014-01-28,-0.5826382199296705
2014-01-29,-0.6808949883834973
2014-01-30,-0.4336699141592031
2014-01-31,-0.08091612474080281
2014-02-03,-0.2460691725531453
2014-02-04,-0.3892018139905089
2014-02-05,-0.056226310437000444
2014-02-06,0.026922572647093787
2014-02-07,0.08975213409170933
2014-02-10,-0.09815668156496811
2014-02-11,-0.26101098846742193
2014-02-12,-0.40215138778288195
2014-02-13,-0.5244730671896138
2014-02-14,0.19123435730699415
2014-02-17,-0.010205421445054694
2014-02-18,-0.1847865630301636
2014-02-19,-0.33609021907059133
2014-02-20,0.02904315504706421
2014-02-21,0.13544579067261953
2014-02-24,0.48387171629917736
2014-02-25,0.34959086780658494
2014-02-26,0.12703688765459079
2014-02-27,-0.06584322847713764
2014-02-28,0.15477176779591525
2014-03-03,-0.041806332354656334
2014-03-04,-0.21217401915181838
2014-03-05,-0.2767307793216202
2014-03-06,0.15665863496270635
2014-03-07,-0.04017104747677069
2014-03-10,-0.2107567722576508
2014-03-11,-0.35859773373441356
2014-03-12,-0.4867265670142746
2014-03-13,-0.1776789786373285
2014-03-14,-0.3299303125968009
2014-03-17,0.09901136792221202
2014-03-18,-0.09013201224519915
2014-03-19,0.05755085639706141
2014-03-20,-0.12606445556699636
2014-03-21,0.09334723375644849
2014-03-24,-0.09504092852219422
2014-03-25,-0.015949566921673722
2014-03-26,0.06182908369371045
2014-03-27,0.5424052218586644
2014-03-28,0.6172907974890809
2014-03-30,0.35904349337942065
2014-03-31,0.13522916315104822
2014-04-01,0.09128980691246508
2014-04-02,-0.09682403178697979
2014-04-03,0.17408575773539298
2014-04-06,0.40194963906691106
2014-04-07,0.7610057377155606
2014-04-08,0.6243967009734432
2014-04-09,0.7068156871784217
2014-04-10,0.43663173111018233
2014-04-13,0.20247230251770817
2014-04-14,-0.00046586892910244795
2014-04-15,-0.1763456175163384
2014-04-16,-0.3287747329586095
2014-04-17,-0.46087996634191114
2014-04-20,-0.5753711686074393
2014-04-21,-0.6745968772375637
2014-04-22,-0.7605924913836714
2014-04-23,-0.5165902892684099
2014-04-24,-0.30973811604932644
2014-04-27,-0.44438156502053244
2014-04-28,-0.014028923354087862
2014-04-29,-0.18810026468465904
2014-04-30,-0.1912372315188759
2014-05-01,-0.34168079842747545
2014-05-04,-0.25047792960318804
2014-05-05,-0.3930227367672124
2014-05-06,-0.1726396245564186
2014-05-07,-0.11320838280986119
2014-05-08,-0.27405579621299603
2014-05-11,-0.3419026576433017
2014-05-12,-0.467641099121178
2014-05-13,-0.5812308170161371
2014-05-14,-0.41423212721241526
2014-05-15,-0.5349430413618761
2014-05-18,-0.5726213387197974
2014-05-19,-0.4506263978565336
2014-05-20,-0.5664847425867785
2014-05-21,-0.4453080145412403
2014-05-22,-0.5618754770468579
2014-05-25,-0.662900611218393
2014-05-26,-0.7504557275003902
2014-05-27,-0.8263368282781212
2014-05-28,-0.781306802212951
2014-05-29,-0.8530744263623403
2014-06-01,-0.915273033958478
2014-06-02,-0.9691784938751304
2014-06-03,-1.0158965591362292
2014-06-04,-0.9963723237121186
2014-06-05,-0.5224275268786555
2014-06-08,-0.2940232465479354
2014-06-09,-0.17455170336825016
2014-06-10,-0.1679541401759939
2014-06-11,-0.32150211926364425
2014-06-12,-0.45457703447294123
2014-06-15,-0.4568067799413902
2014-06-16,-0.5718410737269877
2014-06-17,-0.6715374616745055
2014-06-18,0.15841478867648756
2014-06-19,-0.03864904759149362
2014-06-22,-0.20943770569041062
2014-06-23,-0.09201143073012935
2014-06-24,-0.17951447227736117
2014-06-25,-0.16994700559015188
2014-06-26,-0.06932716217856588
2014-06-29,-0.0975333465752049
2014-06-30,-0.26047076480962716
2014-07-01,-0.15008928780918268
2014-07-02,-0.30601924721240786
2014-07-03,-0.09492839930185996
2014-07-06,-0.25821314383939487
2014-07-07,-0.3997265891052585
2014-07-08,-0.2638530659441918
2014-07-09,-0.4046145215960824
2014-07-10,-0.5266077831610544
2014-07-13,-0.6023286638588266
2014-07-14,-0.4325169278094232
2014-07-15,-0.5507898685459497
2014-07-16,-0.6532930838509393
2014-07-17,-0.7421292037819303
2014-07-20,-0.3736377197915598
2014-07-21,-0.3912757758316696
2014-07-22,-0.33269965990694866
2014-07-23,-0.4642815696971385
2014-07-24,-0.5783192248486363
2014-07-27,-0.6771518593132677
2014-07-28,-0.5712261283627446
2014-07-29,-0.6710045090254949
2014-07-30,-0.7574791055998784
2014-07-31,-0.8324237559643443
2014-08-03,-0.763500129803679
2014-08-04,-0.8376419769409715
2014-08-05,-0.9018982444599581
2014-08-06,-0.7983211424554743
2014-08-07,-0.8678201879058607
2014-08-10,-0.5979799547189796
2014-08-11,-0.55569910011023
2014-08-12,-0.6575477512066489
2014-08-13,-0.7458165821568786
2014-08-14,-0.5037845012718662
2014-08-17,-0.4579056336399175
2014-08-18,-0.528937595098109
2014-08-19,-0.35967853098853503
2014-08-20,-0.48766325796784654
2014-08-21,-0.5985833546832499
2014-08-24,-0.6947141051699328
2014-08-25,-0.7780274222583913
2014-08-26,-0.2916476614248945
2014-08-27,-0.3479161369320245
2014-08-28,-0.0712258117417774
2014-08-31,-0.1291854555218581
2014-09-01,-0.28790259256339323
2014-09-02,-0.3331294057167293
2014-09-03,-0.42310639853840726
2014-09-04,-0.5426340765110691
2014-09-07,-0.6462247307540427
2014-09-08,-0.73600329776462
2014-09-09,-0.8138113891737867
2014-09-10,-0.8812450683950649
2014-09-11,-0.9396875903868391
2014-09-14,-0.9903377761130435
2014-09-15,-1.0319264027686925
2014-09-16,-1.0702780801773164
2014-09-17,-1.1035162005981236
2014-09-18,-1.13232257162949
2014-09-21,-1.1572880931900076
2014-09-22,-1.1789248785424562
2014-09-23,-1.197676759181245
2014-09-24,-0.5260844988956317
2014-09-25,-0.6318817634873304
2014-09-28,-0.7235727261334692
2014-09-29,-0.8030382270934562
2014-09-30,-0.8719083279254448
2014-10-01,-0.9315957486465019
2014-10-02,-0.9833248466047512
2014-10-05,1.3215918597587466
2014-10-06,0.9694377473464639
2014-10-07,0.957379040253304
2014-10-08,1.0184823909582992
2014-10-09,0.7067428743860765
2014-10-12,0.43656862669014995
2014-10-13,0.20241761202034703
2014-10-14,-0.0005132673601488507
2014-10-15,-0.17638669615657857
2014-10-16,-0.15800346239054086
2014-10-19,-0.14899592938117948
2014-10-20,-0.30507166990813833
2014-10-21,-0.38494048832857286
2014-10-22,-0.5095569543292126
2014-10-23,-0.15360949580934924
2014-10-27,-0.30907009414588554
2014-10-28,-0.443802612704217
2014-10-29,0.6327691079654183
2014-10-30,1.081075728061757
2014-10-31,0.7609904332090732
2014-11-03,0.4835831776700808
2014-11-04,0.2431635562029539
2014-11-05,0.034799884264777085
2014-11-06,-0.14578196474830937
2014-11-07,-0.30228623389298437
2014-11-10,-0.05707010648568993
2014-11-11,-0.2254026233987143
2014-11-12,-0.3089693784325339
2014-11-13,-0.44371532575264566
2014-11-14,-0.5604951467634092
2014-11-17,-0.5232122665487254
2014-11-18,-0.629392495453345
2014-11-19,-0.37287701347025687
2014-11-20,-0.1344061889354532
2014-11-21,0.5385251223555331
2014-11-24,0.6670166669822256
2014-11-25,0.40213924694014586
2014-11-26,0.6503764177998376
2014-11-27,0.46619653075568185
2014-11-28,0.22809512887714112
2014-12-01,0.021740580582406084
2014-12-02,-0.1571000279396976
2014-12-03,-0.31209522199218737
2014-12-04,-0.4464243901710118
2014-12-05,-0.5628430025926598
2014-12-08,-0.6637391333580881
2014-12-09,-0.751182446688126
2014-12-10,-0.7484878184672198
2014-12-11,-0.8246313071160402
2014-12-12,-0.8906223306116844
2014-12-15,-0.9478145509745759
2014-12-16,-0.9973811419557487
2014-12-17,-1.0403388541394316
2014-12-18,-0.2766231334797851
2014-12-19,0.08519769783989617
2014-12-22,-0.10210385964987281
2014-12-23,-0.264431876141006
2014-12-24,-0.40511615709998805
2014-12-25,-0.5270425339311059
2014-12-26,-0.6327120605180746
2014-12-29,0.07203701904459124
2014-12-30,0.06422169370501088
2014-12-31,0.04359920590163177
2015-01-01,-0.1381558859963687
2015-01-02,-0.29567696564130236
2015-01-05,-0.43219523466691157
2015-01-06,-0.5505110678224396
2015-01-07,0.011710423878000947
2015-01-08,-0.13578621775831204
2015-01-09,0.46577486718998806
2015-01-12,0.33852333385941047
2015-01-13,0.11744502490037267
2015-01-14,0.5952221061852379
2015-01-15,0.5014913624107673
2015-01-16,0.25868398297821554
2015-01-19,0.3552416503098881
2015-01-20,0.1319342324907867
2015-01-21,0.6424024340362767
2015-01-22,1.2394576739491638
2015-01-23,0.8982547863114925
2015-01-26,0.6025456170255105
2015-01-27,0.6417140616155492
2015-01-28,0.7125912625066368
2015-01-29,0.4416372297279689
2015-01-30,0.20681040131979025
2015-02-02,0.0032938166993686777
2015-02-03,-0.1730872233049967
2015-02-04,-0.32595079130877996
2015-02-05,-0.45843255024539226
2015-02-06,-0.5732500746571229
2015-02-09,-0.672758595813956
2015-02-10,-0.758999314149878
2015-02-11,-0.8337412700410104
2015-02-12,-0.8985176318133253
2015-02-13,-0.39376430873209894
2015-02-16,-0.517204265345602
2015-02-17,-0.5849461445238353
2015-02-18,-0.6828951896984401
2015-02-19,-0.7677843621830975
2015-02-20,-0.8413549783364673
2015-02-23,-0.9051161790027213
2015-02-24,-0.8149592249016016
2015-02-25,-0.2982650130046063
2015-02-26,-0.4344382090484417
2015-02-27,-0.552454978953099
2015-03-02,-0.2023287886853784
2015-03-03,-0.3512934813051108
2015-03-04,-0.480396214908879
2015-03-05,-0.5922852506988113
2015-03-06,-0.6892557483834194
2015-03-09,-0.7732968463767463
2015-03-10,-0.8461324646376296
2015-03-11,-0.5514855162017144
2015-03-12,-0.5154039200619231
2015-03-13,-0.6226252618314497
2015-03-16,-0.7155504246983726
2015-03-17,-0.7960855658497057
2015-03-18,-0.8035612618900599
2015-03-19,-0.872361624749168
2015-03-20,-0.9319886058937286
2015-03-23,0.13350394840130744
2015-03-24,1.4862562099047645
2015-03-25,1.1121468508063461
2015-03-26,0.787918739587717
2015-03-27,0.5069210431982385
2015-03-29,0.26338970632735714
2015-03-30,1.3910857791379891
2015-03-31,1.7636737204557116
2015-04-01,1.387198374556503
2015-04-02,1.3217464514757327
2015-04-05,1.742819053035226
2015-04-06,1.3345013148527463
2015-04-07,1.926988340991976
2015-04-08,2.4774083125590494
2015-04-09,1.9711453397733931
2015-04-12,1.5323840966924909
2015-04-13,1.1521243526890423
2015-04-14,1.3257537201599412
2015-04-15,1.9978859253651502
2015-04-16,1.5555592708720136
2015-04-19,1.1722095036446287
2015-04-20,0.9553830874008987
2015-04-21,1.0490673787851565
2015-04-22,1.2502868819523059
2015-04-23,1.313883471291309
2015-04-26,2.2507332873512738
2015-04-27,2.183245223610809
2015-04-28,1.7162039960182511
2015-04-29,1.3114349321047014
2015-04-30,0.9606350767129584
2015-05-03,1.1320979359625367
2015-05-04,0.8052096800564156
2015-05-05,0.9789303177370008
2015-05-06,0.9494485277756317
2015-05-07,1.3947706417840682
2015-05-10,1.5568209794725678
2015-05-11,1.1733029844317757
2015-05-12,1.6187844502112634
2015-05-13,1.2270046590719785
2015-05-14,1.4206565983503556
2015-05-17,1.0552938541258585
2015-05-18,0.7386461424646279
2015-05-19,0.464218125691561
2015-05-20,0.9373064110647983
2015-05-21,0.6363903584783756
2015-05-24,0.37559644623680927
2015-05-25,0.14957505562745163
2015-05-26,-0.04631014956732476
2015-05-27,0.33789090629323
2015-05-28,0.11689692100968296
2015-05-31,-0.07463119956939096
2015-06-01,0.3964412313458348
2015-06-02,0.8785664359651795
2015-06-03,0.5854823800587059
2015-06-04,0.3314761982730954
2015-06-07,0.11133750739223298
2015-06-08,0.46759427273697546
2015-06-09,0.7186451116924173
2015-06-10,0.446883899022312
2015-06-11,0.49526623447743967
2015-06-14,0.25328887210266493
2015-06-15,0.043575158044526864
2015-06-16,0.5335097558839097
2015-06-17,1.135851215655513
2015-06-18,0.8084625224569948
2015-06-21,0.5247256550182791
2015-06-22,0.27882036990472553
2015-06-23,0.3773095875936631
2015-06-24,0.15105977813672522
2015-06-25,-0.04502339005928758
2015-06-28,-0.2149621358291654
2015-06-29,0.5194903898031126
2015-06-30,0.27428314005158116
2015-07-01,0.0617701902669208
2015-07-02,0.22382244651356858
2015-07-05,0.018037589200643307
2015-07-06,-0.16030928713722542
2015-07-07,-0.31487657996337826
2015-07-08,-0.4488349004127107
2015-07-09,0.2660202390752431
2015-07-12,0.7286036937509355
2015-07-13,1.247227604130267
2015-07-14,0.9049887258017817
2015-07-15,0.6083816979170943
2015-07-16,0.3513222737503654
2015-07-19,0.128537439472534
2015-07-20,0.013936082872018758
2015-07-21,-0.16386392595536664
2015-07-22,-0.3179572669391006
2015-07-23,-0.45150482912500334
2015-07-26,-0.5672460496861192
2015-07-27,-0.6675551075057529
2015-07-28,-0.4382660908812854
2015-07-29,-0.12413889445341016
2015-07-30,-0.28352890630407174
2015-08-02,-0.42166691657464506
2015-08-03,-0.5413865254758086
2015-08-04,-0.645143519856817
2015-08-05,-0.7350662483203576
2015-08-06,-0.8129992796554261
2015-08-09,-0.21116295776311092
2015-08-10,0.6197274516904971
2015-08-11,0.3611552603539815
2015-08-12,0.13705936119566778
2015-08-13,-0.05715708474153743
2015-08-16,-0.225478004553782
2015-08-17,-0.3713561350577272
2015-08-18,-0.4977838481611464
2015-08-19,-0.6073545328507766
2015-08-20,-0.3514692449076362
2015-08-23,-0.48054854336440084
2015-08-24,-0.5924172686935969
2015-08-25,-0.6893701639789002
2015-08-26,0.17989099559242008
2015-08-27,0.0676753020708527
2015-08-30,-0.11728993598304392
2015-08-31,-0.27759314229642085
2015-09-01,-0.4165225877680144
2015-09-02,-0.5369281071767286
2015-09-03,-0.20964597524279438
2015-09-06,-0.3576350429882047
2015-09-07,0.4050733408268777
2015-09-08,0.5328928485342022
2015-09-09,0.2858986042851922
2015-09-10,0.07183692593605051
2015-09-13,-0.11368319529987252
2015-09-14,0.8980987942855897
2015-09-15,0.6024104239363948
2015-09-16,0.3461471696337592
2015-09-17,0.1240523492381416
2015-09-20,-0.06842982843806003
2015-09-21,-0.2352477157574349
2015-09-22,-0.37982321810089303
2015-09-23,-0.5051219867985568
2015-09-24,5.4291558962309665
2015-09-27,4.529326578955722
2015-09-28,3.749474503983843
2015-09-29,5.868834084866079
2015-09-30,5.268152160034833
2015-10-01,4.38979000758574
2015-10-04,5.325070524490601
2015-10-05,5.745561007913869
2015-10-06,5.731441133855084
2015-10-07,4.791307118229956
2015-10-08,6.222403852130827
2015-10-11,5.2168081407356
2015-10-12,4.345291857526404
2015-10-13,3.589977745411767
2015-10-14,4.184108908368877
2015-10-15,3.4502858561419107
2015-10-18,2.814305877545207
2015-10-19,2.6555173949627466
2015-10-20,2.125506544523264
2015-10-21,1.6661638074757128
2015-10-22,2.207504565010675
2015-10-26,2.5912631188461757
2015-10-27,2.0698195052222363
2015-10-28,2.2180339599188468
2015-10-29,1.7463542341518838
2015-10-30,2.895600795757258
2015-11-02,2.3335788252118403
2015-11-03,3.1714004763288086
2015-11-04,3.295072119819084
2015-11-05,2.6797873060654234
2015-11-06,2.1465404674789172
2015-11-09,1.6843932073706118
2015-11-10,1.283865581943414
2015-11-11,2.4901608952291174
2015-11-12,1.9821975780874523
2015-11-13,1.5419627032313425
2015-11-16,1.1604258116893804
2015-11-17,1.600699630913316
2015-11-18,1.5321710843627077
2015-11-19,2.3914436648980937
2015-11-20,2.2244071834040424
2015-11-23,2.065793026933476
2015-11-24,1.61441209223123
2015-11-25,1.2232152821559494
2015-11-26,0.8841780467573731
2015-11-27,1.008130152324361
2015-11-30,0.6977709342366635
2015-12-01,0.4287929452273257
2015-12-02,0.19567868808589955
2015-12-03,1.5147507735870067
2015-12-04,2.267860616460344
2015-12-07,1.789537336487848
2015-12-08,1.3749904938450186
2015-12-09,1.5996914099091308
2015-12-10,1.2104573574767972
2015-12-11,0.8731211787021078
2015-12-14,0.5807631570973775
2015-12-15,0.5882129150718205
2015-12-16,0.3338426619511283
2015-12-17,1.1197640671276465
2015-12-18,0.7945203270661774
2015-12-21,0.512642419012904
2015-12-22,0.3214368544292693
2015-12-23,0.19496478167692186
2015-12-24,0.44081860191317357
2015-12-25,0.6700493196007292
2015-12-28,0.4047675458761824
2015-12-29,1.0773632560446949
2015-12-30,0.7577729574609527
2015-12-31,0.48079469868837615
2016-01-01,0.36769792797414036
2016-01-04,0.14272967313313867
2016-01-05,-0.052242814395729364
2016-01-06,-0.22121897025408163
2016-01-07,-0.3676649719979869
2016-01-08,-0.1206562824312302
2016-01-11,-0.05430694712563212
2016-01-12,-0.22300788528666413
2016-01-13,0.5702224312832923
2016-01-14,0.31825090933440386
2016-01-15,0.09987559031203369
2016-01-18,-0.08938301950735365
2016-01-19,0.10205580193745324
2016-01-20,-0.08749350276532342
2016-01-21,-0.2517695668410633
2016-01-22,-0.39414215570670447
2016-01-25,-0.24978041977052243
2016-01-26,0.35313068627033956
2016-01-27,0.7925584097846712
2016-01-28,0.5109420907022653
2016-01-29,0.9916497199164748
2016-02-01,1.579069870625077
2016-02-02,1.4280218560847666
2016-02-03,1.4356056352404996
2016-02-04,3.404149071515564
2016-02-05,2.7743206642023726
2016-02-08,2.2284693778642732
2016-02-09,1.7553982630379206
2016-02-10,1.3454032968550813
2016-02-11,0.9900743261632873
2016-02-12,0.6821225515637325
2016-02-15,0.415231013577452
2016-02-16,0.18392501398934216
2016-02-17,-0.016540185653686305
2016-02-18,-0.00792881508604001
2016-02-19,-0.18281350418568426
2016-02-22,1.5283379510641877
2016-02-23,1.2917261535159914
2016-02-24,0.9435541352694096
2016-02-25,1.4127441780160177
2016-02-26,1.0484364231694323
2016-02-29,0.7327030356357254
2016-03-01,0.4590674331065123
2016-03-02,2.0569363516992833
2016-03-03,2.9639584795835336
2016-03-04,6.586823320468279
2016-03-07,5.532638346628058
2016-03-08,4.619011369299868
2016-03-09,5.549119248687249
2016-03-10,5.632745839377756
2016-03-11,5.896802898796056
2016-03-14,5.262385186115622
2016-03-15,4.384791963522422
2016-03-16,3.624211170608316
2016-03-17,6.058030454885575
2016-03-18,5.607545621388806
2016-03-21,4.757793438585321
2016-03-22,4.284476457827906
2016-03-23,3.537271065673069
2016-03-24,2.8896930591388768
2016-03-25,2.880118819531543
2016-03-27,2.7079388760701053
2016-03-28,2.9765006346492804
2016-03-29,2.4798626510514605
2016-03-30,3.498993276771293
2016-03-31,2.8565189754240037
2016-04-03,2.417426163916762
2016-04-04,1.9191608109500777
2016-04-05,1.4873308383789514
2016-04-06,1.9855781635552245
2016-04-07,1.5448925439700785
2016-04-10,3.7112188819980068
2016-04-11,3.9429544140169424
2016-04-12,3.241285294370234
2016-04-13,2.633172057343087
2016-04-14,3.1286736166168048
2016-04-17,2.5355752699567815
2016-04-18,2.0215567028514276
2016-04-19,2.314698256288158
2016-04-20,1.8555201683830242
2016-04-21,1.4321756148208378
2016-04-24,1.0652770017336093
2016-04-25,1.0612135361524337
2016-04-26,0.9930622387175418
2016-04-27,1.4371855932145232
2016-04-28,2.2860408961656584
2016-05-01,2.0776612937996686
2016-05-02,1.6246979235152637
2016-05-03,1.2321296692687786
2016-05-04,1.3766260534058472
2016-05-05,1.0171340485072844
2016-05-08,0.7055743109285304
2016-05-09,0.6225201505660141
2016-05-10,0.8875372204169306
2016-05-11,0.5932570599168905
2016-05-12,0.33821425415018885
2016-05-15,0.11717715581904749
2016-05-16,0.2810746205536776
2016-05-17,0.06765614003540449
2016-05-18,-0.11730654308043247
2016-05-19,-0.27760753511415764
2016-05-22,0.11435116241530986
2016-05-23,-0.07683752368451435
2016-05-24,-0.24253438497102867
2016-05-25,-0.3861383314193412
2016-05-26,-0.5105950850078786
2016-05-29,-0.618457604784611
2016-05-30,-0.01255356021654465
2016-05-31,-0.18682161663212168
2016-06-01,-0.1462732513724076
2016-06-02,0.5813289573060407
2016-06-05,0.9257006174177494
2016-06-06,1.7850488927984527
2016-06-07,3.1968874795373647
2016-06-08,3.4002560909875714
2016-06-09,2.7709467477447784
2016-06-12,2.2255453169343586
2016-06-13,1.752864076898661
2016-06-14,1.3432070022010565
2016-06-15,0.988170870796466
2016-06-16,1.813799568348947
2016-06-19,2.515495233718688
2016-06-20,2.417321979076701
2016-06-21,1.919070517422025
2016-06-22,2.357444351085483
2016-06-23,1.8671765731629688
2016-06-26,1.4422778322967902
2016-06-27,2.382782208986294
2016-06-28,3.75877883873443
2016-06-29,3.875687597423034
2016-06-30,3.1829873866555127
2016-07-03,2.5826472039903288
2016-07-04,2.062352379013835
2016-07-05,1.611430197367541
2016-07-06,1.2206309732740859
2016-07-07,1.777520290201663
2016-07-10,1.5099923817422083
2016-07-11,1.444325331186138
2016-07-12,1.07580675591687
2016-07-13,2.2082824031618418
2016-07-14,1.7379028849624802
2016-07-17,1.3302406358563665
2016-07-18,1.2723830779356142
2016-07-19,0.9614131510390856
2016-07-20,0.6572828664560916
2016-07-21,0.39370328648416325
2016-07-24,0.442251767356506
2016-07-25,0.2073430005978558
2016-07-26,0.2968969264044998
2016-07-27,0.48530397550947185
2016-07-28,0.2446549143304262
2016-07-31,0.0360923946419199
2016-08-01,-0.050025549165042614
2016-08-02,-0.21929734038748655
2016-08-03,0.9381339907124648
2016-08-04,1.493450155428122
2016-08-07,1.5361659798390104
2016-08-08,1.5247141405467113
2016-08-09,1.4570841888167176
2016-08-10,1.296910721139785
2016-08-11,0.9480474272100309
2016-08-14,0.6456992391375771
2016-08-15,0.4229035593615866
2016-08-16,0.1905745536689254
2016-08-17,0.2615904636358332
2016-08-18,0.05076987070660605
2016-08-21,0.239679046939022
2016-08-22,0.4149413378757874
2016-08-23,0.18367396171456626
2016-08-24,0.25330174963498375
2016-08-25,0.6991153951128348
2016-08-28,0.42995814465334065
2016-08-29,0.9468538440518206
2016-08-30,0.6446648004004615
2016-08-31,0.7266895743222322
2016-09-01,0.4538557666348185
2016-09-04,0.21739979997239328
2016-09-05,0.6102953477285882
2016-09-06,1.4078286152498474
2016-09-07,1.2980783758827668
2016-09-08,0.9490593946539484
2016-09-11,0.6465762775889724
2016-09-12,0.924543270652955
2016-09-13,0.6253289701214446
2016-09-14,0.3660099096608022
2016-09-15,0.7621727858625515
2016-09-18,1.2809372192411337
2016-09-19,1.1027023966470715
2016-09-20,1.1375046969116933
2016-09-21,1.9478386195962771
2016-09-22,1.5121849392056572
2016-09-25,1.1346184162004531
2016-09-26,1.1305422325852976
2016-09-27,0.8038614037961415
2016-09-28,0.9592962038548976
2016-09-29,0.6554481788964617
2016-10-02,0.521372478461553
2016-10-03,0.7537118851183906
2016-10-04,0.4772751026581557
2016-10-05,0.5031396698386282
2016-10-06,0.8371627595157317
2016-10-09,0.5495991938025179
2016-10-10,0.3003774368510658
2016-10-11,0.19056249228487784
2016-10-12,-0.010787704464222189
2016-10-13,0.6802841568366024
2016-10-16,0.4136377381472724
2016-10-17,0.4133642726565367
2016-10-18,0.4592912887058962
2016-10-19,0.5452587220900049
2016-10-20,0.6313048358915703
2016-10-23,0.8051307763901362
2016-10-24,0.9326979150848848
2016-10-25,0.6323963286291173
2016-10-26,0.37213495370078525
2016-10-27,0.14657509542956434
2016-10-31,-0.0489101150721604
2016-11-01,-0.21833063084032198
2016-11-02,-0.3651617445060619
2016-11-03,-0.4924153763497033
2016-11-04,-0.602701857280859
2016-11-07,0.29424294461751493
2016-11-08,0.0790686875573968
2016-11-09,-0.10741566856137238
2016-11-10,-0.2690354438643057
2016-11-11,-0.4091059157935145
2016-11-14,-0.5305003247988288
2016-11-15,-0.6357088126034344
2016-11-16,0.018659412481815754
2016-11-17,0.4357454775963495
2016-11-18,0.30788146093079055
2016-11-21,0.8410540514922773
2016-11-22,0.7745589403272647
2016-11-23,0.49534255050584625
2016-11-24,0.2533550126606173
2016-11-25,0.043632479861418764
2016-11-28,-0.11504503882722135
2016-11-29,-0.04021106544055836
2016-11-30,-0.21079145449293346
2016-12-01,-0.3586277916716587
2016-12-02,-0.4867526172265538
2016-12-05,-0.5608629171277316
2016-12-06,-0.08035641390765738
2016-12-07,0.9708378233264456
2016-12-08,0.6654509157718032
2016-12-09,0.8531896534095372
2016-12-12,0.8774045009382277
2016-12-13,1.0207253537376342
2016-12-14,1.0664579263901914
2016-12-15,0.748321671760383
2016-12-16,0.5603152214164205
2016-12-19,0.3096646607831151
2016-12-20,0.5056021491992044
2016-12-21,0.8185230995312835
2016-12-22,0.7596485172418798
2016-12-23,1.7634717242539073
2016-12-26,1.3524002965756032
2016-12-27,0.9961383925877398
2016-12-28,0.9759031975149436
2016-12-29,0.9329758177407728
2016-12-30,0.6326371775975533
2017-01-02,0.3723436894734298
2017-01-03,0.14675599976585643
2017-01-04,0.6137003481474627
2017-01-05,0.7944899556260324
2017-01-06,0.7526689983663947
2017-01-09,0.47637126747309255
2017-01-10,0.62238279664572
2017-01-11,0.36345655931517445
2017-01-12,0.8707535289688673
2017-01-13,0.5787111939952354
2017-01-16,0.3256078370180879
2017-01-17,0.40631772088990603
2017-01-18,0.5916763355988283
2017-01-19,0.336844293074535
2017-01-20,0.45991180130642917
2017-01-23,0.8897184447634253
2017-01-24,0.595147454350519
2017-01-25,0.33985259599266676
2017-01-26,0.11859705208252844
2017-01-27,0.0237866882572127
2017-01-30,0.4401891166016933
2017-01-31,0.4986968936078358
2017-02-01,0.2562621100156745
2017-02-02,0.6601334232488926
2017-02-03,0.39617376903792423
2017-02-06,0.16740873538841802
2017-02-07,-0.03085429377448716
2017-02-08,-0.20268225238233845
2017-02-09,-0.28466198827087513
2017-02-10,-0.2956978673905337
2017-02-13,-0.4322133495162454
2017-02-14,-0.12581778819158038
2017-02-15,0.4790305747619547
2017-02-16,0.6269957306031287
2017-02-17,0.36745443541159517
2017-02-20,0.14251864624559968
2017-02-21,-0.052425704364929916
2017-02-22,0.02098362734795539
2017-02-23,0.3500481601451424
2017-02-24,0.12743320768134037
2017-02-27,-0.06549975112062136
2017-02-28,0.2058498695937032
2017-03-01,0.0024613558700932116
2017-03-02,0.4747957842620685
2017-03-03,0.235547815249343
2017-03-06,0.78990589677035
2017-03-07,0.5086432460898538
2017-03-08,0.26488228216675697
2017-03-09,0.05362278010007318
2017-03-10,-0.1294687883577195
2017-03-13,0.1619510421902228
2017-03-14,-0.035584294546256515
2017-03-15,-0.20678158638453856
2017-03-16,0.9258989677776776
2017-03-17,0.6265039076295378
2017-03-20,0.6301630998400978
2017-03-21,0.9564825360785946
2017-03-22,0.6530096668236658
2017-03-23,0.38999984680272753
2017-03-24,0.16205800278458096
2017-03-26,0.48616182469928393
2017-03-27,0.2453983836282631
2017-03-28,0.18676979799271776
2017-03-29,0.3990932681141934
2017-03-30,0.16993896792118454
2017-04-02,0.5322314110378094
2017-04-03,0.28532535845498525
2017-04-04,0.9669220906917758
2017-04-05,0.6620572808217562
2017-04-06,0.3978411122677394
2017-04-09,0.16885376618759124
2017-04-10,0.07426711006947202
2017-04-11,-0.11157703571757384
2017-04-12,0.045889772308864346
2017-04-13,-0.13617072844343373
2017-04-16,0.668563310284757
2017-04-17,0.8212640473814276
2017-04-18,0.5358203099527876
2017-04-19,0.28843573751463303
2017-04-20,0.07403577473489902
2017-04-23,1.416251518270668
2017-04-24,1.051476118056796
2017-04-25,0.7353374378714401
2017-04-26,0.4613505817107986
2017-04-27,0.22389530637157573
2017-04-30,0.018100734410916055
2017-05-01,-0.16025456128832236
2017-05-02,0.2552964896178263
2017-05-03,0.0453150932243332
2017-05-04,-0.1366687836500275
2017-05-07,-0.2943881436078068
2017-05-08,-0.43107825557121543
2017-05-09,0.025199023186785224
2017-05-10,0.016704161040374425
2017-05-11,0.48021494582177454
2017-05-14,0.7849798517355168
2017-05-15,0.6428660654836666
2017-05-16,0.3812087256413947
2017-05-17,0.1544390311114259
2017-05-18,-0.04209470414788048
2017-05-21,0.8170336929125148
2017-05-22,0.5321540027463963
2017-05-23,0.4145175257981628
2017-05-24,0.18330665791395823
2017-05-25,0.359160664466194
2017-05-28,0.1353307114262519
2017-05-29,0.024439987179373828
2017-05-30,0.2076270106538217
2017-05-31,0.4240941220083549
2017-06-01,0.19160637462945818
2017-06-04,-0.009883006432252489
2017-06-05,-0.184507136685735
2017-06-06,-0.22043800088541665
2017-06-07,-0.36698813187847734
2017-06-08,-0.2585617460849904
2017-06-11,-0.40002871105144117
2017-06-12,-0.5226334140223654
2017-06-13,0.00586444451286201
2017-06-14,-0.16624294391916938
2017-06-15,-0.32001908250772965
2017-06-18,-0.45329173595114863
2017-06-19,-0.5687947022687784
2017-06-20,-0.6688972730773908
2017-06-21,-0.7556528344448549
2017-06-22,-0.8308409876299904
2017-06-25,-0.4712950745568157
2017-06-26,0.21423994118474382
2017-06-27,0.009732751248995057
2017-06-28,0.3033661852796354
2017-06-29,0.08697549613123444
2017-07-02,0.14872260403249218
2017-07-03,-0.04704894094962303
2017-07-04,-0.21671761326745623
2017-07-05,-0.36376379594291164
2017-07-06,-0.27884933134483203
2017-07-09,-0.027525320382348215
2017-07-10,-0.19979714210915137
2017-07-11,-0.3490993876057141
2017-07-12,-0.09071690344884059
2017-07-13,0.1262899798992349
2017-07-16,0.11354912741943021
2017-07-17,0.4279633925666822
2017-07-18,0.3149861930808112
2017-07-19,0.5956175798853517
2017-07-20,1.067343344848888
2017-07-23,0.7490890344245869
2017-07-24,0.4732686320568591
2017-07-25,0.23422428333816162
2017-07-26,0.8349228552553336
2017-07-27,0.5476579434435063
2017-07-30,0.7095547931978152
2017-07-31,0.7229143427628654
2017-08-01,0.4505838992833669
2017-08-02,0.8516276503515681
2017-08-03,0.5621354325269093
2017-08-06,0.3112421770788717
2017-08-07,0.09380135569057245
2017-08-08,-0.09464735617928678
2017-08-09,-0.2579695731331648
2017-08-10,-0.39951549449319246
2017-08-13,-0.5221886263385498
2017-08-14,-0.628505340604526
2017-08-15,-0.23592428848435013
2017-08-16,0.42976896064956177
2017-08-17,0.19652456811850394
2017-08-20,0.4237048090393354
2017-08-21,0.19126897005630752
2017-08-22,-0.010175423728982929
2017-08-23,0.24918121805231333
2017-08-24,0.04001519120088875
2017-08-27,-0.14126203207034596
2017-08-28,-0.2983689589054159
2017-08-29,-0.4345282954958101
2017-08-30,-0.0770436532850626
2017-08-31,0.14968113490985682
2017-09-03,-0.04621821418924038
2017-09-04,0.2733409563563638
2017-09-05,0.17636367975106904
2017-09-06,0.2885137894604941
2017-09-07,0.30492351712798477
2017-09-10,0.23374184507834395
2017-09-11,0.02663440129011523
2017-09-12,-0.15285871665968312
2017-09-13,-0.30841941888284163
2017-09-14,-0.4316976892742515
2017-09-17,-0.3215679654158557
2017-09-18,-0.4546341011381911
2017-09-19,-0.4868628503764766
2017-09-20,-0.5978896681040625
2017-09-21,-0.5787028614479672
2017-09-24,-0.6774843443660212
2017-09-25,-0.7630949628950013
2017-09-26,-0.8372908322867839
2017-09-27,-0.9015939190929956
2017-09-28,-0.548771688640891
2017-10-01,-0.6515439945998883
2017-10-02,-0.3505273618700739
2017-10-03,-0.05271506459116009
2017-10-04,-0.1870052391507853
2017-10-05,-0.3380130717084635
2017-10-08,0.12432112365771272
2017-10-09,-0.06819689060776522
2017-10-10,0.051171084438433816
2017-10-11,-0.1200525863958025
2017-10-12,-0.27998743932081166
2017-10-15,0.059199956373674326
2017-10-16,-0.12463523558726516
2017-10-17,0.03918906770260871
2017-10-18,-0.1419780057688553
2017-10-19,-0.2989894694441241
2017-10-22,-0.4350660712960237
2017-10-23,-0.5529991262343368
2017-10-24,-0.3920728628419267
2017-10-25,-0.5157383455741194
2017-10-26,-0.622915097275353
2017-10-30,-0.023341323296392335
2017-10-31,-0.19617101130132286
2017-11-01,-0.1613006630069201
2017-11-02,0.06973379022970916
2017-11-03,-0.11550591291203485
2017-11-06,-0.27604698896821306
2017-11-07,-0.3113135443988919
2017-11-08,-0.3234122846489479
2017-11-09,-0.3708290751120712
2017-11-10,-0.49732706287491124
2017-11-13,-0.6069586522693726
2017-11-14,-0.7019726964112392
2017-11-15,-0.7843182013341902
2017-11-16,-0.8556843056007477
2017-11-17,-0.9175349292984308
2017-11-20,-0.9711388031697564
2017-11-21,-0.8098574062222202
2017-11-22,-0.5846767595062325
2017-11-23,-0.4518416253098343
2017-11-24,-0.5167575182908423
2017-11-27,-0.4829981208987727
2017-11-28,-0.34063812877937044
2017-11-29,-0.4550041692370997
2017-11-30,-0.5702788111166025
2017-12-01,-0.6701835007455051
2017-12-04,-0.6575149232200114
2017-12-05,-0.18951169656537015
2017-12-06,-0.3401853348011038
2017-12-07,-0.4707691546054062
2017-12-08,-0.5839417984358016
2017-12-11,-0.6820247564221444
2017-12-12,-0.7670299866769746
2017-12-13,-0.6398877015163474
2017-12-14,-0.7305112057586174
2017-12-15,-0.8090515761019178
2017-12-18,-0.19389240884101464
2017-12-19,-0.34398195210666227
2017-12-20,0.07990867742580429
2017-12-21,-0.1066876773420858
2017-12-22,-0.268404518140924
2017-12-25,-0.408559113499917
2017-12-26,0.051640215903115266
2017-12-27,0.26120715487293417
2017-12-28,0.36666120318024326
2017-12-29,0.14183117831176123
2018-01-01,-0.05302150990758989
2018-01-02,0.9091246374316937
2018-01-03,1.0159013250663733
2018-01-04,1.156913341464831
2018-01-05,0.8267163648250706
2018-01-08,0.5890178721856806
2018-01-09,0.3345402914498067
2018-01-10,0.11399305481204965
2018-01-11,0.27600686537387464
2018-01-12,0.5964585104786655
2018-01-15,0.8280192500948206
2018-01-16,0.5416748189710618
2018-01-17,0.2935096453304706
2018-01-18,0.46159452314838617
2018-01-19,0.22872312423161825
2018-01-22,0.44468562141617335
2018-01-23,0.20945234078290073
2018-01-24,0.5341615205523552
2018-01-25,1.5380430477977824
2018-01-26,1.1570287769802954
