Date,close
2010-01-04,-1.0730495125252493
2010-01-05,-1.0480496101301757
2010-01-06,-1.0556884691953372
2010-01-07,-1.0454107315440293
2010-01-08,-1.0549940274621408
2010-01-11,-1.0563829109285336
2010-01-12,-1.0476329450902577
2010-01-13,-1.0356885472792783
2010-01-14,-1.010410868190926
2010-01-15,-1.0099942031510083
2010-01-18,-1.0115219749640403
2010-01-19,-0.9963831451803571
2010-01-20,-0.9751332281445444
2010-01-21,-0.9594388449743039
2010-01-22,-0.9344389425792303
2010-01-25,-0.9834665289429022
2010-01-26,-0.9138834672766144
2010-01-27,-0.8916613318143267
2010-01-28,-0.8661058760326956
2010-01-29,-0.8593003470473702
2010-02-01,-0.8738836234444964
2010-02-02,-0.9183278943690717
2010-02-03,-0.8911057784277693
2010-02-04,-0.8488837210494228
2010-02-05,-0.845689289076719
2010-02-08,-0.8612447839003204
2010-02-09,-0.9008279626925203
2010-02-10,-0.8902724483479336
2010-02-11,-0.8890224532281801
2010-02-12,-0.879300268963429
2010-02-15,-0.8891613415748193
2010-02-16,-0.9015224044257166
2010-02-17,-0.9147167973564501
2010-02-18,-0.9341611658859518
2010-02-19,-0.9556888596150427
2010-02-22,-0.9494388840162744
2010-02-23,-0.9333278358061158
2010-02-24,-0.9347167192725089
2010-02-25,-0.910550146957271
2010-02-26,-0.9522166509490603
2010-03-01,-0.9633277186802042
2010-03-02,-1.0542995857289443
2010-03-03,-0.9772165533441339
2010-03-04,-0.9765221116109375
2010-03-05,-0.9911053880080637
2010-03-08,-0.9817998687832309
2010-03-09,-0.986938737608885
2010-03-10,-1.0049942226719935
2010-03-11,-1.0036053392056006
2010-03-12,-1.0147164069367445
2010-03-15,-1.0141608535501871
2010-03-16,-1.007494212911501
2010-03-17,-1.0133275234703514
2010-03-18,-1.0008275722728146
2010-03-19,-0.9674943690793832
2010-03-22,-0.9619388352138113
2010-03-23,-0.9874942909954421
2010-03-24,-0.9698554709722513
2010-03-25,-0.9619388352138113
2010-03-26,-0.9286056320203798
2010-03-28,-0.948744442283078
2010-03-29,-0.9691610292390547
2010-03-30,-0.9876331793420814
2010-03-31,-1.0086053196846152
2010-04-01,-1.0091608730711725
2010-04-04,-1.015410848669941
2010-04-05,-1.0258274746678884
2010-04-06,-0.9924942714744568
2010-04-07,-0.9980498053400287
2010-04-08,-1.0008275722728146
2010-04-11,-1.0213830475754306
2010-04-12,-1.0806883715904108
2010-04-13,-1.035549658932639
2010-04-14,-1.029994125067067
2010-04-15,-1.0213830475754306
2010-04-18,-1.0156886253632196
2010-04-19,-1.0265219164010848
2010-04-20,-1.032771891999853
2010-04-21,-1.0112441982707618
2010-04-22,-1.0122164166972372
2010-04-25,-1.038327425865425
2010-04-26,-1.0091608730711725
2010-04-27,-1.018744168989284
2010-04-28,-1.0563829109285336
2010-04-29,-1.0595773429012376
2010-05-02,-1.0563829109285336
2010-05-03,-1.030966343493542
2010-05-04,-0.9886053977685563
2010-05-05,-0.9131890255434176
2010-05-06,-0.8918002201609659
2010-05-09,-0.9954109267538821
2010-05-10,-0.9945775966740461
2010-05-11,-0.9973553636068321
2010-05-12,-1.0022164557392075
2010-05-13,-0.9570777430814358
2010-05-16,-0.9559666363083216
2010-05-17,-0.9383278162851305
2010-05-18,-0.9193001127955467
2010-05-19,-0.8427726337972937
2010-05-20,-0.8955502055202269
2010-05-23,-0.874161400137775
2010-05-24,-0.8654114342994993
2010-05-25,-0.8730502933646607
2010-05-26,-0.9383278162851305
2010-05-27,-0.9406889181779986
2010-05-30,-0.9405500298313594
2010-05-31,-0.913327913890057
2010-06-01,-0.917494564289236
2010-06-02,-0.9336056124993947
2010-06-03,-0.9065223849047315
2010-06-06,-0.8577725752343378
2010-06-07,-0.8772169437638395
2010-06-08,-0.9022168461589131
2010-06-09,-0.9434666851107846
2010-06-10,-0.9444389035372596
2010-06-13,-0.9581888498545501
2010-06-14,-0.9819387571298701
2010-06-15,-0.9788832135038056
2010-06-16,-0.9808276503567556
2010-06-17,-0.9990220237665037
2010-06-20,-1.0111053099241225
2010-06-21,-1.0065219944850259
2010-06-22,-0.9590221799343861
2010-06-23,-0.9904109462748673
2010-06-24,-0.9883276210752777
2010-06-27,-0.9855498541424917
2010-06-28,-0.949716660709553
2010-06-29,-0.9731887912915944
2010-06-30,-0.9620777235604506
2010-07-01,-0.9959664801404392
2010-07-04,-0.9974942519534713
2010-07-05,-1.0063831061383866
2010-07-06,-1.0091608730711725
2010-07-07,-1.0045775576320757
2010-07-08,-1.0211052708821522
2010-07-11,-1.0161052904031374
2010-07-12,-1.0216608242687093
2010-07-13,-1.0077719896047794
2010-07-14,-1.0022164557392075
2010-07-15,-0.9847165240626561
2010-07-18,-0.979577655237002
2010-07-19,-0.9970775869135534
2010-07-20,-1.0002720188862573
2010-07-21,-1.0158275137098587
2010-07-22,-1.015410848669941
2010-07-25,-1.0083275429913365
2010-07-26,-1.0151330719766622
2010-07-27,-1.0129108584304336
2010-07-28,-1.0094386497644512
2010-07-29,-1.0181886156027269
2010-08-01,-1.0398551976784574
2010-08-02,-1.024855256241413
2010-08-03,-1.024855256241413
2010-08-04,-1.0263830280544455
2010-08-05,-1.0251330329346915
2010-08-08,-1.0890216723887687
2010-08-09,-1.0286052416006743
2010-08-10,-1.0161052904031374
2010-08-11,-1.004299780938797
2010-08-12,-1.0072164362182223
2010-08-15,-1.0688828621260704
2010-08-16,-1.0224941543485448
2010-08-17,-1.0330496686931316
2010-08-18,-1.0316607852267388
2010-08-19,-1.0152719603233016
2010-08-22,-1.0816605900168856
2010-08-23,-1.0142997418968263
2010-08-24,-1.0148552952833838
2010-08-25,-1.0092997614178119
2010-08-26,-1.0212441592287913
2010-08-29,-1.1005494051598304
2010-08-30,-1.0230497077351024
2010-08-31,-1.029855236720428
2010-09-01,-1.0438829597309969
2010-09-02,-1.0445774014641933
2010-09-05,-1.1355492685129334
2010-09-06,-1.0648551000735307
2010-09-07,-1.0577717943949267
2010-09-08,-1.0727717358319706
2010-09-09,-1.0672162019663989
2010-09-12,-1.1438825693112913
2010-09-13,-1.076521721191232
2010-09-14,-1.0973549731871264
2010-09-15,-1.0699939688991849
2010-09-16,-1.0751328377248388
2010-09-19,-1.1473547779772737
2010-09-20,-1.0626328865273023
2010-09-21,-1.0654106534600882
2010-09-22,-1.1351326034730156
2010-09-23,-1.0748550610315604
2010-09-26,-1.148882549790306
2010-09-27,-1.0869383471891791
2010-09-28,-1.0869383471891791
2010-09-29,-1.0945772062543406
2010-09-30,-1.1048549439056488
2010-10-03,-1.191799048901849
2010-10-04,-1.1029105070526983
2010-10-05,-1.1424936858448982
2010-10-06,-1.1216604338490037
2010-10-07,-1.13027151134064
2010-10-10,-1.202493451593075
2010-10-11,-1.153188088536124
2010-10-12,-1.1411048023785053
2010-10-13,-1.1654102630403822
2010-10-14,-1.1541603069625992
2010-10-17,-1.2294377908410985
2010-10-18,-1.1383270354457193
2010-10-19,-1.1133271330506458
2010-10-20,-1.1341603850465403
2010-10-21,-1.1077715991850738
2010-10-24,-1.177354660851362
2010-10-25,-1.0997160750799946
2010-10-26,-1.0962438664140122
2010-10-27,-1.0730495125252493
2010-10-28,-1.0806883715904108
2010-11-01,-1.174160228878658
2010-11-02,-1.0934660994812262
2010-11-03,-1.0980494149203228
2010-11-04,-1.1147160165170387
2010-11-05,-1.1345770500864583
2010-11-08,-1.1286048511809683
2010-11-09,-1.1049938322522879
2010-11-10,-1.1049938322522879
2010-11-11,-1.0855494637227863
2010-11-12,-1.0695773038592669
2010-11-15,-1.140549248991948
2010-11-16,-1.0716606290588564
2010-11-17,-1.0494384935965688
2010-11-18,-1.06304955156722
2010-11-19,-1.0841605802563932
2010-11-22,-1.1369381519793262
2010-11-23,-1.070549522285742
2010-11-24,-1.0529107022625512
2010-11-25,-1.0688828621260704
2010-11-26,-1.0779106046576248
2010-11-29,-1.0583273477814839
2010-11-30,-1.0758272794580352
2010-12-01,-1.0792994881240179
2010-12-02,-1.0912438859349973
2010-12-03,-1.0973549731871264
2010-12-06,-1.188187951889227
2010-12-07,-1.1254104192082646
2010-12-08,-1.1313826181137543
2010-12-09,-1.1105493661178598
2010-12-10,-1.0944383179077013
2010-12-13,-1.0924938810547509
2010-12-14,-1.1091604826514667
2010-12-15,-1.1091604826514667
2010-12-16,-1.1009660701997481
2010-12-17,-1.0934660994812262
2010-12-20,-1.1463825595507988
2010-12-21,-1.0902716675085224
2010-12-22,-1.099438298386716
2010-12-23,-1.1008271818531088
2010-12-24,-1.110132701077942
2010-12-27,-1.1123549146241705
2010-12-28,-1.1202715503826106
2010-12-29,-1.1130493563573673
2010-12-30,-1.1299937346473616
2010-12-31,-1.1522158701096492
2011-01-03,-1.2167989512969226
2011-01-04,-1.1737435638387401
2011-01-05,-1.1445770110444877
2011-01-06,-1.1341603850465403
2011-01-07,-1.119021555262857
2011-01-10,-1.189021281969063
2011-01-11,-1.1147160165170387
2011-01-12,-1.1805490928240658
2011-01-13,-1.2040212234061072
2011-01-14,-1.1424936858448982
2011-01-17,-1.1715213502925117
2011-01-18,-1.1242993124351504
2011-01-19,-1.1390214771789158
2011-01-20,-1.1411048023785053
2011-01-21,-1.1894379470089809
2011-01-24,-1.2115211941246293
2011-01-25,-1.1404103606453087
2011-01-26,-1.1442992343512093
2011-01-27,-1.2129100775910222
2011-01-28,-1.1379103704058016
2011-01-31,-1.1906879421287344
2011-02-01,-1.1452714527776842
2011-02-02,-1.1477714430171915
2011-02-03,-1.1512436516831739
2011-02-04,-1.143327015924734
2011-02-07,-1.2047156651393036
2011-02-08,-1.1995767963136497
2011-02-09,-1.1487436614436666
2011-02-10,-1.1522158701096492
2011-02-11,-1.149299214830224
2011-02-14,-1.2167989512969226
2011-02-15,-1.1459658945108806
2011-02-16,-1.1430492392314553
2011-02-17,-1.1424936858448982
2011-02-18,-1.1522158701096492
2011-02-21,-1.2181878347633155
2011-02-22,-1.1445770110444877
2011-02-23,-1.14013258395203
2011-02-24,-1.1397159189121122
2011-02-25,-1.1512436516831739
2011-02-28,-1.1549936370424352
2011-03-01,-1.1566602972021065
2011-03-02,-1.1586047340550567
2011-03-03,-1.1630491611475144
2011-03-04,-1.1695769134395613
2011-03-07,-1.182910194716934
2011-03-08,-1.1659658164269397
2011-03-09,-1.163326937840793
2011-03-10,-1.1623547194143178
2011-03-11,-1.156382520508828
2011-03-14,-1.1604102825613678
2011-03-15,-1.1481881080571095
2011-03-16,-1.1505492099499774
2011-03-17,-1.1327715015801476
2011-03-18,-1.127910409447772
2011-03-21,-1.149854768216781
2011-03-22,-1.1499936565634203
2011-03-23,-1.15596585546891
2011-03-24,-1.1549936370424352
2011-03-25,-1.1584658457084176
2011-03-27,-1.1690213600530042
2011-03-28,-1.1549936370424352
2011-03-29,-1.1606880592546465
2011-03-30,-1.1987434662338137
2011-03-31,-1.2005490147401248
2011-04-03,-1.221660043429298
2011-04-04,-1.2311044510007703
2011-04-05,-1.228604460761263
2011-04-06,-1.2179100580700368
2011-04-07,-1.2481877176374039
2011-04-10,-1.2795764839778851
2011-04-11,-1.270132076406413
2011-04-12,-1.2508265962235505
2011-04-13,-1.2494377127571574
2011-04-14,
2011-04-17,-1.2819375858707531
2011-04-18,-1.2536043631563365
2011-04-19,-1.2681876395534626
2011-04-20,-1.281382032484196
2011-04-21,-1.281382032484196
2011-04-24,-1.292076435175422
2011-04-25,-1.273048731685838
2011-04-26,-1.2876320080829644
2011-04-27,-1.2848542411501784
2011-04-28,-1.2573543485155974
2011-05-01,-1.2892986682426362
2011-05-02,-1.2709654064862486
2011-05-03,-1.255687688355926
2011-05-04,-1.231382227694049
2011-05-05,-1.2036045583661892
2011-05-08,-1.2391599751058495
2011-05-09,-1.2167989512969226
2011-05-10,-1.228604460761263
2011-05-11,-1.2106878640447936
2011-05-12,-1.2154100678305295
2011-05-15,-1.1888823936224238
2011-05-16,-1.19554903426111
2011-05-17,-1.21332674263094
2011-05-18,-1.222632261855773
2011-05-19,-1.2162433979103655
2011-05-22,-1.222632261855773
2011-05-23,-1.1865212917295556
2011-05-24,-1.1987434662338137
2011-05-25,-1.2015212331665996
2011-05-26,-1.2073545437254503
2011-05-29,-1.2462432807844537
2011-05-30,-1.2480488292907645
2011-05-31,-1.2679098628601841
2011-06-01,-1.2494377127571574
2011-06-02,-1.269576523019856
2011-06-05,-1.2816598091774747
2011-06-06,-1.2658265376605946
2011-06-07,-1.2702709647530521
2011-06-08,-1.264020989154284
2011-06-09,-1.2565210184357618
2011-06-12,-1.2455488390512572
2011-06-13,-1.2536043631563365
2011-06-14,-1.267354309473627
2011-06-15,-1.2424932954251926
2011-06-16,-1.2298544558810165
2011-06-19,-1.2524932563832218
2011-06-20,-1.2466599458243715
2011-06-21,-1.255687688355926
2011-06-22,-1.2563821300891225
2011-06-23,-1.251521037956747
2011-06-26,-1.2522154796899434
2011-06-27,-1.2452710623579786
2011-06-28,-1.268882081286659
2011-06-29,-1.2804098140577207
2011-06-30,-1.2919375468287828
2011-07-03,-1.3094374785053342
2011-07-04,-1.305687493146073
2011-07-05,-1.2887431148560786
2011-07-06,-1.2811042557909176
2011-07-07,-1.301520842746894
2011-07-10,-1.2913819934422253
2011-07-11,-1.266104314353873
2011-07-12,-1.273465396725756
2011-07-13,-1.2831875809905067
2011-07-14,-1.2709654064862486
2011-07-17,-1.282770915950589
2011-07-18,-1.273048731685838
2011-07-19,-1.286937566349768
2011-07-20,-1.291798658482143
2011-07-21,-1.3045763863729587
2011-07-24,-1.3023541728267298
2011-07-25,-1.315965230797381
2011-07-26,-1.330409618847868
2011-07-27,-1.2895764449359146
2011-07-28,-1.2899931099758324
2011-07-31,-1.312631910478038
2011-08-01,-1.2969375273077972
2011-08-02,-1.2892986682426362
2011-08-03,-1.289715333282554
2011-08-04,-1.2705487414463308
2011-08-07,-1.2480488292907645
2011-08-08,-1.242632183771832
2011-08-09,-1.1991601312737317
2011-08-10,-1.2079100971120076
2011-08-11,-1.2059656602590574
2011-08-14,-1.222493373509134
2011-08-15,-1.2540210281962543
2011-08-16,-1.260409892141662
2011-08-17,-1.2681876395534626
2011-08-18,-1.228604460761263
2011-08-21,-1.2448543973180608
2011-08-22,-1.2348544363600311
2011-08-23,-1.2420766303852748
2011-08-24,-1.228187795721345
2011-08-25,-1.225826693828477
2011-08-28,-1.2383266450260135
2011-08-29,-1.2462432807844537
2011-08-30,-1.257076571822319
2011-08-31,-1.2626321056878909
2011-09-01,-1.2397155284924066
2011-09-04,-1.196937917727503
2011-09-05,-1.16985469013284
2011-09-06,-1.1549936370424352
2011-09-07,-1.1640213795739895
2011-09-08,-1.1666602581601362
2011-09-11,-1.1342992733931796
2011-09-12,-1.0945772062543406
2011-09-13,-1.0834661385231967
2011-09-14,-1.0661050951932844
2011-09-15,-1.0867994588425398
2011-09-18,-1.0848550219895898
2011-09-19,-0.9819387571298701
2011-09-20,-0.9722165728651191
2011-09-21,-0.9134668022366962
2011-09-22,-0.8538837015284375
2011-09-25,-0.8830502543226902
2011-09-26,-0.8966613122933412
2011-09-27,-0.9577721848146322
2011-09-28,-0.9359667143922624
2011-09-29,-0.9220778797283327
2011-10-02,-0.8952724288269484
2011-10-03,-0.8387448717447542
2011-10-04,-0.89096689008113
2011-10-05,-0.9137445789299747
2011-10-06,-0.9512444325225853
2011-10-09,-1.0129108584304336
2011-10-10,-1.0342996638128854
2011-10-11,-1.0455496198906686
2011-10-12,-0.9966609218736356
2011-10-13,-1.0395774209851785
2011-10-16,-1.0567995759684516
2011-10-17,-1.0063831061383866
2011-10-18,-1.0195774990691198
2011-10-19,-1.0142997418968263
2011-10-20,-0.978605436810527
2011-10-23,-1.0055497760585506
2011-10-24,-1.030966343493542
2011-10-25,-1.0140219652035478
2011-10-26,-1.0188830573359233
2011-10-27,-1.0869383471891791
2011-10-31,-1.1173548951031853
2011-11-01,-1.1099938127313027
2011-11-02,-1.041105192798211
2011-11-03,-1.0531884789558297
2011-11-04,-1.0556884691953372
2011-11-07,-1.0313830085334599
2011-11-08,-1.0301330134137063
2011-11-09,-1.0445774014641933
2011-11-10,-1.0208274941888735
2011-11-11,-1.0161052904031374
2011-11-14,-1.0440218480776362
2011-11-15,-1.0167997321363338
2011-11-16,-1.0031886741656826
2011-11-17,-1.0017997906992897
2011-11-18,-1.009855314804369
2011-11-21,-0.9913831647013422
2011-11-22,-0.9547166411885677
2011-11-23,-0.9443000151906202
2011-11-24,-0.8781891621903147
2011-11-25,-0.8556892500347485
2011-11-28,-0.8490226093960621
2011-11-29,-0.8845780261357223
2011-11-30,-0.9029112878921098
2011-12-01,-0.9494388840162744
2011-12-02,-0.9619388352138113
2011-12-05,-0.9672165923861047
2011-12-06,-0.9888831744618349
2011-12-07,-0.9730499029449552
2011-12-08,-0.9623555002537292
2011-12-09,-0.9369389328187377
2011-12-12,-0.9642999371066794
2011-12-13,-0.947772223856603
2011-12-14,-0.8804113757365436
2011-12-15,-0.854578143261634
2011-12-16,-0.8788836039235112
2011-12-19,-0.8869391280285904
2011-12-20,-0.8681892012322852
2011-12-21,-0.9024946228521916
2011-12-22,-0.8837446960558867
2011-12-23,-0.8897168949613764
2011-12-26,-0.8799947106966254
2011-12-27,-0.8806891524298222
2011-12-28,-0.8772169437638395
2011-12-29,-0.8540225898750768
2011-12-30,-0.8699947497385961
2012-01-02,-0.8740225117911357
2012-01-03,-0.8631892207532704
2012-01-04,-0.9126334721568605
2012-01-05,-0.9349944959657874
2012-01-06,-0.9008279626925203
2012-01-09,-0.8944390987471127
2012-01-10,-0.9036057296253063
2012-01-11,-0.9619388352138113
2012-01-12,-0.9556888596150427
2012-01-13,-0.9870776259555242
2012-01-16,-0.9733276796382337
2012-01-17,-0.9892998395017527
2012-01-18,-0.9890220628084742
2012-01-19,-1.0045775576320757
2012-01-20,-1.0223552660019057
2012-01-23,-1.015966402056498
2012-01-24,-1.0272163581342812
2012-01-25,-1.0183275039493662
2012-01-26,-1.0161052904031374
2012-01-27,-0.8876335697617869
2012-01-30,-1.0466607266637828
2012-01-31,-1.0351329938927212
2012-02-01,-1.0372163190923107
2012-02-02,-1.0554106925020585
2012-02-03,-1.074299507645003
2012-02-06,-1.0781883813509034
2012-02-07,-1.0665217602332024
2012-02-08,-1.0651328767668096
2012-02-09,-1.0738828426050853
2012-02-10,-1.0779106046576248
2012-02-13,-1.073327289218528
2012-02-14,-1.0783272696975426
2012-02-15,-1.077077274577789
2012-02-16,-1.0609662263676305
2012-02-17,-1.0779106046576248
2012-02-20,-1.0865216821492611
2012-02-21,-1.0755495027647566
2012-02-22,-1.0792994881240179
2012-02-23,-1.0923549927081118
2012-02-24,-1.0816605900168856
2012-02-27,-1.0902716675085224
2012-02-28,-1.0912438859349973
2012-02-29,-1.1026327303594199
2012-03-01,-1.0763828328445926
2012-03-02,-1.0806883715904108
2012-03-05,-1.0587440128214016
2012-03-06,-1.0469385033570615
2012-03-07,-1.0170775088296122
2012-03-08,-1.008049766298058
2012-03-09,-1.0142997418968263
2012-03-12,-0.9756887815311018
2012-03-13,-0.9622166119070898
2012-03-14,-0.9726332379050373
2012-03-15,-0.9558277479616822
2012-03-16,-0.9613832818272539
2012-03-19,-0.9640221604134005
2012-03-20,-0.9318000639930837
2012-03-21,-0.9409666948712772
2012-03-22,-0.9338833891926732
2012-03-23,-0.9354111610057053
2012-03-25,-0.9476333355099636
2012-03-26,-0.9368000444720984
2012-03-27,-0.9311056222598872
2012-03-28,-0.9280500786338227
2012-03-29,-0.9316611756464444
2012-04-01,-0.9248556466611186
2012-04-02,-0.9149945740497286
2012-04-03,-0.9199945545287433
2012-04-04,-0.9223556564216115
2012-04-05,-0.9287445203670192
2012-04-08,-0.9301334038334119
2012-04-09,-0.9341611658859518
2012-04-10,-0.9154112390896465
2012-04-11,-0.9124945838102212
2012-04-12,-0.9241612049279222
2012-04-15,-0.908605710104321
2012-04-16,-0.8970779773332593
2012-04-17,-0.8794391573100683
2012-04-18,-0.852633706408684
2012-04-19,-0.8501337161691767
2012-04-22,-0.8608281188604026
2012-04-23,-0.8497170511292588
2012-04-24,-0.8504114928624552
2012-04-25,-0.8511059345956516
2012-04-26,-0.8441615172636868
2012-04-29,-0.8411059736376223
2012-04-30,-0.8136060810030413
2012-05-01,-0.8127727509232053
2012-05-02,-0.7908283921541965
2012-05-03,-0.8080505471374694
2012-05-06,-0.7843006398621494
2012-05-07,-0.7955505959399325
2012-05-08,-0.7690229217318267
2012-05-09,-0.7251342041938086
2012-05-10,-0.7494396648556858
2012-05-13,-0.7311064030992983
2012-05-14,-0.693050996120131
2012-05-15,-0.6829121468154621
2012-05-16,-0.6836065885486585
2012-05-17,-0.6720788557775972
2012-05-20,-0.6522178222081776
2012-05-21,-0.6379123225043294
2012-05-22,-0.561523731852716
2012-05-23,-0.6451345165295732
2012-05-24,-0.6447178514896551
2012-05-27,-0.7040231755046354
2012-05-28,-0.7079120492105357
2012-05-29,-0.6938843261999667
2012-05-30,-0.6620788948195676
2012-05-31,-0.6476345067690803
2012-06-03,-0.628884579972775
2012-06-04,-0.6093013230966341
2012-06-05,-0.6529122639413737
2012-06-06,-0.6388845409308046
2012-06-07,-0.6416623078635909
2012-06-10,-0.6522178222081776
2012-06-11,-0.5943013816595903
2012-06-12,-0.5899958429137717
2012-06-13,-0.5843014207015608
2012-06-14,-0.6024957941113089
2012-06-17,-0.6158290753886813
2012-06-18,-0.5993013621386051
2012-06-19,-0.644023409756459
2012-06-20,-0.6515233804749808
2012-06-21,-0.5963847068591799
2012-06-24,-0.5911069496868866
2012-06-25,-0.5990235854453265
2012-06-26,-0.5790236635292675
2012-06-27,-0.579301440222546
2012-06-28,-0.5761070082498422
2012-07-01,-0.6706899723112038
2012-07-02,-0.7041620638512748
2012-07-03,-0.6711066373511219
2012-07-04,-0.6462456233026875
2012-07-05,-0.6568011376472742
2012-07-08,-0.6444400747963765
2012-07-09,-0.6391623176240832
2012-07-10,-0.6376345458110508
2012-07-11,-0.6338845604517899
2012-07-12,-0.6318012352522003
2012-07-15,-0.6309679051723646
2012-07-16,-0.6354123322648223
2012-07-17,-0.6541622590611276
2012-07-18,-0.6570789143405528
2012-07-19,-0.6672177636452213
2012-07-22,-0.6509678270884237
2012-07-23,-0.6322179002921184
2012-07-24,-0.6195790607479422
2012-07-25,-0.6373567691177722
2012-07-26,-0.6548567007943242
2012-07-29,-0.6537455940212094
2012-07-30,-0.6268012547731862
2012-07-31,-0.6040235659243407
2012-08-01,-0.6243012645336784
2012-08-02,-0.6155512986954027
2012-08-05,-0.6452734048762122
2012-08-06,-0.6431900796766227
2012-08-07,-0.6451345165295732
2012-08-08,-0.6534678173279308
2012-08-09,-0.6590233511935027
2012-08-12,-0.6634677782859604
2012-08-13,-0.6554122541808814
2012-08-14,-0.6469400650358842
2012-08-15,-0.6499956086619485
2012-08-16,-0.6618011181262891
2012-08-19,-0.6626344482061247
2012-08-20,-0.6629122248994033
2012-08-21,-0.6676344286851394
2012-08-22,-0.6615233414330104
2012-08-23,-0.6511067154350627
2012-08-26,-0.6506900503951452
2012-08-27,-0.6397178710106404
2012-08-28,-0.6259679246933498
2012-08-29,-0.6174957355483527
2012-08-30,-0.6195790607479422
2012-09-02,-0.6443011864497376
2012-09-03,-0.6430511913299837
2012-09-04,-0.6318012352522003
2012-09-05,-0.632495676985397
2012-09-06,-0.6480511718089985
2012-09-09,-0.6476345067690803
2012-09-10,-0.6559678075674386
2012-09-11,-0.6662455452187467
2012-09-12,-0.64971783196867
2012-09-13,-0.6574955793804703
2012-09-16,-0.669856642231368
2012-09-17,-0.6406900894371156
2012-09-18,-0.6551344774876028
2012-09-19,-0.6529122639413737
2012-09-20,-0.6576344677271099
2012-09-23,-0.6566622493006347
2012-09-24,-0.650134497008588
2012-09-25,-0.6436067447165409
2012-09-26,-0.6366623273845761
2012-09-27,-0.6452734048762122
2012-09-30,-0.6513844921283413
2012-10-01,-0.6508289387417842
2012-10-02,-0.647912283462359
2012-10-03,-0.6568011376472742
2012-10-04,-0.6604122346598962
2012-10-07,-0.6863843554814445
2012-10-08,-0.6429123029833441
2012-10-09,-0.6401345360505585
2012-10-10,-0.6280512498929394
2012-10-11,-0.6284679149328575
2012-10-14,-0.624579041226957
2012-10-15,-0.6334678954118723
2012-10-16,-0.6363845506912975
2012-10-17,-0.6412456428236727
2012-10-18,-0.6466622883426056
2012-10-21,-0.6466622883426056
2012-10-22,-0.6508289387417842
2012-10-23,-0.6474956184224414
2012-10-24,-0.6493011669287524
2012-10-25,-0.6494400552753913
2012-10-29,-0.64777339511572
2012-10-30,-0.6398567593572799
2012-10-31,-0.6424956379434266
2012-11-01,-0.644023409756459
2012-11-02,-0.6418011962102299
2012-11-05,-0.6427734146367051
2012-11-06,-0.6352734439181833
2012-11-07,-0.642356749596787
2012-11-08,-0.6369401040778547
2012-11-09,-0.6311067935190042
2012-11-12,-0.620967944214335
2012-11-13,-0.6143013035756488
2012-11-14,-0.6033291241911446
2012-11-15,-0.5943013816595903
2012-11-16,-0.5927736098465579
2012-11-19,-0.5708292510775489
2012-11-20,-0.5755514548632851
2012-11-21,-0.571384804464106
2012-11-22,-0.549995999081654
2012-11-23,-0.5393015963904283
2012-11-26,-0.5715236928107456
2012-11-27,-0.5698570326510736
2012-11-28,-0.5674959307582055
2012-11-29,-0.5551348679073084
2012-11-30,-0.549995999081654
2012-12-03,-0.49680176231880296
2012-12-04,-0.5173572376214193
2012-12-05,-0.5184683443945335
2012-12-06,-0.5618015085459945
2012-12-07,-0.5772181150229565
2012-12-10,-0.5806903236889388
2012-12-11,-0.5769403383296778
2012-12-12,-0.5777736684095136
2012-12-13,-0.5849958624347575
2012-12-14,-0.565690382251895
2012-12-17,-0.5645792754787802
2012-12-18,-0.5506904408148507
2012-12-19,-0.5605515134262407
2012-12-20,-0.5866625225944289
2012-12-21,-0.5865236342477893
2012-12-24,-0.6045791193108985
2012-12-25,-0.5787458868359888
2012-12-26,-0.5756903432099241
2012-12-27,-0.6161068520819598
2012-12-28,-0.6248568179202356
2012-12-31,-0.6201346141344993
2013-01-01,-0.612356866722699
2013-01-02,-0.6194401724013032
2013-01-03,-0.6194401724013032
2013-01-04,-0.6151346336554846
2013-01-07,-0.6377734341576904
2013-01-08,-0.646106734956048
2013-01-09,-0.6270790314664647
2013-01-10,-0.616523517121878
2013-01-11,-0.6443011864497376
2013-01-14,-0.6415234195169514
2013-01-15,-0.6377734341576904
2013-01-16,
2013-01-17,-0.6261068130399894
2013-01-18,-0.6312456818656432
2013-01-21,-0.6413845311703124
2013-01-22,-0.6290234683194147
2013-01-23,-0.6258290363467108
2013-01-24,-0.6356901089581009
2013-01-25,-0.6431900796766227
2013-01-28,-0.6431900796766227
2013-01-29,-0.6909676709205413
2013-01-30,-0.7016620736117674
2013-01-31,-0.6990231950256207
2013-02-01,-0.6958287630529169
2013-02-04,-0.7016620736117674
2013-02-05,-0.6901343408407057
2013-02-06,-0.7065231657441425
2013-02-07,-0.7023565153449638
2013-02-08,-0.7334675049921664
2013-02-11,-0.7243008741139729
2013-02-12,-0.7234675440341372
2013-02-13,-0.7261064226202836
2013-02-14,-0.7326341749123307
2013-02-15,-0.7436063542968353
2013-02-18,-0.7311064030992983
2013-02-19,-0.7387452621644598
2013-02-20,-0.746800786269539
2013-02-21,-0.7381897087779027
2013-02-22,-0.7219397722211047
2013-02-25,-0.7256897575803657
2013-02-26,-0.709856486063486
2013-02-27,-0.7076342725172572
2013-02-28,-0.7183286752084831
2013-03-01,-0.7137453597693861
2013-03-04,-0.70902315598365
2013-03-05,-0.7229119906475797
2013-03-06,-0.7348563884585596
2013-03-07,-0.7234675440341372
2013-03-08,-0.7390230388577383
2013-03-11,-0.7634673878662548
2013-03-12,-0.7420785824838029
2013-03-13,-0.7305508497127412
2013-03-14,-0.7223564372610226
2013-03-15,-0.7216619955278262
2013-03-18,-0.712217587956354
2013-03-19,-0.7066620540907822
2013-03-20,-0.7069398307840608
2013-03-21,-0.7044398405445533
2013-03-22,-0.6756899527902185
2013-03-25,-0.6737455159372685
2013-03-26,-0.6744399576704653
2013-03-27,-0.6620788948195676
2013-03-28,-0.6686066471116141
2013-03-29,-0.6561066959140776
2013-03-31,-0.6563844726073561
2013-04-01,-0.6618011181262891
2013-04-02,-0.6569400259939132
2013-04-03,-0.6536067056745705
2013-04-04,-0.6649955500989928
2013-04-07,-0.7061065007042248
2013-04-08,-0.6970787581726704
2013-04-09,-0.7097175977168467
2013-04-10,-0.7199953353681545
2013-04-11,-0.7177731218219257
2013-04-14,-0.7297175196329055
2013-04-15,-0.6855510254016087
2013-04-16,-0.7041620638512748
2013-04-17,-0.6868010205213623
2013-04-18,-0.7081898259038143
2013-04-21,-0.6755510644435795
2013-04-22,-0.6606900113531747
2013-04-23,-0.6572178026871918
2013-04-24,-0.6706899723112038
2013-04-25,-0.6837454768952977
2013-04-28,-0.6920787776936557
2013-04-29,-0.6748566227103828
2013-04-30,-0.6806899332692332
2013-05-01,-0.6804121565759547
2013-05-02,-0.6731899625507114
2013-05-05,-0.6752732877503009
2013-05-06,-0.6745788460171043
2013-05-07,-0.6747177343637438
2013-05-08,-0.6818010400423475
2013-05-09,-0.669856642231368
2013-05-12,-0.6636066666326
2013-05-13,-0.674162180977186
2013-05-14,-0.6572178026871918
2013-05-15,-0.6551344774876028
2013-05-16,-0.6513844921283413
2013-05-19,-0.6394400943173617
2013-05-20,-0.6331901187185938
2013-05-21,-0.6372178807711333
2013-05-22,-0.6194401724013032
2013-05-23,-0.6256901480000713
2013-05-26,-0.6176346238949922
2013-05-27,-0.6084679930167984
2013-05-28,-0.5802736586490213
2013-05-29,-0.5337460625248565
2013-05-30,-0.5331905091382994
2013-06-02,-0.557912634840094
2013-06-03,-0.5143016939953544
2013-06-04,-0.5105517086360934
2013-06-05,-0.509023936823061
2013-06-06,-0.5058295048503573
2013-06-09,-0.5058295048503573
2013-06-10,-0.5058295048503573
2013-06-11,-0.5058295048503573
2013-06-12,-0.4706907531506154
2013-06-13,-0.520551669594123
2013-06-16,-0.5488848923085398
2013-06-17,-0.449718612808081
2013-06-18,-0.4361075548374301
2013-06-19,-0.37138558530351706
2013-06-20,-0.3276357561121385
2013-06-23,-0.3515245517340975
2013-06-24,-0.36944114845056714
2013-06-25,-0.3908299538330191
2013-06-26,-0.4241631570264506
2013-06-27,-0.41069098740243865
2013-06-30,-0.4199965066272715
2013-07-01,-0.3729133571165495
2013-07-02,-0.339441265576479
2013-07-03,-0.31694135342091284
2013-07-04,-0.34110792573615045
2013-07-07,-0.33902460053656086
2013-07-08,-0.3195802320070595
2013-07-09,-0.329857969658367
2013-07-10,-0.3072191691561618
2013-07-11,-0.33277462493779286
2013-07-14,-0.3190246786205024
2013-07-15,-0.38235776468802196
2013-07-16,-0.33721905203024993
2013-07-17,-0.37319113380982805
2013-07-18,-0.3747189056228605
2013-07-21,-0.3427745858958218
2013-07-22,-0.36305228450515953
2013-07-23,-0.39110773052629766
2013-07-24,-0.3444412460554938
2013-07-25,-0.34846900810803333
2013-07-28,-0.32944130461844945
2013-07-29,-0.31249692632845516
2013-07-30,-0.29471921795862516
2013-07-31,-0.3026358537170652
2013-08-01,-0.2644415583912579
2013-08-04,-0.28833035401321755
2013-08-05,-0.26249712153830795
2013-08-06,-0.2727748591896161
2013-08-07,-0.2604137963387184
2013-08-08,-0.2959692130783784
2013-08-11,-0.3097191593956689
2013-08-12,-0.28763591228002083
2013-08-13,-0.2512471654605245
2013-08-14,-0.23624722402348078
2013-08-15,-0.213608423521275
2013-08-18,-0.1445809152415439
2013-08-19,-0.1138865906342591
2013-08-20,-0.1356920610566292
2013-08-21,-0.060831242218047664
2013-08-22,-0.08208115925386003
2013-08-25,-0.2029140208300493
2013-08-26,-0.16027529841178498
2013-08-27,-0.17110858944965024
2013-08-28,-0.2070806712292284
2013-08-29,-0.18819185608628353
2013-09-01,-0.15402532281301634
2013-09-02,-0.16221973526473493
2013-09-03,-0.1883307444329231
2013-09-04,-0.1858307541934154
2013-09-05,-0.2377749958365132
2013-09-08,-0.2652748884710936
2013-09-09,-0.30235807702378664
2013-09-10,-0.29069145590608503
2013-09-11,-0.30527473230321184
2013-09-12,-0.304163625530097
2013-09-15,-0.2984692033178861
2013-09-16,-0.2919414510258389
2013-09-17,-0.33513572683066034
2013-09-18,-0.4288853608121868
2013-09-19,-0.40874655054948866
2013-09-22,-0.39457993919228
2013-09-23,-0.4108298757490776
2013-09-24,-0.41235764756211
2013-09-25,-0.37263558042327094
2013-09-26,-0.3508301100009014
2013-09-29,-0.3734689105031066
2013-09-30,-0.38138554626154664
2013-10-01,-0.3874966335136757
2013-10-02,-0.41944095324071434
2013-10-03,-0.398191036204902
2013-10-06,-0.39457993919228
2013-10-07,
2013-10-08,-0.39791325951162343
2013-10-09,-0.4013854681776058
2013-10-10,-0.43666310822398724
2013-10-13,-0.44527418571562394
2013-10-14,-0.4343020063311191
2013-10-15,-0.43652421987734824
2013-10-16,-0.43541311310423336
2013-10-17,-0.46263522904553583
2013-10-20,-0.4806907141086444
2013-10-21,-0.4458297391021811
2013-10-22,-0.4472186225685739
2013-10-23,-0.42402426867981097
2013-10-24,-0.40416323511039143
2013-10-28,-0.42666314726595767
2013-10-29,-0.4362464431840691
2013-10-30,-0.429996467585301
2013-10-31,-0.4312464627050549
2013-11-01,-0.360830070958931
2013-11-04,-0.3331912899777104
2013-11-05,-0.3483301197613937
2013-11-06,-0.2976358732380504
2013-11-07,-0.2904136792128065
2013-11-08,-0.2620804564983898
2013-11-11,-0.2531916023134751
2013-11-12,-0.22749725818520508
2013-11-13,-0.22388616117258311
2013-11-14,-0.22583059802553307
2013-11-15,-0.25041383538068884
2013-11-18,-0.24402497143528123
2013-11-19,-0.3211080038200913
2013-11-20,-0.30944138270239036
2013-11-21,-0.3095802710490299
2013-11-22,-0.26319156327150467
2013-11-25,-0.3024969653704256
2013-11-26,-0.2927747811056746
2013-11-27,-0.274719296042566
2013-11-28,-0.22860836495831932
2013-11-29,-0.24541385490167406
2013-12-02,-0.22333060778602598
2013-12-03,-0.19208072979218405
2013-12-04,-0.16471972550424202
2013-12-05,-0.1438864735083478
2013-12-06,-0.18805296773964456
2013-12-09,-0.23583055898356264
2013-12-10,-0.2424971996222488
2013-12-11,-0.2577749177525717
2013-12-12,-0.21235842840152175
2013-12-13,-0.2216639476263546
2013-12-16,-0.231386131891105
2013-12-17,-0.2343027871705302
2013-12-18,-0.24333052970208513
2013-12-19,-0.22596948637217265
2013-12-20,-0.19041406963251267
2013-12-23,-0.1512475558802307
2013-12-24,-0.19110851136570875
2013-12-25,-0.18944185120603738
2013-12-26,-0.19041406963251267
2013-12-27,-0.19346961325857687
2013-12-30,-0.21958062242676504
2013-12-31,-0.18374742899382587
2014-01-01,-0.18388631734046545
2014-01-02,-0.1868029726198907
2014-01-03,-0.14846978894744445
2014-01-06,-0.16680305070383156
2014-01-07,-0.16374750707776736
2014-01-08,-0.17069192440973208
2014-01-09,-0.1383309396427759
2014-01-10,-0.1438864735083478
2014-01-13,-0.1918029530989055
2014-01-14,-0.18721963765980887
2014-01-15,-0.19444183168505216
2014-01-16,-0.1890251861661192
2014-01-17,-0.1819418804875155
2014-01-20,-0.20013625389726306
2014-01-21,-0.20985843816201405
2014-01-22,-0.1858307541934154
2014-01-23,-0.16944192928997823
2014-01-24,-0.1398587114558083
2014-01-27,-0.1366642794831039
2014-01-28,-0.10166441613000102
2014-01-29,-0.09471999879803628
2014-01-30,-0.08222004760049963
2014-01-31,-0.11499769740737398
2014-02-03,-0.09624777061106869
2014-02-04,-0.07555340696181345
2014-02-05,-0.11833101772671675
2014-02-06,-0.13346984751040009
2014-02-07,-0.15569198297268774
2014-02-10,-0.1616641818781778
2014-02-11,-0.11860879441999532
2014-02-12,-0.1252754350586815
2014-02-13,-0.10360885298295158
2014-02-14,-0.13971982310916872
2014-02-17,-0.14930311902728013
2014-02-18,-0.15249755099998394
2014-02-19,-0.1465253520944945
2014-02-20,-0.14249759004195497
2014-02-21,-0.16944192928997823
2014-02-24,-0.20971954981537508
2014-02-25,-0.21569174872086452
2014-02-26,-0.21221954005488217
2014-02-27,-0.19944181216406695
2014-02-28,-0.23971943268946316
2014-03-03,-0.21971951077340401
2014-03-04,-0.20902510808217836
2014-03-05,-0.213608423521275
2014-03-06,-0.24208053458233128
2014-03-07,-0.23833054922307034
2014-03-10,-0.21666396714733982
2014-03-11,-0.2061084528027531
2014-03-12,-0.1836085406471869
2014-03-13,-0.19346961325857687
2014-03-14,-0.18124743875431878
2014-03-17,-0.20985843816201405
2014-03-18,-0.20208069075021362
2014-03-19,-0.22527504463897594
2014-03-20,-0.20416401594980316
2014-03-21,-0.23374723378397308
2014-03-24,-0.2386083259163489
2014-03-25,-0.2402749860760203
2014-03-26,-0.25346937900675365
2014-03-27,-0.2759692911623199
2014-03-28,-0.32694131437894175
2014-03-30,-0.32708020272558136
2014-03-31,-0.30874694096919425
2014-04-01,-0.32402465909951655
2014-04-02,-0.3147191398746837
2014-04-03,-0.2987469800111647
2014-04-06,-0.3622189544253238
2014-04-07,-0.3851355316208076
2014-04-08,-0.4065243370032595
2014-04-09,-0.43096868601177635
2014-04-10,-0.3995799196712948
2014-04-13,-0.3856910850073647
2014-04-14,-0.38791329855359385
2014-04-15,-0.3583300807194233
2014-04-16,-0.3519412167740157
2014-04-17,-0.36583005143794517
2014-04-20,-0.36583005143794517
2014-04-21,-0.36583005143794517
2014-04-22,-0.35360787693368706
2014-04-23,-0.3801355511417928
2014-04-24,-0.3924966139926905
2014-04-27,-0.35110788669417997
2014-04-28,-0.37680223082245
2014-04-29,-0.35888563410598046
2014-04-30,-0.3661078281312237
2014-05-01,-0.3623578427719628
2014-05-04,-0.3841633131943329
2014-05-05,-0.3462467945618042
2014-05-06,-0.36749671159761715
2014-05-07,-0.38555219666072577
2014-05-08,-0.3869410801271186
2014-05-11,-0.39457993919228
2014-05-12,-0.3912466188729366
2014-05-13,-0.3888855169800691
2014-05-14,-0.4054132302301453
2014-05-15,-0.38332998311449723
2014-05-18,-0.3906910654863795
2014-05-19,-0.4009688031376876
2014-05-20,-0.38721885682039714
2014-05-21,-0.39791325951162343
2014-05-22,-0.3899966237531834
2014-05-25,-0.378607779328761
2014-05-26,-0.37569112404933575
2014-05-27,-0.35944118749253756
2014-05-28,-0.3666633815177815
2014-05-29,-0.3722189153833534
2014-06-01,-0.35388565362696567
2014-06-02,-0.3024969653704256
2014-06-03,-0.29860809166452507
2014-06-04,-0.3002747518241971
2014-06-05,-0.3268024260323028
2014-06-08,-0.3455523528286081
2014-06-09,-0.3686078183707314
2014-06-10,-0.3784688909821214
2014-06-11,-0.362774507811881
2014-06-12,-0.36749671159761715
2014-06-15,-0.3777744492489253
2014-06-16,-0.36360783789171663
2014-06-17,-0.32333021736632045
2014-06-18,-0.3776355609022857
2014-06-19,-0.3779133375955643
2014-06-22,-0.36777448829089576
2014-06-23,-0.3869410801271186
2014-06-24,-0.37499668231613903
2014-06-25,-0.398329924551541
2014-06-26,-0.4134687543352243
2014-06-29,-0.41638540961464954
2014-06-30,-0.38874662863342957
2014-07-01,-0.4076354437763738
2014-07-02,-0.37402446388966376
2014-07-03,-0.3955521576187553
2014-07-06,-0.3913855072195762
2014-07-07,-0.3737466871963852
2014-07-08,-0.3919410606061334
2014-07-09,-0.3947188275389196
2014-07-10,-0.37916333271531816
2014-07-13,-0.38069110452835053
2014-07-14,-0.39485771588555857
2014-07-15,-0.38305220642121807
2014-07-16,-0.3762466774358929
2014-07-17,-0.32805242115205663
2014-07-20,-0.37402446388966376
2014-07-21,-0.37971888610187526
2014-07-22,-0.39346883241916575
2014-07-23,-0.38291331807457907
2014-07-24,-0.3837466481544148
2014-07-27,-0.3743022405829423
2014-07-28,-0.37819111428884283
2014-07-29,-0.36749671159761715
2014-07-30,-0.34430235770885426
2014-07-31,-0.3212468921667309
2014-08-03,-0.3323579598978747
2014-08-04,-0.3299968580050066
2014-08-05,-0.29902475670444323
2014-08-06,-0.30680250411624366
2014-08-07,-0.2743026310026485
2014-08-10,-0.2952747713451823
2014-08-11,-0.30444140222337557
2014-08-12,-0.3009691935573932
2014-08-13,-0.2959692130783784
2014-08-14,-0.3162469116877161
2014-08-17,-0.34166347912270756
2014-08-18,-0.32833019784533524
2014-08-19,-0.3445801344021328
2014-08-20,-0.32541354256591
2014-08-21,-0.3122191496351766
2014-08-24,-0.30374696049017946
2014-08-25,-0.28985812582624937
2014-08-26,-0.323607994059599
2014-08-27,-0.3444412460554938
2014-08-28,-0.3533301002404085
2014-08-31,-0.36110784765220955
2014-09-01,-0.3451356877886899
2014-09-02,-0.34971900322778715
2014-09-03,-0.3577745273328662
2014-09-04,-0.35041344496098326
2014-09-07,-0.35249677016057285
2014-09-08,-0.3147191398746837
2014-09-09,-0.2894414607863318
2014-09-10,-0.28666369385354556
2014-09-11,-0.27319152422953363
2014-09-14,-0.3051358439565723
2014-09-15,-0.21124732162840687
2014-09-16,-0.2193028457334865
2014-09-17,-0.1893029628593978
2014-09-18,-0.17833078347489353
2014-09-21,-0.17583079323538583
2014-09-22,-0.1331920708171215
2014-09-23,-0.11374770228762013
2014-09-24,-0.15583087131932732
2014-09-25,-0.09222000855852919
2014-09-28,-0.09971997927705106
2014-09-29,-0.06680344112353774
2014-09-30,-0.07735895546812381
2014-10-01,-0.013748092707325682
2014-10-02,0.0006962953431615393
2014-10-05,-0.05097016960665769
2014-10-06,-0.0920811202118896
2014-10-07,-0.1366642794831039
2014-10-08,-0.1633308420378492
2014-10-09,-0.13430317759023638
2014-10-12,-0.14666424044113346
2014-10-13,-0.14041426484236544
2014-10-14,-0.1326365174305644
2014-10-15,-0.054442378272640056
2014-10-16,-0.03569245147633477
2014-10-19,-0.08458114949336773
2014-10-20,-0.04083132030198853
2014-10-21,-0.01888696153297944
2014-10-22,-0.010136995694703723
2014-10-23,0.005696275822175707
2014-10-27,-0.031525801077155684
2014-10-28,0.03889059066896822
2014-10-29,-0.04638685416756044
2014-10-30,-0.04694240755411758
2014-10-31,-0.12499765836540293
2014-11-03,-0.10846994511532677
2014-11-04,0.0009740720364401042
2014-11-05,0.0031962855826686227
2014-11-06,0.013474023233976756
2014-11-07,0.10416811358943835
2014-11-10,0.07958487623428259
2014-11-11,0.0802793179674787
2014-11-12,0.08722373529944343
2014-11-13,0.09930702145706255
2014-11-14,0.13097356449082265
2014-11-17,0.14611239427450595
2014-11-18,0.15708457365901018
2014-11-19,0.12152915691935019
2014-11-20,0.10736254556214216
2014-11-21,0.10847365233525642
2014-11-24,0.028335076324381515
2014-11-25,0.07069602204936729
2014-11-26,0.04930721666691532
2014-11-27,0.008751819448240536
2014-11-28,0.04944610501355491
2014-12-01,0.055418303919044364
2014-12-02,0.09083483231206539
2014-12-03,0.10180701169657025
2014-12-04,0.07986265292756116
2014-12-05,0.13430688481016542
2014-12-08,0.1312513411841012
2014-12-09,0.1458346175812274
2014-12-10,0.1359735449698374
2014-12-11,0.16875119477671177
2014-12-12,0.2154176792475156
2014-12-15,0.2194454413000551
2014-12-16,0.2784729886217566
2014-12-17,0.3383338660232938
2014-12-18,0.3061117696029772
2014-12-19,0.23291761092406704
2014-12-22,0.22902873721816652
2014-12-23,0.23722314966988509
2014-12-24,0.27722299350200275
2014-12-25,0.27722299350200275
2014-12-26,0.28277852736757464
2014-12-29,0.2793063187015923
2014-12-30,0.2884729495797862
2014-12-31,0.22569541689882372
2015-01-01,0.22583430524546272
2015-01-02,0.22444542177906987
2015-01-05,0.27722299350200275
2015-01-06,0.29375070675207954
2015-01-07,0.28472296422052523
2015-01-08,0.26277860545151616
2015-01-09,0.23347316431062418
2015-01-12,0.18722334487973788
2015-01-13,0.24805644070775035
2015-01-14,0.20555660663612563
2015-01-15,0.16736231131031834
2015-01-16,0.20430661151637178
2015-01-19,0.1740289519490045
2015-01-20,0.21736211610046555
2015-01-21,0.16583453949728652
2015-01-22,0.14652905931442411
2015-01-23,0.10986253580164924
2015-01-26,0.11972360841303922
2015-01-27,0.12264026369246446
2015-01-28,0.10791809894869929
2015-01-29,0.11319585612099263
2015-01-30,0.1508345980602422
2015-02-02,0.2600008385187299
2015-02-03,0.32222281781313517
2015-02-04,0.2770841051553638
2015-02-05,0.3426394047691125
2015-02-06,0.3472227202082091
2015-02-09,0.400000291931142
2015-02-10,0.3815281418281159
2015-02-11,0.47152779045038073
2015-02-12,0.5193053816942989
2015-02-13,0.45194453357423975
2015-02-16,0.4712500137571022
2015-02-17,0.4644444847717764
2015-02-18,0.46402781973185825
2015-02-19,0.47555555250292025
2015-02-20,0.5162498380682347
2015-02-23,0.5173609448413489
2015-02-24,0.5320831095851141
2015-02-25,0.507499872229959
2015-02-26,0.5238886971333955
2015-02-27,0.5741662786168212
2015-03-02,0.4794444262088208
2015-03-03,0.557083011980188
2015-03-04,0.6059717099972209
2015-03-05,0.6663881407853153
2015-03-06,0.7062490962707939
2015-03-09,0.785276565508554
2015-03-10,0.8765262092505727
2015-03-11,0.8472207681096807
2015-03-12,0.8823595198094232
2015-03-13,0.9326371012928489
2015-03-16,1.0463866571904339
2015-03-17,1.043331113564369
2015-03-18,1.0480533173501052
2015-03-19,1.009025691944463
2015-03-20,1.1094419665646749
2015-03-23,1.0180534344760173
2015-03-24,0.8843039566623732
2015-03-25,0.895276136046878
2015-03-26,0.9801369158434885
2015-03-27,0.9554147901416937
2015-03-29,1.0411089000181406
2015-03-30,1.0199978713289672
2015-03-31,0.9679147413392304
2015-04-01,0.9343037614525204
2015-04-02,0.875831767517376
2015-04-05,0.8749984374375402
2015-04-06,0.8749984374375402
2015-04-07,0.8798595295699161
2015-04-08,0.7701377357248707
2015-04-09,0.7829154636156859
2015-04-12,0.8058320408111702
2015-04-13,0.8716651171181975
2015-04-14,0.7958320798531406
2015-04-15,0.7420822897037325
2015-04-16,0.731943440399064
2015-04-19,0.7570822311407769
2015-04-20,0.7469433818361078
2015-04-21,0.7422211780503715
2015-04-22,0.7133324019493976
2015-04-23,0.6623603787327758
2015-04-26,0.6343049327116377
2015-04-27,0.5854162346946047
2015-04-28,0.6155550059153324
2015-04-29,0.6404160199637667
2015-04-30,0.7215268144011162
2015-05-03,0.7215268144011162
2015-05-04,0.8213875356347717
2015-05-05,0.7798599199896217
2015-05-06,0.745971163409633
2015-05-07,0.7356934257583249
2015-05-10,0.6661103640920367
2015-05-11,0.7844432354287183
2015-05-12,0.7304156685860316
2015-05-13,0.7568044544474983
2015-05-14,0.6920824849135853
2015-05-17,0.6941658101131748
2015-05-18,0.7141657320292334
2015-05-19,0.7499989254621725
2015-05-20,0.7084713098170224
2015-05-21,0.7570822311407769
2015-05-24,0.8297208364331293
2015-05-25,0.8355541469919797
2015-05-26,0.9116649609503151
2015-05-27,0.8976372379397461
2015-05-28,0.9261093490008018
2015-05-31,0.95027592131604
2015-06-01,0.9415259554777643
2015-06-02,0.8847206217022913
2015-06-03,0.8911094856476989
2015-06-04,0.9008316699124499
2015-06-07,0.8999983398326142
2015-06-08,0.8587485008807427
2015-06-09,0.8387485789646836
2015-06-10,0.8644429230929536
2015-06-11,0.8270819578469826
2015-06-14,0.8683317967988541
2015-06-15,0.877637316023687
2015-06-16,0.826804181153704
2015-06-17,0.7761099346303602
2015-06-18,0.7863876722816683
2015-06-21,0.8355541469919797
2015-06-22,0.8233319724877217
2015-06-23,0.8086098077439559
2015-06-24,0.8379152488848479
2015-06-25,0.8788873111434408
2015-06-28,0.8806928596497517
2015-06-29,0.865831806559347
2015-06-30,0.856109622294596
2015-07-01,0.9081927522843328
2015-07-02,0.836665253765094
2015-07-05,0.885553951782127
2015-07-06,0.8937483642338456
2015-07-07,0.9543036833685795
2015-07-08,1.0279145070874072
2015-07-09,1.0131923423436413
2015-07-12,0.9222204752949018
2015-07-13,0.8883317187149132
2015-07-14,0.8956928010867955
2015-07-15,0.8944428059670423
2015-07-16,0.9152760579629365
2015-07-19,0.9633314259001338
2015-07-20,0.9762480421375885
2015-07-21,0.944859275797107
2015-07-22,1.011386793837331
2015-07-23,1.1008308890730383
2015-07-26,1.200552721960054
2015-07-27,1.2084693577184942
2015-07-28,1.1984693967604645
2015-07-29,1.1559695626888398
2015-07-30,1.2211081972626703
2015-08-02,1.288607933729369
2015-08-03,1.3294411076413224
2015-08-04,1.3537465683031995
2015-08-05,1.3780520289650768
2015-08-06,1.4444406586586611
2015-08-09,1.4444406586586611
2015-08-10,1.3112467342315748
2015-08-11,1.3602743205952468
2015-08-12,1.3659687428074576
2015-08-13,1.4273573920220273
2015-08-16,1.3698576165133582
2015-08-17,1.3680520680070472
2015-08-18,1.3518021314502495
2015-08-19,1.3843020045638454
2015-08-20,1.3419410588388596
2015-08-23,1.3977741741878573
2015-08-24,1.467357235854145
2015-08-25,1.5554124476234599
2015-08-26,1.531245875308222
2015-08-27,1.4702738911335702
2015-08-30,1.5098570699257703
2015-08-31,1.566106850314686
2015-09-01,1.6679120084012908
2015-09-02,1.7531894532378196
2015-09-03,1.7269395557229925
2015-09-06,1.8723556546543374
2015-09-07,1.8658279023622903
2015-09-08,1.8393002281541846
2015-09-09,1.787633763204366
2015-09-10,1.8840222757720384
2015-09-13,1.911938833446537
2015-09-14,1.8320780341289413
2015-09-15,1.900133323982197
2015-09-16,1.8569390481773749
2015-09-17,1.944160929866854
2015-09-20,2.01027178286716
2015-09-21,
2015-09-22,2.1612434156640763
2015-09-23,2.3381871692825413
2015-09-24,2.0019384820688018
2015-09-27,2.049993850005999
2015-09-28,2.239020889782083
2015-09-29,2.17054893488891
2015-09-30,2.0195773020919927
2015-10-01,2.09332701415746
2015-10-04,1.994299623003641
2015-10-05,1.9698552739951243
2015-10-06,1.8852722708917922
2015-10-07,1.9287443233898922
2015-10-08,1.792078190296823
2015-10-11,1.7604116472630635
2015-10-12,1.7623560841160135
2015-10-13,1.940549832854232
2015-10-14,1.8270780536499265
2015-10-15,1.8068003550405887
2015-10-18,1.9848552154321686
2015-10-19,1.9391609493878394
2015-10-20,1.9592997596505375
2015-10-21,2.0070773508944564
2015-10-22,1.9592997596505375
2015-10-26,1.9222165710978452
2015-10-27,1.9615219731967666
2015-10-28,1.9330498621357104
2015-10-29,1.9522164539719338
2015-10-30,1.8793000719863022
2015-11-02,1.888605591211135
2015-11-03,1.9147166003793232
2015-11-04,1.7715227149942072
2015-11-05,1.8111058937864069
2015-11-06,1.789578200057316
2015-11-09,1.770411608221093
2015-11-10,1.8159669859187826
2015-11-11,1.7413839437734797
2015-11-12,1.7656894044353568
2015-11-13,1.7712449383009288
2015-11-16,1.8736056497740907
2015-11-17,1.8527723977781965
2015-11-18,1.8287447138095978
2015-11-19,1.7715227149942072
2015-11-20,1.7633283025424886
2015-11-23,1.6777730810126814
2015-11-24,1.7184673665779953
2015-11-25,1.6730508772269452
2015-11-26,1.7330506429751213
2015-11-27,1.7316617595087287
2015-11-30,1.8747167565472056
2015-12-01,1.9097166199003084
2015-12-02,1.8874944844380208
2015-12-03,1.8620779170030293
2015-12-04,1.7559672201706058
2015-12-07,1.74916169118528
2015-12-08,1.7609672006496206
2015-12-09,1.837355791301234
2015-12-10,1.7376339584142186
2015-12-11,1.8280502720764011
2015-12-14,1.8348558010617269
2015-12-15,1.9344387456021033
2015-12-16,1.9642997401295523
2015-12-17,1.9462442550664436
2015-12-18,1.9231887895243203
2015-12-21,2.0649937914430434
2015-12-22,2.1108269458340114
2015-12-23,2.0744381990145153
2015-12-24,2.0130495497999457
2015-12-25,1.9741608127409422
2015-12-28,1.967494172102256
2015-12-29,1.8937444600367894
2015-12-30,1.906244411234326
2015-12-31,2.0348550202223157
2016-01-01,2.025549500997483
2016-01-04,2.024299505877729
2016-01-05,2.1467990276135898
2016-01-06,2.1323546395631032
2016-01-07,2.1226324552983513
2016-01-08,2.1526323381724404
2016-01-11,2.085549266745659
2016-01-12,2.164993401023337
2016-01-13,2.1299935376702344
2016-01-14,2.1145769311932727
2016-01-15,2.1031880867688497
2016-01-18,2.100965873222621
2016-01-19,2.167632279609484
2016-01-20,2.176104468754481
2016-01-21,2.235826457809379
2016-01-22,2.3081872864084536
2016-01-25,2.2192987445593033
2016-01-26,2.2170765310130744
2016-01-27,2.1879099782188223
2016-01-28,2.2406875499417547
2016-01-29,2.1880488665654614
2016-02-01,2.090965912264592
2016-02-02,2.0390216706214948
2016-02-03,2.074577087361155
2016-02-04,1.945410924986608
2016-02-05,1.9369387358416108
2016-02-08,1.9540220024782442
2016-02-09,1.9444387065601327
2016-02-10,1.9304109835495638
2016-02-11,1.992632962843969
2016-02-12,2.0776326309872193
2016-02-15,2.0508271800858346
2016-02-16,2.0880492569851667
2016-02-17,2.1817988909666926
2016-02-18,2.0684660001090256
2016-02-19,2.1291602075903993
2016-02-22,2.1177713631659763
2016-02-23,2.015549540039453
2016-02-24,2.030410593129858
2016-02-25,2.031660588249612
2016-02-26,2.0281883795836295
2016-02-29,2.0459660879534596
2016-03-01,2.112910271033601
2016-03-02,1.9866607639384795
2016-03-03,1.941244274587429
2016-03-04,1.8118003355196035
2016-03-07,1.7738838168870754
2016-03-08,1.7909670835237086
2016-03-09,1.751522793078148
2016-03-10,1.6462454263255604
2016-03-11,1.5588846562894423
2016-03-14,1.5001348856610193
2016-03-15,1.6158288784115542
2016-03-16,1.764856074355521
2016-03-17,1.7291617692692216
2016-03-18,1.568051287167636
2016-03-21,1.5687457289008329
2016-03-22,1.5569402194364923
2016-03-23,1.5086070748060163
2016-03-24,1.650689853418018
2016-03-25,1.6466620913654786
2016-03-27,1.6554120572037543
2016-03-28,1.6466620913654786
2016-03-29,1.5879123207370556
2016-03-30,1.5340236422410078
2016-03-31,1.5206903609636355
2016-04-03,1.4680516775873416
2016-04-04,1.5633290833818998
2016-04-05,1.6418009992331033
2016-04-06,1.589995645936645
2016-04-07,1.6541620620840003
2016-04-10,1.5202736959237173
2016-04-11,1.3845797812571239
2016-04-12,1.3762464804587657
2016-04-13,1.3915241985890887
2016-04-14,1.3623576457948363
2016-04-17,1.4436073285788253
2016-04-18,1.5531902340772312
2016-04-19,1.4356906928203854
2016-04-20,1.4344406977006317
2016-04-21,1.4344406977006317
2016-04-24,1.4870793810769254
2016-04-25,1.4705516678268487
2016-04-26,1.428607387141781
2016-04-27,1.4304129356480921
2016-04-28,1.3723576067528653
2016-05-01,1.3072189721790346
2016-05-02,1.3956908489882678
2016-05-03,1.4768016434256173
2016-05-04,1.463607250494884
2016-05-05,1.4465239838582507
2016-05-08,1.3991630576542502
2016-05-09,1.4186074261837516
2016-05-10,1.359440990515411
2016-05-11,1.3269411174018153
2016-05-12,1.3687465097402438
2016-05-15,1.4424962218057105
2016-05-16,1.3929130820554816
2016-05-17,1.3812464609377806
2016-05-18,1.481801623904632
2016-05-19,1.4851349442239754
2016-05-22,1.4801349637449608
2016-05-23,1.492912691635776
2016-05-24,1.4940237984088902
2016-05-25,1.5073570796862632
2016-05-26,1.5154126037913422
2016-05-29,1.5518013506108386
2016-05-30,1.4941626867555298
2016-05-31,1.516107045524539
2016-06-01,1.5269403365624041
2016-06-02,1.5118015067787203
2016-06-05,1.4345795860472712
2016-06-06,1.379024247391552
2016-06-07,1.31013562745846
2016-06-08,1.2026360471596436
2016-06-09,1.2559691722691342
2016-06-12,1.2836079532503542
2016-06-13,1.3690242864335225
2016-06-14,1.3659687428074576
2016-06-15,1.3579132187023786
2016-06-16,1.3466632626245951
2016-06-19,1.279441302851175
2016-06-20,1.2501358617102838
2016-06-21,1.2784690844247004
2016-06-22,1.2259692893950456
2016-06-23,1.1741639360985878
2016-06-26,1.2168026585168523
2016-06-27,1.2468025413909403
2016-06-28,1.1262474565080303
2016-06-29,1.0361089195391258
2016-06-30,0.9920813136544686
2016-07-03,1.0263867352743747
2016-07-04,1.1068030879785282
2016-07-05,1.121525252722294
2016-07-06,1.1602751014346577
2016-07-07,1.2076360276386584
2016-07-10,1.1195808158693434
2016-07-11,1.1327752088000769
2016-07-12,1.113747505310493
2016-07-13,1.0694421227325572
2016-07-14,1.05110886097617
2016-07-17,1.0902753747284522
2016-07-18,1.052497744442563
2016-07-19,1.0504144192429734
2016-07-20,1.0570810598816596
2016-07-21,1.0791643069973083
2016-07-24,1.0554143997219883
2016-07-25,1.097914233793613
2016-07-26,1.0811087438502582
2016-07-27,1.0652754723333782
2016-07-28,1.0976364571003343
2016-07-31,1.0480533173501052
2016-08-01,1.0649976956400997
2016-08-02,1.0572199482282991
2016-08-03,1.0319422691399467
2016-08-04,0.9656925277930019
2016-08-07,0.9293037809735055
2016-08-08,0.9402759603580104
2016-08-09,0.9045816552717109
2016-08-10,0.8793039761833583
2016-08-11,0.8991650097527779
2016-08-14,0.9706925082720167
2016-08-15,0.9627758725135767
2016-08-16,0.9855535613624214
2016-08-17,0.9905535418414362
2016-08-18,1.0365255845790433
2016-08-21,0.9901368768015181
2016-08-22,0.982081352696439
2016-08-23,1.0331922642597005
2016-08-24,1.0162478859697062
2016-08-25,1.023192303301671
2016-08-28,1.0729143313985396
2016-08-29,1.0222200848751957
2016-08-30,1.0349978127660115
2016-08-31,1.0199978713289672
2016-09-01,1.0577755016148562
2016-09-04,1.0618032636673957
2016-09-05,1.0772198701443576
2016-09-06,0.9787480323770956
2016-09-07,0.9709702849652952
2016-09-08,1.0045812648520054
2016-09-11,1.0834698457431264
2016-09-12,1.0490255357765805
2016-09-13,1.1423585047181883
2016-09-14,1.1831916786301422
2016-09-15,1.1224974711487687
2016-09-18,1.0748587682514896
2016-09-19,1.0827754040099296
2016-09-20,1.0618032636673957
2016-09-21,0.9972201824801223
2016-09-22,1.0074979201314305
2016-09-25,1.0438866669509261
2016-09-26,1.0402755699383048
2016-09-27,1.029164502207161
2016-09-28,1.0086090269045447
2016-09-29,1.0662476907598535
2016-10-02,1.0669421324930495
2016-10-03,0.9959701873603686
2016-10-04,1.0595810501211673
2016-10-05,1.00958124533102
2016-10-06,1.0216645314886386
2016-10-09,1.0106923521041342
2016-10-10,0.987636886562011
2016-10-11,0.9781924789905385
2016-10-12,0.9848591196292247
2016-10-13,0.952359246515629
2016-10-16,0.9866646681355357
2016-10-17,0.9897202117616005
2016-10-18,0.9584703337677586
2016-10-19,0.936803751692028
2016-10-20,0.8993038980994175
2016-10-23,0.9129149560700685
2016-10-24,0.8790261994900798
2016-10-25,0.8594429426139388
2016-10-26,0.8988872330594994
2016-10-27,0.9356926449189131
2016-10-31,0.9881924399485681
2016-11-01,0.9813869109632424
2016-11-02,1.0326367108731433
2016-11-03,1.0569421715350207
2016-11-04,1.0649976956400997
2016-11-07,1.028747837167243
2016-11-08,0.9851368963225032
2016-11-09,0.9395815186248138
2016-11-10,1.0297200555937183
2016-11-11,1.255552507229216
2016-11-14,1.2477747598174156
2016-11-15,1.3176355981769825
2016-11-16,1.3195800350299323
2016-11-17,1.332079986227469
2016-11-18,1.3066634187924775
2016-11-21,1.2370803571261892
2016-11-22,1.2441636628047936
2016-11-23,1.2111082363046408
2016-11-24,1.3048578702861666
2016-11-25,1.2487469782438902
2016-11-28,1.2908301472755974
2016-11-29,1.2716635554393747
2016-11-30,1.3363855249732877
2016-12-01,1.2704135603196207
2016-12-02,1.5019404341673301
2016-12-05,1.3654131894209005
2016-12-06,1.2894412638092048
2016-12-07,1.2704135603196207
2016-12-08,1.2361081386997146
2016-12-09,1.2251359593152098
2016-12-12,1.2297192747543064
2016-12-13,1.1745806011385054
2016-12-14,1.1702750623926874
2016-12-15,1.2186082070231632
2016-12-16,1.214024891584066
2016-12-19,1.2483303132039727
2016-12-20,1.2115249013445588
2016-12-21,1.1965249599075145
2016-12-22,1.1580528878884293
2016-12-23,1.103747544352464
2016-12-26,1.0804143021170616
2016-12-27,1.0805531904637011
2016-12-28,1.0802754137704225
2016-12-29,1.0984697871801707
2016-12-30,1.0565255064951025
2017-01-02,1.0577755016148562
2017-01-03,1.1005531123797596
2017-01-04,1.0720810013187039
2017-01-05,1.003470158078891
2017-01-06,0.9806924692300463
2017-01-09,1.0147201141566737
2017-01-10,0.9776369256039814
2017-01-11,0.9762480421375885
2017-01-12,0.9787480323770956
2017-01-13,0.9655536394463623
2017-01-16,0.9655536394463623
2017-01-17,1.0401366815916653
2017-01-18,0.997497959173401
2017-01-19,1.0249978518079819
2017-01-20,0.9768035955241458
2017-01-23,0.9037483251918751
2017-01-24,0.9306926644398991
2017-01-25,0.9404148487046494
2017-01-26,0.9401370720113709
2017-01-27,0.9506925863559575
2017-01-30,0.8583318358408245
2017-01-31,0.8804150829564732
2017-02-01,0.9145816162297404
2017-02-02,0.8838872916224556
2017-02-03,0.8762484325572941
2017-02-06,0.872081782158115
2017-02-07,0.864026258053036
2017-02-08,0.8681929084522145
2017-02-09,0.8670818016791003
2017-02-10,0.8849983983955698
2017-02-13,0.8548596271748422
2017-02-14,0.8590262775740213
2017-02-15,0.818887545395264
2017-02-16,0.7840265703888001
2017-02-17,0.8276375112335398
2017-02-20,0.8387485789646836
2017-02-21,0.824859744300754
2017-02-22,0.836526365418455
2017-02-23,0.7926376478804369
2017-02-24,0.7898598809476506
2017-02-27,0.8374985838449297
2017-02-28,0.8523596369353351
2017-03-01,0.856109622294596
2017-03-02,0.828609729660015
2017-03-03,0.9208315918285084
2017-03-06,0.8727762238913118
2017-03-07,0.8966650195132708
2017-03-08,0.8670818016791003
2017-03-09,0.9273593441205557
2017-03-10,0.9718036150451309
2017-03-13,0.9109705192171185
2017-03-14,0.9177760482024442
2017-03-15,0.9334704313726847
2017-03-16,0.8448596662168126
2017-03-17,0.8718040054648365
2017-03-20,0.8263875161137859
2017-03-21,0.804720934038056
2017-03-22,0.826665292807065
2017-03-23,0.8238875258742788
2017-03-24,0.8979150146330247
2017-03-26,0.8584707241874642
2017-03-27,0.8799984179165551
2017-03-28,0.8983316796729423
2017-03-29,0.875692879170737
2017-03-30,0.911248295910397
2017-04-02,0.8752762141308189
2017-04-03,0.8630540396265608
2017-04-04,0.8388874673113231
2017-04-05,0.8722206705047546
2017-04-06,0.9026372184187609
2017-04-09,0.907081645511218
2017-04-10,0.8891650487947489
2017-04-11,0.8961094661267137
2017-04-12,0.877637316023687
2017-04-13,0.9038872135385141
2017-04-16,0.9056927620448251
2017-04-17,0.8870817235951594
2017-04-18,0.8540262970950064
2017-04-19,0.9120816259902327
2017-04-20,0.9104149658305614
2017-04-23,0.9099983007906431
2017-04-24,0.8824984081560622
2017-04-25,0.9105538541772009
2017-04-26,0.9437481690239928
2017-04-27,0.9576370036879223
2017-04-30,0.9506925863559575
2017-05-01,0.9493037028895647
2017-05-02,0.9147205045763793
2017-05-03,0.9312482178264562
2017-05-04,0.9629147608602157
2017-05-07,0.9529147999021866
2017-05-08,0.9788869207237353
2017-05-09,0.9655536394463623
2017-05-10,0.9362481983054709
2017-05-11,0.8991650097527779
2017-05-14,0.9529147999021866
2017-05-15,0.8563873989878746
2017-05-16,0.8391652440046017
2017-05-17,0.8913872623409774
2017-05-18,1.2186082070231632
2017-05-21,1.0579143899614953
2017-05-22,1.0747198799048505
2017-05-23,1.0791643069973083
2017-05-24,1.0869420544091086
2017-05-25,1.0859698359826335
2017-05-28,0.9529147999021866
2017-05-29,1.0608310452409204
2017-05-30,1.0619421520140353
2017-05-31,1.0187478762092133
2017-06-01,1.0519421910560058
2017-06-04,1.0522199677492845
2017-06-05,1.117358602323115
2017-06-06,1.0894420446486157
2017-06-07,1.0773587584909974
2017-06-08,1.066664355799771
2017-06-11,0.9529147999021866
2017-06-12,1.1459696017308103
2017-06-13,1.1427751697581063
2017-06-14,1.0847198408628802
2017-06-15,1.086108724329273
2017-06-18,1.1069419763251678
2017-06-19,1.09652535032722
2017-06-20,1.1581917762350682
2017-06-21,1.1691639556195732
2017-06-22,1.177913921457849
2017-06-25,1.180413911697356
2017-06-26,1.115553053816804
2017-06-27,1.139441849438763
2017-06-28,1.0943031367809917
2017-06-29,1.1265252332013087
2017-07-02,0.9529147999021866
2017-07-03,1.123469689575244
2017-07-04,1.135552975732863
2017-07-05,1.1047197627789387
2017-07-06,1.1190252624827863
2017-07-09,0.9529147999021866
2017-07-10,
2017-07-11,1.0576366132682167
2017-07-12,0.9933313087742218
2017-07-13,0.9977757358666796
2017-07-16,0.9529147999021866
2017-07-17,0.9577758920345618
2017-07-18,0.9181927132423617
2017-07-19,0.911248295910397
2017-07-20,0.8705540103450826
2017-07-23,0.9529147999021866
2017-07-24,0.9066649804713004
2017-07-25,0.9438870573706317
2017-07-26,0.8970816845531889
2017-07-27,0.9180538248957227
2017-07-30,0.9529147999021866
2017-07-31,0.8808317479963907
2017-08-01,0.8766650975972117
2017-08-02,0.8619429328534465
2017-08-03,0.8609707144269713
2017-08-06,0.8856928401287666
2017-08-07,0.8786095344501622
2017-08-08,0.8809706363430304
2017-08-09,0.9176371598558046
2017-08-10,0.9472203776899751
2017-08-13,0.9529147999021866
2017-08-14,0.9661091928329194
2017-08-15,0.9388870768916177
2017-08-16,0.9163871647360514
2017-08-17,0.946803712650057
2017-08-20,0.9529147999021866
2017-08-21,0.9324982129462094
2017-08-22,0.929026004280227
2017-08-23,0.899581674792696
2017-08-24,0.9095816357507256
2017-08-27,0.9265260140407199
2017-08-28,0.9363870866521099
2017-08-29,0.9341648731058814
2017-08-30,0.9266649023873589
2017-08-31,0.9088871940175289
2017-09-03,0.9529147999021866
2017-09-04,0.8997205631393357
2017-09-05,0.8669429133324613
2017-09-06,0.842081899284027
2017-09-07,0.8416652342441088
2017-09-10,0.9529147999021866
2017-09-11,0.8445818895235341
2017-09-12,0.8754151024774585
2017-09-13,0.8888872721014703
2017-09-14,0.8701373453051651
2017-09-17,0.8584707241874642
2017-09-18,0.893470587540567
2017-09-19,0.8905539322611418
2017-09-20,0.8874983886350769
2017-09-21,0.8929150341540099
2017-09-24,0.877637316023687
2017-09-25,0.92458157718777
2017-09-26,0.9337482080659633
2017-09-27,0.9726369451249667
2017-09-28,0.9573592269946437
2017-10-01,0.9330537663327672
2017-10-02,0.9184704899356403
2017-10-03,0.9016649999922856
2017-10-04,0.8911094856476989
2017-10-05,0.9177760482024442
2017-10-08,0.9220815869482623
2017-10-09,0.9655536394463623
2017-10-10,0.9530536882488256
2017-10-11,0.9418037321710429
2017-10-12,0.9408315137445675
2017-10-15,0.9091649707108075
2017-10-16,0.9426370622508785
2017-10-17,0.9229149170280979
2017-10-18,0.9423592855576
2017-10-19,0.935137091532356
2017-10-22,0.9712480616585738
2017-10-23,1.031664492446668
2017-10-24,1.0430533368710906
2017-10-25,1.0272200653542105
2017-10-26,1.1040253210457427
2017-10-30,1.0322200458332254
2017-10-31,1.105136427818857
2017-11-01,1.0805531904637011
2017-11-02,1.075830986677965
2017-11-03,1.0736087731317363
2017-11-06,1.1124975101907397
2017-11-07,1.0504144192429734
2017-11-08,1.0812476321968971
2017-11-09,1.0551366230287096
2017-11-10,1.0515255260160876
2017-11-13,1.0899975980351735
2017-11-14,1.0893031563019768
2017-11-15,1.139302961092124
2017-11-16,
2017-11-17,
2017-11-20,1.0595810501211673
2017-11-21,1.0588866083879707
2017-11-22,1.0634699238270673
2017-11-23,1.015692332583149
2017-11-24,1.012081235570527
2017-11-27,1.0295811672470785
2017-11-28,1.0205534247155243
2017-11-29,0.997359070826762
2017-11-30,1.0461088804971554
2017-12-01,1.0827754040099296
2017-12-04,1.0636088121737068
2017-12-05,1.0430533368710906
2017-12-06,1.0398589048983866
2017-12-07,1.0315256041000291
2017-12-08,1.1049975394722173
2017-12-11,1.105830869552053
2017-12-12,1.1273585632811445
2017-12-13,1.127080786587866
2017-12-14,1.1347196456530273
2017-12-15,1.1788861398843236
2017-12-18,1.1116641801109035
2017-12-19,1.1095808549113144
2017-12-20,1.1068030879785282
2017-12-21,1.1179141557096721
2017-12-22,1.1322196554135198
2017-12-25,1.1755528195649807
2017-12-26,1.1720806108989983
2017-12-27,1.1362474174660593
2017-12-28,1.141247397945074
2017-12-29,1.1381918543190097
2018-01-01,1.133330762186634
2018-01-02,1.1380529659723702
2018-01-03,1.064164365560264
2018-01-04,1.0331922642597005
2018-01-05,1.0298589439403572
2018-01-08,1.0208312014088028
2018-01-09,1.0380533563920757
2018-01-10,1.048886647429941
2018-01-11,1.0205534247155243
2018-01-12,1.00360904642553
2018-01-15,0.9848591196292247
2018-01-16,1.0022201629591372
2018-01-17,1.0154145558898706
2018-01-18,1.0147201141566737
2018-01-19,0.9909702068813537
2018-01-22,0.9765258188308672
2018-01-23,0.9848591196292247
2018-01-24,1.0331922642597005
2018-01-25,0.907637198897775
2018-01-26,0.9101371891372827
