Date,macds
2010-01-04,-0.18480120363612484
2010-01-05,-0.17647969210143719
2010-01-06,-0.17466065489181423
2010-01-07,-0.1708642120971596
2010-01-08,-0.17043467752455832
2010-01-11,-0.17164020654111325
2010-01-12,-0.17071144883198439
2010-01-13,-0.16535820225660197
2010-01-14,-0.15071537022927484
2010-01-15,-0.13255011304647227
2010-01-18,-0.11450360989351441
2010-01-19,-0.09320827533866934
2010-01-20,-0.06497092107114928
2010-01-21,-0.02979518040491596
2010-01-22,0.015060951130887892
2010-01-25,0.04608575154193494
2010-01-26,0.08998062848751692
2010-01-27,0.14602764627065926
2010-01-28,0.21432726576902525
2010-01-29,0.2876898832439824
2010-02-01,0.35373718841846635
2010-02-02,0.39431644128369725
2010-02-03,0.4255210557108019
2010-02-04,0.4633608190378176
2010-02-05,0.5029283711304783
2010-02-08,0.5339708897629739
2010-02-09,0.541341460201894
2010-02-10,0.5359221010352417
2010-02-11,0.5216233415748613
2010-02-12,0.5046807352812879
2010-02-15,0.48153244644610027
2010-02-16,0.4493288951537048
2010-02-17,0.4064838123479908
2010-02-18,0.35014956678826575
2010-02-19,0.2785126439512726
2010-02-22,0.2025275444897318
2010-02-23,0.13343881353811357
2010-02-24,0.07101321147950017
2010-02-25,0.02528648763022993
2010-02-26,-0.025062629976706288
2010-03-01,-0.08057165575610205
2010-03-02,-0.17398249347035952
2010-03-03,-0.25450843135002077
2010-03-04,-0.32228431314670897
2010-03-05,-0.3842302826238989
2010-03-08,-0.4349544112356854
2010-03-09,-0.4775462808839312
2010-03-10,-0.519652144623109
2010-03-11,-0.5578974831258177
2010-03-12,-0.5955033098349841
2010-03-15,-0.62956303856307
2010-03-16,-0.6558042428803894
2010-03-17,-0.6771390437459355
2010-03-18,-0.6879066189590912
2010-03-19,-0.6763273361210231
2010-03-22,-0.6478916997801019
2010-03-23,-0.6200895641110562
2010-03-24,-0.5857143276660581
2010-03-25,-0.5447682978041695
2010-03-26,-0.48695883608488083
2010-03-28,-0.4294311655297654
2010-03-29,-0.3831695122622308
2010-03-30,-0.35375511862085235
2010-03-31,-0.34493162202146305
2010-04-01,-0.34934560841925544
2010-04-04,-0.3640965531624547
2010-04-05,-0.38855784306096064
2010-04-06,-0.40322583762175135
2010-04-07,-0.41284474387274417
2010-04-08,-0.41945313556964514
2010-04-11,-0.43201647808545457
2010-04-12,-0.47226526720655715
2010-04-13,-0.507932994045954
2010-04-14,-0.5357628952340328
2010-04-15,-0.5527626781184377
2010-04-18,-0.5588245701925596
2010-04-19,-0.5614646033552497
2010-04-20,-0.563619488588253
2010-04-21,-0.5553409684660587
2010-04-22,-0.5405258002529639
2010-04-25,-0.5326840680118604
2010-04-26,-0.5164252467275087
2010-04-27,-0.4990639479973316
2010-04-28,-0.49721868609250874
2010-04-29,-0.5058421336998946
2010-05-02,-0.518483760071576
2010-05-03,-0.5214038239642278
2010-05-04,-0.4992810411668344
2010-05-05,-0.4298045093953675
2010-05-06,-0.32462705102710165
2010-05-09,-0.2463757762163195
2010-05-10,-0.1886082837233111
2010-05-11,-0.14788189191321605
2010-05-12,-0.12212537913224564
2010-05-13,-0.08802473490573458
2010-05-16,-0.05022933537596682
2010-05-17,-0.004895009851337038
2010-05-18,0.05048089251741814
2010-05-19,0.1413020061766565
2010-05-20,0.22635785537408412
2010-05-23,0.311513524398215
2010-05-24,0.39486306807126564
2010-05-25,0.4681363639248756
2010-05-26,0.5019609390074332
2010-05-27,0.5067157061693434
2010-05-30,0.49148387120723236
2010-05-31,0.4745773811491115
2010-06-01,0.45422976872937143
2010-06-02,0.42447260039320317
2010-06-03,0.40052586397578477
2010-06-06,0.4009089418702969
2010-06-07,0.4069032343597664
2010-06-08,0.4041017567711843
2010-06-09,0.37701936401746045
2010-06-10,0.33444320524924886
2010-06-13,0.2773466917905906
2010-06-14,0.20297107981294665
2010-06-15,0.12208208880284577
2010-06-16,0.039823173792203674
2010-06-17,-0.04724542762839794
2010-06-20,-0.1382256700659775
2010-06-21,-0.2250418179103293
2010-06-22,-0.28436874784993477
2010-06-23,-0.3365017201942475
2010-06-24,-0.38015942219336923
2010-06-27,-0.41458767385782264
2010-06-28,-0.4256361692051016
2010-06-29,-0.4309027156101688
2010-06-30,-0.42697444843029164
2010-07-01,-0.4313751560438071
2010-07-04,-0.44085451445255847
2010-07-05,-0.456223621900112
2010-07-06,-0.47504346701966405
2010-07-07,-0.4924253520483458
2010-07-08,-0.5143352690076802
2010-07-11,-0.5350533829170032
2010-07-12,-0.5555070694811532
2010-07-13,-0.5679604984995461
2010-07-14,-0.571506433622811
2010-07-15,-0.560946129842922
2010-07-18,-0.5390511444802867
2010-07-19,-0.5178481150940861
2010-07-20,-0.49879221447220734
2010-07-21,-0.48799291135129513
2010-07-22,-0.482066240560057
2010-07-25,-0.47580890056068453
2010-07-26,-0.47190860884802244
2010-07-27,-0.4680889588933918
2010-07-28,-0.4623950495481401
2010-07-29,-0.4589201853421722
2010-08-01,-0.46562481345644635
2010-08-02,-0.471327355476443
2010-08-03,-0.4754498207660076
2010-08-04,-0.47835429323184947
2010-08-05,-0.47914145312918993
2010-08-08,-0.5051098312556771
2010-08-09,-0.5190288796599841
2010-08-10,-0.5185784677809355
2010-08-11,-0.5033545532202431
2010-08-12,-0.48018558273560524
2010-08-15,-0.4788518045638149
2010-08-16,-0.4708391750930403
2010-08-17,-0.46290576761712476
2010-08-18,-0.4542122903749647
2010-08-19,-0.43790144704988027
2010-08-22,-0.4453800290225199
2010-08-23,-0.43808351078482943
2010-08-24,-0.4215681602653046
2010-08-25,-0.3972337437535224
2010-08-26,-0.37387901867261414
2010-08-29,-0.38572066676939964
2010-08-30,-0.38552432107333484
2010-08-31,-0.38023517831822756
2010-09-01,-0.3775624870792968
2010-09-02,-0.37652637736317934
2010-09-05,-0.41489308361085214
2010-09-06,-0.4453008994870926
2010-09-07,-0.4655145457659775
2010-09-08,-0.4840301634025288
2010-09-09,-0.4974618612292613
2010-09-12,-0.5389550073908119
2010-09-13,-0.5663542512330283
2010-09-14,-0.5914900325131874
2010-09-15,-0.6013050284853384
2010-09-16,-0.6022429190392571
2010-09-19,-0.6273872950517742
2010-09-20,-0.6292801250143828
2010-09-21,-0.616670557024779
2010-09-22,-0.6243537973964944
2010-09-23,-0.6176695561535428
2010-09-26,-0.632884226049152
2010-09-27,-0.6336137323048643
2010-09-28,-0.6242030421369343
2010-09-29,-0.6111831461731583
2010-09-30,-0.5999907467379717
2010-10-03,-0.6266278710403629
2010-10-04,-0.6367003189337301
2010-10-05,-0.651697290962543
2010-10-06,-0.6590542654480755
2010-10-07,-0.6638249153096172
2010-10-10,-0.6964037246501472
2010-10-11,-0.7225310787723838
2010-10-12,-0.7368713104607396
2010-10-13,-0.7521692413906594
2010-10-14,-0.7611791602550944
2010-10-17,-0.7965348289659092
2010-10-18,-0.8063369136150791
2010-10-19,-0.7875405260823507
2010-10-20,-0.7593070212125839
2010-10-21,-0.714085860333742
2010-10-24,-0.6890281562851416
2010-10-25,-0.6436939169169568
2010-10-26,-0.5855019447401205
2010-10-27,-0.511505979433844
2010-10-28,-0.43399337735437277
2010-11-01,-0.397596897549534
2010-11-02,-0.3540133803743866
2010-11-03,-0.30977699990824953
2010-11-04,-0.2742665392865002
2010-11-05,-0.254344975872027
2010-11-08,-0.24253551495778214
2010-11-09,-0.22623826353493484
2010-11-10,-0.20788803737497372
2010-11-11,-0.1808758492499967
2010-11-12,-0.14305433437392562
2010-11-15,-0.13077408168209123
2010-11-16,-0.1059185920949869
2010-11-17,-0.06519591222247416
2010-11-18,-0.022734508514767694
2010-11-19,0.009226784691399235
2010-11-22,0.010002546223320962
2010-11-23,0.019032898673177933
2010-11-24,0.03981435305625641
2010-11-25,0.059554680888412134
2010-11-26,0.0732043061693124
2010-11-29,0.09007651656015085
2010-11-30,0.10000153553678028
2010-12-01,0.10292340076311426
2010-12-02,0.09555780675327122
2010-12-03,0.07888764583407268
2010-12-06,0.017957863796496124
2010-12-07,-0.041233893280742395
2010-12-08,-0.09910511249522568
2010-12-09,-0.1444339790340223
2010-12-10,-0.1727530105226894
2010-12-13,-0.1881250840817465
2010-12-14,-0.20166987308170722
2010-12-15,-0.21332086818929571
2010-12-16,-0.21961776709394684
2010-12-17,-0.21895391397196703
2010-12-20,-0.2364299041736594
2010-12-21,-0.24033502626374714
2010-12-22,-0.23930846809942105
2010-12-23,-0.23571216101767975
2010-12-24,-0.23454241101763332
2010-12-27,-0.2357883330285009
2010-12-28,-0.24173981418491372
2010-12-29,-0.24712177752798994
2010-12-30,-0.25894197908097233
2010-12-31,-0.28347695817629326
2011-01-03,-0.3419867121173639
2011-01-04,-0.4000214513343273
2011-01-05,-0.44179886257789464
2011-01-06,-0.46617256554408515
2011-01-07,-0.4712688532498731
2011-01-10,-0.49318665429810193
2011-01-11,-0.4921372855592146
2011-01-12,-0.5040961098082785
2011-01-13,-0.5328541860357441
2011-01-14,-0.543626268384241
2011-01-17,-0.5541101683091232
2011-01-18,-0.5429025622309344
2011-01-19,-0.5241430466899973
2011-01-20,-0.5017477446002372
2011-01-21,-0.4981181826009027
2011-01-24,-0.5151356335056535
2011-01-25,-0.5131515513476267
2011-01-26,-0.5002702137981302
2011-01-27,-0.5097474763930766
2011-01-28,-0.5000466400690108
2011-01-31,-0.5006019420198453
2011-02-01,-0.48748642098977163
2011-02-02,-0.46686510288672034
2011-02-03,-0.4434567993057572
2011-02-04,-0.415566254743253
2011-02-07,-0.4119578719306399
2011-02-08,-0.4210510169271458
2011-02-09,-0.4154319740026849
2011-02-10,-0.4018399018775575
2011-02-11,-0.38222565424201704
2011-02-14,-0.38817420853861706
2011-02-15,-0.3791903220961589
2011-02-16,-0.3596322900828982
2011-02-17,-0.3338366766541465
2011-02-18,-0.30928629824654913
2011-02-21,-0.31462787045438945
2011-02-22,-0.30676637056966594
2011-02-23,-0.288869964231213
2011-02-24,-0.26520731279295473
2011-02-25,-0.24389920516851885
2011-02-28,-0.22664692011788898
2011-03-01,-0.21345586683777942
2011-03-02,-0.20426495469258277
2011-03-03,-0.19991230067149773
2011-03-04,-0.20156713925657474
2011-03-07,-0.2125432140316194
2011-03-08,-0.22150367187587017
2011-03-09,-0.22752307705145186
2011-03-10,-0.23087194208288062
2011-03-11,-0.22972187341342756
2011-03-14,-0.22742594606707156
2011-03-15,-0.21922760560049506
2011-03-16,-0.20868703104273448
2011-03-17,-0.18960207851563407
2011-03-18,-0.16408006623267068
2011-03-21,-0.1452582438370804
2011-03-22,-0.13177194328744507
2011-03-23,-0.12500221634031222
2011-03-24,-0.12251925551478501
2011-03-25,-0.12447465054165925
2011-03-27,-0.13374422708866462
2011-03-28,-0.14125193906412783
2011-03-29,-0.14978722229306715
2011-03-30,-0.17481294049056773
2011-03-31,-0.20965469713547427
2011-04-03,-0.2577604772718156
2011-04-04,-0.3155157300703808
2011-04-05,-0.3749283812815413
2011-04-06,-0.42727552018930554
2011-04-07,-0.48479755343443137
2011-04-10,-0.5552375514467981
2011-04-11,-0.6252134859189001
2011-04-12,-0.6820011597162401
2011-04-13,-0.7258208123195937
2011-04-14,-0.7608765344022768
2011-04-17,-0.8038419227230171
2011-04-18,-0.8323792504162574
2011-04-19,-0.8556591954101097
2011-04-20,-0.8786331993206371
2011-04-21,-0.8980663735419735
2011-04-24,-0.9171231927876248
2011-04-25,-0.9243365121265489
2011-04-26,-0.9284454727738561
2011-04-27,-0.9272966121282253
2011-04-28,-0.9091074296879912
2011-05-01,-0.8934662086865637
2011-05-02,-0.8706214329109516
2011-05-03,-0.8363340250890635
2011-05-04,-0.7848297266724961
2011-05-05,-0.7121059044992909
2011-05-08,-0.6439807901276179
2011-05-09,-0.5717780339275407
2011-05-10,-0.504995730216367
2011-05-11,-0.4368013124628461
2011-05-12,-0.3727642919012431
2011-05-15,-0.30303826987937793
2011-05-16,-0.23599719326969468
2011-05-17,-0.18159346242359847
2011-05-18,-0.14191874271204932
2011-05-19,-0.11094628255502872
2011-05-22,-0.08992990969434574
2011-05-23,-0.06116922616000389
2011-05-24,-0.03453557936131498
2011-05-25,-0.012156341179561193
2011-05-26,0.003513401937525526
2011-05-29,-0.002765186385858435
2011-05-30,-0.02364610158794984
2011-05-31,-0.06137345199115326
2011-06-01,-0.10011880453459197
2011-06-02,-0.14620935915025984
2011-06-05,-0.1997014866105432
2011-06-06,-0.2482677361256928
2011-06-07,-0.29294179921826374
2011-06-08,-0.3299314362543942
2011-06-09,-0.35664740639967624
2011-06-12,-0.3704689846283156
2011-06-13,-0.37848480782966665
2011-06-14,-0.3878447899038393
2011-06-15,-0.38652358637043904
2011-06-16,-0.3727431815629424
2011-06-19,-0.36107570095948016
2011-06-20,-0.3484612658942125
2011-06-21,-0.33938174357321715
2011-06-22,-0.3329367705778873
2011-06-23,-0.3260749504672814
2011-06-26,-0.31928503142472153
2011-06-27,-0.3096343810309754
2011-06-28,-0.30846058598089066
2011-06-29,-0.3172858357557209
2011-06-30,-0.33652023534369324
2011-07-03,-0.3683738742556397
2011-07-04,-0.40445204413537816
2011-07-05,-0.4335721202744939
2011-07-06,-0.45298505715803516
2011-07-07,-0.47337773340266526
2011-07-10,-0.48834048633884974
2011-07-11,-0.48765987856410803
2011-07-12,-0.47965435968961767
2011-07-13,-0.47094557751653743
2011-07-14,-0.45639527893741455
2011-07-17,-0.4433551293407544
2011-07-18,-0.4272151370316796
2011-07-19,-0.41534116466850995
2011-07-20,-0.4083084614811513
2011-07-21,-0.40961180355222687
2011-07-24,-0.41461272546964695
2011-07-25,-0.4269428505674073
2011-07-26,-0.44882116197807836
2011-07-27,-0.4575418715544711
2011-07-28,-0.4571143494963876
2011-07-31,-0.4599982957964689
2011-08-01,-0.45749379420768493
2011-08-02,-0.4478675939056421
2011-08-03,-0.4338601879975592
2011-08-04,-0.4091083720117603
2011-08-07,-0.36882337981058555
2011-08-08,-0.318187357483103
2011-08-09,-0.2448942483650136
2011-08-10,-0.16483298364951307
2011-08-11,-0.08394369031556988
2011-08-14,-0.01404686336209392
2011-08-15,0.031475160259004084
2011-08-16,0.05611840404585765
2011-08-17,0.06252071922749312
2011-08-18,0.07345445258122038
2011-08-21,0.07914353358144673
2011-08-22,0.0849059168131579
2011-08-23,0.08672050186749813
2011-08-24,0.09126392927197718
2011-08-25,0.09765628550255065
2011-08-28,0.09890309176564295
2011-08-29,0.09283993196494797
2011-08-30,0.07726456998898372
2011-08-31,0.05357940266758211
2011-09-01,0.03527306812376133
2011-09-04,0.03902156654639272
2011-09-05,0.06742581312345446
2011-09-06,0.11555150971847068
2011-09-07,0.16898452656702795
2011-09-08,0.22101236012585615
2011-09-11,0.28229467782172396
2011-09-12,0.3620241885391612
2011-09-13,0.45262408879876487
2011-09-14,0.551231894299034
2011-09-15,0.6391951611599612
2011-09-18,0.7148258377017855
2011-09-19,0.8205598360124364
2011-09-20,0.9414700455827983
2011-09-21,1.0880179272960473
2011-09-22,1.2654376066404631
2011-09-25,1.4371744201711822
2011-09-26,1.5868506556549524
2011-09-27,1.6847786305082553
2011-09-28,1.7501675347893915
2011-09-29,1.793241075478339
2011-10-02,1.826982170896175
2011-10-03,1.8726040057325959
2011-10-04,1.8963418836708836
2011-10-05,1.8906709093643916
2011-10-06,1.8461566657536272
2011-10-09,1.7487270839965066
2011-10-10,1.6097187671762911
2011-10-11,1.4430535037162242
2011-10-12,1.2849096590462095
2011-10-13,1.118762189855921
2011-10-16,0.9459991417408802
2011-10-17,0.7970493171899764
2011-10-18,0.6629738902520127
2011-10-19,0.5455663043630854
2011-10-20,0.4583038351928247
2011-10-23,0.3815644521954837
2011-10-24,0.3033236383580761
2011-10-25,0.23435009587606265
2011-10-26,0.17177434749417553
2011-10-27,0.08668042598042472
2011-10-31,-0.021644797289531018
2011-11-01,-0.1360879476877977
2011-11-02,-0.21912656183966506
2011-11-03,-0.28319840158026144
2011-11-04,-0.3328643680641643
2011-11-07,-0.3602043248366601
2011-11-08,-0.3711852100705122
2011-11-09,-0.37706631851105044
2011-11-10,-0.36888552636928423
2011-11-11,-0.3498883374260968
2011-11-14,-0.33662544411651835
2011-11-15,-0.3157075895889573
2011-11-16,-0.2849907742257216
2011-11-17,-0.24892228240172345
2011-11-18,-0.2146762481956438
2011-11-21,-0.1754293402092556
2011-11-22,-0.11950448472242928
2011-11-23,-0.0517685748568822
2011-11-24,0.047683620890995204
2011-11-25,0.17085801991579289
2011-11-28,0.30447381977397725
2011-11-29,0.42136572399652356
2011-11-30,0.5124550469112681
2011-12-01,0.5611838855959634
2011-12-02,0.5737815299796063
2011-12-05,0.5590948320146744
2011-12-06,0.5171499198211135
2011-12-07,0.46546499094615446
2011-12-08,0.41345901866563506
2011-12-09,0.37344356432836917
2011-12-12,0.33011134630873296
2011-12-13,0.2928400488018478
2011-12-14,0.2889327662259548
2011-12-15,0.31606907722597616
2011-12-16,0.3497431384732732
2011-12-19,0.3810991893751441
2011-12-20,0.41605746921393566
2011-12-21,0.4354552355079674
2011-12-22,0.4506580710065676
2011-12-23,0.45844177401329106
2011-12-26,0.4638434563250261
2011-12-27,0.4656947007499948
2011-12-28,0.46522032219031684
2011-12-29,0.4717138821250761
2011-12-30,0.4739329301767257
2012-01-02,0.47013900194787794
2012-01-03,0.46589806433389186
2012-01-04,0.4390498235900366
2012-01-05,0.3884901039044144
2012-01-06,0.33896936285238516
2012-01-09,0.2942240722917863
2012-01-10,0.2498202055062011
2012-01-11,0.18211388998117217
2012-01-12,0.10517793788891694
2012-01-13,0.012455623658803794
2012-01-16,-0.07989186379418287
2012-01-17,-0.17420766588571726
2012-01-18,-0.2647187736903417
2012-01-19,-0.35454590420821297
2012-01-20,-0.4464229864994794
2012-01-23,-0.5314502425567871
2012-01-24,-0.6117299982718575
2012-01-25,-0.6800654458919093
2012-01-26,-0.7352565650410301
2012-01-27,-0.7233242118497513
2012-01-30,-0.7364738729338818
2012-01-31,-0.7584862130851248
2012-02-01,-0.7844796692389564
2012-02-02,-0.8179909535700164
2012-02-03,-0.8610622087481191
2012-02-06,-0.9079831718479957
2012-02-07,-0.9482383886849124
2012-02-08,-0.9798736202135907
2012-02-09,-1.0063635471203272
2012-02-10,-1.028083424856032
2012-02-13,-1.0418001441738012
2012-02-14,-1.049958618754698
2012-02-15,-1.0517011670070315
2012-02-16,-1.0404908269205781
2012-02-17,-1.0270186157143733
2012-02-20,-1.0145842212013911
2012-02-21,-0.9968860580020277
2012-02-22,-0.9765632580852658
2012-02-23,-0.9594186237379083
2012-02-24,-0.9388427524088956
2012-02-27,-0.9191451181394019
2012-02-28,-0.8997710364089208
2012-02-29,-0.8848381774764781
2012-03-01,-0.8606921587414512
2012-03-02,-0.8323312229113383
2012-03-05,-0.7919896534238693
2012-03-06,-0.7398398298881567
2012-03-07,-0.6690348895903502
2012-03-08,-0.5852989414154806
2012-03-09,-0.49959773312095923
2012-03-12,-0.3999891481658452
2012-03-13,-0.29065488498653286
2012-03-14,-0.1851531153864622
2012-03-15,-0.08042305516780077
2012-03-16,0.01572828310818305
2012-03-19,0.09988085670064041
2012-03-20,0.1851812168797205
2012-03-21,0.2619805741009666
2012-03-22,0.3314253469517419
2012-03-23,0.39079248720114346
2012-03-25,0.4342117275347993
2012-03-26,0.46856383421737735
2012-03-27,0.49636907482473364
2012-03-28,0.5183625993486626
2012-03-29,0.5324193083614652
2012-04-01,0.5420293930966196
2012-04-02,0.5508934881170431
2012-04-03,0.5550182367576209
2012-04-04,0.5532640523262666
2012-04-05,0.5435127648885202
2012-04-08,0.5270085000284134
2012-04-09,0.5037983416832492
2012-04-10,0.48402096748864143
2012-04-11,0.4671502565701798
2012-04-12,0.4465291309489086
2012-04-15,0.42982700362217335
2012-04-16,0.4199674606350523
2012-04-17,0.42105042989397234
2012-04-18,0.43897513664889504
2012-04-19,0.46615971646017523
2012-04-22,0.4916829832317103
2012-04-23,0.5180191705054255
2012-04-24,0.5415865483813508
2012-04-25,0.5602315886903271
2012-04-26,0.5760746785696149
2012-04-29,0.5888987034554075
2012-04-30,0.6091114499655831
2012-05-01,0.6314412821037486
2012-05-02,0.6614167945808632
2012-05-03,0.6853466795380102
2012-05-06,0.7123685531643716
2012-05-07,0.733073872121452
2012-05-08,0.75794512887397
2012-05-09,0.8006743737927124
2012-05-10,0.8397549651213487
2012-05-13,0.8799759366294678
2012-05-14,0.9325903869865626
2012-05-15,0.991987720994299
2012-05-16,1.0495447127049922
2012-05-17,1.105029197907649
2012-05-20,1.1618283560113323
2012-05-21,1.2194998236272285
2012-05-22,1.3040404744379124
2012-05-23,1.3619736105070945
2012-05-24,1.3968448339844
2012-05-27,1.3865605915535713
2012-05-28,1.3432745380875757
2012-05-29,1.284066616058851
2012-05-30,1.228186224727458
2012-05-31,1.1802545435425562
2012-06-03,1.1446950307194477
2012-06-04,1.1240677531427783
2012-06-05,1.09231683955475
2012-06-06,1.0583241659234144
2012-06-07,1.0206915146106914
2012-06-10,0.9755052851429162
2012-06-11,0.9499848383836699
2012-06-12,0.9373763712800758
2012-06-13,0.9333903527902279
2012-06-14,0.9247171366779929
2012-06-17,0.9053511049515165
2012-06-18,0.8848553932929408
2012-06-19,0.8432336632678985
2012-06-20,0.7850138742332494
2012-06-21,0.7407248678529051
2012-06-24,0.707628305262291
2012-06-25,0.6778749127264568
2012-06-26,0.6583316908557416
2012-06-27,0.6441724733370865
2012-06-28,0.6336017257682891
2012-07-01,0.5836706853514985
2012-07-02,0.4956741191324358
2012-07-03,0.40096449926056643
2012-07-04,0.31626938323261433
2012-07-05,0.23665166623315373
2012-07-08,0.1686960727138117
2012-07-09,0.11305538230370331
2012-07-10,0.06802226323126533
2012-07-11,0.033019969278687326
2012-07-12,0.00653084965267004
2012-07-15,-0.013314807104186558
2012-07-16,-0.030240586285490707
2012-07-17,-0.05278989144129362
2012-07-18,-0.0792254014343631
2012-07-19,-0.11127133392258419
2012-07-22,-0.13839796165418197
2012-07-23,-0.15313635311837498
2012-07-24,-0.15402465527972634
2012-07-25,-0.15382999422023566
2012-07-26,-0.16049342123497157
2012-07-29,-0.170688057944452
2012-07-30,-0.1711137480230827
2012-07-31,-0.15572060103790603
2012-08-01,-0.13992530641737563
2012-08-02,-0.12108021297408028
2012-08-05,-0.114120180009586
2012-08-06,-0.11424779758334318
2012-08-07,-0.1198003854675517
2012-08-08,-0.1321608254121548
2012-08-09,-0.15062732624709038
2012-08-12,-0.17392443862539259
2012-08-13,-0.19562064075279448
2012-08-14,-0.21154172611592373
2012-08-15,-0.224249377759928
2012-08-16,-0.2392167363539102
2012-08-19,-0.25504684896907603
2012-08-20,-0.27054612478041234
2012-08-21,-0.2868420673900183
2012-08-22,-0.29994680480821034
2012-08-23,-0.3056638050445334
2012-08-26,-0.30599762424422633
2012-08-27,-0.29798879908985604
2012-08-28,-0.27905448038083513
2012-08-29,-0.2504403331834975
2012-08-30,-0.2179970809412135
2012-09-02,-0.19531207299023168
2012-09-03,-0.17937599597881046
2012-09-04,-0.16372458812352245
2012-09-05,-0.14941599187863677
2012-09-06,-0.14340739588202317
2012-09-09,-0.14283287905575384
2012-09-10,-0.1493406207883925
2012-09-11,-0.1644060245377268
2012-09-12,-0.17705008844627965
2012-09-13,-0.19084515790336154
2012-09-16,-0.20989131179809142
2012-09-17,-0.21874633683831635
2012-09-18,-0.22682641696380046
2012-09-19,-0.23295461842585732
2012-09-20,-0.23944037490270423
2012-09-23,-0.24527148578847624
2012-09-24,-0.2474675429499928
2012-09-25,-0.24434603457385934
2012-09-26,-0.23496073939304934
2012-09-27,-0.22569595492080852
2012-09-30,-0.21950288062501136
2012-10-01,-0.2152439530332244
2012-10-02,-0.21110850690711286
2012-10-03,-0.21099449618598357
2012-10-04,-0.21488587510838567
2012-10-07,-0.2320809542133045
2012-10-08,-0.23808354483022492
2012-10-09,-0.23545128968225382
2012-10-10,-0.22228118406370714
2012-10-11,-0.20328865774397972
2012-10-14,-0.1799433284857909
2012-10-15,-0.15889183185040937
2012-10-16,-0.14168335105873253
2012-10-17,-0.12995510121267978
2012-10-18,-0.12470940608450871
2012-10-21,-0.123938800034208
2012-10-22,-0.12792746308662858
2012-10-23,-0.13339947362594576
2012-10-24,-0.14040079824925009
2012-10-25,-0.14815401900505637
2012-10-29,-0.1553455010755665
2012-10-30,-0.1585020563430099
2012-10-31,-0.1601483955627609
2012-11-01,-0.16146897266005603
2012-11-02,-0.1616225173203212
2012-11-05,-0.1615035948600469
2012-11-06,-0.1580777689327642
2012-11-07,-0.15583767039694138
2012-11-08,-0.1522163737042527
2012-11-09,-0.14550811242858686
2012-11-12,-0.13298642750184517
2012-11-13,-0.11475509575565614
2012-11-14,-0.08938559352428632
2012-11-15,-0.05724301947245963
2012-11-16,-0.022179985844244982
2012-11-19,0.021854506971217477
2012-11-20,0.06672080898902678
2012-11-21,0.11095849345984943
2012-11-22,0.16092204367844926
2012-11-23,0.21562380041417906
2012-11-26,0.25578652233275007
2012-11-27,0.28443697641552446
2012-11-28,0.3043063494567003
2012-11-29,0.32178214279069084
2012-11-30,0.33787645299985
2012-12-03,0.37373399687901326
2012-12-04,0.41006809775705005
2012-12-05,0.4429669727096069
2012-12-06,0.4520946302990064
2012-12-07,0.4378244016022521
2012-12-10,0.40673843051549996
2012-12-11,0.3669917475775255
2012-12-12,0.3222875861240938
2012-12-13,0.27258677122458225
2012-12-14,0.22954242172112402
2012-12-17,0.19245570030892997
2012-12-18,0.16610492650347086
2012-12-19,0.14286336300928942
2012-12-20,0.11091720332943883
2012-12-21,0.07457501500138664
2012-12-24,0.029098652670332223
2012-12-25,-0.009199822024733411
2012-12-26,-0.040090043299824914
2012-12-27,-0.08226740561899269
2012-12-28,-0.13327005468244585
2012-12-31,-0.1852360727067493
2013-01-01,-0.23176696522737789
2013-01-02,-0.27536289048264745
2013-01-03,-0.3146274562719525
2013-01-04,-0.34698856516196597
2013-01-07,-0.3826021968845199
2013-01-08,-0.4214872045965354
2013-01-09,-0.45173777431055157
2013-01-10,-0.4698849435945931
2013-01-11,-0.49067990648754495
2013-01-14,-0.51016368550197
2013-01-15,-0.5254649708469364
2013-01-16,-0.5377059991229097
2013-01-17,-0.5409153257119172
2013-01-18,-0.5400686207521211
2013-01-21,-0.5407210496343177
2013-01-22,-0.5353313426817797
2013-01-23,-0.5241655419857226
2013-01-24,-0.5137353006120363
2013-01-25,-0.506857619636506
2013-01-28,-0.501710490759977
2013-01-29,-0.5181288698126488
2013-01-30,-0.5507428476792539
2013-01-31,-0.589501098588579
2013-02-01,-0.6275640562782778
2013-02-04,-0.6645529276063946
2013-02-05,-0.6927809545221718
2013-02-06,-0.7198253169342423
2013-02-07,-0.7416384876759878
2013-02-08,-0.7709488377998064
2013-02-11,-0.7981056300966451
2013-02-12,-0.8206885618316738
2013-02-13,-0.8388563865771917
2013-02-14,-0.8545534860957268
2013-02-15,-0.8709768532424583
2013-02-18,-0.8801069833539211
2013-02-19,-0.8858269676309817
2013-02-20,-0.8909119304666687
2013-02-21,-0.8900611292056768
2013-02-22,-0.8770346408825958
2013-02-25,-0.857071566632745
2013-02-26,-0.8255626460838584
2013-02-27,-0.7860692822963776
2013-02-28,-0.7468090473167064
2013-03-01,-0.7065280383443194
2013-03-04,-0.6645269457135592
2013-03-05,-0.6284507735188651
2013-03-06,-0.6020370270698832
2013-03-07,-0.5772764776631503
2013-03-08,-0.5605602930403581
2013-03-11,-0.5592861654152106
2013-03-12,-0.5578156932377738
2013-03-13,-0.5505504329473571
2013-03-14,-0.5357180562650443
2013-03-15,-0.5158255590837774
2013-03-18,-0.4890353031756466
2013-03-19,-0.45627113201505587
2013-03-20,-0.42098002825345426
2013-03-21,-0.3843539910763497
2013-03-22,-0.33612873481897726
2013-03-25,-0.28199013110815857
2013-03-26,-0.2270577571976088
2013-03-27,-0.16915247252073404
2013-03-28,-0.11523315639237502
2013-03-29,-0.061478306303241484
2013-03-31,-0.0110441791331697
2013-04-01,0.031962950578480004
2013-04-02,0.06963532177176197
2013-04-03,0.10282791089945816
2013-04-04,0.1259685611820292
2013-04-07,0.12338508044946392
2013-04-08,0.10795498221036519
2013-04-09,0.0792332042775144
2013-04-10,0.03870816303973922
2013-04-11,-0.0066535817079479
2013-04-14,-0.058161241346162726
2013-04-15,-0.09230100775157667
2013-04-16,-0.12190196627873459
2013-04-17,-0.1398559275741632
2013-04-18,-0.15878046725751557
2013-04-21,-0.1634794566109996
2013-04-22,-0.15273484610388052
2013-04-23,-0.13146796865025429
2013-04-24,-0.11058073289009822
2013-04-25,-0.09675656216285632
2013-04-28,-0.09183437675362228
2013-04-29,-0.08562566067525343
2013-04-30,-0.08164692867352685
2013-05-01,-0.07939126857965693
2013-05-02,-0.07549755141865692
2013-05-05,-0.0719178617095769
2013-05-06,-0.06868411448464659
2013-05-07,-0.06616054439909111
2013-05-08,-0.06750233062601327
2013-05-09,-0.06637542495079289
2013-05-12,-0.061367613402918096
2013-05-13,-0.05896801759058344
2013-05-14,-0.05139713545565285
2013-05-15,-0.040398388932607256
2013-05-16,-0.02655923505143915
2013-05-19,-0.006937249682685958
2013-05-20,0.017537973805378904
2013-05-21,0.041594930600957834
2013-05-22,0.07118655921824069
2013-05-23,0.09944977881457648
2013-05-26,0.12818287410513218
2013-05-27,0.15889624601715868
2013-05-28,0.20046941624705225
2013-05-29,0.26561468441427233
2013-05-30,0.3413295433256411
2013-06-02,0.40796813986740205
2013-06-03,0.48265393494897346
2013-06-04,0.5585448021984678
2013-06-05,0.6301693169051839
2013-06-06,0.6948685853414056
2013-06-09,0.7498306431936455
2013-06-10,0.7936781785105104
2013-06-11,0.8260306246042461
2013-06-12,0.8621493337035908
2013-06-13,0.8751055321584147
2013-06-16,0.8583774507481271
2013-06-17,0.8637935621180057
2013-06-18,0.8862144198145278
2013-06-19,0.9432523853923558
2013-06-20,1.035066539994987
2013-06-23,1.1309063326553233
2013-06-24,1.21361294550925
2013-06-25,1.271452152784814
2013-06-26,1.2931519075177749
2013-06-27,1.2934340048737032
2013-06-30,1.272943234591649
2013-07-01,1.2572443418748256
2013-07-02,1.2563462759763584
2013-07-03,1.2710738107481616
2013-07-04,1.2812084654032359
2013-07-07,1.2854794041334874
2013-07-08,1.2907846063994728
2013-07-09,1.2887178520726414
2013-07-10,1.2884259065342305
2013-07-11,1.275015703325874
2013-07-14,1.2566173188243712
2013-07-15,1.2057878293017377
2013-07-16,1.1533581613722803
2013-07-17,1.0842977147849024
2013-07-18,1.0048902222712188
2013-07-21,0.934058787048047
2013-07-22,0.8611260920214945
2013-07-23,0.7763623765953703
2013-07-24,0.7063188006293443
2013-07-25,0.6454262022893962
2013-07-28,0.5996760814378355
2013-07-29,0.571246648580656
2013-07-30,0.5610150326162874
2013-07-31,0.557652965847006
2013-08-01,0.5733537989246852
2013-08-04,0.5882737139388905
2013-08-05,0.6111666178526572
2013-08-06,0.6316636207859552
2013-08-07,0.6529901312379299
2013-08-08,0.6566602570432971
2013-08-11,0.6412951083689168
2013-08-12,0.6223304931753603
2013-08-13,0.6157682322935015
2013-08-14,0.621889788378266
2013-08-15,0.6434473519033357
2013-08-18,0.7010721319027524
2013-08-19,0.7893409846056317
2013-08-20,0.8806789806666285
2013-08-21,0.9986195381660825
2013-08-22,1.115300370188735
2013-08-25,1.1706294343932373
2013-08-26,1.199681435706565
2013-08-27,1.2029693494054192
2013-08-28,1.171447093713785
2013-08-29,1.1247156068613318
2013-09-01,1.08247345052532
2013-09-02,1.0388798122571485
2013-09-03,0.9828103912567818
2013-09-04,0.9202645732699021
2013-09-05,0.8322880435444379
2013-09-08,0.718949073045577
2013-09-09,0.5777952283644535
2013-09-10,0.42983968124315214
2013-09-11,0.27776274775253146
2013-09-12,0.13049385800259158
2013-09-15,-0.004333803065737881
2013-09-16,-0.12192574213117353
2013-09-17,-0.24109708994370735
2013-09-18,-0.39482616359982736
2013-09-19,-0.5530975265226225
2013-09-22,-0.699043770874993
2013-09-23,-0.8353655606177682
2013-09-24,-0.9576768744619921
2013-09-25,-1.0461092880333243
2013-09-26,-1.0974176898461268
2013-09-29,-1.130333327481154
2013-09-30,-1.151213171598555
2013-10-01,-1.1638557175856876
2013-10-02,-1.1820513720953214
2013-10-03,-1.191447022093791
2013-10-06,-1.1910015598283494
2013-10-07,-1.1906451900159958
2013-10-08,-1.1838693150721296
2013-10-09,-1.1723349624997146
2013-10-10,-1.1728568258717946
2013-10-13,-1.181727585514626
2013-10-14,-1.1871781090961435
2013-10-15,-1.188505687614111
2013-10-16,-1.1840748034197432
2013-10-17,-1.1858692235574457
2013-10-20,-1.1967741518561017
2013-10-21,-1.194924659369929
2013-10-22,-1.1834047409412403
2013-10-23,-1.1540850791058073
2013-10-24,-1.1044496021718984
2013-10-28,-1.052317472951874
2013-10-29,-1.0034758200621294
2013-10-30,-0.9547103368201455
2013-10-31,-0.9073254470096437
2013-11-01,-0.8317212617775116
2013-11-04,-0.7292829047303191
2013-11-05,-0.6206779239193108
2013-11-06,-0.4914736311664582
2013-11-07,-0.35245688406019565
2013-11-08,-0.20225686977132565
2013-11-11,-0.04918165588798998
2013-11-12,0.1081953179903981
2013-11-13,0.26083048585298385
2013-11-14,0.4006142834949863
2013-11-15,0.5132348904079711
2013-11-18,0.6040301942932252
2013-11-19,0.6418956819666035
2013-11-20,0.6476712580569357
2013-11-21,0.6310775894281833
2013-11-22,0.6191561529050312
2013-11-25,0.5922722267570755
2013-11-26,0.5597757276030859
2013-11-27,0.5314326299893082
2013-11-28,0.5251238822806962
2013-11-29,0.5241963534096743
2013-12-02,0.5344524768447341
2013-12-03,0.5628152059977632
2013-12-04,0.610958959064712
2013-12-05,0.6760138950887036
2013-12-06,0.7275176596017131
2013-12-09,0.7454341940837292
2013-12-10,0.7364047473969528
2013-12-11,0.7023627734792073
2013-12-12,0.6717230291505432
2013-12-13,0.638910812587082
2013-12-16,0.6004432412916126
2013-12-17,0.5574167407382211
2013-12-18,0.5082551891129848
2013-12-19,0.46363381333947523
2013-12-20,0.43785101640726437
2013-12-23,0.44047783209531216
2013-12-24,0.4423808757760209
2013-12-25,0.44301022857374395
2013-12-26,0.4409632383399442
2013-12-27,0.4346187944372075
2013-12-30,0.413384508540868
2013-12-31,0.39782433731086336
2014-01-01,0.38524906617895804
2014-01-02,0.37266253387326587
2014-01-03,0.3757817513489612
2014-01-06,0.37949634869624504
2014-01-07,0.3834043860430468
2014-01-08,0.3829761318450986
2014-01-09,0.3923406797365864
2014-01-10,0.4036705559357454
2014-01-13,0.3938884210544066
2014-01-14,0.3720197064973506
2014-01-15,0.3393764190567655
2014-01-16,0.3028035660987936
2014-01-17,0.2675907792080538
2014-01-20,0.2262950957466266
2014-01-21,0.17827321756915493
2014-01-22,0.1379606647375509
2014-01-23,0.1108391671004629
2014-01-24,0.10533565622370332
2014-01-27,0.11436987485417997
2014-01-28,0.14627054246208113
2014-01-29,0.19303489374985522
2014-01-30,0.2511279325552054
2014-01-31,0.29831888067889845
2014-02-03,0.34308942266983145
2014-02-04,0.39160898259376925
2014-02-05,0.42039679570400185
2014-02-06,0.42747909626930564
2014-02-07,0.4097227332841841
2014-02-10,0.3734294103505919
2014-02-11,0.3444907937340471
2014-02-12,0.3176323694241547
2014-02-13,0.301571374659154
2014-02-14,0.2766266639321124
2014-02-17,0.24228688128479123
2014-02-18,0.20152421251547903
2014-02-19,0.1605365632977426
2014-02-20,0.12248546016981184
2014-02-21,0.07608969132843565
2014-02-24,0.009140945249027954
2014-02-25,-0.07016692155049034
2014-02-26,-0.15184572416470696
2014-02-27,-0.22535997795074003
2014-02-28,-0.30697104540977194
2014-03-03,-0.380579360746277
2014-03-04,-0.44031041989920894
2014-03-05,-0.48958266481716084
2014-03-06,-0.5411526261283071
2014-03-07,-0.5890494631178086
2014-03-10,-0.6219806717448583
2014-03-11,-0.6383117338115578
2014-03-12,-0.6327621481537666
2014-03-13,-0.6169695082005104
2014-03-14,-0.5893922401796499
2014-03-17,-0.5671420572357193
2014-03-18,-0.5452119680147679
2014-03-19,-0.5336928363464842
2014-03-20,-0.5195131936646662
2014-03-21,-0.5162506553003277
2014-03-24,-0.5213174490264699
2014-03-25,-0.5312824045843608
2014-03-26,-0.5486269600677912
2014-03-27,-0.5784447677423742
2014-03-28,-0.6353374545324687
2014-03-30,-0.7052500511129357
2014-03-31,-0.7706610405447428
2014-04-01,-0.834995506583759
2014-04-02,-0.8898360610383219
2014-04-03,-0.9274391421837187
2014-04-06,-0.9776172428838064
2014-04-07,-1.0410035898860643
2014-04-08,-1.1165072859558571
2014-04-09,-1.203939130880018
2014-04-10,-1.2785676025500954
2014-04-13,-1.332848598145339
2014-04-14,-1.369860858342436
2014-04-15,-1.3788038829386489
2014-04-16,-1.3642414183020397
2014-04-17,-1.3389388830777778
2014-04-20,-1.305600566764896
2014-04-21,-1.266418699376131
2014-04-22,-1.2179555502095636
2014-04-23,-1.175163271825348
2014-04-24,-1.1411779777159237
2014-04-27,-1.0946803306583395
2014-04-28,-1.0516512680259322
2014-04-29,-1.003442581665517
2014-04-30,-0.9557258445856317
2014-05-01,-0.9074640197241197
2014-05-04,-0.8690339128373078
2014-05-05,-0.8210663841718239
2014-05-06,-0.777239143339195
2014-05-07,-0.7446469358464706
2014-05-08,-0.7201209168167544
2014-05-11,-0.703970854922289
2014-05-12,-0.691313796886037
2014-05-13,-0.6793491673044688
2014-05-14,-0.6743604144576084
2014-05-15,-0.6634808678021628
2014-05-18,-0.6515246859025948
2014-05-19,-0.6428356583791757
2014-05-20,-0.6297476174380419
2014-05-21,-0.6181308226054595
2014-05-22,-0.6036845168424503
2014-05-25,-0.5824149431080532
2014-05-26,-0.555834742459844
2014-05-27,-0.5195501650486432
2014-05-28,-0.4813993187004964
2014-05-29,-0.4457696617824533
2014-06-01,-0.4051820788559121
2014-06-02,-0.3412175212161139
2014-06-03,-0.2639404469528474
2014-06-04,-0.18290006503349687
2014-06-05,-0.11505597923683387
2014-06-08,-0.06718718900401993
2014-06-09,-0.04443903536754587
2014-06-10,-0.04314985798639865
2014-06-11,-0.049014387794970055
2014-06-12,-0.061376736365533924
2014-06-15,-0.08182401041473825
2014-06-16,-0.10046571577667755
2014-06-17,-0.10002990934445362
2014-06-18,-0.11099024394544094
2014-06-19,-0.1288054805973371
2014-06-22,-0.14579116959591165
2014-06-23,-0.16962158435280605
2014-06-24,-0.19143844191125423
2014-06-25,-0.22077586955435613
2014-06-26,-0.25965723066796986
2014-06-29,-0.30355438616538377
2014-06-30,-0.33624765737844226
2014-07-01,-0.36790736461024837
2014-07-02,-0.38252186744782435
2014-07-03,-0.39440815932882445
2014-07-06,-0.40170836996752723
2014-07-07,-0.3977417999454409
2014-07-08,-0.3941879796929116
2014-07-09,-0.3917854291527624
2014-07-10,-0.38313103739273047
2014-07-13,-0.3712106834966207
2014-07-14,-0.36347917715716316
2014-07-15,-0.35334132305699767
2014-07-16,-0.3389429384103501
2014-07-17,-0.30174381089351066
2014-07-20,-0.27152411207159144
2014-07-21,-0.24949167433426267
2014-07-22,-0.2394567314237865
2014-07-23,-0.2328457484848126
2014-07-24,-0.2289729438924341
2014-07-27,-0.22289480582076135
2014-07-28,-0.21732311586216732
2014-07-29,-0.20773032110362072
2014-07-30,-0.18618552861648133
2014-07-31,-0.14845263196008668
2014-08-03,-0.10736822719617399
2014-08-04,-0.06550738160495277
2014-08-05,-0.012430119380404907
2014-08-06,0.04118829832769944
2014-08-07,0.10566705510800047
2014-08-10,0.16397528898970665
2014-08-11,0.21065884977877147
2014-08-12,0.24818710765174753
2014-08-13,0.27915314473518404
2014-08-14,0.29468579414053636
2014-08-17,0.2878089398174045
2014-08-18,0.2718503831817276
2014-08-19,0.24307186646636017
2014-08-20,0.21495763189907655
2014-08-21,0.1934440632349552
2014-08-24,0.17994303020288038
2014-08-25,0.17725803915318422
2014-08-26,0.1662883071792723
2014-08-27,0.14102442859999645
2014-08-28,0.10359579523387208
2014-08-31,0.0565334741375915
2014-09-01,0.012155125502825126
2014-09-02,-0.0306162595090317
2014-09-03,-0.0739218640504589
2014-09-04,-0.11240858690391259
2014-09-07,-0.1469100157777344
2014-09-08,-0.16109562683996556
2014-09-09,-0.15108818836879093
2014-09-10,-0.1253349565278294
2014-09-11,-0.08545813529259487
2014-09-14,-0.052656048069460705
2014-09-15,0.013693438322155664
2014-09-16,0.09370706423643242
2014-09-17,0.19023772663175673
2014-09-18,0.29588070134429406
2014-09-21,0.40166669976374814
2014-09-22,0.5188269711364643
2014-09-23,0.6436554975132566
2014-09-24,0.7469283160286847
2014-09-25,0.8562553410678552
2014-09-28,0.9580776832814849
2014-09-29,1.0612782088638146
2014-09-30,1.1525952292853503
2014-10-01,1.2557309512421797
2014-10-02,1.3637388173006184
2014-10-05,1.4435958902911181
2014-10-06,1.4803950483007284
2014-10-07,1.4654867106133336
2014-10-08,1.4038276590039755
2014-10-09,1.324845243831703
2014-10-12,1.2304378868907035
2014-10-13,1.1307487324615457
2014-10-14,1.0332903262984579
2014-10-15,0.9728783973664853
2014-10-16,0.9442034408814988
2014-10-19,0.9135208945397125
2014-10-20,0.8993253471559073
2014-10-21,0.9030864221729179
2014-10-22,0.9191537196769446
2014-10-23,0.9463218801792936
2014-10-27,0.9605866366124627
2014-10-28,0.993407259594242
2014-10-29,0.9971188849530715
2014-10-30,0.9794604492700609
2014-10-31,0.913423311356684
2014-11-03,0.8250638881924004
2014-11-04,0.7716736014271016
2014-11-05,0.7417669024818656
2014-11-06,0.7304141481593377
2014-11-07,0.7678412172186145
2014-11-10,0.8212352717843384
2014-11-11,0.8798410343016839
2014-11-12,0.9391734081244195
2014-11-13,0.9984373830644863
2014-11-14,1.0653468753655937
2014-11-17,1.1371416793818665
2014-11-18,1.209896764900849
2014-11-19,1.2611121462257997
2014-11-20,1.2868106646345945
2014-11-21,1.2922878493323544
2014-11-24,1.2472928995649284
2014-11-25,1.1878061051020161
2014-11-26,1.110113069751353
2014-11-27,1.004850984661766
2014-11-28,0.9024540393443742
2014-12-01,0.8072871838826129
2014-12-02,0.7344693166267824
2014-12-03,0.682056231926647
2014-12-04,0.6338546261763404
2014-12-05,0.6121502951405134
2014-12-08,0.605073451534405
2014-12-09,0.6119489246683364
2014-12-10,0.621191622549778
2014-12-11,0.643561858439887
2014-12-12,0.6909823540151104
2014-12-15,0.7513379990403192
2014-12-16,0.8396530089782284
2014-12-17,0.9640323582909465
2014-12-18,1.088148896943155
2014-12-19,1.1715076793629322
2014-12-22,1.2202022769616405
2014-12-23,1.244906433060954
2014-12-24,1.2670626752349727
2014-12-25,1.2831513760338762
2014-12-26,1.293614910025548
2014-12-29,1.2951551934937706
2014-12-30,1.2915542549548624
2014-12-31,1.2548075651890247
2015-01-01,1.1959900984986767
2015-01-02,1.1226835505949275
2015-01-05,1.0636449288208252
2015-01-06,1.0208404555517836
2015-01-07,0.9838608245064665
2015-01-08,0.9404573274128051
2015-01-09,0.8802521010092826
2015-01-12,0.7905391223968814
2015-01-13,0.7107298956419019
2015-01-14,0.6211631746065487
2015-01-15,0.5120657467488853
2015-01-16,0.4105982183033495
2015-01-19,0.3049748306788086
2015-01-20,0.21962994515146614
2015-01-21,0.12859337475447952
2015-01-22,0.029822012515282104
2015-01-23,-0.08473103009348265
2015-01-26,-0.1991973058874511
2015-01-27,-0.3063331959142799
2015-01-28,-0.40925387624513276
2015-01-29,-0.5013770422872894
2015-01-30,-0.565145269252941
2015-02-02,-0.5604197510365981
2015-02-03,-0.4856448025839144
2015-02-04,-0.38943030905234866
2015-02-05,-0.25642456447276235
2015-02-06,-0.10521513191294764
2015-02-09,0.07178255192774258
2015-02-10,0.24721019404058955
2015-02-11,0.44981844132480053
2015-02-12,0.6777517461351076
2015-02-13,0.8789437645749988
2015-02-16,1.0586289066118602
2015-02-17,1.2096809499105932
2015-02-18,1.3315120914421144
2015-02-19,1.4300971044055066
2015-02-20,1.522601556735535
2015-02-23,1.6030274804952358
2015-02-24,1.6738645039866886
2015-02-25,1.72026771243174
2015-02-26,1.7515643814774626
2015-02-27,1.788759992243425
2015-03-02,1.7828474631247289
2015-03-03,1.7788197952529876
2015-03-04,1.792538837427802
2015-03-05,1.837896449874053
2015-03-06,1.9130799275590253
2015-03-09,2.031905627055952
2015-03-10,2.2056821648056997
2015-03-11,2.3868568092433726
2015-03-12,2.572280964448568
2015-03-13,2.7657858620150133
2015-03-16,2.995951264274376
2015-03-17,3.2284776774031037
2015-03-18,3.4445269111578742
2015-03-19,3.614022708076905
2015-03-20,3.779579839443348
2015-03-23,3.886016609757444
2015-03-24,3.883554363509332
2015-03-25,3.8083676333980288
2015-03-26,3.718594821832479
2015-03-27,3.604955962619569
2015-03-29,3.5101889348763935
2015-03-30,3.4148019903777724
2015-03-31,3.293631914086848
2015-04-01,3.1404049564852334
2015-04-02,2.942626203267061
2015-04-05,2.719808045893063
2015-04-06,2.486355979065438
2015-04-07,2.2544597511305167
2015-04-08,1.983387104625881
2015-04-09,1.7024718920257191
2015-04-12,1.435576019040209
2015-04-13,1.2158141932989983
2015-04-14,1.0016134120198452
2015-04-15,0.7765220659392958
2015-04-16,0.5498935458479314
2015-04-19,0.34321798838565176
2015-04-20,0.15435958393868104
2015-04-21,-0.016216077145738434
2015-04-22,-0.1790832906458805
2015-04-23,-0.35031155824172244
2015-04-26,-0.5293804612714706
2015-04-27,-0.7240209370530316
2015-04-28,-0.9041479898395216
2015-04-29,-1.0535038561056058
2015-04-30,-1.1392051956324938
2015-05-03,-1.1783412254057803
2015-05-04,-1.141428003248975
2015-05-05,-1.0742966721684035
2015-05-06,-1.0041557581668308
2015-05-07,-0.9383168880338849
2015-05-10,-0.9065551951149124
2015-05-11,-0.8457551292216613
2015-05-12,-0.7914543160724509
2015-05-13,-0.7314476751325766
2015-05-14,-0.6973401012655228
2015-05-17,-0.6791977285529178
2015-05-18,-0.6623650302850853
2015-05-19,-0.6308799440534021
2015-05-20,-0.6085382042224734
2015-05-21,-0.5714214277644388
2015-05-24,-0.49515985563714454
2015-05-25,-0.3951681133135581
2015-05-26,-0.25263701782357123
2015-05-27,-0.09673687840453926
2015-05-28,0.07130037400868883
2015-05-31,0.24784891957793975
2015-06-01,0.41576307800039
2015-06-02,0.5438915707136541
2015-06-03,0.641427692278601
2015-06-04,0.7169352243540512
2015-06-07,0.7722671428197774
2015-06-08,0.7922964022260297
2015-06-09,0.7784004410833023
2015-06-10,0.7527213375324047
2015-06-11,0.7029479991722138
2015-06-14,0.656233734214703
2015-06-15,0.6159335253554626
2015-06-16,0.5582829690320797
2015-06-17,0.4694871038412939
2015-06-18,0.3687124973092122
2015-06-21,0.2853990678489561
2015-06-22,0.21111829501294935
2015-06-23,0.13921798611653813
2015-06-24,0.08432629937800536
2015-06-25,0.059816086376028144
2015-06-28,0.05584500361776743
2015-06-29,0.058075393457723945
2015-06-30,0.059379997045656156
2015-07-01,0.08167010534714142
2015-07-02,0.08486247065689215
2015-07-05,0.0961324415021607
2015-07-06,0.11472554030411143
2015-07-07,0.16205165504353142
2015-07-08,0.2554784589199879
2015-07-09,0.36562663730634565
2015-07-12,0.4404670118730101
2015-07-13,0.47339002306170985
2015-07-14,0.47995029860230776
2015-07-15,0.46759534180833284
2015-07-16,0.4514216863637444
2015-07-19,0.4527269304934697
2015-07-20,0.46896942458497004
2015-07-21,0.47885917003561385
2015-07-22,0.5110810001884429
2015-07-23,0.5921337948818395
2015-07-26,0.7402609673569601
2015-07-27,0.9239285714295347
2015-07-28,1.1134564368568973
2015-07-29,1.2756554358109822
2015-07-30,1.4366469806406903
2015-08-02,1.613505809278291
2015-08-03,1.8043375133030757
2015-08-04,1.9997454409629745
2015-08-05,2.1931546855842714
2015-08-06,2.398038262037469
2015-08-09,2.593486578159448
2015-08-10,2.709694042141508
2015-08-11,2.7844347908825373
2015-08-12,2.8249256657743844
2015-08-13,2.861122443723424
2015-08-16,2.8612894639093156
2015-08-17,2.831153040164651
2015-08-18,2.769805338587052
2015-08-19,2.6992238098442036
2015-08-20,2.601932987199947
2015-08-23,2.5104383389929747
2015-08-24,2.450876696931827
2015-08-25,2.4459621935452573
2015-08-26,2.4592645588407858
2015-08-27,2.4512833020382505
2015-08-30,2.441237034137046
2015-08-31,2.4484037801322507
2015-09-01,2.50335742686641
2015-09-02,2.615588927536962
2015-09-03,2.7402709496072615
2015-09-06,2.921510275754453
2015-09-07,3.118836613158446
2015-09-08,3.29706968415739
2015-09-09,3.424043133663969
2015-09-10,3.545074185243416
2015-09-13,3.6594290825401607
2015-09-14,3.720817308509341
2015-09-15,3.7658831288026455
2015-09-16,3.770948062868291
2015-09-17,3.778821772724207
2015-09-20,3.8071767093599975
2015-09-21,3.829860658668631
2015-09-22,3.945084191389095
2015-09-23,4.18206182021397
2015-09-24,4.2990323040831475
2015-09-27,4.346727778540187
2015-09-28,4.424742644516183
2015-09-29,4.472650293571795
2015-09-30,4.419182665374798
2015-10-01,4.327569900498638
2015-10-04,4.16265627519735
2015-10-05,3.9402591352550256
2015-10-06,3.6478116338607136
2015-10-07,3.3374802682256535
2015-10-08,2.96576903261505
2015-10-11,2.5549900403645758
2015-10-12,2.1363990396149557
2015-10-13,1.8058924602229434
2015-10-14,1.4950427555933286
2015-10-15,1.2005035651155977
2015-10-18,1.0041786964437391
2015-10-19,0.8574929801042009
2015-10-20,0.7557320619199722
2015-10-21,0.7055224820046017
2015-10-22,0.6679139047733627
2015-10-26,0.6224995520982594
2015-10-27,0.5893912184479171
2015-10-28,0.5518888802244039
2015-10-29,0.520041555014895
2015-10-30,0.46089248971085667
2015-11-02,0.3902206742849268
2015-11-03,0.32580043303869877
2015-11-04,0.20679026442573478
2015-11-05,0.07572616487806216
2015-11-06,-0.06573593364844524
2015-11-09,-0.2146913951402892
2015-11-10,-0.34111987366207264
2015-11-11,-0.4781033125372499
2015-11-12,-0.6035228986976551
2015-11-13,-0.7118005238702731
2015-11-16,-0.7589712608154495
2015-11-17,-0.7729140414258762
2015-11-18,-0.7741702596327775
2015-11-19,-0.7903856460773029
2015-11-20,-0.817227851940421
2015-11-23,-0.8842539503749485
2015-11-24,-0.9540510398804406
2015-11-25,-1.039484897806618
2015-11-26,-1.1027710366840762
2015-11-27,-1.1473554555568635
2015-11-30,-1.1148273719379873
2015-12-01,-1.0186623032415723
2015-12-02,-0.8952087067508923
2015-12-03,-0.7703206228418602
2015-12-04,-0.6949053284764537
2015-12-07,-0.6561853646648188
2015-12-08,-0.6363951692971741
2015-12-09,-0.5959605309224287
2015-12-10,-0.5862214491911163
2015-12-11,-0.5568237512477291
2015-12-14,-0.5129002286825676
2015-12-15,-0.4190267676115383
2015-12-16,-0.2855185705265027
2015-12-17,-0.14162619852829086
2015-12-18,-0.008684980128128886
2015-12-21,0.17040969517714435
2015-12-22,0.38775267652581347
2015-12-23,0.6008725164597682
2015-12-24,0.7722369387894548
2015-12-25,0.8897021085330149
2015-12-28,0.9619379604239933
2015-12-29,0.9680122652630064
2015-12-30,0.9349961427255827
2015-12-31,0.9314389671052649
2016-01-01,0.940024497091847
2016-01-04,0.952674477452784
2016-01-05,1.0167975907200042
2016-01-06,1.1009297024982108
2016-01-07,1.1861205933616201
2016-01-08,1.2771641821896165
2016-01-11,1.3351940740019201
2016-01-12,1.39986843883832
2016-01-13,1.4467950471991582
2016-01-14,1.4698512894948879
2016-01-15,1.468114250199351
2016-01-18,1.4462142465267163
2016-01-19,1.4375083521711125
2016-01-20,1.4374403677576824
2016-01-21,1.4645357195255393
2016-01-22,1.5343047454431025
2016-01-25,1.5853757477685824
2016-01-26,1.6170685874464452
2016-01-27,1.6184212994573735
2016-01-28,1.6190618355281103
2016-01-29,1.59268481327589
2016-02-01,1.5053437592738128
2016-02-02,1.358387513738643
2016-02-03,1.1934002953939564
2016-02-04,0.9675885607060076
2016-02-05,0.7092545692838061
2016-02-08,0.44931915015543766
2016-02-09,0.1964780040435348
2016-02-10,-0.045507752251150044
2016-02-11,-0.2418119498466632
2016-02-12,-0.3628489739095488
2016-02-15,-0.44137977680874685
2016-02-16,-0.4727083799481361
2016-02-17,-0.43221059771731724
2016-02-18,-0.39653858181536084
2016-02-19,-0.33941953394583724
2016-02-22,-0.276352065336497
2016-02-23,-0.25620599476540457
2016-02-24,-0.2575239044101942
2016-02-25,-0.2715276115730284
2016-02-26,-0.2940301270432508
2016-02-29,-0.3128566109349789
2016-03-01,-0.2995780870716735
2016-03-02,-0.3204010108701359
2016-03-03,-0.38054755117890376
2016-03-04,-0.5168930896739028
2016-03-07,-0.709249022778118
2016-03-08,-0.9181537387097355
2016-03-09,-1.141613965279457
2016-03-10,-1.4051569109298696
2016-03-11,-1.7144471233112282
2016-03-14,-2.0577419329623483
2016-03-15,-2.3507925526102422
2016-03-16,-2.528557437348208
2016-03-17,-2.6346107962818333
2016-03-18,-2.753216628918233
2016-03-21,-2.8673227769361
2016-03-22,-2.9715428392438064
2016-03-23,-3.0783444629398424
2016-03-24,-3.1140344060774
2016-03-25,-3.09832175952348
2016-03-27,-3.0408461157499143
2016-03-28,-2.957425726740218
2016-03-29,-2.8808283932111594
2016-03-30,-2.8293381180324344
2016-03-31,-2.7959370386831472
2016-04-03,-2.7921009116403015
2016-04-04,-2.7604599308287625
2016-04-05,-2.6737456912128237
2016-04-06,-2.573457815299949
2016-04-07,-2.437136363225727
2016-04-10,-2.337287257817472
2016-04-11,-2.318440723020472
2016-04-12,-2.350040507750871
2016-04-13,-2.4001582700703117
2016-04-14,-2.4666330191977064
2016-04-17,-2.500057074365148
2016-04-18,-2.4590473174673257
2016-04-19,-2.418412403918313
2016-04-20,-2.3755843085336648
2016-04-21,-2.3286334506062234
2016-04-24,-2.2542461516987724
2016-04-25,-2.1688868892628492
2016-04-26,-2.0944740542925957
2016-04-27,-2.0257012636268215
2016-04-28,-1.9846081648268752
2016-05-01,-1.9866693607323576
2016-05-02,-1.9738693725105585
2016-05-03,-1.9137897272197337
2016-05-04,-1.828906510384536
2016-05-05,-1.736457912302158
2016-05-08,-1.660755984824761
2016-05-09,-1.587870441288477
2016-05-10,-1.5425816819838551
2016-05-11,-1.5277165002310005
2016-05-12,-1.5118269789930285
2016-05-15,-1.4616817936310718
2016-05-16,-1.41090978689058
2016-05-17,-1.3645826191952934
2016-05-18,-1.2779381420794955
2016-05-19,-1.1666539185090898
2016-05-22,-1.0456521479076235
2016-05-23,-0.9174965491935738
2016-05-24,-0.7894318354804652
2016-05-25,-0.661078557072818
2016-05-26,-0.5347552095083317
2016-05-29,-0.40002474645026725
2016-05-30,-0.2911548253444453
2016-05-31,-0.19460885074504186
2016-06-01,-0.10621036818389715
2016-06-02,-0.03418179045487683
2016-06-05,-0.009434106902556041
2016-06-06,-0.039688259565406774
2016-06-07,-0.13251216123177903
2016-06-08,-0.30560836207575176
2016-06-09,-0.49694507868670734
2016-06-12,-0.6771971082428926
2016-06-13,-0.803537348905575
2016-06-14,-0.8893553899246175
2016-06-15,-0.9471025173328873
2016-06-16,-0.9872838917018696
2016-06-19,-1.0411607907832303
2016-06-20,-1.1113316121057255
2016-06-21,-1.1738531884187666
2016-06-22,-1.2484168548653691
2016-06-23,-1.3462676709524644
2016-06-26,-1.432770918768963
2016-06-27,-1.4920008704776917
2016-06-28,-1.5794162111155636
2016-06-29,-1.715141241049653
2016-06-30,-1.8893014994710693
2016-07-03,-2.059921272434333
2016-07-04,-2.1808415528275953
2016-07-05,-2.2534503630713796
2016-07-06,-2.2707474573286675
2016-07-07,-2.22753646314565
2016-07-10,-2.1815266284036645
2016-07-11,-2.1260018617330845
2016-07-12,-2.07110663252682
2016-07-13,-2.0340612987000717
2016-07-14,-2.0137421987268542
2016-07-17,-1.9841160080167484
2016-07-18,-1.962204017068461
2016-07-19,-1.9431123672025923
2016-07-20,-1.9199413122480347
2016-07-21,-1.8820644392369206
2016-07-24,-1.8432063643954242
2016-07-25,-1.7838828458808633
2016-07-26,-1.7183573884464864
2016-07-27,-1.6556303158504446
2016-07-28,-1.5808053364214842
2016-07-31,-1.520263840529604
2016-08-01,-1.461585477622253
2016-08-02,-1.4075546683010802
2016-08-03,-1.3672522224833468
2016-08-04,-1.3631986917746401
2016-08-07,-1.3948958659119686
2016-08-08,-1.439906380230546
2016-08-09,-1.503249298751393
2016-08-10,-1.582526947843648
2016-08-11,-1.6559885596736765
2016-08-14,-1.6881254549324545
2016-08-15,-1.692622755229233
2016-08-16,-1.666418974975848
2016-08-17,-1.6168387841203284
2016-08-18,-1.5323548952773596
2016-08-21,-1.4471159968370446
2016-08-22,-1.3664273273606984
2016-08-23,-1.2683508506168746
2016-08-24,-1.1692671088437072
2016-08-25,-1.0695436097457924
2016-08-28,-0.9514455677180349
2016-08-29,-0.8478732205697949
2016-08-30,-0.7518793381267628
2016-08-31,-0.670766083561335
2016-09-01,-0.586028544312418
2016-09-04,-0.5008308965978677
2016-09-05,-0.41252232125398913
2016-09-06,-0.36832934761435154
2016-09-07,-0.3569993602159302
2016-09-08,-0.35214832142662406
2016-09-11,-0.3176195339509114
2016-09-12,-0.28067209270116544
2016-09-13,-0.2041612931176936
2016-09-14,-0.08942213720378926
2016-09-15,0.017186048119503847
2016-09-18,0.09235186031631075
2016-09-19,0.14661118420965127
2016-09-20,0.17523155281053235
2016-09-21,0.15794454164443303
2016-09-22,0.11638766531263145
2016-09-25,0.07661481805054024
2016-09-26,0.03791074900813207
2016-09-27,-0.0033361203377036096
2016-09-28,-0.05318606281795122
2016-09-29,-0.08155730089121702
2016-10-02,-0.09491827374559225
2016-10-03,-0.12861408395190976
2016-10-04,-0.14631480956524193
2016-10-05,-0.17445301255095635
2016-10-06,-0.2025335168676288
2016-10-09,-0.2337402550679814
2016-10-10,-0.27498208738075464
2016-10-11,-0.3241701299296549
2016-10-12,-0.37260212539621007
2016-10-13,-0.4314403188705026
2016-10-16,-0.47853810718945783
2016-10-17,-0.5138369530483968
2016-10-18,-0.5524545059535164
2016-10-19,-0.5995211380896776
2016-10-20,-0.6644482502978569
2016-10-23,-0.7302739973221238
2016-10-24,-0.8064078010989191
2016-10-25,-0.8919383704070674
2016-10-26,-0.960457533036547
2016-10-27,-0.9972730839434504
2016-10-31,-0.9880674824440301
2016-11-01,-0.9515680651664765
2016-11-02,-0.8762915096492391
2016-11-03,-0.7687246114700893
2016-11-04,-0.6417945458629425
2016-11-07,-0.5237850509609696
2016-11-08,-0.4353614475679789
2016-11-09,-0.3889554050710352
2016-11-10,-0.332447828092467
2016-11-11,-0.17601564499898806
2016-11-14,0.03151307693547345
2016-11-15,0.28946121912792355
2016-11-16,0.5652367220077528
2016-11-17,0.8413457408672329
2016-11-18,1.0900218532658843
2016-11-21,1.2759151872512315
2016-11-22,1.4124013230124903
2016-11-23,1.4930411117288402
2016-11-24,1.5705693344025458
2016-11-25,1.6141755076620803
2016-11-28,1.6480639415694582
2016-11-29,1.6617413499422862
2016-11-30,1.6854008827192664
2016-12-01,1.6817059602860827
2016-12-02,1.7554503887851058
2016-12-05,1.811275056696307
2016-12-06,1.8160232522896316
2016-12-07,1.7758415111710044
2016-12-08,1.6905199753767262
2016-12-09,1.572429310113235
2016-12-12,1.4379377947321073
2016-12-13,1.2730257096090756
2016-12-14,1.0925344513120858
2016-12-15,0.9294217799710727
2016-12-16,0.7812599850802482
2016-12-19,0.6626504198570198
2016-12-20,0.5511683892169434
2016-12-21,0.44192948699968626
2016-12-22,0.32200304346711
2016-12-23,0.17737198851811808
2016-12-26,0.014071462221299725
2016-12-27,-0.1527643394389262
2016-12-28,-0.3132615436813115
2016-12-29,-0.45332757180522537
2016-12-30,-0.5905041243299135
2017-01-02,-0.7172213322108578
2017-01-03,-0.8113006474166239
2017-01-04,-0.8906943662654554
2017-01-05,-0.9843451599948936
2017-01-06,-1.0899050919627267
2017-01-09,-1.1808349778333778
2017-01-10,-1.2713579534884307
2017-01-11,-1.354995791048153
2017-01-12,-1.4262014601399757
2017-01-13,-1.4886744091055106
2017-01-16,-1.5394271322786715
2017-01-17,-1.5453087581522271
2017-01-18,-1.537823637362269
2017-01-19,-1.5075523810653244
2017-01-20,-1.4821050602689847
2017-01-23,-1.4891846130775483
2017-01-24,-1.5018273171467333
2017-01-25,-1.5101501127723653
2017-01-26,-1.5124265909084822
2017-01-27,-1.5032707761463064
2017-01-30,-1.523775829195309
2017-01-31,-1.549336181071123
2017-02-01,-1.559058031690399
2017-02-02,-1.5682884894790121
2017-02-03,-1.5768284641586545
2017-02-06,-1.5830905219073044
2017-02-07,-1.5878417350401155
2017-02-08,-1.586423844623163
2017-02-09,-1.57849242780239
2017-02-10,-1.5560841326663506
2017-02-13,-1.53549227625817
2017-02-14,-1.512264633628407
2017-02-15,-1.5026786358081097
2017-02-16,-1.5139947347475577
2017-02-17,-1.516208142819564
2017-02-20,-1.5048315689144935
2017-02-21,-1.4884423394872932
2017-02-22,-1.4618284471071028
2017-02-23,-1.4459898359154704
2017-02-24,-1.4360442482491802
2017-02-27,-1.4071647304568986
2017-02-28,-1.3588139447148002
2017-03-01,-1.2965200307974414
2017-03-02,-1.2379352403226134
2017-03-03,-1.1430537343486527
2017-03-06,-1.0486865610843183
2017-03-07,-0.9474415420599972
2017-03-08,-0.858059158296369
2017-03-09,-0.7535810918654106
2017-03-10,-0.6248858306536781
2017-03-13,-0.5126738118783652
2017-03-14,-0.4130286371148648
2017-03-15,-0.3192767081238139
2017-03-16,-0.2715804587913683
2017-03-17,-0.24357355848204457
2017-03-20,-0.24859206275795775
2017-03-21,-0.2831331103903027
2017-03-22,-0.32479381863708334
2017-03-23,-0.3695975014344158
2017-03-24,-0.3820608906193132
2017-03-26,-0.38995681897002127
2017-03-27,-0.38493628766266463
2017-03-28,-0.3638158803886517
2017-03-29,-0.34294909523612427
2017-03-30,-0.3078258463965988
2017-04-02,-0.28065411803017365
2017-04-03,-0.2648795843648348
2017-04-04,-0.2671894874364117
2017-04-05,-0.2663234502482381
2017-04-06,-0.2503670213469322
2017-04-09,-0.22374564569755395
2017-04-10,-0.1993800621954917
2017-04-11,-0.17471366183437556
2017-04-12,-0.15904506099531407
2017-04-13,-0.1387120724838439
2017-04-16,-0.11585719394196152
2017-04-17,-0.10070634730940424
2017-04-18,-0.10545383619624113
2017-04-19,-0.09786996304957836
2017-04-20,-0.08386282643991047
2017-04-23,-0.06697157453646903
2017-04-24,-0.061143328177777054
2017-04-25,-0.05088313797154511
2017-04-26,-0.024545302548566704
2017-04-27,0.016041280264983214
2017-04-30,0.060014565857751674
2017-05-01,0.10265568225684968
2017-05-02,0.12683670755076815
2017-05-03,0.14451125821385877
2017-05-04,0.16992252179942843
2017-05-07,0.19378180570323514
2017-05-08,0.22562048958011163
2017-05-09,0.25417521775406143
2017-05-10,0.2656882582671315
2017-05-11,0.24908983332310483
2017-05-14,0.2376536776064146
2017-05-15,0.18796301505427215
2017-05-16,0.108712706365886
2017-05-17,0.03667031132749043
2017-05-18,0.11183425496239191
2017-05-21,0.20618227101800377
2017-05-22,0.3138776810481743
2017-05-23,0.4250504238173736
2017-05-24,0.5344986680963795
2017-05-25,0.6350749160520348
2017-05-28,0.6662594969346374
2017-05-29,0.6963553635537282
2017-05-30,0.7226562375939242
2017-05-31,0.7247279843960898
2017-06-01,0.7235746494119132
2017-06-04,0.7185083334415778
2017-06-05,0.7369493618758461
2017-06-06,0.7551625593770838
2017-06-07,0.764987581600602
2017-06-08,0.7623187635304616
2017-06-11,0.7013357910975593
2017-06-12,0.6872332976278254
2017-06-13,0.6999052836924039
2017-06-14,0.7019430525992563
2017-06-15,0.6957793593987905
2017-06-18,0.6916675173648085
2017-06-19,0.6826214964532145
2017-06-20,0.6952537891331971
2017-06-21,0.7234804400498601
2017-06-22,0.7616595244880638
2017-06-25,0.8029831687804132
2017-06-26,0.814225332963937
2017-06-27,0.8139248250271823
2017-06-28,0.7848971105368825
2017-06-29,0.7509039264765495
2017-07-02,0.6394788084817217
2017-07-03,0.556150379497292
2017-07-04,0.49826008806805755
2017-07-05,0.44465490544671055
2017-07-06,0.4012060053556509
2017-07-09,0.29429136957689217
2017-07-10,0.20875966095388523
2017-07-11,0.12576487842299192
2017-07-12,0.016587814160897253
2017-07-13,-0.09947741766006787
2017-07-16,-0.23389153983451066
2017-07-17,-0.36875970538822844
2017-07-18,-0.5134098068955409
2017-07-19,-0.6578072778227924
2017-07-20,-0.8105928443648208
2017-07-23,-0.9220342438282326
2017-07-24,-1.0201025422815442
2017-07-25,-1.0862610631869982
2017-07-26,-1.1470190769344006
2017-07-27,-1.1897723147656578
2017-07-30,-1.2016836049588597
2017-07-31,-1.2221294340143227
2017-08-01,-1.2461151727490791
2017-08-02,-1.2747913125977854
2017-08-03,-1.302725228635774
2017-08-06,-1.315608415431916
2017-08-07,-1.3187817544045142
2017-08-08,-1.3120892997733997
2017-08-09,-1.2814363280920926
2017-08-10,-1.2223505428713273
2017-08-13,-1.1437910530108484
2017-08-14,-1.049390819267552
2017-08-15,-0.9595964701880666
2017-08-16,-0.8851702792859524
2017-08-17,-0.8097874529273086
2017-08-20,-0.7337478468718608
2017-08-21,-0.6686934288620677
2017-08-22,-0.6143041174768497
2017-08-23,-0.580960010455208
2017-08-24,-0.557404188181596
2017-08-27,-0.5331764318991693
2017-08-28,-0.504818259418511
2017-08-29,-0.4755728203936074
2017-08-30,-0.4498267910573508
2017-08-31,-0.4345698428554891
2017-09-03,-0.4074141116185435
2017-09-04,-0.39631860633655286
2017-09-05,-0.40931611376937027
2017-09-06,-0.44678546048381174
2017-09-07,-0.49720628410165457
2017-09-10,-0.5050897214020423
2017-09-11,-0.5312341051862801
2017-09-12,-0.5535499834412364
2017-09-13,-0.5657253430531011
2017-09-14,-0.5780139099280526
2017-09-17,-0.5937957959045777
2017-09-18,-0.5951158864621097
2017-09-19,-0.5876082862554085
2017-09-20,-0.5753433894811572
2017-09-21,-0.5575442280528992
2017-09-24,-0.5428622749125598
2017-09-25,-0.5101057130798405
2017-09-26,-0.4630942409798256
2017-09-27,-0.392423226071948
2017-09-28,-0.31665900793637186
2017-10-01,-0.2517221079869563
2017-10-02,-0.20303248842557792
2017-10-03,-0.1741929775087207
2017-10-04,-0.1638258092510587
2017-10-05,-0.15427234273731733
2017-10-08,-0.1439657744594036
2017-10-09,-0.11530719388620281
2017-10-10,-0.08213030482349874
2017-10-11,-0.05288602124397665
2017-10-12,-0.028354438569297754
2017-10-15,-0.021906681983817632
2017-10-16,-0.013245994710960534
2017-10-17,-0.012443784037487084
2017-10-18,-0.008719697967173055
2017-10-19,-0.006837158630528161
2017-10-22,0.008768829753553609
2017-10-23,0.05745280071147904
2017-10-24,0.1286164638091222
2017-10-25,0.20268025646703278
2017-10-26,0.3065143613791537
2017-10-30,0.3918560508848306
2017-10-31,0.4908813893470856
2017-11-01,0.581279584643624
2017-11-02,0.6577738032848796
2017-11-03,0.7186761769828126
2017-11-06,0.7811213101660889
2017-11-07,0.8126096523139791
2017-11-08,0.8339065730728505
2017-11-09,0.8342534237614764
2017-11-10,0.8175899118233413
2017-11-13,0.8052438332280577
2017-11-14,0.7936986465433983
2017-11-15,0.8023321807174256
2017-11-16,0.8092390080566476
2017-11-17,0.8147644699280251
2017-11-20,0.7912335155367493
2017-11-21,0.7493407854645656
2017-11-22,0.6993122861617732
2017-11-23,0.6202665047007655
2017-11-24,0.5253997394633941
2017-11-27,0.4337402213753544
2017-11-28,0.3437343516659076
2017-11-29,0.24812225815667122
2017-11-30,0.17570093879278784
2017-12-01,0.1369505609765165
2017-12-04,0.11170876750735388
2017-12-05,0.08647385658758916
2017-12-06,0.060601249265008844
2017-12-07,0.03159291407162926
2017-12-08,0.03308557573266476
2017-12-11,0.053210598484453704
2017-12-12,0.09235394921451352
2017-12-13,0.1404135532669406
2017-12-14,0.19388309398142378
2017-12-15,0.26559084998475163
2017-12-18,0.3154362484801032
2017-12-19,0.3469315299532129
2017-12-20,0.36288289566975085
2017-12-21,0.37168332623326455
2017-12-22,0.3802841297591991
2017-12-25,0.40525594636420437
2017-12-26,0.43632439349268265
2017-12-27,0.4530305126731625
2017-12-28,0.46050838312465225
2017-12-29,0.45904370864879745
2018-01-01,0.4485276333658306
2018-01-02,0.433438956616082
2018-01-03,0.38364566751818224
2018-01-04,0.30033905235585023
2018-01-05,0.19789681904043704
2018-01-08,0.08415341488137872
2018-01-09,-0.024022666670474816
2018-01-10,-0.11881135222526754
2018-01-11,-0.21238822364371412
2018-01-12,-0.3074115064742371
2018-01-15,-0.4060226700164479
2018-01-16,-0.4938415026755836
2018-01-17,-0.5639879067217615
2018-01-18,-0.6188088979814292
2018-01-19,-0.6702394510280805
2018-01-22,-0.7218721578972522
2018-01-23,-0.7661598122168223
2018-01-24,-0.7816668728758208
2018-01-25,-0.8303004945094195
2018-01-26,-0.8946109081259664
