Date,boll
2010-01-04,1.719
2010-01-05,1.7280000000000002
2010-01-06,1.7291666666666667
2010-01-07,1.7316
2010-01-08,1.73168
2010-01-11,1.7315666666666667
2010-01-12,1.7323857142857142
2010-01-13,1.734075
2010-01-14,1.7374111111111112
2010-01-15,1.74011
2010-01-18,1.7422181818181819
2010-01-19,1.7448833333333333
2010-01-20,1.7483153846153847
2010-01-21,1.7520642857142856
2010-01-22,1.7565133333333334
2010-01-25,1.7582
2010-01-26,1.762635294117647
2010-01-27,1.7674666666666665
2010-01-28,1.772757894736842
2010-01-29,1.777765
2010-02-01,1.7849350000000002
2010-02-02,1.789605
2010-02-03,1.79553
2010-02-04,1.8026050000000002
2010-02-05,1.81014
2010-02-08,1.817165
2010-02-09,1.8224500000000003
2010-02-10,1.8276850000000002
2010-02-11,1.8320550000000004
2010-02-12,1.8367600000000004
2010-02-15,1.8411650000000002
2010-02-16,1.84458
2010-02-17,1.8467550000000004
2010-02-18,1.8476650000000003
2010-02-19,1.8469000000000002
2010-02-22,1.8481250000000002
2010-02-23,1.8474250000000005
2010-02-24,1.8458750000000006
2010-02-25,1.8442750000000003
2010-02-26,1.8409300000000002
2010-03-01,1.8377100000000002
2010-03-02,1.8328150000000005
2010-03-03,1.8297150000000002
2010-03-04,1.82512
2010-03-05,1.819885
2010-03-08,1.8155450000000002
2010-03-09,1.8124450000000003
2010-03-10,1.8083150000000003
2010-03-11,1.8041900000000002
2010-03-12,1.7993150000000004
2010-03-15,1.7948150000000005
2010-03-16,1.7910000000000004
2010-03-17,1.7874500000000004
2010-03-18,1.7850500000000005
2010-03-19,1.7846250000000006
2010-03-22,1.7841750000000005
2010-03-23,1.7822250000000004
2010-03-24,1.7809600000000003
2010-03-25,1.7791100000000004
2010-03-26,1.7799600000000004
2010-03-28,1.7804850000000005
2010-03-29,1.7835500000000004
2010-03-30,1.7831750000000006
2010-03-31,1.7820200000000006
2010-04-01,1.7813700000000008
2010-04-04,1.7801600000000009
2010-04-05,1.7787600000000008
2010-04-06,1.7792100000000008
2010-04-07,1.779410000000001
2010-04-08,1.779910000000001
2010-04-11,1.7796500000000008
2010-04-12,1.7770150000000011
2010-04-13,1.7762150000000012
2010-04-14,1.7751650000000012
2010-04-15,1.7732250000000012
2010-04-18,1.7712900000000011
2010-04-19,1.769885000000001
2010-04-20,1.7676200000000009
2010-04-21,1.765845000000001
2010-04-22,1.7628350000000008
2010-04-25,1.7596100000000008
2010-04-26,1.758170000000001
2010-04-27,1.7570500000000009
2010-04-28,1.7553300000000012
2010-04-29,1.7535150000000008
2010-05-02,1.752040000000001
2010-05-03,1.7518550000000008
2010-05-04,1.7519950000000009
2010-05-05,1.7550500000000007
2010-05-06,1.7589750000000006
2010-05-09,1.7599100000000008
2010-05-10,1.7630100000000006
2010-05-11,1.7643850000000003
2010-05-12,1.7653850000000006
2010-05-13,1.7677000000000007
2010-05-16,1.7698500000000006
2010-05-17,1.773025000000001
2010-05-18,1.777110000000001
2010-05-19,1.783175000000001
2010-05-20,1.7873750000000013
2010-05-23,1.7932850000000014
2010-05-24,1.798460000000001
2010-05-25,1.8037050000000012
2010-05-26,1.807955000000001
2010-05-27,1.8122350000000012
2010-05-30,1.816405000000001
2010-05-31,1.8206400000000014
2010-06-01,1.8232000000000013
2010-06-02,1.8224650000000016
2010-06-03,1.8219350000000016
2010-06-06,1.8268900000000017
2010-06-07,1.8311150000000016
2010-06-08,1.8345400000000016
2010-06-09,1.8366550000000015
2010-06-10,1.8371100000000014
2010-06-13,1.837030000000001
2010-06-14,1.8354600000000008
2010-06-15,1.8333150000000007
2010-06-16,1.828345000000001
2010-06-17,1.8246200000000008
2010-06-20,1.8196900000000007
2010-06-21,1.8146100000000007
2010-06-22,1.8115150000000007
2010-06-23,1.8096400000000006
2010-06-24,1.8079250000000004
2010-06-27,1.8063050000000007
2010-06-28,1.8049950000000006
2010-06-29,1.8029900000000005
2010-06-30,1.8019650000000005
2010-07-01,1.7987450000000007
2010-07-04,1.7937150000000006
2010-07-05,1.7890650000000008
2010-07-06,1.7852150000000009
2010-07-07,1.7830150000000007
2010-07-08,1.7802550000000008
2010-07-11,1.7781700000000007
2010-07-12,1.7767400000000009
2010-07-13,1.775700000000001
2010-07-14,1.7749300000000008
2010-07-15,1.7754450000000008
2010-07-18,1.776580000000001
2010-07-19,1.776920000000001
2010-07-20,1.775435000000001
2010-07-21,1.7745200000000008
2010-07-22,1.7735450000000008
2010-07-25,1.7727250000000006
2010-07-26,1.7703700000000004
2010-07-27,1.7689400000000006
2010-07-28,1.7672350000000006
2010-07-29,1.7664350000000002
2010-08-01,1.76491
2010-08-02,1.764245
2010-08-03,1.7636800000000001
2010-08-04,1.7628950000000003
2010-08-05,1.7627500000000005
2010-08-08,1.7601250000000008
2010-08-09,1.7598750000000005
2010-08-10,1.7595750000000006
2010-08-11,1.7595000000000005
2010-08-12,1.7586900000000003
2010-08-15,1.7554750000000006
2010-08-16,1.7545600000000008
2010-08-17,1.7533800000000006
2010-08-18,1.7528100000000009
2010-08-19,1.7528150000000007
2010-08-22,1.750175000000001
2010-08-23,1.7502050000000007
2010-08-24,1.7501350000000007
2010-08-25,1.7501400000000005
2010-08-26,1.7500300000000006
2010-08-29,1.7478450000000005
2010-08-30,1.7479100000000005
2010-08-31,1.7477300000000007
2010-09-01,1.7471000000000008
2010-09-02,1.7464000000000006
2010-09-05,1.7447250000000003
2010-09-06,1.7434200000000004
2010-09-07,1.7419200000000004
2010-09-08,1.7394550000000002
2010-09-09,1.7372950000000003
2010-09-12,1.734595
2010-09-13,1.73265
2010-09-14,1.7303350000000002
2010-09-15,1.7289550000000002
2010-09-16,1.7268000000000003
2010-09-19,1.7244350000000004
2010-09-20,1.7226950000000005
2010-09-21,1.7208750000000006
2010-09-22,1.716345000000001
2010-09-23,1.7144150000000007
2010-09-26,1.7126750000000008
2010-09-27,1.7103750000000009
2010-09-28,1.708320000000001
2010-09-29,1.7064950000000008
2010-09-30,1.7043250000000008
2010-10-03,1.7023000000000006
2010-10-04,1.7009300000000007
2010-10-05,1.6978800000000007
2010-10-06,1.6961200000000005
2010-10-07,1.6938500000000005
2010-10-10,1.6917400000000005
2010-10-11,1.6889800000000001
2010-10-12,1.687405
2010-10-13,1.68397
2010-10-14,1.6811250000000002
2010-10-17,1.6781700000000002
2010-10-18,1.6754449999999999
2010-10-19,1.6737199999999999
2010-10-20,1.6737549999999994
2010-10-21,1.6725699999999997
2010-10-24,1.6715449999999996
2010-10-25,1.6710849999999997
2010-10-26,1.6707499999999995
2010-10-27,1.6715249999999997
2010-10-28,1.6723949999999999
2010-11-01,1.67303
2010-11-02,1.6733700000000002
2010-11-03,1.6749700000000005
2010-11-04,1.6752200000000006
2010-11-05,1.6750650000000007
2010-11-08,1.677725000000001
2010-11-09,1.679460000000001
2010-11-10,1.6807600000000007
2010-11-11,1.6836350000000007
2010-11-12,1.6866800000000004
2010-11-15,1.6898800000000005
2010-11-16,1.6922800000000007
2010-11-17,1.6945800000000006
2010-11-18,1.6971400000000005
2010-11-19,1.6979900000000003
2010-11-22,1.6994450000000003
2010-11-23,1.700495
2010-11-24,1.702055
2010-11-25,1.702205
2010-11-26,1.7023049999999997
2010-11-29,1.7064749999999997
2010-11-30,1.7071099999999995
2010-12-01,1.7077849999999994
2010-12-02,1.7086299999999994
2010-12-03,1.7099699999999995
2010-12-06,1.7078249999999993
2010-12-07,1.7070899999999996
2010-12-08,1.7061399999999995
2010-12-09,1.7052399999999994
2010-12-10,1.7043449999999996
2010-12-13,1.7060749999999996
2010-12-14,1.7047249999999994
2010-12-15,1.7025749999999995
2010-12-16,1.7012099999999997
2010-12-17,1.700875
2010-12-20,1.700535
2010-12-21,1.6998250000000001
2010-12-22,1.6981500000000005
2010-12-23,1.6970000000000003
2010-12-24,1.6958400000000005
2010-12-27,1.6938950000000006
2010-12-28,1.6922950000000008
2010-12-29,1.6910800000000006
2010-12-30,1.6896850000000003
2010-12-31,1.6877100000000003
2011-01-03,1.6866800000000002
2011-01-04,1.6849400000000003
2011-01-05,1.684465
2011-01-06,1.683615
2011-01-07,1.6827299999999998
2011-01-10,1.679255
2011-01-11,1.679055
2011-01-12,1.676485
2011-01-13,1.6727749999999997
2011-01-14,1.6710099999999997
2011-01-17,1.6701049999999995
2011-01-18,1.6688799999999993
2011-01-19,1.6674549999999992
2011-01-20,1.6660049999999995
2011-01-21,1.6631499999999992
2011-01-24,1.6595799999999994
2011-01-25,1.658854999999999
2011-01-26,1.657729999999999
2011-01-27,1.654744999999999
2011-01-28,1.655259999999999
2011-01-31,1.6561999999999995
2011-02-01,1.6572249999999993
2011-02-02,1.6571099999999994
2011-02-03,1.6564949999999996
2011-02-04,1.6556199999999996
2011-02-07,1.6550549999999997
2011-02-08,1.6519999999999997
2011-02-09,1.6531449999999996
2011-02-10,1.6550099999999996
2011-02-11,1.6547649999999998
2011-02-14,1.6531349999999996
2011-02-15,1.6523549999999996
2011-02-16,1.6522099999999995
2011-02-17,1.6521599999999992
2011-02-18,1.6534999999999993
2011-02-21,1.653259999999999
2011-02-22,1.6531099999999992
2011-02-23,1.6532599999999995
2011-02-24,1.6558949999999997
2011-02-25,1.6554149999999996
2011-02-28,1.6566999999999994
2011-03-01,1.6562899999999992
2011-03-02,1.6558999999999995
2011-03-03,1.6554749999999996
2011-03-04,1.6545299999999998
2011-03-07,1.6553149999999994
2011-03-08,1.6565249999999996
2011-03-09,1.656
2011-03-10,1.6556349999999997
2011-03-11,1.6553799999999999
2011-03-14,1.65741
2011-03-15,1.6573300000000004
2011-03-16,1.6570600000000006
2011-03-17,1.657410000000001
2011-03-18,1.6582850000000007
2011-03-21,1.6607450000000008
2011-03-22,1.660550000000001
2011-03-23,1.659980000000001
2011-03-24,1.6594300000000008
2011-03-25,1.6591700000000007
2011-03-27,1.658665000000001
2011-03-28,1.658725000000001
2011-03-29,1.6586500000000008
2011-03-30,1.6573650000000009
2011-03-31,1.6562500000000007
2011-04-03,1.6548550000000009
2011-04-04,1.6525100000000013
2011-04-05,1.650160000000001
2011-04-06,1.6481600000000012
2011-04-07,1.644855000000001
2011-04-10,1.6405650000000012
2011-04-11,1.636175000000001
2011-04-12,1.632565000000001
2011-04-13,1.628365000000001
2011-04-14,1.6256736842105273
2011-04-17,1.6206684210526325
2011-04-18,1.6167421052631588
2011-04-19,1.6124894736842115
2011-04-20,1.607700000000001
2011-04-21,1.603042105263159
2011-04-24,1.5983789473684222
2011-04-25,1.593905263157896
2011-04-26,1.5890947368421064
2011-04-27,1.5858315789473698
2011-04-28,1.5836789473684225
2011-05-01,1.5811157894736856
2011-05-02,1.579605263157896
2011-05-03,1.5785789473684222
2011-05-04,1.5780684210526328
2011-05-05,1.5797578947368434
2011-05-08,1.5812894736842118
2011-05-09,1.5833105263157907
2011-05-10,1.5841526315789485
2011-05-11,1.5856210526315802
2011-05-12,1.587165000000001
2011-05-15,1.5905150000000012
2011-05-16,1.5926050000000012
2011-05-17,1.5945800000000012
2011-05-18,1.5966950000000013
2011-05-19,1.5990400000000013
2011-05-22,1.6015400000000013
2011-05-23,1.6046550000000015
2011-05-24,1.6078550000000014
2011-05-25,1.6108550000000015
2011-05-26,1.6126550000000015
2011-05-29,1.6142050000000014
2011-05-30,1.6150300000000013
2011-05-31,1.614590000000001
2011-06-01,1.6139400000000013
2011-06-02,1.6115650000000012
2011-06-05,1.6100350000000012
2011-06-06,1.6082700000000014
2011-06-07,1.6067700000000014
2011-06-08,1.6048500000000012
2011-06-09,1.603370000000001
2011-06-12,1.6013300000000013
2011-06-13,1.599240000000001
2011-06-14,1.597295000000001
2011-06-15,1.5965800000000008
2011-06-16,1.5960900000000007
2011-06-19,1.5950150000000007
2011-06-20,1.5928500000000008
2011-06-21,1.590800000000001
2011-06-22,1.588825000000001
2011-06-23,1.587235000000001
2011-06-26,1.587020000000001
2011-06-27,1.587120000000001
2011-06-28,1.587085000000001
2011-06-29,1.585970000000001
2011-06-30,1.585165000000001
2011-07-03,1.584165000000001
2011-07-04,1.582730000000001
2011-07-05,1.5820650000000012
2011-07-06,1.5814500000000014
2011-07-07,1.5798300000000012
2011-07-10,1.578180000000001
2011-07-11,1.5777300000000012
2011-07-12,1.577510000000001
2011-07-13,1.576045000000001
2011-07-14,1.574565000000001
2011-07-17,1.573475000000001
2011-07-18,1.572525000000001
2011-07-19,1.571400000000001
2011-07-20,1.570125000000001
2011-07-21,1.568215000000001
2011-07-24,1.566410000000001
2011-07-25,1.563865000000001
2011-07-26,1.561650000000001
2011-07-27,1.5613200000000012
2011-07-28,1.5613900000000012
2011-07-31,1.5612750000000013
2011-08-01,1.5615900000000011
2011-08-02,1.5615700000000012
2011-08-03,1.5612600000000012
2011-08-04,1.5623750000000014
2011-08-07,1.5639350000000012
2011-08-08,1.5647800000000014
2011-08-09,1.5674550000000014
2011-08-10,1.5701650000000014
2011-08-11,1.5725050000000012
2011-08-14,1.5746750000000012
2011-08-15,1.5753600000000012
2011-08-16,1.5763150000000012
2011-08-17,1.5771650000000013
2011-08-18,1.5799000000000016
2011-08-21,1.5819700000000014
2011-08-22,1.5848900000000015
2011-08-23,1.5880700000000014
2011-08-24,1.5902800000000012
2011-08-25,1.5925900000000015
2011-08-28,1.5952650000000013
2011-08-29,1.597090000000001
2011-08-30,1.5982500000000013
2011-08-31,1.5992250000000015
2011-09-01,1.6003350000000016
2011-09-04,1.602175000000002
2011-09-05,1.6047950000000017
2011-09-06,1.6063850000000017
2011-09-07,1.6079650000000019
2011-09-08,1.609380000000002
2011-09-11,1.6125550000000017
2011-09-12,1.6182950000000016
2011-09-13,1.6246650000000016
2011-09-14,1.6319400000000015
2011-09-15,1.6370450000000016
2011-09-18,1.6428050000000016
2011-09-19,1.6519100000000015
2011-09-20,1.661625000000002
2011-09-21,1.6729550000000017
2011-09-22,1.6863450000000018
2011-09-25,1.6991350000000018
2011-09-26,1.7117200000000021
2011-09-27,1.722495000000002
2011-09-28,1.734255000000002
2011-09-29,1.7456900000000022
2011-10-02,1.756550000000002
2011-10-03,1.7684700000000024
2011-10-04,1.7779750000000025
2011-10-05,1.7869850000000025
2011-10-06,1.7947400000000022
2011-10-09,1.7991100000000024
2011-10-10,1.8012800000000024
2011-10-11,1.8026450000000023
2011-10-12,1.8051450000000024
2011-10-13,1.8068450000000023
2011-10-16,1.8078550000000022
2011-10-17,1.8069750000000024
2011-10-18,1.8052700000000024
2011-10-19,1.8016400000000021
2011-10-20,1.797150000000002
2011-10-23,1.792740000000002
2011-10-24,1.787905000000002
2011-10-25,1.785880000000002
2011-10-26,1.7828950000000021
2011-10-27,1.776960000000002
2011-10-31,1.7689650000000021
2011-11-01,1.759200000000002
2011-11-02,1.753795000000002
2011-11-03,1.748775000000002
2011-11-04,1.7450150000000018
2011-11-07,1.7443500000000018
2011-11-08,1.7445000000000017
2011-11-09,1.744535000000002
2011-11-10,1.7436650000000018
2011-11-11,1.7445100000000018
2011-11-14,1.7449700000000017
2011-11-15,1.7445950000000017
2011-11-16,1.7451850000000018
2011-11-17,1.7456350000000018
2011-11-18,1.7445100000000018
2011-11-21,1.7450200000000016
2011-11-22,1.7477650000000018
2011-11-23,1.750275000000002
2011-11-24,1.7553400000000017
2011-11-25,1.7636650000000018
2011-11-28,1.7733250000000016
2011-11-29,1.7814400000000017
2011-11-30,1.786415000000002
2011-12-01,1.790150000000002
2011-12-02,1.793525000000002
2011-12-05,1.795835000000002
2011-12-06,1.7973200000000022
2011-12-07,1.7998950000000022
2011-12-08,1.802000000000002
2011-12-09,1.8048500000000023
2011-12-12,1.8077200000000022
2011-12-13,1.810205000000002
2011-12-14,1.814625000000002
2011-12-15,1.819925000000002
2011-12-16,1.8246400000000023
2011-12-19,1.8284000000000025
2011-12-20,1.8315150000000024
2011-12-21,1.8330200000000023
2011-12-22,1.8328200000000023
2011-12-23,1.8315950000000023
2011-12-26,1.830480000000002
2011-12-27,1.8306200000000021
2011-12-28,1.831545000000002
2011-12-29,1.834980000000002
2011-12-30,1.838290000000002
2012-01-02,1.841645000000002
2012-01-03,1.8461700000000019
2012-01-04,1.848345000000002
2012-01-05,1.849330000000002
2012-01-06,1.850630000000002
2012-01-09,1.853145000000002
2012-01-10,1.8547350000000022
2012-01-11,1.8518000000000021
2012-01-12,1.8481600000000022
2012-01-13,1.8442650000000023
2012-01-16,1.8411550000000019
2012-01-17,1.8367950000000017
2012-01-18,1.8336800000000018
2012-01-19,1.8293300000000017
2012-01-20,1.8245550000000015
2012-01-23,1.8196600000000018
2012-01-24,1.814385000000002
2012-01-25,1.809305000000002
2012-01-26,1.803470000000002
2012-01-27,1.8028350000000017
2012-01-30,1.7966200000000019
2012-01-31,1.7904300000000017
2012-02-01,1.7859450000000017
2012-02-02,1.781610000000002
2012-02-03,1.775365000000002
2012-02-06,1.768750000000002
2012-02-07,1.762885000000002
2012-02-08,1.7591700000000021
2012-02-09,1.7549150000000022
2012-02-10,1.7516450000000021
2012-02-13,1.7480450000000023
2012-02-14,1.7448400000000024
2012-02-15,1.7416700000000023
2012-02-16,1.739640000000002
2012-02-17,1.737640000000002
2012-02-20,1.735100000000002
2012-02-21,1.7333600000000018
2012-02-22,1.7311650000000018
2012-02-23,1.728420000000002
2012-02-24,1.721435000000002
2012-02-27,1.7198650000000022
2012-02-28,1.7178450000000023
2012-02-29,1.7154900000000022
2012-03-01,1.7147350000000023
2012-03-02,1.7145050000000026
2012-03-05,1.7152050000000028
2012-03-06,1.7159100000000027
2012-03-07,1.717640000000003
2012-03-08,1.7200100000000027
2012-03-09,1.7223000000000028
2012-03-12,1.7258150000000025
2012-03-13,1.7299950000000024
2012-03-14,1.7337550000000026
2012-03-15,1.7375400000000027
2012-03-16,1.7417350000000027
2012-03-19,1.7461450000000027
2012-03-20,1.7513200000000029
2012-03-21,1.756300000000003
2012-03-22,1.7620050000000032
2012-03-23,1.767270000000003
2012-03-25,1.7724050000000031
2012-03-26,1.7779650000000031
2012-03-27,1.7841400000000032
2012-03-28,1.7894800000000033
2012-03-29,1.794845000000003
2012-04-01,1.7996650000000027
2012-04-02,1.8044150000000028
2012-04-03,1.8079100000000026
2012-04-04,1.8109950000000026
2012-04-05,1.8140750000000025
2012-04-08,1.8157150000000026
2012-04-09,1.8167250000000028
2012-04-10,1.818785000000003
2012-04-11,1.8203450000000032
2012-04-12,1.8216850000000033
2012-04-15,1.8236800000000035
2012-04-16,1.8249300000000033
2012-04-17,1.8271450000000033
2012-04-18,1.8300700000000032
2012-04-19,1.833140000000003
2012-04-22,1.8362650000000031
2012-04-23,1.8394000000000035
2012-04-24,1.8423050000000036
2012-04-25,1.8450750000000036
2012-04-26,1.8482250000000036
2012-04-29,1.8512400000000038
2012-04-30,1.854890000000004
2012-05-01,1.8587500000000037
2012-05-02,1.8634850000000036
2012-05-03,1.8678300000000037
2012-05-06,1.8730800000000039
2012-05-07,1.8780700000000035
2012-05-08,1.8833400000000033
2012-05-09,1.8900850000000031
2012-05-10,1.896375000000003
2012-05-13,1.902765000000003
2012-05-14,1.910110000000003
2012-05-15,1.9171850000000028
2012-05-16,1.923270000000003
2012-05-17,1.929680000000003
2012-05-20,1.9371900000000029
2012-05-21,1.9448150000000026
2012-05-22,1.9552150000000026
2012-05-23,1.9626300000000025
2012-05-24,1.9698100000000025
2012-05-27,1.9747450000000022
2012-05-28,1.9785500000000025
2012-05-29,1.9828300000000023
2012-05-30,1.9874650000000025
2012-05-31,1.9932400000000026
2012-06-03,1.9988350000000026
2012-06-04,2.0055400000000025
2012-06-05,2.009720000000003
2012-06-06,2.012825000000003
2012-06-07,2.016705000000003
2012-06-10,2.019545000000003
2012-06-11,2.0231000000000026
2012-06-12,2.026445000000003
2012-06-13,2.030020000000003
2012-06-14,2.032525000000003
2012-06-17,2.033835000000003
2012-06-18,2.035225000000003
2012-06-19,2.0322550000000033
2012-06-20,2.0320250000000035
2012-06-21,2.0337650000000034
2012-06-24,2.0378300000000036
2012-06-25,2.041750000000003
2012-06-26,2.0458850000000033
2012-06-27,2.0488650000000037
2012-06-28,2.0514400000000035
2012-07-01,2.049935000000003
2012-07-02,2.0465200000000032
2012-07-03,2.045865000000003
2012-07-04,2.045600000000003
2012-07-05,2.045055000000003
2012-07-08,2.0453350000000032
2012-07-09,2.043720000000003
2012-07-10,2.042005000000003
2012-07-11,2.0402200000000033
2012-07-12,2.0391650000000032
2012-07-15,2.0386200000000034
2012-07-16,2.037320000000004
2012-07-17,2.0369550000000034
2012-07-18,2.036755000000004
2012-07-19,2.034205000000004
2012-07-22,2.032050000000004
2012-07-23,2.030855000000004
2012-07-24,2.0293950000000036
2012-07-25,2.0273050000000037
2012-07-26,2.0244700000000035
2012-07-29,2.0250800000000035
2012-07-30,2.027865000000004
2012-07-31,2.030280000000004
2012-08-01,2.0310700000000037
2012-08-02,2.0325550000000034
2012-08-05,2.0325250000000037
2012-08-06,2.032380000000004
2012-08-07,2.032110000000004
2012-08-08,2.0314050000000035
2012-08-09,2.0304250000000033
2012-08-12,2.029255000000003
2012-08-13,2.028535000000003
2012-08-14,2.028795000000003
2012-08-15,2.0290500000000025
2012-08-16,2.029245000000002
2012-08-19,2.028825000000002
2012-08-20,2.027720000000002
2012-08-21,2.0259900000000024
2012-08-22,2.025120000000002
2012-08-23,2.0252550000000022
2012-08-26,2.025365000000002
2012-08-27,2.024900000000002
2012-08-28,2.024110000000002
2012-08-29,2.024355000000002
2012-08-30,2.024210000000002
2012-09-02,2.024245000000002
2012-09-03,2.0242500000000017
2012-09-04,2.024730000000002
2012-09-05,2.0254850000000024
2012-09-06,2.025880000000002
2012-09-09,2.0264500000000023
2012-09-10,2.026430000000002
2012-09-11,2.0257350000000023
2012-09-12,2.0257450000000023
2012-09-13,2.0259000000000027
2012-09-16,2.0256400000000028
2012-09-17,2.0264400000000027
2012-09-18,2.0268900000000025
2012-09-19,2.0272000000000028
2012-09-20,2.026965000000003
2012-09-23,2.0267500000000025
2012-09-24,2.0263750000000025
2012-09-25,2.0257400000000025
2012-09-26,2.025050000000003
2012-09-27,2.024125000000003
2012-09-30,2.0238700000000027
2012-10-01,2.023590000000003
2012-10-02,2.023010000000003
2012-10-03,2.022135000000003
2012-10-04,2.021690000000003
2012-10-07,2.020295000000003
2012-10-08,2.020765000000003
2012-10-09,2.0217050000000034
2012-10-10,2.022485000000003
2012-10-11,2.023530000000003
2012-10-14,2.0251600000000027
2012-10-15,2.025420000000003
2012-10-16,2.026095000000003
2012-10-17,2.0265150000000025
2012-10-18,2.0269100000000027
2012-10-21,2.027270000000003
2012-10-22,2.0272450000000033
2012-10-23,2.0271050000000033
2012-10-24,2.0266500000000027
2012-10-25,2.026500000000003
2012-10-29,2.026630000000003
2012-10-30,2.0270250000000027
2012-10-31,2.027220000000003
2012-11-01,2.027680000000003
2012-11-02,2.0283500000000028
2012-11-05,2.029920000000003
2012-11-06,2.0301950000000026
2012-11-07,2.0301150000000026
2012-11-08,2.0297950000000027
2012-11-09,2.0297000000000027
2012-11-12,2.0298300000000027
2012-11-13,2.0305200000000028
2012-11-14,2.031710000000003
2012-11-15,2.033400000000003
2012-11-16,2.035340000000003
2012-11-19,2.0380700000000025
2012-11-20,2.0407800000000025
2012-11-21,2.0435200000000022
2012-11-22,2.0470950000000023
2012-11-23,2.0510600000000023
2012-11-26,2.0538050000000023
2012-11-27,2.056325000000002
2012-11-28,2.059025000000002
2012-11-29,2.062225000000002
2012-11-30,2.0655300000000016
2012-12-03,2.0707850000000017
2012-12-04,2.075030000000002
2012-12-05,2.079490000000002
2012-12-06,2.082195000000002
2012-12-07,2.084135000000002
2012-12-10,2.0855850000000022
2012-12-11,2.086930000000002
2012-12-12,2.087850000000002
2012-12-13,2.088185000000002
2012-12-14,2.0891600000000023
2012-12-17,2.0893850000000023
2012-12-18,2.0902800000000026
2012-12-19,2.0906700000000025
2012-12-20,2.0893500000000027
2012-12-21,2.0876500000000027
2012-12-24,2.086460000000003
2012-12-25,2.086140000000003
2012-12-26,2.085845000000003
2012-12-27,2.083650000000003
2012-12-28,2.080955000000003
2012-12-31,2.076515000000003
2013-01-01,2.073095000000003
2013-01-02,2.069460000000003
2013-01-03,2.067385000000003
2013-01-04,2.0660200000000026
2013-01-07,2.0639650000000027
2013-01-08,2.061475000000003
2013-01-09,2.059700000000003
2013-01-10,2.058565000000003
2013-01-11,2.055735000000003
2013-01-14,2.052965000000003
2013-01-15,2.049830000000003
2013-01-16,2.047821052631582
2013-01-17,2.046326315789477
2013-01-18,2.0446315789473717
2013-01-21,2.0432368421052667
2013-01-22,2.041331578947372
2013-01-23,2.0394315789473714
2013-01-24,2.038689473684214
2013-01-25,2.0379947368421085
2013-01-28,2.037121052631582
2013-01-29,2.0341421052631614
2013-01-30,2.0310263157894775
2013-01-31,2.0280105263157933
2013-02-01,2.0249526315789517
2013-02-04,2.0225315789473726
2013-02-05,2.020863157894741
2013-02-06,2.0178526315789513
2013-02-07,2.014600000000004
2013-02-08,2.011221052631583
2013-02-11,2.00808421052632
2013-02-12,2.0048368421052674
2013-02-13,2.003035000000004
2013-02-14,1.9992000000000043
2013-02-15,1.9951550000000045
2013-02-18,1.9919250000000044
2013-02-19,1.9879750000000045
2013-02-20,1.9836200000000044
2013-02-21,1.9799300000000042
2013-02-22,1.9770950000000043
2013-02-25,1.974125000000004
2013-02-26,1.973445000000004
2013-02-27,1.9732300000000038
2013-02-28,1.9725350000000037
2013-03-01,1.9718900000000037
2013-03-04,1.9716250000000035
2013-03-05,1.9704450000000033
2013-03-06,1.9694250000000033
2013-03-07,1.9686650000000032
2013-03-08,1.968465000000003
2013-03-11,1.9670550000000027
2013-03-12,1.966385000000003
2013-03-13,1.9662250000000028
2013-03-14,1.9665950000000028
2013-03-15,1.9673850000000026
2013-03-18,1.9680650000000024
2013-03-19,1.9692200000000024
2013-03-20,1.9706550000000025
2013-03-21,1.9718700000000027
2013-03-22,1.9735350000000025
2013-03-25,1.9754050000000027
2013-03-26,1.9766800000000029
2013-03-27,1.9783200000000025
2013-03-28,1.9801100000000023
2013-03-29,1.9821850000000023
2013-03-31,1.9840800000000023
2013-04-01,1.986280000000002
2013-04-02,1.9890850000000022
2013-04-03,1.9916000000000023
2013-04-04,1.9942650000000022
2013-04-07,1.9963300000000022
2013-04-08,1.9979500000000023
2013-04-09,1.9987000000000024
2013-04-10,1.9987850000000023
2013-04-11,1.9989250000000023
2013-04-14,1.9982950000000024
2013-04-15,1.9990550000000025
2013-04-16,1.9991550000000025
2013-04-17,1.9997900000000026
2013-04-18,1.9986200000000025
2013-04-21,1.9985550000000025
2013-04-22,1.9990500000000027
2013-04-23,1.9992250000000027
2013-04-24,1.9991500000000026
2013-04-25,1.9981550000000028
2013-04-28,1.9968700000000026
2013-04-29,1.9964000000000026
2013-04-30,1.9955450000000028
2013-05-01,1.9945800000000027
2013-05-02,1.9942850000000027
2013-05-05,1.9953950000000027
2013-05-06,1.9962050000000027
2013-05-07,1.9974650000000025
2013-05-08,1.9988400000000026
2013-05-09,2.0005650000000026
2013-05-12,2.0029450000000026
2013-05-13,2.0033550000000027
2013-05-14,2.0050450000000026
2013-05-15,2.0061850000000025
2013-05-16,2.0082300000000024
2013-05-19,2.0095300000000025
2013-05-20,2.0105200000000023
2013-05-21,2.011240000000002
2013-05-22,2.0130850000000025
2013-05-23,2.0151750000000024
2013-05-26,2.0178550000000026
2013-05-27,2.0202450000000027
2013-05-28,2.0238600000000027
2013-05-29,2.0291400000000026
2013-05-30,2.0341800000000028
2013-06-02,2.0384050000000027
2013-06-03,2.0441750000000027
2013-06-04,2.050085000000003
2013-06-05,2.0563050000000027
2013-06-06,2.062210000000003
2013-06-09,2.067890000000003
2013-06-10,2.0739500000000026
2013-06-11,2.079400000000003
2013-06-12,2.0860400000000032
2013-06-13,2.090750000000003
2013-06-16,2.0940100000000035
2013-06-17,2.1006150000000035
2013-06-18,2.1078550000000034
2013-06-19,2.1167850000000032
2013-06-20,2.1275150000000034
2013-06-23,2.137095000000003
2013-06-24,2.1457000000000033
2013-06-25,2.1525200000000035
2013-06-26,2.1564650000000034
2013-06-27,2.1608750000000034
2013-06-30,2.1658400000000033
2013-07-01,2.1709300000000034
2013-07-02,2.1770900000000033
2013-07-03,2.184005000000003
2013-07-04,2.189935000000003
2013-07-07,2.195940000000003
2013-07-08,2.202645000000003
2013-07-09,2.208980000000003
2013-07-10,2.2148650000000027
2013-07-11,2.221625000000003
2013-07-14,2.229900000000003
2013-07-15,2.2323250000000026
2013-07-16,2.235885000000003
2013-07-17,2.235820000000003
2013-07-18,2.2341250000000032
2013-07-21,2.234440000000003
2013-07-22,2.2346700000000026
2013-07-23,2.2346600000000025
2013-07-24,2.2375300000000027
2013-07-25,2.2397700000000027
2013-07-28,2.2430300000000023
2013-07-29,2.245205000000002
2013-07-30,2.2468150000000024
2013-07-31,2.2473300000000025
2013-08-01,2.2500900000000024
2013-08-04,2.251915000000002
2013-08-05,2.253970000000002
2013-08-06,2.256025000000002
2013-08-07,2.257710000000002
2013-08-08,2.2590350000000017
2013-08-11,2.259370000000002
2013-08-12,2.262780000000002
2013-08-13,2.265875000000002
2013-08-14,2.270805000000002
2013-08-15,2.2766050000000018
2013-08-18,2.283740000000002
2013-08-19,2.292710000000002
2013-08-20,2.301905000000002
2013-08-21,2.3121150000000017
2013-08-22,2.321705000000002
2013-08-25,2.326260000000002
2013-08-26,2.331740000000002
2013-08-27,2.336190000000002
2013-08-28,2.3396300000000023
2013-08-29,2.342375000000002
2013-09-01,2.347210000000002
2013-09-02,2.350820000000002
2013-09-03,2.353860000000002
2013-09-04,2.356545000000002
2013-09-05,2.358640000000002
2013-09-08,2.360240000000002
2013-09-09,2.359710000000002
2013-09-10,2.358290000000002
2013-09-11,2.355805000000002
2013-09-12,2.352545000000002
2013-09-15,2.3470050000000016
2013-09-16,2.3405950000000013
2013-09-17,2.3334150000000013
2013-09-18,2.3201650000000016
2013-09-19,2.3084050000000014
2013-09-22,2.3015050000000015
2013-09-23,2.292485000000002
2013-09-24,2.2838000000000016
2013-09-25,2.2778400000000016
2013-09-26,2.2719850000000017
2013-09-29,2.264085000000002
2013-09-30,2.2561950000000017
2013-10-01,2.249025000000002
2013-10-02,2.240615000000002
2013-10-03,2.234840000000002
2013-10-06,2.230185000000002
2013-10-07,2.227884210526318
2013-10-08,2.2238210526315814
2013-10-09,2.220178947368423
2013-10-10,2.215157894736844
2013-10-13,2.209594736842108
2013-10-14,2.2042000000000024
2013-10-15,2.2003578947368445
2013-10-16,2.200110526315792
2013-10-17,2.198068421052634
2013-10-20,2.194805263157897
2013-10-21,2.193478947368423
2013-10-22,2.1921578947368445
2013-10-23,2.190210526315792
2013-10-24,2.188189473684213
2013-10-28,2.186173684210529
2013-10-29,2.1840947368421078
2013-10-30,2.1824842105263182
2013-10-31,2.1820368421052656
2013-11-01,2.18345263157895
2013-11-04,2.1857789473684233
2013-11-05,2.1885300000000023
2013-11-06,2.192140000000002
2013-11-07,2.196135000000002
2013-11-08,2.2024200000000023
2013-11-11,2.209335000000002
2013-11-12,2.216780000000002
2013-11-13,2.224435000000002
2013-11-14,2.231980000000002
2013-11-15,2.239620000000002
2013-11-18,2.248140000000002
2013-11-19,2.252630000000002
2013-11-20,2.2575900000000018
2013-11-21,2.2617100000000017
2013-11-22,2.266785000000002
2013-11-25,2.2712550000000022
2013-11-26,2.276420000000002
2013-11-27,2.282010000000002
2013-11-28,2.2893050000000015
2013-11-29,2.293460000000002
2013-12-02,2.2974150000000018
2013-12-03,2.3030400000000015
2013-12-04,2.3078250000000016
2013-12-05,2.3131000000000013
2013-12-06,2.3157650000000016
2013-12-09,2.3163900000000015
2013-12-10,2.315850000000002
2013-12-11,2.314630000000002
2013-12-12,2.315115000000002
2013-12-13,2.3161500000000017
2013-12-16,2.316605000000002
2013-12-17,2.319730000000002
2013-12-18,2.322110000000002
2013-12-19,2.325120000000002
2013-12-20,2.3277400000000017
2013-12-23,2.3331850000000016
2013-12-24,2.3368450000000016
2013-12-25,2.3399150000000017
2013-12-26,2.3412900000000016
2013-12-27,2.343160000000002
2013-12-30,2.343295000000002
2013-12-31,2.343595000000002
2014-01-01,2.3429050000000022
2014-01-02,2.3413600000000026
2014-01-03,2.3427850000000023
2014-01-06,2.345270000000002
2014-01-07,2.348105000000002
2014-01-08,2.351240000000002
2014-01-09,2.353905000000002
2014-01-10,2.356705000000002
2014-01-13,2.358130000000002
2014-01-14,2.3598250000000016
2014-01-15,2.3615850000000016
2014-01-16,2.362915000000002
2014-01-17,2.3632200000000014
2014-01-20,2.361460000000002
2014-01-21,2.3607850000000017
2014-01-22,2.360915000000001
2014-01-23,2.361670000000001
2014-01-24,2.3636000000000013
2014-01-27,2.3665850000000015
2014-01-28,2.3695400000000015
2014-01-29,2.3727500000000012
2014-01-30,2.3765150000000013
2014-01-31,2.377720000000001
2014-02-03,2.380260000000001
2014-02-04,2.3834350000000013
2014-02-05,2.385320000000001
2014-02-06,2.385495000000001
2014-02-07,2.385070000000001
2014-02-10,2.3861550000000014
2014-02-11,2.388625000000001
2014-02-12,2.3911150000000014
2014-02-13,2.3941900000000014
2014-02-14,2.3957100000000016
2014-02-17,2.3975400000000016
2014-02-18,2.3996050000000015
2014-02-19,2.4010200000000017
2014-02-20,2.401990000000002
2014-02-21,2.4009250000000018
2014-02-24,2.398295000000002
2014-02-25,2.394190000000002
2014-02-26,2.3899600000000016
2014-02-27,2.3857400000000015
2014-02-28,2.381250000000002
2014-03-03,2.376805000000002
2014-03-04,2.3720000000000017
2014-03-05,2.368570000000002
2014-03-06,2.364660000000002
2014-03-07,2.3616850000000023
2014-03-10,2.359705000000002
2014-03-11,2.3565550000000024
2014-03-12,2.3544550000000024
2014-03-13,2.3512200000000023
2014-03-14,2.349725000000002
2014-03-17,2.3475450000000024
2014-03-18,2.3457600000000025
2014-03-19,2.3429250000000024
2014-03-20,2.3407050000000025
2014-03-21,2.3383900000000026
2014-03-24,2.3373500000000025
2014-03-25,2.3364650000000022
2014-03-26,2.3349800000000025
2014-03-27,2.3322250000000024
2014-03-28,2.3290850000000023
2014-03-30,2.3252200000000025
2014-03-31,2.3216300000000025
2014-04-01,2.3176550000000025
2014-04-02,2.3150400000000024
2014-04-03,2.312865000000002
2014-04-06,2.3076250000000025
2014-04-07,2.3011800000000022
2014-04-08,2.2931550000000023
2014-04-09,2.284605000000002
2014-04-10,2.2767450000000022
2014-04-13,2.2704150000000025
2014-04-14,2.263725000000002
2014-04-15,2.2589350000000024
2014-04-16,2.2536150000000026
2014-04-17,2.2488600000000023
2014-04-20,2.2442800000000025
2014-04-21,2.2397600000000026
2014-04-22,2.236155000000003
2014-04-23,2.2324050000000026
2014-04-24,2.2300450000000027
2014-04-27,2.229180000000002
2014-04-28,2.2267300000000025
2014-04-29,2.2254750000000025
2014-04-30,2.223625000000003
2014-05-01,2.2213350000000025
2014-05-04,2.2205450000000027
2014-05-05,2.2219450000000025
2014-05-06,2.2233500000000026
2014-05-07,2.2249850000000024
2014-05-08,2.2254400000000025
2014-05-11,2.2251200000000027
2014-05-12,2.2250000000000023
2014-05-13,2.223900000000002
2014-05-14,2.2219750000000023
2014-05-15,2.221345000000002
2014-05-18,2.2204500000000023
2014-05-19,2.219185000000002
2014-05-20,2.2179750000000023
2014-05-21,2.2173350000000025
2014-05-22,2.217425000000002
2014-05-25,2.2164350000000024
2014-05-26,2.216475000000002
2014-05-27,2.216455000000002
2014-05-28,2.216435000000002
2014-05-29,2.216080000000002
2014-06-01,2.217170000000002
2014-06-02,2.2187450000000024
2014-06-03,2.2212250000000027
2014-06-04,2.2242950000000024
2014-06-05,2.2264600000000025
2014-06-08,2.228225000000003
2014-06-09,2.2290400000000026
2014-06-10,2.2294150000000026
2014-06-11,2.2309500000000027
2014-06-12,2.2315200000000024
2014-06-15,2.2319850000000026
2014-06-16,2.2333300000000023
2014-06-17,2.2356300000000022
2014-06-18,2.236360000000002
2014-06-19,2.2367950000000025
2014-06-22,2.2371850000000024
2014-06-23,2.236780000000002
2014-06-24,2.2362200000000025
2014-06-25,2.2350800000000026
2014-06-26,2.2335950000000024
2014-06-29,2.2313450000000024
2014-06-30,2.228240000000002
2014-07-01,2.224315000000002
2014-07-02,2.221660000000002
2014-07-03,2.219185000000002
2014-07-06,2.217535000000002
2014-07-07,2.2173500000000024
2014-07-08,2.2168650000000025
2014-07-09,2.215715000000002
2014-07-10,2.2152950000000025
2014-07-13,2.2151900000000024
2014-07-14,2.214065000000003
2014-07-15,2.211915000000003
2014-07-16,2.211965000000003
2014-07-17,2.213760000000003
2014-07-20,2.213535000000003
2014-07-21,2.213795000000003
2014-07-22,2.2131300000000027
2014-07-23,2.2136850000000026
2014-07-24,2.214755000000003
2014-07-27,2.2162700000000024
2014-07-28,2.2166500000000022
2014-07-29,2.2180950000000026
2014-07-30,2.2191650000000025
2014-07-31,2.2218400000000025
2014-08-03,2.2239650000000024
2014-08-04,2.2255400000000023
2014-08-05,2.2288850000000022
2014-08-06,2.232050000000002
2014-08-07,2.235825000000002
2014-08-10,2.238900000000002
2014-08-11,2.2421550000000017
2014-08-12,2.2451100000000017
2014-08-13,2.248000000000002
2014-08-14,2.248425000000002
2014-08-17,2.249590000000002
2014-08-18,2.251440000000002
2014-08-19,2.253200000000002
2014-08-20,2.255270000000002
2014-08-21,2.257845000000002
2014-08-24,2.260385000000002
2014-08-25,2.263565000000002
2014-08-26,2.265145000000002
2014-08-27,2.2651400000000024
2014-08-28,2.2639850000000026
2014-08-31,2.2629500000000027
2014-09-01,2.2624050000000024
2014-09-02,2.2605800000000027
2014-09-03,2.258745000000003
2014-09-04,2.2560050000000027
2014-09-07,2.253945000000003
2014-09-08,2.253575000000003
2014-09-09,2.253990000000003
2014-09-10,2.2543250000000032
2014-09-11,2.255875000000003
2014-09-14,2.257190000000003
2014-09-15,2.261405000000003
2014-09-16,2.2659150000000032
2014-09-17,2.2708150000000034
2014-09-18,2.2756350000000034
2014-09-21,2.2802400000000036
2014-09-22,2.2858800000000032
2014-09-23,2.293435000000003
2014-09-24,2.3002250000000033
2014-09-25,2.309625000000003
2014-09-28,2.319035000000003
2014-09-29,2.329055000000003
2014-09-30,2.338860000000003
2014-10-01,2.351245000000003
2014-10-02,2.3638850000000033
2014-10-05,2.3747400000000036
2014-10-06,2.3827550000000035
2014-10-07,2.3882550000000036
2014-10-08,2.3926950000000033
2014-10-09,2.3976950000000032
2014-10-12,2.4034000000000035
2014-10-13,2.4059500000000034
2014-10-14,2.4090700000000034
2014-10-15,2.4139250000000034
2014-10-16,2.419060000000003
2014-10-19,2.422345000000003
2014-10-20,2.4256700000000033
2014-10-21,2.4290850000000033
2014-10-22,2.4343300000000037
2014-10-23,2.4378550000000034
2014-10-27,2.4403100000000033
2014-10-28,2.444115000000003
2014-10-29,2.445230000000003
2014-10-30,2.444035000000003
2014-10-31,2.439510000000003
2014-11-03,2.437440000000003
2014-11-04,2.440790000000003
2014-11-05,2.4458250000000032
2014-11-06,2.452190000000003
2014-11-07,2.460775000000003
2014-11-10,2.4689200000000033
2014-11-11,2.4768650000000028
2014-11-12,2.4847800000000033
2014-11-13,2.4903150000000034
2014-11-14,2.4963150000000036
2014-11-17,2.5046200000000036
2014-11-18,2.5117450000000034
2014-11-19,2.516800000000003
2014-11-20,2.521030000000003
2014-11-21,2.524730000000003
2014-11-24,2.526885000000003
2014-11-25,2.5280300000000033
2014-11-26,2.531475000000003
2014-11-27,2.5334800000000035
2014-11-28,2.5397600000000033
2014-12-01,2.5456600000000034
2014-12-02,2.5488950000000035
2014-12-03,2.5524450000000036
2014-12-04,2.5548350000000037
2014-12-05,2.5559200000000035
2014-12-08,2.5577800000000037
2014-12-09,2.5601400000000036
2014-12-10,2.561895000000004
2014-12-11,2.5643950000000038
2014-12-12,2.567435000000004
2014-12-15,2.5700750000000037
2014-12-16,2.574445000000004
2014-12-17,2.582250000000004
2014-12-18,2.589405000000004
2014-12-19,2.5938850000000047
2014-12-22,2.6011100000000047
2014-12-23,2.6071050000000047
2014-12-24,2.615310000000005
2014-12-25,2.624975000000005
2014-12-26,2.633375000000005
2014-12-29,2.641435000000005
2014-12-30,2.6485500000000046
2014-12-31,2.6530100000000045
2015-01-01,2.6582650000000045
2015-01-02,2.6615100000000047
2015-01-05,2.6667650000000047
2015-01-06,2.6720900000000047
2015-01-07,2.6774450000000045
2015-01-08,2.6808300000000043
2015-01-09,2.681480000000004
2015-01-12,2.680320000000004
2015-01-13,2.6792250000000037
2015-01-14,2.674445000000004
2015-01-15,2.669450000000004
2015-01-16,2.668420000000004
2015-01-19,2.6664400000000037
2015-01-20,2.6657250000000037
2015-01-21,2.6617150000000036
2015-01-22,2.657010000000003
2015-01-23,2.6507850000000035
2015-01-26,2.645040000000003
2015-01-27,2.639070000000003
2015-01-28,2.634830000000003
2015-01-29,2.6307750000000025
2015-01-30,2.628125000000003
2015-02-02,2.627505000000003
2015-02-03,2.6285300000000027
2015-02-04,2.628255000000003
2015-02-05,2.6311300000000033
2015-02-06,2.635225000000003
2015-02-09,2.6428850000000033
2015-02-10,2.6476900000000034
2015-02-11,2.6572650000000033
2015-02-12,2.6699350000000033
2015-02-13,2.6788500000000033
2015-02-16,2.689550000000003
2015-02-17,2.698445000000003
2015-02-18,2.709180000000003
2015-02-19,2.7210250000000036
2015-02-20,2.7356550000000035
2015-02-23,2.7499700000000034
2015-02-24,2.764710000000003
2015-02-25,2.779095000000003
2015-02-26,2.793880000000003
2015-02-27,2.8091200000000027
2015-03-02,2.8170200000000025
2015-03-03,2.8254750000000026
2015-03-04,2.837315000000003
2015-03-05,2.8489700000000027
2015-03-06,2.861895000000003
2015-03-09,2.875765000000003
2015-03-10,2.893585000000003
2015-03-11,2.907110000000003
2015-03-12,2.920180000000003
2015-03-13,2.9374850000000032
2015-03-16,2.9581900000000028
2015-03-17,2.979030000000003
2015-03-18,3.0000550000000032
2015-03-19,3.019260000000003
2015-03-20,3.040615000000003
2015-03-23,3.058640000000003
2015-03-24,3.071320000000003
2015-03-25,3.085280000000003
2015-03-26,3.101705000000003
2015-03-27,3.1154300000000026
2015-03-29,3.135650000000003
2015-03-30,3.1523150000000033
2015-03-31,3.165345000000003
2015-04-01,3.1749900000000033
2015-04-02,3.1810950000000036
2015-04-05,3.1843250000000034
2015-04-06,3.1842700000000033
2015-04-07,3.185445000000003
2015-04-08,3.1814050000000034
2015-04-09,3.176015000000003
2015-04-12,3.1673550000000033
2015-04-13,3.1611750000000027
2015-04-14,3.1520950000000028
2015-04-15,3.1424850000000033
2015-04-16,3.128895000000003
2015-04-19,3.119500000000003
2015-04-20,3.1145550000000033
2015-04-21,3.109045000000003
2015-04-22,3.0994400000000035
2015-04-23,3.0888900000000037
2015-04-26,3.074245000000004
2015-04-27,3.058600000000004
2015-04-28,3.045915000000004
2015-04-29,3.0353350000000043
2015-04-30,3.029780000000004
2015-05-03,3.024255000000004
2015-05-04,3.022325000000004
2015-05-05,3.018725000000004
2015-05-06,3.0178550000000035
2015-05-07,3.0161550000000035
2015-05-10,3.0111250000000034
2015-05-11,3.0079850000000032
2015-05-12,3.005630000000003
2015-05-13,3.006160000000003
2015-05-14,3.004725000000003
2015-05-17,3.002460000000003
2015-05-18,3.0012800000000026
2015-05-19,3.0015600000000027
2015-05-20,3.0013850000000026
2015-05-21,3.0047950000000028
2015-05-24,3.0118300000000024
2015-05-25,3.0208350000000026
2015-05-26,3.0314950000000027
2015-05-27,3.040755000000003
2015-05-28,3.048120000000003
2015-05-31,3.0563550000000026
2015-06-01,3.0606800000000027
2015-06-02,3.0644550000000033
2015-06-03,3.069680000000003
2015-06-04,3.0756250000000036
2015-06-07,3.0840450000000037
2015-06-08,3.086720000000004
2015-06-09,3.090620000000004
2015-06-10,3.094495000000004
2015-06-11,3.0993550000000045
2015-06-14,3.1056250000000047
2015-06-15,3.1115100000000053
2015-06-16,3.114275000000005
2015-06-17,3.1167100000000048
2015-06-18,3.117765000000005
2015-06-21,3.117975000000005
2015-06-22,3.1175350000000046
2015-06-23,3.1138250000000047
2015-06-24,3.1116750000000044
2015-06-25,3.1099750000000044
2015-06-28,3.1074700000000037
2015-06-29,3.104745000000004
2015-06-30,3.103715000000004
2015-07-01,3.1043300000000045
2015-07-02,3.102020000000004
2015-07-05,3.101500000000004
2015-07-06,3.102760000000004
2015-07-07,3.1069200000000037
2015-07-08,3.1128050000000043
2015-07-09,3.119505000000004
2015-07-12,3.121445000000004
2015-07-13,3.1218300000000045
2015-07-14,3.124310000000005
2015-07-15,3.1285700000000047
2015-07-16,3.1332100000000045
2015-07-19,3.1378100000000044
2015-07-20,3.143315000000004
2015-07-21,3.148220000000004
2015-07-22,3.1544650000000036
2015-07-23,3.162455000000004
2015-07-26,3.1739700000000037
2015-07-27,3.186305000000004
2015-07-28,3.198630000000004
2015-07-29,3.207550000000004
2015-07-30,3.2213900000000044
2015-08-02,3.2359000000000044
2015-08-03,3.251585000000005
2015-08-04,3.265965000000005
2015-08-05,3.2785700000000046
2015-08-06,3.2940950000000044
2015-08-09,3.3128950000000037
2015-08-10,3.3281200000000033
2015-08-11,3.344845000000004
2015-08-12,3.361820000000004
2015-08-13,3.380255000000004
2015-08-16,3.3948900000000046
2015-08-17,3.4089950000000044
2015-08-18,3.423645000000005
2015-08-19,3.4370700000000043
2015-08-20,3.4457500000000048
2015-08-23,3.452850000000005
2015-08-24,3.4621700000000053
2015-08-25,3.4750200000000055
2015-08-26,3.4885300000000057
2015-08-27,3.497500000000006
2015-08-30,3.505465000000006
2015-08-31,3.513985000000006
2015-09-01,3.5252950000000056
2015-09-02,3.5388000000000055
2015-09-03,3.5489700000000055
2015-09-06,3.5643750000000054
2015-09-07,3.5843400000000054
2015-09-08,3.601585000000005
2015-09-09,3.6167650000000053
2015-09-10,3.633205000000005
2015-09-13,3.652720000000005
2015-09-14,3.669425000000005
2015-09-15,3.689165000000005
2015-09-16,3.7061800000000047
2015-09-17,3.7278600000000046
2015-09-20,3.7499100000000047
2015-09-21,3.7605315789473734
2015-09-22,3.7834894736842153
2015-09-23,3.8140684210526365
2015-09-24,3.8342157894736895
2015-09-27,3.854684210526321
2015-09-28,3.880184210526321
2015-09-29,3.899231578947374
2015-09-30,3.9093263157894795
2015-10-01,3.9232105263157955
2015-10-04,3.9278315789473743
2015-10-05,3.931773684210532
2015-10-06,3.9335157894736903
2015-10-07,3.938863157894743
2015-10-08,3.935378947368427
2015-10-11,3.929636842105269
2015-10-12,3.926994736842111
2015-10-13,3.9285263157894796
2015-10-14,3.927394736842112
2015-10-15,3.9221894736842167
2015-10-18,3.9212263157894793
2015-10-19,3.9195550000000052
2015-10-20,3.912285000000005
2015-10-21,3.900365000000005
2015-10-22,3.898830000000005
2015-10-26,3.894230000000005
2015-10-27,3.8842400000000055
2015-10-28,3.875690000000005
2015-10-29,3.873265000000005
2015-10-30,3.8655600000000048
2015-11-02,3.861755000000005
2015-11-03,3.8597700000000055
2015-11-04,3.855675000000005
2015-11-05,3.8514400000000046
2015-11-06,3.851350000000005
2015-11-09,3.851710000000005
2015-11-10,3.853640000000005
2015-11-11,3.846470000000005
2015-11-12,3.8442600000000047
2015-11-13,3.842980000000005
2015-11-16,3.838975000000005
2015-11-17,3.8358650000000045
2015-11-18,3.831165000000005
2015-11-19,3.8226850000000048
2015-11-20,3.815630000000005
2015-11-23,3.806830000000005
2015-11-24,3.7980800000000046
2015-11-25,3.788720000000005
2015-11-26,3.7808300000000052
2015-11-27,3.775515000000005
2015-11-30,3.7750150000000056
2015-12-01,3.7748350000000057
2015-12-02,3.7790100000000058
2015-12-03,3.7808450000000065
2015-12-04,3.779635000000006
2015-12-07,3.778870000000006
2015-12-08,3.7768900000000065
2015-12-09,3.7803450000000063
2015-12-10,3.779335000000006
2015-12-11,3.7813800000000057
2015-12-14,3.779985000000006
2015-12-15,3.7829250000000068
2015-12-16,3.7878050000000067
2015-12-17,3.7940950000000067
2015-12-18,3.7998500000000064
2015-12-21,3.813790000000006
2015-12-22,3.8279150000000057
2015-12-23,3.842365000000006
2015-12-24,3.8524450000000057
2015-12-25,3.8611750000000056
2015-12-28,3.8645150000000057
2015-12-29,3.8639400000000053
2015-12-30,3.864615000000005
2015-12-31,3.8708350000000045
2016-01-01,3.8805400000000048
2016-01-04,3.8904450000000046
2016-01-05,3.9043350000000046
2016-01-06,3.914955000000005
2016-01-07,3.928815000000005
2016-01-08,3.940500000000005
2016-01-11,3.949525000000005
2016-01-12,3.9578250000000046
2016-01-13,3.9637900000000044
2016-01-14,3.9698500000000045
2016-01-15,3.9763300000000044
2016-01-18,3.9776250000000046
2016-01-19,3.979670000000005
2016-01-20,3.983330000000005
2016-01-21,3.991350000000005
2016-01-22,4.003375000000005
2016-01-25,4.012440000000005
2016-01-26,4.024080000000005
2016-01-27,4.034220000000006
2016-01-28,4.041630000000006
2016-01-29,4.0474800000000055
2016-02-01,4.049880000000005
2016-02-02,4.046000000000005
2016-02-03,4.043920000000005
2016-02-04,4.037540000000005
2016-02-05,4.029775000000006
2016-02-08,4.025040000000006
2016-02-09,4.0171000000000054
2016-02-10,4.009915000000006
2016-02-11,4.005525000000006
2016-02-12,4.004605000000006
2016-02-15,4.002800000000006
2016-02-16,3.9999350000000056
2016-02-17,4.000140000000005
2016-02-18,3.9941150000000056
2016-02-19,3.9876700000000063
2016-02-22,3.9840150000000065
2016-02-23,3.9767600000000067
2016-02-24,3.9710900000000064
2016-02-25,3.963565000000007
2016-02-26,3.9578100000000065
2016-02-29,3.9561900000000056
2016-03-01,3.958850000000006
2016-03-02,3.955685000000006
2016-03-03,3.955535000000006
2016-03-04,3.9510300000000056
2016-03-07,3.944545000000006
2016-03-08,3.9390200000000055
2016-03-09,3.932580000000006
2016-03-10,3.920110000000006
2016-03-11,3.9014350000000064
2016-03-14,3.8816100000000064
2016-03-15,3.864610000000006
2016-03-16,3.849600000000006
2016-03-17,3.8373850000000056
2016-03-18,3.8171850000000047
2016-03-21,3.7974200000000047
2016-03-22,3.7809100000000044
2016-03-23,3.7621250000000037
2016-03-24,3.7484100000000034
2016-03-25,3.7346750000000037
2016-03-27,3.7206150000000036
2016-03-28,3.7038300000000035
2016-03-29,3.689475000000004
2016-03-30,3.6748150000000033
2016-03-31,3.6643350000000035
2016-04-03,3.6533250000000033
2016-04-04,3.645130000000003
2016-04-05,3.641180000000003
2016-04-06,3.6391550000000024
2016-04-07,3.6425850000000017
2016-04-10,3.6433100000000023
2016-04-11,3.6349850000000026
2016-04-12,3.620995000000003
2016-04-13,3.608840000000003
2016-04-14,3.601435000000003
2016-04-17,3.596930000000003
2016-04-18,3.596795000000003
2016-04-19,3.594170000000003
2016-04-20,3.5863850000000035
2016-04-21,3.5787450000000036
2016-04-24,3.5726850000000034
2016-04-25,3.566345000000003
2016-04-26,3.560610000000003
2016-04-27,3.556880000000004
2016-04-28,3.5515400000000037
2016-05-01,3.545750000000004
2016-05-02,3.5397150000000037
2016-05-03,3.5337750000000043
2016-05-04,3.5292250000000047
2016-05-05,3.5217500000000053
2016-05-08,3.5173900000000047
2016-05-09,3.518615000000005
2016-05-10,3.5180100000000047
2016-05-11,3.515685000000005
2016-05-12,3.5159150000000055
2016-05-15,3.5158750000000047
2016-05-16,3.510105000000005
2016-05-17,3.5081450000000047
2016-05-18,3.5098500000000046
2016-05-19,3.5116750000000048
2016-05-22,3.511425000000005
2016-05-23,3.512230000000005
2016-05-24,3.514585000000005
2016-05-25,3.5173550000000047
2016-05-26,3.522505000000005
2016-05-29,3.5313100000000057
2016-05-30,3.534855000000006
2016-05-31,3.5362700000000062
2016-06-01,3.5385500000000056
2016-06-02,3.5409000000000055
2016-06-05,3.542175000000006
2016-06-06,3.5407500000000054
2016-06-07,3.5389750000000055
2016-06-08,3.5345000000000057
2016-06-09,3.530440000000006
2016-06-12,3.5247200000000065
2016-06-13,3.523860000000006
2016-06-14,3.5233100000000066
2016-06-15,3.5188500000000067
2016-06-16,3.513865000000007
2016-06-19,3.506640000000007
2016-06-20,3.497900000000007
2016-06-21,3.4901400000000065
2016-06-22,3.480010000000007
2016-06-23,3.4677250000000073
2016-06-26,3.455665000000007
2016-06-27,3.446760000000007
2016-06-28,3.4327250000000062
2016-06-29,3.415055000000007
2016-06-30,3.3963450000000064
2016-07-03,3.3816500000000063
2016-07-04,3.3718500000000065
2016-07-05,3.365060000000006
2016-07-06,3.363535000000006
2016-07-07,3.3617950000000056
2016-07-10,3.355890000000006
2016-07-11,3.3473850000000054
2016-07-12,3.3383050000000054
2016-07-13,3.327920000000005
2016-07-14,3.317280000000005
2016-07-17,3.310470000000005
2016-07-18,3.3033550000000047
2016-07-19,3.295145000000005
2016-07-20,3.2890650000000052
2016-07-21,3.285645000000005
2016-07-24,3.2798350000000047
2016-07-25,3.2744750000000047
2016-07-26,3.2728500000000045
2016-07-27,3.2739000000000047
2016-07-28,3.2777000000000043
2016-07-31,3.2784800000000045
2016-08-01,3.2769750000000046
2016-08-02,3.2746600000000043
2016-08-03,3.2700400000000043
2016-08-04,3.2613300000000045
2016-08-07,3.2544800000000045
2016-08-08,3.247550000000005
2016-08-09,3.240020000000005
2016-08-10,3.233175000000005
2016-08-11,3.2277050000000047
2016-08-14,3.2234000000000043
2016-08-15,3.2201700000000044
2016-08-16,3.2178350000000044
2016-08-17,3.2154400000000045
2016-08-18,3.213905000000004
2016-08-21,3.211555000000004
2016-08-22,3.2073850000000044
2016-08-23,3.2056600000000044
2016-08-24,3.203895000000004
2016-08-25,3.201215000000005
2016-08-28,3.2021100000000047
2016-08-29,3.200570000000005
2016-08-30,3.199770000000005
2016-08-31,3.199340000000005
2016-09-01,3.202655000000006
2016-09-04,3.2074250000000055
2016-09-05,3.212355000000006
2016-09-06,3.2150250000000056
2016-09-07,3.218325000000006
2016-09-08,3.222120000000006
2016-09-11,3.2261800000000056
2016-09-12,3.2292850000000057
2016-09-13,3.2349300000000056
2016-09-14,3.2418650000000055
2016-09-15,3.244960000000006
2016-09-18,3.2480100000000065
2016-09-19,3.251635000000006
2016-09-20,3.252665000000006
2016-09-21,3.251980000000006
2016-09-22,3.251415000000006
2016-09-25,3.250370000000006
2016-09-26,3.2510200000000062
2016-09-27,3.250810000000006
2016-09-28,3.250400000000006
2016-09-29,3.2507050000000057
2016-10-02,3.2508900000000054
2016-10-03,3.247965000000005
2016-10-04,3.2508750000000055
2016-10-05,3.2522650000000057
2016-10-06,3.2528800000000055
2016-10-09,3.2502600000000057
2016-10-10,3.2480500000000054
2016-10-11,3.2421400000000054
2016-10-12,3.235000000000005
2016-10-13,3.228875000000005
2016-10-16,3.2257000000000047
2016-10-17,3.222350000000005
2016-10-18,3.2186300000000054
2016-10-19,3.2164550000000056
2016-10-20,3.2125600000000056
2016-10-23,3.207845000000005
2016-10-24,3.202040000000005
2016-10-25,3.195930000000005
2016-10-26,3.1919800000000054
2016-10-27,3.187280000000005
2016-10-31,3.184445000000005
2016-11-01,3.183920000000005
2016-11-02,3.182950000000005
2016-11-03,3.1846550000000047
2016-11-04,3.186215000000005
2016-11-07,3.186865000000005
2016-11-08,3.186775000000005
2016-11-09,3.1853850000000046
2016-11-10,3.1870000000000047
2016-11-11,3.1979150000000045
2016-11-14,3.207315000000005
2016-11-15,3.2191200000000046
2016-11-16,3.232120000000004
2016-11-17,3.246350000000004
2016-11-18,3.261015000000004
2016-11-21,3.272685000000004
2016-11-22,3.2858300000000042
2016-11-23,3.2984900000000046
2016-11-24,3.3131050000000046
2016-11-25,3.3243750000000043
2016-11-28,3.335270000000004
2016-11-29,3.3457200000000045
2016-11-30,3.3566550000000044
2016-12-01,3.3643400000000043
2016-12-02,3.3800700000000043
2016-12-05,3.3921900000000043
2016-12-06,3.4031450000000043
2016-12-07,3.4150550000000046
2016-12-08,3.4224850000000044
2016-12-09,3.4213900000000046
2016-12-12,3.4207400000000043
2016-12-13,3.4155900000000043
2016-12-14,3.4102150000000044
2016-12-15,3.4061300000000045
2016-12-16,3.4027950000000047
2016-12-19,3.4032000000000044
2016-12-20,3.4020250000000045
2016-12-21,3.4015000000000044
2016-12-22,3.396215000000004
2016-12-23,3.3909950000000046
2016-12-26,3.3834200000000036
2016-12-27,3.3765400000000034
2016-12-28,3.367320000000004
2016-12-29,3.3611300000000037
2016-12-30,3.345095000000004
2017-01-02,3.3340200000000046
2017-01-03,3.327220000000005
2017-01-04,3.3200800000000044
2017-01-05,3.3117050000000043
2017-01-06,3.302905000000004
2017-01-09,3.2951650000000043
2017-01-10,3.288075000000004
2017-01-11,3.2810900000000047
2017-01-12,3.2724550000000043
2017-01-13,3.2635100000000046
2017-01-16,3.2533300000000045
2017-01-17,3.2471600000000045
2017-01-18,3.239995000000005
2017-01-19,3.235205000000005
2017-01-20,3.2306350000000053
2017-01-23,3.2242750000000058
2017-01-24,3.2188800000000057
2017-01-25,3.2138450000000054
2017-01-26,3.2081450000000054
2017-01-27,3.2043350000000053
2017-01-30,3.1971550000000053
2017-01-31,3.189230000000005
2017-02-01,3.1835600000000053
2017-02-02,3.179255000000005
2017-02-03,3.175495000000005
2017-02-06,3.170360000000005
2017-02-07,3.166270000000005
2017-02-08,3.162380000000005
2017-02-09,3.158360000000005
2017-02-10,3.1554600000000055
2017-02-13,3.1514750000000054
2017-02-14,3.1449550000000053
2017-02-15,3.138525000000005
2017-02-16,3.129850000000005
2017-02-17,3.124480000000005
2017-02-20,3.122140000000005
2017-02-21,3.1183300000000047
2017-02-22,3.1145900000000046
2017-02-23,3.1092800000000045
2017-02-24,3.1034900000000047
2017-02-27,3.1027400000000043
2017-02-28,3.1017300000000043
2017-03-01,3.099625000000004
2017-03-02,3.097635000000004
2017-03-03,3.099240000000004
2017-03-06,3.099265000000004
2017-03-07,3.1004400000000043
2017-03-08,3.1004000000000045
2017-03-09,3.1025700000000045
2017-03-10,3.1056950000000043
2017-03-13,3.107715000000004
2017-03-14,3.1098300000000036
2017-03-15,3.113955000000004
2017-03-16,3.116145000000004
2017-03-17,3.1177350000000037
2017-03-20,3.1172900000000032
2017-03-21,3.116565000000003
2017-03-22,3.1162100000000033
2017-03-23,3.1173350000000033
2017-03-24,3.1212250000000035
2017-03-26,3.1219800000000033
2017-03-27,3.122975000000004
2017-03-28,3.124495000000004
2017-03-29,3.126190000000004
2017-03-30,3.125845000000004
2017-04-02,3.1259350000000037
2017-04-03,3.124725000000004
2017-04-04,3.123710000000004
2017-04-05,3.121725000000004
2017-04-06,3.119235000000004
2017-04-09,3.119095000000004
2017-04-10,3.118065000000004
2017-04-11,3.116720000000004
2017-04-12,3.117900000000004
2017-04-13,3.119055000000004
2017-04-16,3.121910000000004
2017-04-17,3.1248750000000043
2017-04-18,3.1258600000000043
2017-04-19,3.1290350000000045
2017-04-20,3.1294850000000043
2017-04-23,3.1313400000000042
2017-04-24,3.1314300000000044
2017-04-25,3.1318700000000046
2017-04-26,3.1343200000000047
2017-04-27,3.1359900000000045
2017-04-30,3.1387050000000047
2017-05-01,3.1418100000000044
2017-05-02,3.1445400000000046
2017-05-03,3.146665000000005
2017-05-04,3.148835000000005
2017-05-07,3.1504850000000046
2017-05-08,3.1537150000000045
2017-05-09,3.156215000000005
2017-05-10,3.1583250000000045
2017-05-11,3.1581550000000047
2017-05-14,3.1598550000000043
2017-05-15,3.1587500000000044
2017-05-16,3.1582150000000047
2017-05-17,3.1574700000000044
2017-05-18,3.168565000000005
2017-05-21,3.173890000000005
2017-05-22,3.180810000000005
2017-05-23,3.186880000000005
2017-05-24,3.1920350000000046
2017-05-25,3.1966550000000047
2017-05-28,3.1967350000000048
2017-05-29,3.200750000000005
2017-05-30,3.2060500000000056
2017-05-31,3.2092000000000054
2017-06-01,3.2124050000000053
2017-06-04,3.2159800000000054
2017-06-05,3.2209650000000054
2017-06-06,3.225425000000005
2017-06-07,3.2305050000000053
2017-06-08,3.2365350000000057
2017-06-11,3.2365350000000057
2017-06-12,3.246960000000006
2017-06-13,3.257890000000006
2017-06-14,3.2648500000000062
2017-06-15,3.2600800000000065
2017-06-18,3.2618450000000068
2017-06-19,3.2626300000000064
2017-06-20,3.2654750000000066
2017-06-21,3.2684350000000064
2017-06-22,3.2717450000000063
2017-06-25,3.2799350000000063
2017-06-26,3.2819050000000063
2017-06-27,3.2846950000000055
2017-06-28,3.2874150000000055
2017-06-29,3.290100000000006
2017-07-02,3.286525000000006
2017-07-03,3.286745000000006
2017-07-04,3.2884050000000067
2017-07-05,3.2893900000000067
2017-07-06,3.291275000000006
2017-07-09,3.291275000000006
2017-07-10,3.2899368421052695
2017-07-11,3.286710526315796
2017-07-12,3.2832473684210592
2017-07-13,3.2799000000000063
2017-07-16,3.274063157894743
2017-07-17,3.2688052631579008
2017-07-18,3.259710526315796
2017-07-19,3.2499368421052695
2017-07-20,3.2382894736842163
2017-07-23,3.2296684210526374
2017-07-24,3.221752631578953
2017-07-25,3.214342105263164
2017-07-26,3.206868421052638
2017-07-27,3.1989684210526383
2017-07-30,3.1989684210526383
2017-07-31,3.189773684210533
2017-08-01,3.1799631578947434
2017-08-02,3.1707631578947435
2017-08-03,3.1609842105263226
2017-08-06,3.15843684210527
2017-08-07,3.1567250000000064
2017-08-08,3.1503650000000065
2017-08-09,3.147640000000006
2017-08-10,3.145820000000006
2017-08-13,3.1458200000000054
2017-08-14,3.146120000000006
2017-08-15,3.146865000000006
2017-08-16,3.147050000000006
2017-08-17,3.1497950000000055
2017-08-20,3.1497950000000055
2017-08-21,3.1507250000000053
2017-08-22,3.1501900000000056
2017-08-23,3.1502800000000057
2017-08-24,3.1499750000000057
2017-08-27,3.149025000000006
2017-08-28,3.1510250000000064
2017-08-29,3.153095000000006
2017-08-30,3.155425000000006
2017-08-31,3.157150000000006
2017-09-03,3.1595700000000058
2017-09-04,3.1603300000000054
2017-09-05,3.159825000000005
2017-09-06,3.157105000000005
2017-09-07,3.153305000000005
2017-09-10,3.1533050000000045
2017-09-11,3.1489300000000044
2017-09-12,3.146645000000005
2017-09-13,3.1456550000000045
2017-09-14,3.142895000000005
2017-09-17,3.139495000000005
2017-09-18,3.1380900000000054
2017-09-19,3.1367050000000054
2017-09-20,3.136270000000006
2017-09-21,3.1356700000000055
2017-09-24,3.1339100000000046
2017-09-25,3.1334850000000047
2017-09-26,3.1334700000000053
2017-09-27,3.135125000000005
2017-09-28,3.1368700000000045
2017-10-01,3.1361550000000045
2017-10-02,3.1368300000000042
2017-10-03,3.138080000000005
2017-10-04,3.139845000000004
2017-10-05,3.142585000000004
2017-10-08,3.1414750000000042
2017-10-09,3.1458300000000046
2017-10-10,3.148625000000005
2017-10-11,3.150530000000005
2017-10-12,3.1530750000000056
2017-10-15,3.154900000000005
2017-10-16,3.1566700000000045
2017-10-17,3.1578350000000044
2017-10-18,3.1598100000000047
2017-10-19,3.1613300000000044
2017-10-22,3.1647000000000043
2017-10-23,3.1685550000000045
2017-10-24,3.1724900000000047
2017-10-25,3.174455000000005
2017-10-26,3.179735000000005
2017-10-30,3.1833050000000047
2017-10-31,3.1900250000000043
2017-11-01,3.1964650000000043
2017-11-02,3.203115000000004
2017-11-03,3.208725000000004
2017-11-06,3.2155800000000037
2017-11-07,3.2186350000000035
2017-11-08,3.223250000000003
2017-11-09,3.227330000000003
2017-11-10,3.231315000000003
2017-11-13,3.237825000000003
2017-11-14,3.2431050000000026
2017-11-15,3.2508950000000025
2017-11-16,3.2551473684210555
2017-11-17,3.260161111111114
2017-11-20,3.2636944444444476
2017-11-21,3.264783333333336
2017-11-22,3.2656000000000027
2017-11-23,3.2651388888888917
2017-11-24,3.2614611111111143
2017-11-27,3.261355555555559
2017-11-28,3.257972222222225
2017-11-29,3.2546444444444473
2017-11-30,3.2534555555555587
2017-12-01,3.253822222222225
2017-12-04,3.2518666666666696
2017-12-05,3.251572222222225
2017-12-06,3.2499166666666692
2017-12-07,3.248972222222225
2017-12-08,3.2511111111111135
2017-12-11,3.2517444444444465
2017-12-12,3.253266666666669
2017-12-13,3.25277777777778
2017-12-14,3.2557157894736863
2017-12-15,3.259950000000002
2017-12-18,3.2618250000000018
2017-12-19,3.263650000000001
2017-12-20,3.265210000000001
2017-12-21,3.268890000000001
2017-12-22,3.2732150000000013
2017-12-25,3.278470000000001
2017-12-26,3.283925000000001
2017-12-27,3.288925000000001
2017-12-28,3.292350000000001
2017-12-29,3.294345000000001
2018-01-01,3.2968550000000008
2018-01-02,3.3002750000000014
2018-01-03,3.301150000000001
2018-01-04,3.301210000000001
2018-01-05,3.298505000000001
2018-01-08,3.295445000000001
2018-01-09,3.292230000000001
2018-01-10,3.2894150000000004
2018-01-11,3.285305
2018-01-12,3.2789950000000005
2018-01-15,3.27443
2018-01-16,3.2705650000000004
2018-01-17,3.2672750000000006
2018-01-18,3.263560000000001
2018-01-19,3.2584750000000016
2018-01-22,3.2513100000000015
2018-01-23,3.2445700000000017
2018-01-24,3.2408600000000014
2018-01-25,3.2324500000000014
2018-01-26,3.2242400000000018
