Date,close_20_mstd
2010-01-04,
2010-01-05,-0.9668428823738284
2010-01-06,-1.101595581135591
2010-01-07,-1.1114826991265774
2010-01-08,-1.1576053141018399
2010-01-11,-1.188930142517513
2010-01-12,-1.1983950796684413
2010-01-13,-1.1550151105051831
2010-01-14,-0.9792664535651511
2010-01-15,-0.899523485340889
2010-01-18,-0.8635928162497691
2010-01-19,-0.7888990371044098
2010-01-20,-0.6595737469690659
2010-01-21,-0.5198464231537203
2010-01-22,-0.33673248886557716
2010-01-25,-0.3440110587364391
2010-01-26,-0.17003864437577587
2010-01-27,0.019694821078315227
2010-01-28,0.2301987615722699
2010-01-29,0.39739522633423985
2010-02-01,0.4528694732137761
2010-02-02,0.43922538203414385
2010-02-03,0.4303599631069997
2010-02-04,0.4911633896349182
2010-02-05,0.4970426842496358
2010-02-08,0.4263196892882201
2010-02-09,0.29190292665526163
2010-02-10,0.16205746157388273
2010-02-11,0.06645301855022982
2010-02-12,-0.0483048525879866
2010-02-15,-0.21176825892002607
2010-02-16,-0.36920566164483737
2010-02-17,-0.48229224887552363
2010-02-18,-0.5381627832953447
2010-02-19,-0.49243195057392924
2010-02-22,-0.6009591651905104
2010-02-23,-0.5743930090793986
2010-02-24,-0.5406973565272555
2010-02-25,-0.5597349123653392
2010-02-26,-0.5416072934232186
2010-03-01,-0.49292074992423784
2010-03-02,-0.13407456227244344
2010-03-03,-0.09003963835301645
2010-03-04,-0.12737169063928455
2010-03-05,-0.1764035634254979
2010-03-08,-0.23245432035318442
2010-03-09,-0.22461220326385703
2010-03-10,-0.21898714191936555
2010-03-11,-0.23991213933113648
2010-03-12,-0.29087998945189614
2010-03-15,-0.34841641924497735
2010-03-16,-0.41155863137008025
2010-03-17,-0.4562916377717157
2010-03-18,-0.48953743618950546
2010-03-19,-0.49945219186245554
2010-03-22,-0.5135402995664327
2010-03-23,-0.5696289959536183
2010-03-24,-0.6254888535670938
2010-03-25,-0.7675032039434543
2010-03-26,-0.7033202569410355
2010-03-28,-0.6787265416914063
2010-03-29,-0.8047145674116627
2010-03-30,-0.8055102250063471
2010-03-31,-0.7900891297272553
2010-04-01,-0.7747796353327261
2010-04-04,-0.7525732172442644
2010-04-05,-0.7149867590447089
2010-04-06,-0.7211408349237433
2010-04-07,-0.7246688344741061
2010-04-08,-0.7393494055090855
2010-04-11,-0.7276009442865736
2010-04-12,-0.5361209651014551
2010-04-13,-0.5060044199442315
2010-04-14,-0.4802247073847938
2010-04-15,-0.484581894931358
2010-04-18,-0.5077765157480358
2010-04-19,-0.4985110872666896
2010-04-20,-0.5055226283727796
2010-04-21,-0.5486969828691886
2010-04-22,-0.7105939554049782
2010-04-25,-0.8197620989125517
2010-04-26,-0.8966369838113661
2010-04-27,-0.9343254362615045
2010-04-28,-0.8948318245101671
2010-04-29,-0.8579357421144072
2010-05-02,-0.8315489535147221
2010-05-03,-0.8311814179708915
2010-05-04,-0.8220179066146628
2010-05-05,-0.5191861455564072
2010-05-06,-0.21985085099929166
2010-05-09,-0.21268139404994885
2010-05-10,-0.28033986361461394
2010-05-11,-0.28754777131133374
2010-05-12,-0.2940730647609285
2010-05-13,-0.2550131505104498
2010-05-16,-0.2192531477505285
2010-05-17,-0.1690747948585853
2010-05-18,-0.1026921362244202
2010-05-19,0.17566760256531702
2010-05-20,0.2521080407539887
2010-05-23,0.31955250448238726
2010-05-24,0.4118705696294276
2010-05-25,0.4528043165121388
2010-05-26,0.33725702999398804
2010-05-27,0.18762923901876247
2010-05-30,0.01410915123576507
2010-05-31,-0.11177454233966273
2010-06-01,-0.16166994691538533
2010-06-02,-0.16513713871745037
2010-06-03,-0.17927379616472955
2010-06-06,-0.1790472891194347
2010-06-07,-0.23837380525151752
2010-06-08,-0.3536173698108299
2010-06-09,-0.4954648175925134
2010-06-10,-0.5177158854444278
2010-06-13,-0.5131397461400682
2010-06-14,-0.42418250741614805
2010-06-15,-0.34282154973216833
2010-06-16,-0.37289970410441037
2010-06-17,-0.2857672902914727
2010-06-20,-0.22657837802078118
2010-06-21,-0.230120717280879
2010-06-22,-0.307154197622907
2010-06-23,-0.27378403778031474
2010-06-24,-0.2478045986410686
2010-06-27,-0.2293403887875292
2010-06-28,-0.2549564690171682
2010-06-29,-0.27317232978861566
2010-06-30,-0.2822064556096319
2010-07-01,-0.30961765908107713
2010-07-04,-0.5157404854018562
2010-07-05,-0.7049451541491202
2010-07-06,-0.8493234962825176
2010-07-07,-0.8852886228943778
2010-07-08,-0.9033710049683481
2010-07-11,-0.913068761302156
2010-07-12,-0.8844983527509462
2010-07-13,-0.8850082507475373
2010-07-14,-0.8900347425142391
2010-07-15,-0.8868403985765326
2010-07-18,-0.8901467841841122
2010-07-19,-0.896209468913329
2010-07-20,-0.9394539828106655
2010-07-21,-0.9241703091184275
2010-07-22,-0.913488222764394
2010-07-25,-0.9150543997406149
2010-07-26,-1.0093021110235967
2010-07-27,-1.0453428210645057
2010-07-28,-1.146738307442509
2010-07-29,-1.1453935307150152
2010-08-01,-1.0924600314928214
2010-08-02,-1.0806241331564337
2010-08-03,-1.0699759706031424
2010-08-04,-1.061102158498315
2010-08-05,-1.0566308692466482
2010-08-08,-0.8349891319231606
2010-08-09,-0.8309306848934911
2010-08-10,-0.8333813240782646
2010-08-11,-0.8352044996025382
2010-08-12,-0.8673109108785226
2010-08-15,-0.8428972131136012
2010-08-16,-0.8654484480659133
2010-08-17,-0.8832198877681152
2010-08-18,-0.8853995627475658
2010-08-19,-0.8852940756553415
2010-08-22,-0.8027626374889607
2010-08-23,-0.8019905742264472
2010-08-24,-0.8038970313714715
2010-08-25,-0.8037215161061493
2010-08-26,-0.8056439311205126
2010-08-29,-0.6733064060755125
2010-08-30,-0.6724703558156001
2010-08-31,-0.6739303549955787
2010-09-01,-0.6725338163534396
2010-09-02,-0.6721862863972194
2010-09-05,-0.5072473590240169
2010-09-06,-0.4942300408132472
2010-09-07,-0.4999023977336081
2010-09-08,-0.5126773679190596
2010-09-09,-0.5358585929959324
2010-09-12,-0.36477239298347697
2010-09-13,-0.37124840562687
2010-09-14,-0.34875372703492286
2010-09-15,-0.35919061097121063
2010-09-16,-0.39390554986816895
2010-09-19,-0.2742581727975639
2010-09-20,-0.3218169007051636
2010-09-21,-0.3753148152984766
2010-09-22,-0.3817930948167886
2010-09-23,-0.444053816343821
2010-09-26,-0.36239421841219216
2010-09-27,-0.4316052170923304
2010-09-28,-0.49675208652625175
2010-09-29,-0.540203883975573
2010-09-30,-0.5870948384818101
2010-10-03,-0.42285100761507405
2010-10-04,-0.44282583585712687
2010-10-05,-0.4432710284302865
2010-10-06,-0.4557903900852864
2010-10-07,-0.47546392937585674
2010-10-10,-0.3322171675612315
2010-10-11,-0.3266500179112447
2010-10-12,-0.32136070646157594
2010-10-13,-0.3268515917419882
2010-10-14,-0.3526461005400894
2010-10-17,-0.18346478842319724
2010-10-18,-0.2606037397363632
2010-10-19,-0.3363762151746755
2010-10-20,-0.3363318188375042
2010-10-21,-0.39153636544198495
2010-10-24,-0.3650284422785949
2010-10-25,-0.38696079344271794
2010-10-26,-0.4040369194824573
2010-10-27,-0.35900657758562066
2010-10-28,-0.3191926891407258
2010-11-01,-0.34813131614453136
2010-11-02,-0.3349782712062894
2010-11-03,-0.3111728440658067
2010-11-04,-0.30730301282506745
2010-11-05,-0.3075356312860585
2010-11-08,-0.3975629853278296
2010-11-09,-0.39741629833923936
2010-11-10,-0.3919068633831045
2010-11-11,-0.3958986989685265
2010-11-12,-0.36987537819032057
2010-11-15,-0.6296628554968791
2010-11-16,-0.6077159885260529
2010-11-17,-0.5288070269604167
2010-11-18,-0.5086579023044263
2010-11-19,-0.5017914586896953
2010-11-22,-0.6026840099373788
2010-11-23,-0.5831262511928632
2010-11-24,-0.5380490132088073
2010-11-25,-0.5333890922925729
2010-11-26,-0.5313258320697036
2010-11-29,-0.6553800315888655
2010-11-30,-0.6506327733809483
2010-12-01,-0.6502383117962189
2010-12-02,-0.667990254901702
2010-12-03,-0.7262449365225393
2010-12-06,-0.5203952097633195
2010-12-07,-0.49767627955497556
2010-12-08,-0.46712906873922994
2010-12-09,-0.4605079048731511
2010-12-10,-0.47142241216215225
2010-12-13,-0.5205307904415359
2010-12-14,-0.5230046356615594
2010-12-15,-0.5627640257284823
2010-12-16,-0.5884804309215474
2010-12-17,-0.5924604812086501
2010-12-20,-0.5736065690918584
2010-12-21,-0.5907024101417634
2010-12-22,-0.6459780898968012
2010-12-23,-0.6750565371354883
2010-12-24,-0.6925428240995781
2010-12-27,-0.7557471001673003
2010-12-28,-0.7844417962021983
2010-12-29,-0.8151627726438462
2010-12-30,-0.8204945567628793
2010-12-31,-0.7877409280321058
2011-01-03,-0.6538869195800975
2011-01-04,-0.5830478718962948
2011-01-05,-0.5725657065464472
2011-01-06,-0.5717574824303795
2011-01-07,-0.5899785933427634
2011-01-10,-0.5253081172786841
2011-01-11,-0.5292780797012901
2011-01-12,-0.4851400809890601
2011-01-13,-0.4116183326860186
2011-01-14,-0.45118399471341797
2011-01-17,-0.4325623758461923
2011-01-18,-0.4799668914526119
2011-01-19,-0.5207715569393203
2011-01-20,-0.5646803658536562
2011-01-21,-0.5605647683219227
2011-01-24,-0.5219054024981513
2011-01-25,-0.5445664683493854
2011-01-26,-0.5851525816136203
2011-01-27,-0.5430284143089126
2011-01-28,-0.5324256149792707
2011-01-31,-0.5826240279711931
2011-02-01,-0.5825555380176284
2011-02-02,-0.5844391083491471
2011-02-03,-0.5977711629978709
2011-02-04,-0.6319174340411151
2011-02-07,-0.6051570112930941
2011-02-08,-0.6331227789475351
2011-02-09,-0.632089420437649
2011-02-10,-0.6707878935532684
2011-02-11,-0.6764713929031346
2011-02-14,-0.6074484757586248
2011-02-15,-0.6388652243382783
2011-02-16,-0.6437866204846522
2011-02-17,-0.6454471389036796
2011-02-18,-0.6564039676131621
2011-02-21,-0.639541679004636
2011-02-22,-0.6440759958111564
2011-02-23,-0.6394844981919653
2011-02-24,-0.6909646482043993
2011-02-25,-0.7026187848122067
2011-02-28,-0.7266449880139182
2011-03-01,-0.7322696692720793
2011-03-02,-0.7366476998422189
2011-03-03,-0.7391920212626811
2011-03-04,-0.7473367689187694
2011-03-07,-0.7879256400757604
2011-03-08,-0.8344105932685636
2011-03-09,-0.8383493847780027
2011-03-10,-0.8406825230783369
2011-03-11,-0.8445914545156233
2011-03-14,-0.9623204389984855
2011-03-15,-0.9644250738093844
2011-03-16,-0.9719209772892103
2011-03-17,-0.9550436702314375
2011-03-18,-0.921128117120225
2011-03-21,-1.0956820207419056
2011-03-22,-1.0998327411474689
2011-03-23,-1.1118208594547787
2011-03-24,-1.12653857412726
2011-03-25,-1.1275219498535027
2011-03-27,-1.1181683269920875
2011-03-28,-1.1179736391655493
2011-03-29,-1.1172712435087382
2011-03-30,-1.030173245074504
2011-03-31,-0.9606583039738169
2011-04-03,-0.8445508950403535
2011-04-04,-0.7099693420464921
2011-04-05,-0.6140055901845449
2011-04-06,-0.5621487417974543
2011-04-07,-0.4507871074864213
2011-04-10,-0.270871550318958
2011-04-11,-0.1746321544152663
2011-04-12,-0.14313957020036333
2011-04-13,-0.16086132580954504
2011-04-14,-0.21322368117035462
2011-04-17,-0.16984574422994037
2011-04-18,-0.20655660576442914
2011-04-19,-0.2295269097854839
2011-04-20,-0.2566773667992966
2011-04-21,-0.30542765993984095
2011-04-24,-0.33678362771135284
2011-04-25,-0.47906703059671574
2011-04-26,-0.6352566470529977
2011-04-27,-0.7000910981725827
2011-04-28,-0.8051291011777005
2011-05-01,-0.838248411622447
2011-05-02,-0.8796569797538638
2011-05-03,-0.9325324842998969
2011-05-04,-0.9829283900849172
2011-05-05,-0.8378164355661685
2011-05-08,-0.8213116677029815
2011-05-09,-0.7551912357529403
2011-05-10,-0.7271234915215842
2011-05-11,-0.6636657671432117
2011-05-12,-0.6403885428045355
2011-05-15,-0.5596269127921298
2011-05-16,-0.49537813614411597
2011-05-17,-0.48058897125317224
2011-05-18,-0.4992865736393249
2011-05-19,-0.5201810447863611
2011-05-22,-0.5802755813084681
2011-05-23,-0.5635374271088792
2011-05-24,-0.6197418720240467
2011-05-25,-0.6948853593241423
2011-05-26,-0.7228352399729218
2011-05-29,-0.847331070129326
2011-05-30,-0.9139693629025487
2011-05-31,-0.8752971621504667
2011-06-01,-0.8484596022153646
2011-06-02,-0.7821126855649149
2011-06-05,-0.6935924094653688
2011-06-06,-0.6539058364472841
2011-06-07,-0.6099419966642772
2011-06-08,-0.5920833380410956
2011-06-09,-0.5856817221894198
2011-06-12,-0.6338918291413163
2011-06-13,-0.6728552697727921
2011-06-14,-0.6739478909318194
2011-06-15,-0.6842779572206027
2011-06-16,-0.6989071135957198
2011-06-19,-0.7100315321304269
2011-06-20,-0.8155818925101258
2011-06-21,-0.9019741238458071
2011-06-22,-1.0056069611655876
2011-06-23,-1.121360062249264
2011-06-26,-1.1264170379963112
2011-06-27,-1.1231628336382193
2011-06-28,-1.121734414543133
2011-06-29,-1.0934729036898756
2011-06-30,-1.0415234599173278
2011-07-03,-0.9537357242796336
2011-07-04,-0.8808038760797586
2011-07-05,-0.8595249171178989
2011-07-06,-0.8493321847144361
2011-07-07,-0.8093475437302929
2011-07-10,-0.8065543774765667
2011-07-11,-0.8136499784892324
2011-07-12,-0.8132663742199605
2011-07-13,-0.8333443370849759
2011-07-14,-0.8956154175564047
2011-07-17,-0.9105844008071075
2011-07-18,-0.9426951917985511
2011-07-19,-0.957529613279414
2011-07-20,-0.9716069559583088
2011-07-21,-0.9854859448744226
2011-07-24,-1.014029091742181
2011-07-25,-1.0555013830814255
2011-07-26,-0.9999267895180418
2011-07-27,-1.0054934636062338
2011-07-28,-1.0053134112310131
2011-07-31,-0.9999142110483795
2011-08-01,-1.0072610344563278
2011-08-02,-1.0073941819200447
2011-08-03,-1.0124593544446456
2011-08-04,-0.9977159577573331
2011-08-07,-0.927632750709735
2011-08-08,-0.8707442001761062
2011-08-09,-0.6580790544269025
2011-08-10,-0.5308489637086925
2011-08-11,-0.4245135949979751
2011-08-14,-0.3730488739724756
2011-08-15,-0.3663432101399889
2011-08-16,-0.3681008687371205
2011-08-17,-0.3763281834480235
2011-08-18,-0.37193122825008385
2011-08-21,-0.3909246350523936
2011-08-22,-0.43506367423075115
2011-08-23,-0.5424118519284935
2011-08-24,-0.5575014084668914
2011-08-25,-0.5799277741150427
2011-08-28,-0.6844154219062917
2011-08-29,-0.7624454088492912
2011-08-30,-0.8244819947600065
2011-08-31,-0.8903471740975419
2011-09-01,-0.9278639620146988
2011-09-04,-0.875468708033979
2011-09-05,-0.7510505541890562
2011-09-06,-0.6268261050899597
2011-09-07,-0.5407692832717024
2011-09-08,-0.473963461073171
2011-09-11,-0.3235431808336645
2011-09-12,-0.10301561030437434
2011-09-13,0.07778487165419187
2011-09-14,0.23875995412249926
2011-09-15,0.3458339042923908
2011-09-18,0.4092812235615618
2011-09-19,0.7323002566271372
2011-09-20,0.9788308521708401
2011-09-21,1.3384389194169966
2011-09-22,1.7759821216635903
2011-09-25,1.9857760776693378
2011-09-26,2.0685845374586327
2011-09-27,1.9580707655416913
2011-09-28,1.8029274931216992
2011-09-29,1.6541103019148085
2011-10-02,1.5841806183392648
2011-10-03,1.6205240214741468
2011-10-04,1.5318450216554524
2011-10-05,1.3433857364694957
2011-10-06,1.063237059863525
2011-10-09,0.842025080934165
2011-10-10,0.7290083865934122
2011-10-11,0.6529893437567471
2011-10-12,0.5491380943685775
2011-10-13,0.4407692715895643
2011-10-16,0.36744771087428263
2011-10-17,0.3910448609445818
2011-10-18,0.43586751584688854
2011-10-19,0.4532747668706998
2011-10-20,0.3303272081110152
2011-10-23,0.26473628966507495
2011-10-24,0.23238348307418877
2011-10-25,0.24195696773895536
2011-10-26,0.2324553924230604
2011-10-27,0.2946556215091144
2011-10-31,0.3361932936952283
2011-11-01,0.10045320339565224
2011-11-02,-0.1304681437714519
2011-11-03,-0.3363503069611791
2011-11-04,-0.45914173795257596
2011-11-07,-0.47059443536556356
2011-11-08,-0.46965316328202217
2011-11-09,-0.4699496361355808
2011-11-10,-0.49950393309681634
2011-11-11,-0.48929800631439174
2011-11-14,-0.4963145275240899
2011-11-15,-0.5076119264163003
2011-11-16,-0.4898565199451528
2011-11-17,-0.4751871722118669
2011-11-18,-0.5315712399452364
2011-11-21,-0.5078891988748966
2011-11-22,-0.3797551442948163
2011-11-23,-0.2510411459856986
2011-11-24,0.07122518831263759
2011-11-25,0.3275726870054386
2011-11-28,0.4514592594274377
2011-11-29,0.4259078678022023
2011-11-30,0.4578271746361579
2011-12-01,0.4034907161824668
2011-12-02,0.32679254861241047
2011-12-05,0.28065376003458986
2011-12-06,0.2377609194628594
2011-12-07,0.1568920527208887
2011-12-08,0.10884810500130189
2011-12-09,0.06594941967289152
2011-12-12,-0.049005389883816516
2011-12-13,-0.11837693045798509
2011-12-14,-0.11280810383410315
2011-12-15,-0.07630054209450104
2011-12-16,-0.13406624660423574
2011-12-19,-0.18424850609832674
2011-12-20,-0.16385363233137076
2011-12-21,-0.17389520931774577
2011-12-22,-0.1798284166166995
2011-12-23,-0.2270826231823617
2011-12-26,-0.28213729052910097
2011-12-27,-0.2774040324341695
2011-12-28,-0.25361917932188344
2011-12-29,-0.2138682904299092
2011-12-30,-0.23282237547443083
2012-01-02,-0.2816873114645073
2012-01-03,-0.4021621265278622
2012-01-04,-0.5195425829605576
2012-01-05,-0.5879942281080441
2012-01-06,-0.635884732937232
2012-01-09,-0.7910457137403147
2012-01-10,-0.908771076836833
2012-01-11,-0.7300121476389235
2012-01-12,-0.6552152884202993
2012-01-13,-0.47576334988626884
2012-01-16,-0.37789109181833824
2012-01-17,-0.2810579117081306
2012-01-18,-0.18363695572022987
2012-01-19,-0.08277652949384356
2012-01-20,0.03997025088001742
2012-01-23,0.10505888433369301
2012-01-24,0.16832763175591456
2012-01-25,0.18115308118731804
2012-01-26,0.1133853671269905
2012-01-27,0.07790563294722995
2012-01-30,0.07523871797826126
2012-01-31,-0.020066141653039944
2012-02-01,-0.027193993883284362
2012-02-02,0.013443778043939977
2012-02-03,-0.0002638239187969154
2012-02-06,-0.06828595158338033
2012-02-07,-0.18167466519142755
2012-02-08,-0.18541227928033588
2012-02-09,-0.2059455878009383
2012-02-10,-0.1854304247965531
2012-02-13,-0.2074735382677374
2012-02-14,-0.21070408008645564
2012-02-15,-0.22884396773306645
2012-02-16,-0.24790345959226287
2012-02-17,-0.23983950778470484
2012-02-20,-0.23442285697846457
2012-02-21,-0.23524342352405558
2012-02-22,-0.24701940908837863
2012-02-23,-0.2568038417044309
2012-02-24,-1.0280486904620447
2012-02-27,-1.0375713788688623
2012-02-28,-1.0960664234642103
2012-02-29,-1.1461890924832283
2012-03-01,-1.1825752509129772
2012-03-02,-1.1841230801942935
2012-03-05,-1.1557911097472915
2012-03-06,-1.104657395459055
2012-03-07,-0.9468654148580192
2012-03-08,-0.7995854450584641
2012-03-09,-0.7118311876403959
2012-03-12,-0.5174759232861352
2012-03-13,-0.3337735310738832
2012-03-14,-0.2252108484995582
2012-03-15,-0.0895553675147073
2012-03-16,-0.006935652709914994
2012-03-19,0.037204679985238964
2012-03-20,0.14255248917013544
2012-03-21,0.1926360215374332
2012-03-22,0.20870352210181672
2012-03-23,0.21269868035785516
2012-03-25,0.15475202384539088
2012-03-26,0.07946402152422832
2012-03-27,-0.06230654160694068
2012-03-28,-0.1664488832112404
2012-03-29,-0.3401080629274555
2012-04-01,-0.481926449521547
2012-04-02,-0.6185518759286784
2012-04-03,-0.6998686647714825
2012-04-04,-0.7860657701735264
2012-04-05,-0.9530645998796982
2012-04-08,-1.0032291819420895
2012-04-09,-1.029387422776985
2012-04-10,-1.0759033165966536
2012-04-11,-1.0795276210048057
2012-04-12,-1.128147128428027
2012-04-15,-1.1821027130317792
2012-04-16,-1.1249374162868198
2012-04-17,-1.0317650204268525
2012-04-18,-0.8555186263145409
2012-04-19,-0.7315233975247454
2012-04-22,-0.693281195130457
2012-04-23,-0.6281468579671522
2012-04-24,-0.5783254907366581
2012-04-25,-0.5426539753192791
2012-04-26,-0.5128148097176108
2012-04-29,-0.4828558990902599
2012-04-30,-0.3922970968481299
2012-05-01,-0.33199206080402954
2012-05-02,-0.24529614950914075
2012-05-03,-0.24143411184180602
2012-05-06,-0.21517654837898276
2012-05-07,-0.2576857729788182
2012-05-08,-0.22730243350533832
2012-05-09,-0.10258266112897925
2012-05-10,-0.13279553537736374
2012-05-13,-0.11985509042494594
2012-05-14,-0.01518200947656125
2012-05-15,0.09879885658045236
2012-05-16,0.20667539946313382
2012-05-17,0.3064487618084618
2012-05-20,0.39360507133301437
2012-05-21,0.48776997213253825
2012-05-22,0.7476208442966374
2012-05-23,0.7161116365351434
2012-05-24,0.6607606428460208
2012-05-27,0.5222119613110046
2012-05-28,0.4214472067789536
2012-05-29,0.30616324482046087
2012-05-30,0.23684519072339155
2012-05-31,0.1110907401185298
2012-06-03,0.0360042743950307
2012-06-04,-0.08302347807607537
2012-06-05,-0.2224551163858117
2012-06-06,-0.2652046156923019
2012-06-07,-0.3936685658803316
2012-06-10,-0.5011477669774046
2012-06-11,-0.4623735494705819
2012-06-12,-0.4184049050505606
2012-06-13,-0.3819502196082366
2012-06-14,-0.3766002385874887
2012-06-17,-0.37297960371341715
2012-06-18,-0.3499135847207046
2012-06-19,-0.4545798438399822
2012-06-20,-0.4519595413780941
2012-06-21,-0.4203471106660276
2012-06-24,-0.4862670260829322
2012-06-25,-0.6119996986263877
2012-06-26,-0.695987395582035
2012-06-27,-0.7124888635997618
2012-06-28,-0.7076673916245826
2012-07-01,-0.627638251238305
2012-07-02,-0.4562409646216951
2012-07-03,-0.4248759386539671
2012-07-04,-0.41818478595009473
2012-07-05,-0.4010178892548581
2012-07-08,-0.40947650979641653
2012-07-09,-0.4167613723191173
2012-07-10,-0.4343431834250068
2012-07-11,-0.4673366845291679
2012-07-12,-0.47996874513897997
2012-07-15,-0.48332684706805845
2012-07-16,-0.5025071766423429
2012-07-17,-0.49485983082735907
2012-07-18,-0.489577715987229
2012-07-19,-0.49460078291765575
2012-07-22,-0.5349465183914124
2012-07-23,-0.5697224098368339
2012-07-24,-0.650225564741998
2012-07-25,-0.7595631014682351
2012-07-26,-0.9212461965205412
2012-07-29,-0.9392532297260043
2012-07-30,-1.0745327854222753
2012-07-31,-1.0416992886523624
2012-08-01,-1.0313716923841998
2012-08-02,-1.0220218692627268
2012-08-05,-1.0214587204397225
2012-08-06,-1.0201615882735788
2012-08-07,-1.0178115758609285
2012-08-08,-1.0088732919728012
2012-08-09,-0.9953863117042286
2012-08-12,-0.9789248628125171
2012-08-13,-0.9742633807472099
2012-08-14,-0.9788743184868683
2012-08-15,-0.9854657340887635
2012-08-16,-0.9958955908431605
2012-08-19,-0.9814451687269637
2012-08-20,-0.970973468278082
2012-08-21,-0.9784955286416461
2012-08-22,-0.9741078619921848
2012-08-23,-0.9757396137159248
2012-08-26,-0.9769205605466543
2012-08-27,-0.9930748919280981
2012-08-28,-1.0628284665879488
2012-08-29,-1.0436038323521402
2012-08-30,-1.0561940801307392
2012-09-02,-1.0557690871369565
2012-09-03,-1.0556854832643514
2012-09-04,-1.0420946711503478
2012-09-05,-1.0321616036054486
2012-09-06,-1.0389318404794565
2012-09-09,-1.0531308847941998
2012-09-10,-1.052595296587751
2012-09-11,-1.0336562482291214
2012-09-12,-1.0337313955229754
2012-09-13,-1.0390019688180454
2012-09-16,-1.025758994499306
2012-09-17,-1.0367169242444279
2012-09-18,-1.0559665314880653
2012-09-19,-1.066527103126319
2012-09-20,-1.0603508900980525
2012-09-23,-1.0553883230889045
2012-09-24,-1.0563906637865699
2012-09-25,-1.0779650781737444
2012-09-26,-1.122313683586992
2012-09-27,-1.1770865779551882
2012-09-30,-1.1787299033250223
2012-10-01,-1.1819996910660833
2012-10-02,-1.2082735728551703
2012-10-03,-1.2366861728425629
2012-10-04,-1.2324298721133777
2012-10-07,-1.1529913065739317
2012-10-08,-1.144733311184122
2012-10-09,-1.1444281827131253
2012-10-10,-1.1093898829399793
2012-10-11,-1.083869030052404
2012-10-14,-1.0754143333896449
2012-10-15,-1.0674115712813932
2012-10-16,-1.0650074167081582
2012-10-17,-1.0660196508821012
2012-10-18,-1.073436182249414
2012-10-21,-1.080363939574269
2012-10-22,-1.079949296593178
2012-10-23,-1.0797321987202844
2012-10-24,-1.0830811125092363
2012-10-25,-1.0824091280810273
2012-10-29,-1.0838544006193875
2012-10-30,-1.0836522075575596
2012-10-31,-1.083711271478342
2012-11-01,-1.0917746025488384
2012-11-02,-1.107014705629493
2012-11-05,-1.2474421459894154
2012-11-06,-1.2446073657322183
2012-11-07,-1.2444574142261464
2012-11-08,-1.2596890695862366
2012-11-09,-1.2661137515499261
2012-11-12,-1.2523192761208517
2012-11-13,-1.1957825095268082
2012-11-14,-1.1092785575051782
2012-11-15,-1.014284183260506
2012-11-16,-0.9444387084992065
2012-11-19,-0.821429577902491
2012-11-20,-0.7540645137956599
2012-11-21,-0.6921055169839304
2012-11-22,-0.5926627130612403
2012-11-23,-0.4941274519210471
2012-11-26,-0.49316190876320654
2012-11-27,-0.48895516690133
2012-11-28,-0.4962611946495339
2012-11-29,-0.5000307790989479
2012-11-30,-0.5072004241749126
2012-12-03,-0.39958356615325336
2012-12-04,-0.3764313854863566
2012-12-05,-0.399569846364494
2012-12-06,-0.4859626397764161
2012-12-07,-0.5725075742708037
2012-12-10,-0.6412313919606762
2012-12-11,-0.7040424830747846
2012-12-12,-0.7451285050229499
2012-12-13,-0.7606747202712697
2012-12-14,-0.7922051910948507
2012-12-17,-0.795601456508292
2012-12-18,-0.8034136060905055
2012-12-19,-0.8093692013098189
2012-12-20,-0.7856315232003382
2012-12-21,-0.7770054463617763
2012-12-24,-0.7273949154356976
2012-12-25,-0.7218119068912252
2012-12-26,-0.7181055460710093
2012-12-27,-0.6525193928824603
2012-12-28,-0.5841618661253284
2012-12-31,-0.6741212317956166
2013-01-01,-0.746154854257534
2013-01-02,-0.8370138425028163
2013-01-03,-0.8262959124248817
2013-01-04,-0.8117819432655153
2013-01-07,-0.7545472219888175
2013-01-08,-0.6940695792307122
2013-01-09,-0.684208994610951
2013-01-10,-0.6840202107348831
2013-01-11,-0.6774872008627001
2013-01-14,-0.6945625803469179
2013-01-15,-0.7783111905237459
2013-01-16,-0.8569690313413392
2013-01-17,-0.8886678777638721
2013-01-18,-0.9258741544785936
2013-01-21,-0.9222569195620215
2013-01-22,-1.0103700399247058
2013-01-23,-1.1594629196506234
2013-01-24,-1.1669307134380527
2013-01-25,-1.1550249215277058
2013-01-28,-1.1516133341980683
2013-01-29,-0.9916538131144766
2013-01-30,-0.8421096632996171
2013-01-31,-0.7523293732849333
2013-02-01,-0.7074344731729918
2013-02-04,-0.6382447223496143
2013-02-05,-0.6034903336263502
2013-02-06,-0.5612320865887124
2013-02-07,-0.5644926135200048
2013-02-08,-0.4673873577232557
2013-02-11,-0.42021724947763034
2013-02-12,-0.3964618843272046
2013-02-13,-0.3791876835858403
2013-02-14,-0.38659926727958666
2013-02-15,-0.38349833487096646
2013-02-18,-0.4022235849531156
2013-02-19,-0.45764513683098457
2013-02-20,-0.5401646920962112
2013-02-21,-0.6412057738830272
2013-02-22,-0.768272574991968
2013-02-25,-0.9474425785838274
2013-02-26,-0.9763814600204391
2013-02-27,-0.98405337575223
2013-02-28,-1.0038687328216866
2013-03-01,-1.0311870889447796
2013-03-04,-1.042988677748943
2013-03-05,-1.0995992328933832
2013-03-06,-1.112127670169737
2013-03-07,-1.1455663192898735
2013-03-08,-1.138566367720397
2013-03-11,-1.065684339268045
2013-03-12,-1.0584877301775808
2013-03-13,-1.0590485038459365
2013-03-14,-1.0570381611101964
2013-03-15,-1.0660415897393378
2013-03-18,-1.0546129082770495
2013-03-19,-1.0431059745601936
2013-03-20,-1.0523324412485273
2013-03-21,-1.0477349592712155
2013-03-22,-0.9577414720281402
2013-03-25,-0.8851847577373385
2013-03-26,-0.8282209594866323
2013-03-27,-0.7479810070626937
2013-03-28,-0.6982475889484193
2013-03-29,-0.6277885620468285
2013-03-31,-0.5695923661732172
2013-04-01,-0.5395106794422312
2013-04-02,-0.525952313556378
2013-04-03,-0.5030554437771663
2013-04-04,-0.5330477339012243
2013-04-07,-0.6551514507432502
2013-04-08,-0.733391221191203
2013-04-09,-0.7753510665374113
2013-04-10,-0.7804993622040751
2013-04-11,-0.7887593278666505
2013-04-14,-0.7514402777020076
2013-04-15,-0.7654702622015048
2013-04-16,-0.7689732395437171
2013-04-17,-0.7816352925568888
2013-04-18,-0.7661408716820985
2013-04-21,-0.7672065344840869
2013-04-22,-0.7537532151193386
2013-04-23,-0.7469945393348577
2013-04-24,-0.7486858912681726
2013-04-25,-0.7722779106198309
2013-04-28,-0.7980236614941236
2013-04-29,-0.8135059789646436
2013-04-30,-0.8433496450825615
2013-05-01,-0.8846614597328089
2013-05-02,-0.8971849930857215
2013-05-05,-0.8988564443733527
2013-05-06,-0.8943504468133828
2013-05-07,-0.9071853964509496
2013-05-08,-0.9527452557370165
2013-05-09,-0.9953586165708947
2013-05-12,-1.1022362466191562
2013-05-13,-1.1041341258138921
2013-05-14,-1.1249177443653129
2013-05-15,-1.1098119540683604
2013-05-16,-1.1598995633241231
2013-05-19,-1.1019338256340707
2013-05-20,-1.0389281105786692
2013-05-21,-1.0011104610059922
2013-05-22,-0.9147346503518947
2013-05-23,-0.8794181207268276
2013-05-26,-0.8540480937458912
2013-05-27,-0.7920597758766742
2013-05-28,-0.6709489403305083
2013-05-29,-0.4184664627599601
2013-05-30,-0.23996736780486513
2013-06-02,-0.1800254809556041
2013-06-03,-0.03162518945080233
2013-06-04,0.07885515527268885
2013-06-05,0.13889919506235804
2013-06-06,0.19046629031736217
2013-06-09,0.22000420665655687
2013-06-10,0.19665347245054884
2013-06-11,0.17716090174995935
2013-06-12,0.19966229170826105
2013-06-13,0.11469918336497592
2013-06-16,0.019481904520798118
2013-06-17,0.05008436128096384
2013-06-18,0.057287802822340854
2013-06-19,0.25214786367804437
2013-06-20,0.491984150988462
2013-06-23,0.5699991516988446
2013-06-24,0.557747446107177
2013-06-25,0.5199090330087472
2013-06-26,0.4956979914312408
2013-06-27,0.47138273499616934
2013-06-30,0.37342842184681
2013-07-01,0.38987695012083085
2013-07-02,0.44913205933093747
2013-07-03,0.5250391846629414
2013-07-04,0.5237807019035615
2013-07-07,0.49769971964327764
2013-07-08,0.4716563415465518
2013-07-09,0.392997639447377
2013-07-10,0.39115121351088983
2013-07-11,0.18707541584721307
2013-07-14,-0.23168906344832413
2013-07-15,-0.35870086944364427
2013-07-16,-0.4698928162831211
2013-07-17,-0.46863152831810123
2013-07-18,-0.4787762556588965
2013-07-21,-0.47508710972122997
2013-07-22,-0.47751871069372426
2013-07-23,-0.47712806266923363
2013-07-24,-0.579159622693297
2013-07-25,-0.6641869278655042
2013-07-28,-0.8017043769860035
2013-07-29,-0.7979262616984417
2013-07-30,-0.7351001589425208
2013-07-31,-0.7116063162495885
2013-08-01,-0.579679107755297
2013-08-04,-0.5331177155763115
2013-08-05,-0.437225968622829
2013-08-06,-0.3772911370537171
2013-08-07,-0.3057943804067707
2013-08-08,-0.2935286727381274
2013-08-11,-0.29081932622301027
2013-08-12,-0.340503464692448
2013-08-13,-0.27578064080238407
2013-08-14,-0.2509458217777713
2013-08-15,-0.20611979242116546
2013-08-18,0.08065627681141808
2013-08-19,0.34562026077584507
2013-08-20,0.38213255527833795
2013-08-21,0.6907518656198782
2013-08-22,0.8235657410649867
2013-08-25,0.7475453016821213
2013-08-26,0.7179248335317686
2013-08-27,0.6856132056726586
2013-08-28,0.6097326587804386
2013-08-29,0.58402155112698
2013-09-01,0.5375886904832151
2013-09-02,0.5082981821268765
2013-09-03,0.4427874146499868
2013-09-04,0.38863199584445135
2013-09-05,0.28280811566944847
2013-09-08,0.17208843495339993
2013-09-09,0.21251667964299176
2013-09-10,0.2933545386586878
2013-09-11,0.4221625820131757
2013-09-12,0.5501280456547477
2013-09-15,0.624720826923161
2013-09-16,0.616552487434647
2013-09-17,0.695429934429672
2013-09-18,0.802899703335621
2013-09-19,0.7979101879178396
2013-09-22,0.9296613787881481
2013-09-23,0.9935195312394908
2013-09-24,1.029639498268048
2013-09-25,1.0218636071244132
2013-09-26,0.9371478961187952
2013-09-29,0.7574040498594722
2013-09-30,0.5491823440968288
2013-10-01,0.36426821965749934
2013-10-02,0.14313987012981585
2013-10-03,-0.003695243937031495
2013-10-06,-0.11544558550353459
2013-10-07,-0.14005878686690346
2013-10-08,-0.22907979048778496
2013-10-09,-0.3016497390135213
2013-10-10,-0.35183398968661783
2013-10-13,-0.44607830512630736
2013-10-14,-0.6632798056251239
2013-10-15,-0.7558191758673789
2013-10-16,-0.7449957743747514
2013-10-17,-0.6556390153699031
2013-10-20,-0.5375044980707644
2013-10-21,-0.5131678901441881
2013-10-22,-0.4901206494231964
2013-10-23,-0.5339580012613522
2013-10-24,-0.6453628883632067
2013-10-28,-0.7115862705760369
2013-10-29,-0.7664053301493979
2013-10-30,-0.8195086905773443
2013-10-31,-0.8229061129417633
2013-11-01,-0.7089182516217114
2013-11-04,-0.5153859662403115
2013-11-05,-0.4254800082126968
2013-11-06,-0.17789016243838623
2013-11-07,0.039208315827651156
2013-11-08,0.28566692713741665
2013-11-11,0.48596206980478357
2013-11-12,0.7131306481716492
2013-11-13,0.8886485994404459
2013-11-14,1.0123348313195664
2013-11-15,1.0079946058251235
2013-11-18,0.9359992566874432
2013-11-19,0.831795456729403
2013-11-20,0.7072118671885497
2013-11-21,0.6096975429886986
2013-11-22,0.5597698674857844
2013-11-25,0.4169106306789294
2013-11-26,0.21410080107292673
2013-11-27,-0.01715924665800279
2013-11-28,-0.29303659564548695
2013-11-29,-0.398051641324358
2013-12-02,-0.42270317952756387
2013-12-03,-0.4499846942444218
2013-12-04,-0.3133040095161919
2013-12-05,-0.14726726622172398
2013-12-06,-0.10019840078782798
2013-12-09,-0.10057694510684367
2013-12-10,-0.10447684413636943
2013-12-11,-0.10864215162112689
2013-12-12,-0.09805098685121928
2013-12-13,-0.09093088605612852
2013-12-16,-0.08881966974330475
2013-12-17,-0.1866623992141249
2013-12-18,-0.2721917561929458
2013-12-19,-0.3748463295000925
2013-12-20,-0.3678161165052662
2013-12-23,-0.3851853594600526
2013-12-24,-0.48339415253114276
2013-12-25,-0.5541536791388322
2013-12-26,-0.5538037555108279
2013-12-27,-0.5820687792227618
2013-12-30,-0.5847359532068737
2013-12-31,-0.5778743276492668
2014-01-01,-0.6062762383758062
2014-01-02,-0.6972116915341066
2014-01-03,-0.6183716364577887
2014-01-06,-0.6063498450769934
2014-01-07,-0.6133237708703669
2014-01-08,-0.6879732383613402
2014-01-09,-0.6218231779736225
2014-01-10,-0.5976478633974144
2014-01-13,-0.645944853240659
2014-01-14,-0.7108282322281843
2014-01-15,-0.8164672140189778
2014-01-16,-0.8850228639018544
2014-01-17,-0.8896273176740941
2014-01-20,-0.9031332500938603
2014-01-21,-0.8773796723896226
2014-01-22,-0.8789023741414735
2014-01-23,-0.8773624286419062
2014-01-24,-0.8325682104406478
2014-01-27,-0.8456884710097838
2014-01-28,-0.7052299794419242
2014-01-29,-0.5813424293510244
2014-01-30,-0.45560704721964057
2014-01-31,-0.4194553365980316
2014-02-03,-0.3532623434327725
2014-02-04,-0.25213028872944093
2014-02-05,-0.24442334674986407
2014-02-06,-0.24254928195784448
2014-02-07,-0.24171415025424767
2014-02-10,-0.2716537558813279
2014-02-11,-0.2909296845538939
2014-02-12,-0.33628678137512974
2014-02-13,-0.3639957506427766
2014-02-14,-0.40630197246129063
2014-02-17,-0.49356696601585154
2014-02-18,-0.6279039440891001
2014-02-19,-0.7071131914024607
2014-02-20,-0.7532942208936487
2014-02-21,-0.7049403885476755
2014-02-24,-0.5439408679384026
2014-02-25,-0.42002058420999583
2014-02-26,-0.35247717403218676
2014-02-27,-0.36655391163040896
2014-02-28,-0.24737786141416862
2014-03-03,-0.24065625455256556
2014-03-04,-0.3350734497295686
2014-03-05,-0.3437511470986782
2014-03-06,-0.28919793440450425
2014-03-07,-0.23709428723614345
2014-03-10,-0.2237795146280774
2014-03-11,-0.29157404252612446
2014-03-12,-0.36368609963627063
2014-03-13,-0.5217587941605373
2014-03-14,-0.5877918508995588
2014-03-17,-0.6429415303073243
2014-03-18,-0.7043588756972772
2014-03-19,-0.7876699388202975
2014-03-20,-0.9325004054227863
2014-03-21,-0.9823656120292525
2014-03-24,-0.9568504301170367
2014-03-25,-0.9314095966860663
2014-03-26,-0.8818943974221575
2014-03-27,-0.7908954924225806
2014-03-28,-0.5269434834935574
2014-03-30,-0.3366368945348439
2014-03-31,-0.24908565088736714
2014-04-01,-0.14305409329012603
2014-04-02,-0.0671345641274031
2014-04-03,-0.029372357475208687
2014-04-06,0.117670535964203
2014-04-07,0.2734901317757154
2014-04-08,0.39906715253871317
2014-04-09,0.5512377160442703
2014-04-10,0.5400824538245701
2014-04-13,0.5221320122282187
2014-04-14,0.45720876444133113
2014-04-15,0.37691743141354966
2014-04-16,0.2106859484573458
2014-04-17,0.09802235087078609
2014-04-20,-0.033364459786545224
2014-04-21,-0.1980842460014589
2014-04-22,-0.3657955232411822
2014-04-23,-0.4854253075851294
2014-04-24,-0.4906427905026095
2014-04-27,-0.5158469837753059
2014-04-28,-0.5868457115461005
2014-04-29,-0.6321787683702277
2014-04-30,-0.7128357577442408
2014-05-01,-0.8811053395183928
2014-05-04,-0.8853115248381728
2014-05-05,-0.8589888146376033
2014-05-06,-0.8956234349826029
2014-05-07,-1.0327823528068087
2014-05-08,-1.0618119893776625
2014-05-11,-1.0438111162698565
2014-05-12,-1.0375365724112313
2014-05-13,-1.0300385980588371
2014-05-14,-1.0028709467760681
2014-05-15,-1.0033903598961527
2014-05-18,-0.9983501468335692
2014-05-19,-0.9803524225904676
2014-05-20,-1.0060596815535343
2014-05-21,-0.9926394232483406
2014-05-22,-0.99490526088002
2014-05-25,-1.0367895118871044
2014-05-26,-1.0361598783743293
2014-05-27,-1.037387016573979
2014-05-28,-1.0382318091267257
2014-05-29,-1.0528875053335185
2014-06-01,-1.0155978847785854
2014-06-02,-0.8311390825890724
2014-06-03,-0.6584941984751777
2014-06-04,-0.5363999972697976
2014-06-05,-0.503030619630295
2014-06-08,-0.5093715965087029
2014-06-09,-0.5236591552753737
2014-06-10,-0.5323869636651628
2014-06-11,-0.5723937649901327
2014-06-12,-0.582424831764875
2014-06-15,-0.5964567580838113
2014-06-16,-0.6371314531935925
2014-06-17,-0.6313817557756851
2014-06-18,-0.6645552303933278
2014-06-19,-0.6831003134236493
2014-06-22,-0.6942448410571717
2014-06-23,-0.6779277709853391
2014-06-24,-0.6675800807558774
2014-06-25,-0.6249650889388635
2014-06-26,-0.5566177052596635
2014-06-29,-0.48845590389939986
2014-06-30,-0.5554945659734319
2014-07-01,-0.6340270240970958
2014-07-02,-0.7763469892208842
2014-07-03,-0.8426340827109289
2014-07-06,-0.8768219478974574
2014-07-07,-0.8802652676520782
2014-07-08,-0.8765318746601598
2014-07-09,-0.8846482855503688
2014-07-10,-0.8930540429300345
2014-07-13,-0.8940147485640656
2014-07-14,-0.906368084660035
2014-07-15,-1.0825459794523526
2014-07-16,-1.0808297228598482
2014-07-17,-0.9286716021078776
2014-07-20,-0.9359597450414169
2014-07-21,-0.9344567190364864
2014-07-22,-0.9374160807818874
2014-07-23,-0.942532448788246
2014-07-24,-0.974731571816614
2014-07-27,-1.0186712305886663
2014-07-28,-1.0199708452540401
2014-07-29,-1.0455851888196603
2014-07-30,-0.9909402593167078
2014-07-31,-0.8860113972825319
2014-08-03,-0.8405598868464267
2014-08-04,-0.7889721408892556
2014-08-05,-0.6764334630834035
2014-08-06,-0.6239723217801871
2014-08-07,-0.47844186136204186
2014-08-10,-0.42651892887144877
2014-08-11,-0.4298582801396922
2014-08-12,-0.422189212642614
2014-08-13,-0.40902470356863196
2014-08-14,-0.40182340332555977
2014-08-17,-0.4280485800368555
2014-08-18,-0.4675013600364882
2014-08-19,-0.5436444123549963
2014-08-20,-0.6081972514540926
2014-08-21,-0.684973094424674
2014-08-24,-0.7470138541272293
2014-08-25,-0.8274831540327829
2014-08-26,-0.9183670968271623
2014-08-27,-0.9180561896600826
2014-08-28,-0.8675972673094058
2014-08-31,-0.8113872594333515
2014-09-01,-0.793061304632871
2014-09-02,-0.778474815069933
2014-09-03,-0.7483262972435714
2014-09-04,-0.8069368039407362
2014-09-07,-0.8240780593882653
2014-09-08,-0.8378395969591009
2014-09-09,-0.8119845102537988
2014-09-10,-0.7899462789227762
2014-09-11,-0.7070993987940605
2014-09-14,-0.7010643374311988
2014-09-15,-0.4219968489991984
2014-09-16,-0.26465943237207623
2014-09-17,-0.042516213734686295
2014-09-18,0.1641153062291885
2014-09-21,0.3364100363333746
2014-09-22,0.5934465817602131
2014-09-23,0.8345757217704327
2014-09-24,0.9012979335131087
2014-09-25,1.059115103655965
2014-09-28,1.1244860941510055
2014-09-29,1.2383624640921451
2014-09-30,1.2603237433270797
2014-10-01,1.3496869535396243
2014-10-02,1.406170497246872
2014-10-05,1.2672295773493925
2014-10-06,1.1086823019597933
2014-10-07,0.9455765439532735
2014-10-08,0.7634784932875361
2014-10-09,0.579478117540254
2014-10-12,0.23856045150248417
2014-10-13,0.1429292302690687
2014-10-14,0.00779986937880142
2014-10-15,-0.032227982313807316
2014-10-16,-0.04317481159770512
2014-10-19,-0.1284535030692016
2014-10-20,-0.10932332821802539
2014-10-21,-0.045802689218237436
2014-10-22,-0.04497796740626609
2014-10-23,0.046754458463459436
2014-10-27,0.06008986039866755
2014-10-28,0.2066778218449642
2014-10-29,0.20915771717305742
2014-10-30,0.18085916935830756
2014-10-31,0.15886270538913283
2014-11-03,0.16737008419826344
2014-11-04,0.22941566925911716
2014-11-05,0.2305429444497707
2014-11-06,0.16244876636771022
2014-11-07,0.35175069556330546
2014-11-10,0.36991189236737215
2014-11-11,0.34987189867227847
2014-11-12,0.3114450000658007
2014-11-13,0.40732567715482787
2014-11-14,0.5640623479568911
2014-11-17,0.6473497938906467
2014-11-18,0.7766150203280673
2014-11-19,0.8263817254603693
2014-11-20,0.84844631232654
2014-11-21,0.8728607535989777
2014-11-24,0.8213606258025006
2014-11-25,0.8241705604708336
2014-11-26,0.7351732876994683
2014-11-27,0.6559297681744165
2014-11-28,0.289928315285746
2014-12-01,-0.1298401177582383
2014-12-02,-0.2187322477586376
2014-12-03,-0.3176760290932256
2014-12-04,-0.41475150656520154
2014-12-05,-0.37954957692659574
2014-12-08,-0.3512795439681521
2014-12-09,-0.3055437314718397
2014-12-10,-0.2798729050147583
2014-12-11,-0.2000215127054529
2014-12-12,-0.022716656261642362
2014-12-15,0.12569512442224665
2014-12-16,0.4248538208996104
2014-12-17,0.8790472827790736
2014-12-18,1.1264830547865468
2014-12-19,1.187482313505322
2014-12-22,1.1305048588365871
2014-12-23,1.1245175234512879
2014-12-24,1.1143134834179433
2014-12-25,0.9598678456057484
2014-12-26,0.8605350959826714
2014-12-29,0.7191664305354429
2014-12-30,0.6316470395303134
2014-12-31,0.4895312396747456
2015-01-01,0.2474853722582685
2015-01-02,0.12718978172493006
2015-01-05,-0.01047826592424331
2015-01-06,-0.12746699596555283
2015-01-07,-0.34411897267268093
2015-01-08,-0.5088306630736762
2015-01-09,-0.5391736629165618
2015-01-12,-0.45826755745712117
2015-01-13,-0.46062323255082166
2015-01-14,-0.5429926169588197
2015-01-15,-0.46228622961602966
2015-01-16,-0.43063124921850526
2015-01-19,-0.3420967447215907
2015-01-20,-0.33132664606370554
2015-01-21,-0.2633471541812524
2015-01-22,-0.173335493622031
2015-01-23,-0.02381337697342337
2015-01-26,0.053179168801083254
2015-01-27,0.06822054036614962
2015-01-28,0.17388901080312397
2015-01-29,0.24644409553279717
2015-01-30,0.2530942279041358
2015-02-02,0.220492456785117
2015-02-03,0.2998253581679793
2015-02-04,0.28379393691504295
2015-02-05,0.47833330095602994
2015-02-06,0.6891899766225398
2015-02-09,1.0192383583328088
2015-02-10,1.2306905672293633
2015-02-11,1.6566863369580695
2015-02-12,2.1014254713732603
2015-02-13,2.304197416069497
2015-02-16,2.476133169734054
2015-02-17,2.6249311642869047
2015-02-18,2.6840357506253274
2015-02-19,2.6860284513618797
2015-02-20,2.6231975776063625
2015-02-23,2.5019591693167715
2015-02-24,2.323789879998693
2015-02-25,1.958005332281529
2015-02-26,1.4831473811147284
2015-02-27,1.0576375072324733
2015-03-02,0.7708785251037303
2015-03-03,0.6920742884521026
2015-03-04,0.4951918660283954
2015-03-05,0.6011719113623296
2015-03-06,0.7468038046457205
2015-03-09,1.187589192889701
2015-03-10,1.7545645162924073
2015-03-11,2.161605692505586
2015-03-12,2.59943156216481
2015-03-13,2.9875239388855155
2015-03-16,3.5991082167140003
2015-03-17,4.005047149524143
2015-03-18,4.276453519002321
2015-03-19,4.3613224127373655
2015-03-20,4.623514737333089
2015-03-23,4.599106235661625
2015-03-24,4.388492249786488
2015-03-25,4.076353405131735
2015-03-26,3.789556795623292
2015-03-27,3.5120848005704315
2015-03-29,2.929618102186761
2015-03-30,2.396574247707471
2015-03-31,1.8242283953111869
2015-04-01,1.3166160743509954
2015-04-02,0.8818645151249197
2015-04-05,0.6715057069255742
2015-04-06,0.6740051868614562
2015-04-07,0.6116895997113293
2015-04-08,0.8880218388441528
2015-04-09,1.1248688299165215
2015-04-12,1.1933531611609502
2015-04-13,1.131871591631429
2015-04-14,1.1386082815205005
2015-04-15,1.2805415747620137
2015-04-16,1.1310430294316225
2015-04-19,1.0943049294275242
2015-04-20,1.2070476203325593
2015-04-21,1.3041584698808786
2015-04-22,1.3203218713853593
2015-04-23,1.4371491827815006
2015-04-26,1.331336425596093
2015-04-27,1.3038743527242291
2015-04-28,1.2358329410026268
2015-04-29,1.1241491552587888
2015-04-30,1.0072395255172397
2015-05-03,0.8658489265468552
2015-05-04,0.7612584205737394
2015-05-05,0.580579977039487
2015-05-06,0.5678324625548433
2015-05-07,0.5397938918362802
2015-05-10,0.5087158717064171
2015-05-11,0.3033250693126603
2015-05-12,0.23046828846981804
2015-05-13,0.24280189768412394
2015-05-14,0.2443691500472256
2015-05-17,0.222545873518228
2015-05-18,0.20524405678644275
2015-05-19,0.21241195727177303
2015-05-20,0.2120890607840608
2015-05-21,0.2105291335661839
2015-05-24,0.2771248933034275
2015-05-25,0.16701089571308514
2015-05-26,0.3159361054963333
2015-05-27,0.38906273442861394
2015-05-28,0.6245248559323385
2015-05-31,0.8646015704652599
2015-06-01,1.0534271162633415
2015-06-02,1.1188063083962303
2015-06-03,1.1622932453092778
2015-06-04,1.1907596317363673
2015-06-07,1.0668520895612477
2015-06-08,1.0631645152702711
2015-06-09,0.9844054643811303
2015-06-10,0.9412437175182704
2015-06-11,0.749167402046979
2015-06-14,0.5234388846958165
2015-06-15,0.30852627738463556
2015-06-16,0.17243615650052668
2015-06-17,-0.05108101150590804
2015-06-18,-0.13541576178916573
2015-06-21,-0.1420584185496547
2015-06-22,-0.12705209862730732
2015-06-23,-0.10644164382007709
2015-06-24,-0.11552303211826097
2015-06-25,-0.177299986618132
2015-06-28,-0.31260600938477034
2015-06-29,-0.4556123367866768
2015-06-30,-0.47841845803471406
2015-07-01,-0.44442006053085453
2015-07-02,-0.49518363764841794
2015-07-05,-0.5230812669935093
2015-07-06,-0.48120362457235477
2015-07-07,-0.2863972274563698
2015-07-08,0.13205179149418003
2015-07-09,0.364267193482521
2015-07-12,0.39017054901505455
2015-07-13,0.3920239771054111
2015-07-14,0.36811831781927123
2015-07-15,0.24221111414696864
2015-07-16,0.12462800450618859
2015-07-19,0.14125607275786306
2015-07-20,0.135276606347924
2015-07-21,0.021232950349531265
2015-07-22,0.06024866707956695
2015-07-23,0.3985187126319367
2015-07-26,1.002304796257476
2015-07-27,1.4212961517923384
2015-07-28,1.6692255910577605
2015-07-29,1.8066534334542284
2015-07-30,1.9229816805047397
2015-08-02,2.2155195833848635
2015-08-03,2.5232317658357406
2015-08-04,2.866894203673938
2015-08-05,3.2389209770940974
2015-08-06,3.6814662826837075
2015-08-09,3.905074360150277
2015-08-10,3.738654405499716
2015-08-11,3.571912547652267
2015-08-12,3.3130561004746046
2015-08-13,3.0907056216294766
2015-08-16,2.800732623934536
2015-08-17,2.443238890004791
2015-08-18,1.820839806946082
2015-08-19,1.291397375079625
2015-08-20,0.9200111386005209
2015-08-23,0.8139109582976177
2015-08-24,0.7971674902712819
2015-08-25,0.9216151183585294
2015-08-26,0.7108216792048005
2015-08-27,0.4900476758262222
2015-08-30,0.47448776276547483
2015-08-31,0.6346162297916115
2015-09-01,1.0885881517439613
2015-09-02,1.7259306591135097
2015-09-03,2.1434331006424614
2015-09-06,2.919175425916243
2015-09-07,3.3329016016541533
2015-09-08,3.608032709644359
2015-09-09,3.69008421657089
2015-09-10,3.97425266751143
2015-09-13,4.140053234639406
2015-09-14,4.058492117001858
2015-09-15,3.9629549465885594
2015-09-16,3.767711161718521
2015-09-17,3.4860351847661084
2015-09-20,3.342353672673455
2015-09-21,3.1026183331737553
2015-09-22,3.534889391783416
2015-09-23,4.297495375212003
2015-09-24,3.827030053378383
2015-09-27,3.3765812545570877
2015-09-28,3.3270325599741515
2015-09-29,3.2248702476301387
2015-09-30,3.037716769072136
2015-10-01,2.7929307577298994
2015-10-04,2.7211504476409454
2015-10-05,2.6357835983148514
2015-10-06,2.568638981662731
2015-10-07,2.3409068727803883
2015-10-08,2.511992684806446
2015-10-11,2.7719819843931304
2015-10-12,2.9089873050910353
2015-10-13,2.87957763634485
2015-10-14,2.924211656902197
2015-10-15,3.0752901662686076
2015-10-18,3.072587625991798
2015-10-19,2.961156819979351
2015-10-20,2.8070943701234925
2015-10-21,2.0968563619741043
2015-10-22,2.08469369747366
2015-10-26,2.033621608523167
2015-10-27,1.4789784314214771
2015-10-28,1.0433383053808718
2015-10-29,0.9713555821487087
2015-10-30,0.6972709633528689
2015-11-02,0.6251143030311788
2015-11-03,0.5811658425510325
2015-11-04,0.7310788726911882
2015-11-05,0.7776285421344106
2015-11-06,0.7820395429120927
2015-11-09,0.7596852523016422
2015-11-10,0.6585638163677268
2015-11-11,0.8258882553038521
2015-11-12,0.9151500835503259
2015-11-13,0.9682687295178658
2015-11-16,0.864001259421642
2015-11-17,0.8234140693850549
2015-11-18,0.7523835872873337
2015-11-19,0.5976799320179655
2015-11-20,0.5291999914722324
2015-11-23,0.6860562513517305
2015-11-24,0.5954693740767534
2015-11-25,0.6208802010038955
2015-11-26,0.4121379340734754
2015-11-27,0.35192307350418645
2015-11-30,0.32103610656396697
2015-12-01,0.30623619628011906
2015-12-02,0.42028833389220344
2015-12-03,0.47138701545356926
2015-12-04,0.4833114716511516
2015-12-07,0.4959212292050582
2015-12-08,0.4936777415271944
2015-12-09,0.49734994254920367
2015-12-10,0.5189936615798494
2015-12-11,0.530232206741227
2015-12-14,0.4793249484332064
2015-12-15,0.646055843619105
2015-12-16,0.8910203269566717
2015-12-17,1.0486394326900847
2015-12-18,1.1253592233038487
2015-12-21,1.3830226559885512
2015-12-22,1.7421271116333865
2015-12-23,1.7809983181098288
2015-12-24,1.745880567874528
2015-12-25,1.6109949018922656
2015-12-28,1.631195555924242
2015-12-29,1.6321746866545
2015-12-30,1.6298166271392713
2015-12-31,1.712718795287825
2016-01-01,1.6023890180614622
2016-01-04,1.4181521240809396
2016-01-05,1.4257404845490422
2016-01-06,1.4884789736581014
2016-01-07,1.1743311464340487
2016-01-08,1.104189680354297
2016-01-11,0.8619085502033956
2016-01-12,0.9371910218871574
2016-01-13,0.955521647507211
2016-01-14,0.902840898164468
2016-01-15,0.761826395044274
2016-01-18,0.7748518566017241
2016-01-19,0.8495207882718885
2016-01-20,0.9470473571173674
2016-01-21,1.1169538096852345
2016-01-22,1.3659968544587757
2016-01-25,1.320335047953253
2016-01-26,0.9962371242407123
2016-01-27,0.5450256431921342
2016-01-28,0.5035243645922012
2016-01-29,0.3281216978661466
2016-02-01,0.16214323330458907
2016-02-02,0.33720300531197456
2016-02-03,0.4060455522079101
2016-02-04,0.8129626356975541
2016-02-05,1.1585360891488738
2016-02-08,1.379156668414915
2016-02-09,1.5896317273570126
2016-02-10,1.803080060979551
2016-02-11,1.88082930596644
2016-02-12,1.8844177021191273
2016-02-15,1.8990663333368787
2016-02-16,1.8693132847342433
2016-02-17,1.8751060230769117
2016-02-18,1.7487569927927833
2016-02-19,1.425116171955705
2016-02-22,1.2893925988914237
2016-02-23,1.1415875005730076
2016-02-24,1.0152559860271875
2016-02-25,0.6996967611051905
2016-02-26,0.48651332176606693
2016-02-29,0.45523514726788616
2016-03-01,0.5166006092874812
2016-03-02,0.5256149857727557
2016-03-03,0.5332368935040062
2016-03-04,0.8955455210287175
2016-03-07,1.3429689737622517
2016-03-08,1.650097596957104
2016-03-09,2.012120338177653
2016-03-10,2.651448202851924
2016-03-11,3.367737016249572
2016-03-14,4.091315147661993
2016-03-15,4.3162804025475525
2016-03-16,4.087916137971757
2016-03-17,4.035331829756234
2016-03-18,4.062096232448928
2016-03-21,3.9978890648837013
2016-03-22,4.051655422215515
2016-03-23,4.082722887605599
2016-03-24,3.838395399088071
2016-03-25,3.5348375404236805
2016-03-27,3.092184498354913
2016-03-28,2.2513368908815456
2016-03-29,1.7202391124730576
2016-03-30,1.2503991539045876
2016-03-31,1.1161096016895624
2016-04-03,1.1169757037141175
2016-04-04,0.8562470004814351
2016-04-05,0.6618063646595173
2016-04-06,0.6371296249598323
2016-04-07,0.6559974578114092
2016-04-10,0.6215184209072923
2016-04-11,1.006298882003785
2016-04-12,1.0552532940437749
2016-04-13,1.0542547522727612
2016-04-14,1.3102411040188018
2016-04-17,1.3682775451396139
2016-04-18,1.3672067654892706
2016-04-19,1.4300949175146267
2016-04-20,1.379375705308615
2016-04-21,1.30182708180554
2016-04-24,1.1354021001835772
2016-04-25,0.9608649699841737
2016-04-26,0.9083120958845821
2016-04-27,0.90817702085725
2016-04-28,0.9812714199859953
2016-05-01,1.186883127447731
2016-05-02,1.1362141360958202
2016-05-03,0.842983719435717
2016-05-04,0.6520544830680952
2016-05-05,0.13372162400417315
2016-05-08,0.032162048583848475
2016-05-09,0.009890079023823965
2016-05-10,0.036540735973892124
2016-05-11,0.14554570166655056
2016-05-12,0.1363541992335724
2016-05-15,0.1357791174512529
2016-05-16,-0.10342637289428376
2016-05-17,-0.09572318278058493
2016-05-18,-0.033818095614747454
2016-05-19,0.02850824616884671
2016-05-22,0.015806148769869695
2016-05-23,0.054976675849671724
2016-05-24,0.12687777618754842
2016-05-25,0.21494494398951944
2016-05-26,0.26816542656817555
2016-05-29,0.21932144183825927
2016-05-30,0.215587127113116
2016-05-31,0.25914430706566877
2016-06-01,0.3217144987005828
2016-06-02,0.356105531329807
2016-06-05,0.32318246411801826
2016-06-06,0.3756593575067327
2016-06-07,0.5028032358091581
2016-06-08,0.9336841504802352
2016-06-09,1.1752876912914
2016-06-12,1.3539233103845427
2016-06-13,1.3721547694910208
2016-06-14,1.385138125409506
2016-06-15,1.4026300912831002
2016-06-16,1.4170019739128215
2016-06-19,1.5140264380846704
2016-06-20,1.6183365421871263
2016-06-21,1.6352647287557085
2016-06-22,1.6832278218914567
2016-06-23,1.7674923476836089
2016-06-26,1.6086262684639334
2016-06-27,1.4833101901716974
2016-06-28,1.4601200901054499
2016-06-29,1.549219257627774
2016-06-30,1.6698836251962692
2016-07-03,1.752566016360098
2016-07-04,1.7058674398135663
2016-07-05,1.7107277846008366
2016-07-06,1.7272132528970388
2016-07-07,1.7137100899363793
2016-07-10,1.7197727392686644
2016-07-11,1.545686415033852
2016-07-12,1.343677722599886
2016-07-13,1.150269535896213
2016-07-14,0.9369017863443451
2016-07-17,0.7962066238938506
2016-07-18,0.7281126431783681
2016-07-19,0.5400906421426391
2016-07-20,0.4359309417190577
2016-07-21,0.3919601185169219
2016-07-24,0.25546803593415307
2016-07-25,-0.05877877832044422
2016-07-26,-0.08175429346902079
2016-07-27,-0.11214883259638155
2016-07-28,-0.2607661636114924
2016-07-31,-0.30178398714115456
2016-08-01,-0.29313536916836497
2016-08-02,-0.2935459949324882
2016-08-03,-0.34704707333483636
2016-08-04,-0.4538336402663475
2016-08-07,-0.18461658135205777
2016-08-08,-0.07783250456114671
2016-08-09,0.12485236878657902
2016-08-10,0.3946605321886315
2016-08-11,0.5566113841204109
2016-08-14,0.5298040210808638
2016-08-15,0.5416308611158852
2016-08-16,0.531511462154266
2016-08-17,0.5086598263731219
2016-08-18,0.46116803118959937
2016-08-21,0.43180736413096754
2016-08-22,0.3222803955684658
2016-08-23,0.25105267980783635
2016-08-24,0.1918080122099203
2016-08-25,0.05293361521498324
2016-08-28,0.10153284781775115
2016-08-29,0.03604017490945123
2016-08-30,-0.0016840239973095203
2016-08-31,-0.0159030244279694
2016-09-01,0.050817039303558645
2016-09-04,0.0672831795923312
2016-09-05,0.10711411628941046
2016-09-06,-0.014870928239328519
2016-09-07,-0.24314753840675282
2016-09-08,-0.4762927436134343
2016-09-11,-0.4324482321033204
2016-09-12,-0.4901771392035003
2016-09-13,-0.280568124130307
2016-09-14,0.011475601284939383
2016-09-15,0.09273327186300756
2016-09-18,0.057117781302760774
2016-09-19,0.0006025360386501355
2016-09-20,-0.006403503995697086
2016-09-21,0.019745983249302358
2016-09-22,0.03695593920925339
2016-09-25,0.033948602390587626
2016-09-26,0.022636841918009246
2016-09-27,0.026217049050151323
2016-09-28,0.03852510895193431
2016-09-29,0.04033385716746809
2016-10-02,0.04170967668249755
2016-10-03,0.07620293419753522
2016-10-04,0.003468167667075208
2016-10-05,-0.06790701621886004
2016-10-06,-0.0898184090265343
2016-10-09,-0.07181804960523722
2016-10-10,-0.012560544961731196
2016-10-11,-0.07712912145296463
2016-10-12,-0.38080792530778923
2016-10-13,-0.44112769911774274
2016-10-16,-0.4730974197206994
2016-10-17,-0.5485297335964067
2016-10-18,-0.5384419061000838
2016-10-19,-0.43475838985442716
2016-10-20,-0.2374090115888393
2016-10-23,-0.1549666191498266
2016-10-24,-0.007779046732505081
2016-10-25,0.1626835158716667
2016-10-26,0.22109405684380617
2016-10-27,0.11910101305700592
2016-10-31,-0.014262651186998649
2016-11-01,-0.02522512628907137
2016-11-02,-0.09151595397730374
2016-11-03,0.005669693339418657
2016-11-04,0.09804833037788382
2016-11-07,0.12340167293503675
2016-11-08,0.12207241401786054
2016-11-09,0.12765641548596293
2016-11-10,0.17559563559730054
2016-11-11,0.9639352532853422
2016-11-14,1.474712743263898
2016-11-15,2.093154189350328
2016-11-16,2.5540659583920338
2016-11-17,2.919502344545341
2016-11-18,3.0837386510529887
2016-11-21,3.0787335233829087
2016-11-22,2.972305435101325
2016-11-23,2.7195990125628975
2016-11-24,2.6044161046986902
2016-11-25,2.4243917343872194
2016-11-28,2.345916279025245
2016-11-29,2.180601070085598
2016-11-30,2.1489247326860434
2016-12-01,2.04437209786981
2016-12-02,2.336463903016663
2016-12-05,2.1704956054078783
2016-12-06,1.7340859709636094
2016-12-07,0.9223439949898969
2016-12-08,0.2984343635857269
2016-12-09,0.33429348929243474
2016-12-12,0.3553990373160484
2016-12-13,0.4810022823260163
2016-12-14,0.5859417711268042
2016-12-15,0.5807111424816609
2016-12-16,0.5944606471497809
2016-12-19,0.5893357868450507
2016-12-20,0.6133065911677509
2016-12-21,0.6303811140729496
2016-12-22,0.7101154385040146
2016-12-23,0.9078095418473444
2016-12-26,1.1085870438427428
2016-12-27,1.2767190729748172
2016-12-28,1.3304460840918362
2016-12-29,1.3981809744860192
2016-12-30,0.8186570695164063
2017-01-02,0.6255900124233618
2017-01-03,0.513872739050563
2017-01-04,0.4493419105835346
2017-01-05,0.5690327495548556
2017-01-06,0.7102563583414944
2017-01-09,0.7071116156047073
2017-01-10,0.8321743424109392
2017-01-11,0.9263790880700932
2017-01-12,0.8929830642303064
2017-01-13,0.8434525777505153
2017-01-16,0.6250995770658164
2017-01-17,0.3696470845780147
2017-01-18,0.12140627913401049
2017-01-19,-0.08005019425849265
2017-01-20,-0.12034327939708094
2017-01-23,0.030857169149399115
2017-01-24,0.06396612640532666
2017-01-25,0.050045191056645094
2017-01-26,-0.037977115576642094
2017-01-27,-0.07166688311418218
2017-01-30,0.07657074320347562
2017-01-31,-0.01946357501145321
2017-02-01,-0.15082850271355427
2017-02-02,-0.09869462502931138
2017-02-03,-0.026146387906611317
2017-02-06,-0.014580134284342823
2017-02-07,0.044772005707890916
2017-02-08,0.07957011750359456
2017-02-09,0.09687255784497087
2017-02-10,0.09428328482795388
2017-02-13,0.12014486426958461
2017-02-14,-0.06514333167802677
2017-02-15,-0.09246800945138177
2017-02-16,-0.18113233577330556
2017-02-17,-0.2767320427820369
2017-02-20,-0.2631898267167337
2017-02-21,-0.2800379234071378
2017-02-22,-0.3559462261251908
2017-02-23,-0.3822937101165122
2017-02-24,-0.4865127710972382
2017-02-27,-0.48529148193906063
2017-02-28,-0.5068494603379443
2017-03-01,-0.6104297944198172
2017-03-02,-0.6458563168610103
2017-03-03,-0.5304073771211376
2017-03-06,-0.5295461482718946
2017-03-07,-0.48032748991785934
2017-03-08,-0.4813412603966233
2017-03-09,-0.36334017736882496
2017-03-10,-0.13772012506281348
2017-03-13,-0.08948310830580981
2017-03-14,-0.036365761356244766
2017-03-15,0.010606217135419137
2017-03-16,-0.0781962349287552
2017-03-17,-0.1027356268109375
2017-03-20,-0.08925838168589303
2017-03-21,-0.05768836832269381
2017-03-22,-0.04743685352073377
2017-03-23,-0.10223538966235447
2017-03-24,-0.19523819064398584
2017-03-26,-0.2135018241154347
2017-03-27,-0.2225432707248244
2017-03-28,-0.22356985169189253
2017-03-29,-0.2675806015767076
2017-03-30,-0.2789912139580965
2017-04-02,-0.27958524106275434
2017-04-03,-0.2792170967575447
2017-04-04,-0.25468084294755533
2017-04-05,-0.29851298290613343
2017-04-06,-0.46410486902336784
2017-04-09,-0.4700394497320647
2017-04-10,-0.509051547822781
2017-04-11,-0.584705476010993
2017-04-12,-0.5966109208035543
2017-04-13,-0.5711107309292756
2017-04-16,-0.5983040707515257
2017-04-17,-0.7309034589993662
2017-04-18,-0.7943889296932726
2017-04-19,-0.881497921828559
2017-04-20,-0.8654631044431468
2017-04-23,-0.8761290680229795
2017-04-24,-0.8774067995441094
2017-04-25,-0.8643603450687983
2017-04-26,-0.7829406505863484
2017-04-27,-0.6781745211680731
2017-04-30,-0.6175144502187921
2017-05-01,-0.5959358061070404
2017-05-02,-0.7027188444544963
2017-05-03,-0.723879424838346
2017-05-04,-0.6557821073174956
2017-05-07,-0.6195708652354
2017-05-08,-0.5503195775774752
2017-05-09,-0.5214176231349185
2017-05-10,-0.5670499536195841
2017-05-11,-0.5618449027531742
2017-05-14,-0.5568435528841849
2017-05-15,-0.48325012650768057
2017-05-16,-0.4353538389607514
2017-05-17,-0.416228730572249
2017-05-18,0.6329089470425749
2017-05-21,0.744310832129635
2017-05-22,0.834736652385377
2017-05-23,0.9318994606854706
2017-05-24,1.0409543118084565
2017-05-25,1.1341346475933325
2017-05-28,1.1331827191385502
2017-05-29,1.1727286602409148
2017-05-30,1.1721008705984683
2017-05-31,1.1458011120346778
2017-06-01,1.1575629089289146
2017-06-04,1.155981395767493
2017-06-05,1.2372433415489794
2017-06-06,1.2583124503711463
2017-06-07,1.224701654845842
2017-06-08,1.1020707974743738
2017-06-11,1.1020707974743738
2017-06-12,0.9089156088972946
2017-06-13,0.5396037398311064
2017-06-14,0.19253853445295901
2017-06-15,-0.09805481234535934
2017-06-18,-0.07799742160651951
2017-06-19,-0.06826710820346302
2017-06-20,0.03331160900652778
2017-06-21,0.14323963787159388
2017-06-22,0.2568295640907105
2017-06-25,0.13136248513690602
2017-06-26,0.12007948564739382
2017-06-27,0.12228229874796957
2017-06-28,0.02897497373165787
2017-06-29,-0.007807206389339065
2017-07-02,0.255851620738456
2017-07-03,0.2581835638193917
2017-07-04,0.26574149717645407
2017-07-05,0.2552482066473269
2017-07-06,0.23475137865661805
2017-07-09,0.23475137865661805
2017-07-10,0.26492543696025134
2017-07-11,0.27825787946183445
2017-07-12,0.4140751451069369
2017-07-13,0.5220848196432916
2017-07-16,0.7146049146185653
2017-07-17,0.8619276202238348
2017-07-18,1.0112076076499767
2017-07-19,1.0979487028300692
2017-07-20,1.2030226173403253
2017-07-23,1.0700260188274564
2017-07-24,1.0997421970363777
2017-07-25,0.9908165025896308
2017-07-26,1.0008338904432095
2017-07-27,0.8733905152445265
2017-07-30,0.8733905152445265
2017-07-31,0.7546556282569641
2017-08-01,0.5273073943278446
2017-08-02,0.34327664632026433
2017-08-03,-0.02028532713754205
2017-08-06,-0.003187739148509888
2017-08-07,-0.01162679784931882
2017-08-08,-0.28366993810817187
2017-08-09,-0.39995112021458756
2017-08-10,-0.5286861805193802
2017-08-13,-0.5286861805193802
2017-08-14,-0.5096332677474493
2017-08-15,-0.49304569566678347
2017-08-16,-0.49227084892879336
2017-08-17,-0.5037428762305733
2017-08-20,-0.5037428762305733
2017-08-21,-0.4985284796239939
2017-08-22,-0.5120090681873356
2017-08-23,-0.5137667889761663
2017-08-24,-0.5134758990463689
2017-08-27,-0.5432812516845763
2017-08-28,-0.5578052082138842
2017-08-29,-0.5890505775476707
2017-08-30,-0.6714293284077909
2017-08-31,-0.7721083444763394
2017-09-03,-0.7994145478052948
2017-09-04,-0.8522418205861695
2017-09-05,-0.8031796402961454
2017-09-06,-0.6141977668979381
2017-09-07,-0.48619691348034044
2017-09-10,-0.48619691348034044
2017-09-11,-0.43377921094744726
2017-09-12,-0.4232657583975517
2017-09-13,-0.4163511990454149
2017-09-14,-0.42225577581360024
2017-09-17,-0.43515928130303644
2017-09-18,-0.4571541756556921
2017-09-19,-0.47732517611338543
2017-09-20,-0.476262163728065
2017-09-21,-0.4805893701387506
2017-09-24,-0.49847319493011344
2017-09-25,-0.517910491587808
2017-09-26,-0.5186716160463957
2017-09-27,-0.4119365488814745
2017-09-28,-0.3428125839644527
2017-10-01,-0.3773758349912111
2017-10-02,-0.3680101511864691
2017-10-03,-0.3845058406339699
2017-10-04,-0.44631165362613745
2017-10-05,-0.5172902149750057
2017-10-08,-0.5636513063109156
2017-10-09,-0.5667136828589553
2017-10-10,-0.5539771583183124
2017-10-11,-0.5504589280104993
2017-10-12,-0.5873044209519069
2017-10-15,-0.6770708041722451
2017-10-16,-0.6884164032421942
2017-10-17,-0.7192750379059853
2017-10-18,-0.7555111088220878
2017-10-19,-0.7932307699239199
2017-10-22,-0.8409585755601673
2017-10-23,-0.6022491454340307
2017-10-24,-0.3931028861670965
2017-10-25,-0.2886697651482826
2017-10-26,0.0582835554523779
2017-10-30,0.12147732587004773
2017-10-31,0.3294714571022155
2017-11-01,0.3953763452212852
2017-11-02,0.39487306807072436
2017-11-03,0.4070059450853569
2017-11-06,0.473947574486971
2017-11-07,0.4745450116248878
2017-11-08,0.48570403716046456
2017-11-09,0.4367102779242455
2017-11-10,0.36838128907547707
2017-11-13,0.23419475808659196
2017-11-14,0.14753455449277394
2017-11-15,0.04601834837488658
2017-11-16,-0.10806135320288503
2017-11-17,-0.3715272094579876
2017-11-20,-0.594542950683378
2017-11-21,-0.6351510784396663
2017-11-22,-0.6592422619872866
2017-11-23,-0.6252517985415782
2017-11-24,-0.5592627902465012
2017-11-27,-0.5541988757111459
2017-11-28,-0.53782094544875
2017-11-29,-0.44772404528458337
2017-11-30,-0.45040424363441195
2017-12-01,-0.4422962404445335
2017-12-04,-0.5115744662426943
2017-12-05,-0.5084221590957719
2017-12-06,-0.5206880771263716
2017-12-07,-0.5102430499719725
2017-12-08,-0.44883251597588175
2017-12-11,-0.41907689149311783
2017-12-12,-0.3370670029690538
2017-12-13,-0.3749737668362218
2017-12-14,-0.29575293298217503
2017-12-15,-0.11231128522953036
2017-12-18,-0.0857234391499026
2017-12-19,-0.06614359596593289
2017-12-20,-0.05142394975399911
2017-12-21,-0.08172461896672378
2017-12-22,-0.1189805246244897
2017-12-25,-0.06144311172266564
2017-12-26,-0.06295083375612182
2017-12-27,-0.22124737834125882
2017-12-28,-0.27233139392596617
2017-12-29,-0.2781101826914173
2018-01-01,-0.3223906624167841
2018-01-02,-0.4296646122514411
2018-01-03,-0.500670297303494
2018-01-04,-0.5071710628695137
2018-01-05,-0.344868120941369
2018-01-08,-0.1857679633084462
2018-01-09,-0.09933086724334009
2018-01-10,-0.04900169770291244
2018-01-11,0.038572222776637036
2018-01-12,0.07011185588442376
2018-01-15,0.20547852268377928
2018-01-16,0.27863229159949354
2018-01-17,0.31752121142326417
2018-01-18,0.33719580044436354
2018-01-19,0.3594263388061278
2018-01-22,0.28761743906261705
2018-01-23,0.16177356361335576
2018-01-24,0.05132566698239595
2018-01-25,0.11473584976729086
2018-01-26,0.10939777908762417
