Date,rsi_12
2010-01-04,
2010-01-05,3.9412631242604603
2010-01-06,1.889093458505543
2010-01-07,2.43997818135631
2010-01-08,1.0013143353355287
2010-01-11,0.8285048277311012
2010-01-12,1.4011050945873882
2010-01-13,1.9473218051324002
2010-01-14,2.6088055068146176
2010-01-15,2.616707115710312
2010-01-18,2.4571965863188736
2010-01-19,2.7544601919368836
2010-01-20,3.033032530033355
2010-01-21,3.1774786213776256
2010-01-22,3.342859861020689
2010-01-25,0.9335595548741006
2010-01-26,1.922893400723349
2010-01-27,2.130413874755806
2010-01-28,2.337304068769483
2010-01-29,2.388831318108919
2010-02-01,1.9238804844079753
2010-02-02,0.7570304727174199
2010-02-03,1.113171199918748
2010-02-04,1.5632052225116586
2010-02-05,1.5940335670946748
2010-02-08,1.216384726541538
2010-02-09,0.3843907583595366
2010-02-10,0.5347419701897036
2010-02-11,0.5532432630261804
2010-02-12,0.7024935350012187
2010-02-15,0.47150142183490257
2010-02-16,0.18830554571923325
2010-02-17,-0.10158346060202668
2010-02-18,-0.4960460511521409
2010-02-19,-0.8830965061930883
2010-02-22,-0.7312216869373943
2010-02-23,-0.35121742165091496
2010-02-24,-0.380942757839686
2010-02-25,0.1633711875845499
2010-02-26,-0.6851494668981257
2010-03-01,-0.8741886225142997
2010-03-02,-1.9611993315511518
2010-03-03,-0.6127001497641485
2010-03-04,-0.602497839842354
2010-03-05,-0.781411981762629
2010-03-08,-0.6261985089910155
2010-03-09,-0.6968934845481181
2010-03-10,-0.9441974157971619
2010-03-11,-0.9159659715137983
2010-03-12,-1.0768714690040393
2010-03-15,-1.063764470934336
2010-03-16,-0.8982881589106875
2010-03-17,-1.0013621863431004
2010-03-18,-0.6714700751661413
2010-03-19,0.07853713171503972
2010-03-22,0.18945091111145926
2010-03-23,-0.371864417999348
2010-03-24,0.0017269503390102965
2010-03-25,0.16200384393327727
2010-03-26,0.757052591477103
2010-03-28,0.284662403563628
2010-03-29,-0.14408080897113093
2010-03-30,-0.49479516318399497
2010-03-31,-0.8543487334030108
2010-04-01,-0.8637231103562318
2010-04-04,-0.9747149250106169
2010-04-05,-1.1590107605537467
2010-04-06,-0.3253568711837304
2010-04-07,-0.4391285280220774
2010-04-08,-0.49846073379248124
2010-04-11,-0.9175732630689417
2010-04-12,-1.7860455436127338
2010-04-13,-0.7715389961752521
2010-04-14,-0.6620575106306331
2010-04-15,-0.4880692269377176
2010-04-18,-0.3705024408447358
2010-04-19,-0.573962100188454
2010-04-20,-0.691466829121889
2010-04-21,-0.19678495837572307
2010-04-22,-0.21808727798113253
2010-04-25,-0.7564125566032531
2010-04-26,-0.10149120870617659
2010-04-27,-0.29976177188776676
2010-04-28,-0.9717976708146878
2010-04-29,-1.0226820918637116
2010-05-02,-0.9404560579665552
2010-05-03,-0.3268000175483098
2010-05-04,0.4672100063620938
2010-05-05,1.3892762716089953
2010-05-06,1.5829359416887878
2010-05-09,-0.09163923198112826
2010-05-10,-0.08153619270836214
2010-05-11,-0.11932385170064215
2010-05-12,-0.18960151390709595
2010-05-13,0.41549729838305804
2010-05-16,0.4293116032308418
2010-05-17,0.6524705724348921
2010-05-18,0.8812880189346417
2010-05-19,1.5969246495346798
2010-05-20,0.7194700888438736
2010-05-23,0.9193689917088409
2010-05-24,1.0007903465694001
2010-05-25,0.8689862913665819
2010-05-26,-0.10242615073798943
2010-05-27,-0.13327715486751682
2010-05-30,-0.13134132460183637
2010-05-31,0.2442254532925113
2010-06-01,0.17580800932225446
2010-06-02,-0.09132497442967305
2010-06-03,0.30913215851031695
2010-06-06,0.9018214144608271
2010-06-07,0.5591239444603574
2010-06-08,0.14850521110832618
2010-06-09,-0.43792507723601815
2010-06-10,-0.4509563219235415
2010-06-13,-0.6413307359666821
2010-06-14,-0.9528756595645596
2010-06-15,-0.8945622462450733
2010-06-16,-0.9222320477205478
2010-06-17,-1.1807166504025246
2010-06-20,-1.344356416800035
2010-06-21,-1.2308946357311457
2010-06-22,-0.22079808672829543
2010-06-23,-0.7201993896837445
2010-06-24,-0.6789148348837716
2010-06-27,-0.6201533938070266
2010-06-28,0.07232170267545637
2010-06-29,-0.3523903172716138
2010-06-30,-0.14583425492794416
2010-07-01,-0.7145306724081956
2010-07-04,-0.738477723921084
2010-07-05,-0.8832541431666165
2010-07-06,-0.9299320670730487
2010-07-07,-0.8119223601027478
2010-07-08,-1.1125852223780974
2010-07-11,-0.9715132167547318
2010-07-12,-1.079380027147271
2010-07-13,-0.6679735865802265
2010-07-14,-0.5088511404243892
2010-07-15,-0.03691253511242768
2010-07-18,0.09379747063501158
2010-07-19,-0.3806329306430617
2010-07-20,-0.46304556723930707
2010-07-21,-0.8481791837762974
2010-07-22,-0.8340530729440957
2010-07-25,-0.5863970098898275
2010-07-26,-0.7761730209487009
2010-07-27,-0.6911006704084004
2010-07-28,-0.5529525750874149
2010-07-29,-0.8344058903564019
2010-08-01,-1.4176965056611386
2010-08-02,-0.8082360903998895
2010-08-03,-0.8082360903998895
2010-08-04,-0.8552729416874648
2010-08-05,-0.7977564958321881
2010-08-08,-2.188035724164603
2010-08-09,-0.3954033265802397
2010-08-10,-0.12685885052900525
2010-08-11,0.11712376926334349
2010-08-12,0.047378631325504385
2010-08-15,-1.1107772674577279
2010-08-16,-0.1988310645091512
2010-08-17,-0.37331876980690826
2010-08-18,-0.34692083993533823
2010-08-19,-0.033844255537495885
2010-08-22,-1.0665544350279095
2010-08-23,-0.0018805806830510204
2010-08-24,-0.010024218948792997
2010-08-25,0.0705915230823359
2010-08-26,-0.12751473651628722
2010-08-29,-1.1565235490318413
2010-08-30,-0.0886662008005123
2010-08-31,-0.1708714700286648
2010-09-01,-0.34440624878773785
2010-09-02,-0.353360576949322
2010-09-05,-1.3160672633347954
2010-09-06,-0.4089859246102416
2010-09-07,-0.32846256412735964
2010-09-08,-0.4899898301279532
2010-09-09,-0.4177661475901478
2010-09-12,-1.176245312410071
2010-09-13,-0.3633292082373743
2010-09-14,-0.5619253942465586
2010-09-15,-0.2560225282521535
2010-09-16,-0.31108804391552664
2010-09-19,-0.9989726338057596
2010-09-20,-0.09981532308442531
2010-09-21,-0.1267706567274141
2010-09-22,-0.7497522421323863
2010-09-23,-0.16681654024798687
2010-09-26,-0.7520744706021479
2010-09-27,-0.21108372073906542
2010-09-28,-0.21108372073906542
2010-09-29,-0.2785615551668541
2010-09-30,-0.3736344643238017
2010-10-03,-1.0756819029508407
2010-10-04,-0.235732458910096
2010-10-05,-0.5389778061162777
2010-10-06,-0.3535040999939259
2010-10-07,-0.42522550897818273
2010-10-10,-0.9769207531797466
2010-10-11,-0.501787692753967
2010-10-12,-0.3899220554106339
2010-10-13,-0.5929327846313934
2010-10-14,-0.47615192911495696
2010-10-17,-1.0761352181252608
2010-10-18,-0.20893873750171613
2010-10-19,-0.004784466498650281
2010-10-20,-0.1872473884652474
2010-10-21,0.043312681433124604
2010-10-24,-0.5533311481799346
2010-10-25,0.09470528250485022
2010-10-26,0.1215744159209027
2010-10-27,0.30659140437846005
2010-10-28,0.22835257943788367
2010-11-01,-0.6073555689119641
2010-11-02,0.07031379032240417
2010-11-03,0.03063701144231801
2010-11-04,-0.1198580470391491
2010-11-05,-0.30043166765340557
2010-11-08,-0.24070563675429396
2010-11-09,-0.0012804850903452472
2010-11-10,-0.0012804850903452472
2010-11-11,0.2081849222899348
2010-11-12,0.3778380244085889
2010-11-15,-0.46075380149470524
2010-11-16,0.24568278715055009
2010-11-17,0.4432305832381898
2010-11-18,0.2807792603235305
2010-11-19,0.03001932543685797
2010-11-22,-0.5317023543223321
2010-11-23,0.1485827853488679
2010-11-24,0.30871234771808165
2010-11-25,0.12549754175064817
2010-11-26,0.019662881724846624
2010-11-29,0.23118356856406466
2010-11-30,0.006458638959577497
2010-12-01,-0.039258921782920765
2010-12-02,-0.20243872113464398
2010-12-03,-0.28815445537876017
2010-12-06,-1.3020519673076214
2010-12-07,-0.4571001141732825
2010-12-08,-0.5197762723819229
2010-12-09,-0.25697932327021583
2010-12-10,-0.05821306292131674
2010-12-13,-0.03343666935409891
2010-12-14,-0.2652668464500069
2010-12-15,-0.2652668464500069
2010-12-16,-0.13468062666091607
2010-12-17,-0.012141457092369206
2010-12-20,-0.8117811068277897
2010-12-21,0.03692793243646767
2010-12-22,-0.0958237124713284
2010-12-23,-0.11698154274511637
2010-12-24,-0.2653418636660312
2010-12-27,-0.30226660802633976
2010-12-28,-0.4395239185172393
2010-12-29,-0.29363055364728413
2010-12-30,-0.6057409221064706
2010-12-31,-0.975639624639718
2011-01-03,-1.7741674922785085
2011-01-04,-0.9170462093705277
2011-01-05,-0.43233972699206985
2011-01-06,-0.2686950165937407
2011-01-07,-0.03293716054776684
2011-01-10,-0.965615286655901
2011-01-11,0.031589185759812635
2011-01-12,-0.6742004223759233
2011-01-13,-0.8898777425641341
2011-01-14,-0.18212569821564384
2011-01-17,-0.46855405455531446
2011-01-18,0.01942780933846218
2011-01-19,-0.1360582169195401
2011-01-20,-0.15906180253122276
2011-01-21,-0.6665093212313644
2011-01-24,-0.875340434610378
2011-01-25,-0.060151390995465834
2011-01-26,-0.10220766022426137
2011-01-27,-0.7742642431091806
2011-01-28,-0.013360550066615288
2011-01-31,-0.4822425417658082
2011-02-01,-0.06746107028975153
2011-02-02,-0.09097753923696164
2011-02-03,-0.1261109864569138
2011-02-04,-0.0427507429325274
2011-02-07,-0.6669698932892381
2011-02-08,-0.6056182120568425
2011-02-09,-0.03443738537001275
2011-02-10,-0.073693483289568
2011-02-11,-0.039860938938403485
2011-02-14,-0.7814769131758859
2011-02-15,0.008342038805681056
2011-02-16,0.03766690761950353
2011-02-17,0.04370559625432522
2011-02-18,-0.07996156863039326
2011-02-21,-0.8134124442958848
2011-02-22,0.022151100423555788
2011-02-23,0.06699577238565399
2011-02-24,0.07152437963061607
2011-02-25,-0.07633420932054279
2011-02-28,-0.12641172595571762
2011-03-01,-0.15026344302674047
2011-03-02,-0.18022567635530892
2011-03-03,-0.2530711220749083
2011-03-04,-0.36452630248731865
2011-03-07,-0.5919126239780762
2011-03-08,-0.2531276371501658
2011-03-09,-0.20053883722359833
2011-03-10,-0.1797723173649622
2011-03-11,-0.045808532318586115
2011-03-14,-0.1444165862314383
2011-03-15,0.14882547928505233
2011-03-16,0.08302187421317599
2011-03-17,0.5037408065448898
2011-03-18,0.6120320283594424
2011-03-21,-0.043299641307119635
2011-03-22,-0.04721305052659931
2011-03-23,-0.22297889744348456
2011-03-24,-0.1924047100787618
2011-03-25,-0.3057306725901412
2011-03-27,-0.6402563155804997
2011-03-28,-0.14056628945097213
2011-03-29,-0.3307071423420245
2011-03-30,-1.3205605204040634
2011-03-31,-1.3584189147461048
2011-04-03,-1.7679925376115193
2011-04-04,-1.928694462081866
2011-04-05,-1.821695643825271
2011-04-06,-1.3699015339633678
2011-04-07,-1.9347184853439237
2011-04-10,-2.356083778927733
2011-04-11,-2.003605992350322
2011-04-12,-1.3439316673424953
2011-04-13,-1.298301064168006
2011-04-14,-1.298301064168006
2011-04-17,-1.298301064168006
2011-04-18,-0.3231894114766261
2011-04-19,-0.6963569432954829
2011-04-20,-1.0013499064112519
2011-04-21,-1.0013499064112519
2011-04-24,-1.2499384266924616
2011-04-25,-0.5817453576432653
2011-04-26,-0.9398559819203938
2011-04-27,-0.8432579090591344
2011-04-28,-0.0007230005839470319
2011-05-01,-0.779138700588058
2011-05-02,-0.29523203038195867
2011-05-03,0.06592764815207756
2011-05-04,0.565399844573187
2011-05-05,1.0327603451358136
2011-05-08,0.17414064984043945
2011-05-09,0.5509524800992802
2011-05-10,0.2884877814237849
2011-05-11,0.5906591914481469
2011-05-12,0.4777930992658717
2011-05-15,0.9094552628828466
2011-05-16,0.7384124221996912
2011-05-17,0.2994631411852879
2011-05-18,0.08169599417432871
2011-05-19,0.21478525797106546
2011-05-22,0.05228767915447029
2011-05-23,0.762806989210918
2011-05-24,0.44491861286160955
2011-05-25,0.37222311871946895
2011-05-26,0.2138505354411825
2011-05-29,-0.6773830152999272
2011-05-30,-0.7131852587034343
2011-05-31,-1.0930664482277803
2011-06-01,-0.6005347419239406
2011-06-02,-0.9827347109845014
2011-06-05,-1.192515027079798
2011-06-06,-0.7630371892938069
2011-06-07,-0.8505683927177307
2011-06-08,-0.6737309778119345
2011-06-09,-0.46105247307897657
2011-06-12,-0.15945075676269174
2011-06-13,-0.3731335230686076
2011-06-14,-0.7170201363741535
2011-06-15,-0.02600735688624024
2011-06-16,0.2755664596915535
2011-06-19,-0.3119666802135347
2011-06-20,-0.16277222204564454
2011-06-21,-0.39226800600250666
2011-06-22,-0.41036472557123466
2011-06-23,-0.2605232022724172
2011-06-26,-0.28191042163473984
2011-06-27,-0.04953258304663837
2011-06-28,-0.7644544357844646
2011-06-29,-1.0545091032688874
2011-06-30,-1.3206876995842407
2011-07-03,-1.6762035801117678
2011-07-04,-1.5221179106632965
2011-07-05,-0.8714012242196956
2011-07-06,-0.6050925680781776
2011-07-07,-1.1138843079212037
2011-07-10,-0.7600524738780546
2011-07-11,-0.008191861083018085
2011-07-12,-0.21412160043859324
2011-07-13,-0.4780953019228825
2011-07-14,-0.11574269768263276
2011-07-17,-0.44590818592334214
2011-07-18,-0.15336455641196708
2011-07-19,-0.5406479562488204
2011-07-20,-0.6699520322508866
2011-07-21,-0.9954831918586398
2011-07-24,-0.9121601619657015
2011-07-25,-1.2522052483269792
2011-07-26,-1.5688287431170422
2011-07-27,-0.2209463108481657
2011-07-28,-0.2319351268615132
2011-07-31,-0.791442672806547
2011-08-01,-0.34228974404210083
2011-08-02,-0.13679039255589262
2011-08-03,-0.1485483325847159
2011-08-04,0.3626367863775199
2011-08-07,0.8564162424366457
2011-08-08,0.9642933375575634
2011-08-09,1.6621051915889353
2011-08-10,1.3718555698944286
2011-08-11,1.4019882549425753
2011-08-14,0.8459332665070572
2011-08-15,-0.020808762458667505
2011-08-16,-0.17418945886372939
2011-08-17,-0.3615444711705303
2011-08-18,0.5103352328263892
2011-08-21,0.11283855078552901
2011-08-22,0.3153557523228888
2011-08-23,0.1319993209450792
2011-08-24,0.4269777173808517
2011-08-25,0.47673207241819887
2011-08-28,0.11813988408522064
2011-08-29,-0.0995209384771583
2011-08-30,-0.38702217898162355
2011-08-31,-0.5312033273364649
2011-09-01,0.1094834621600878
2011-09-04,0.9748277052723587
2011-09-05,1.3750916806134705
2011-09-06,1.5668710015197478
2011-09-07,1.2915567110242179
2011-09-08,1.209147100020279
2011-09-11,1.661314545345211
2011-09-12,2.0749231645641255
2011-09-13,2.172819890343266
2011-09-14,2.3179594406402666
2011-09-15,1.6829197055339322
2011-09-18,1.7050236120960762
2011-09-19,2.5124859660211616
2011-09-20,2.563744916252441
2011-09-21,2.82721928795785
2011-09-22,3.021792990154491
2011-09-25,2.3999422090164804
2011-09-26,2.1224242329479313
2011-09-27,1.0403351033410755
2011-09-28,1.2197347058758246
2011-09-29,1.331862726627588
2011-10-02,1.5401486933774682
2011-10-03,1.9126618682632561
2011-10-04,1.0770325996539156
2011-10-05,0.7539691778203077
2011-10-06,0.26220670561835674
2011-10-09,-0.41467054587229646
2011-10-10,-0.6208557890747931
2011-10-11,-0.7294953993649861
2011-10-12,-0.15144950349568567
2011-10-13,-0.587572132818984
2011-10-16,-0.750699170209378
2011-10-17,-0.16883419383806267
2011-10-18,-0.3089852097422558
2011-10-19,-0.24649771477976207
2011-10-20,0.1633043234519885
2011-10-23,-0.16711476263694017
2011-10-24,-0.4593503668425898
2011-10-25,-0.24248972720540288
2011-10-26,-0.30362266069936805
2011-10-27,-1.0499758147378546
2011-10-31,-1.3205180328312713
2011-11-01,-1.2062454557635511
2011-11-02,-0.2720683217930171
2011-11-03,-0.4061555267493581
2011-11-04,-0.4351841439257229
2011-11-07,-0.11199575623341057
2011-11-08,-0.0952719241888059
2011-11-09,-0.3015480852932918
2011-11-10,0.0440675078697971
2011-11-11,0.11173135169156814
2011-11-14,-0.3292353026561654
2011-11-15,0.08395416044308858
2011-11-16,0.27731924180828077
2011-11-17,0.29765161973703047
2011-11-18,0.1428000077902477
2011-11-21,0.4399096361751671
2011-11-22,0.9470541851285442
2011-11-23,1.0756875322214468
2011-11-24,1.732632287026165
2011-11-25,1.905877155322301
2011-11-28,1.9562069131394126
2011-11-29,1.173439861389265
2011-11-30,0.8139456582144948
2011-12-01,0.028157847678227967
2011-12-02,-0.15808621278750168
2011-12-05,-0.23854513928341053
2011-12-06,-0.5633424306597975
2011-12-07,-0.29132076830632714
2011-12-08,-0.11101071457449338
2011-12-09,0.292043356510763
2011-12-12,-0.18483045028176884
2011-12-13,0.08121290409764585
2011-12-14,0.9412540796211725
2011-12-15,1.1970555380426882
2011-12-16,0.757305325396607
2011-12-19,0.6152385922536155
2011-12-20,0.8380255744706893
2011-12-21,0.23594718786900998
2011-12-22,0.4793687027790753
2011-12-23,0.37343013644248835
2011-12-26,0.5094482047191027
2011-12-27,0.4952998077321897
2011-12-28,0.5500862862108288
2011-12-29,0.9021887675102459
2011-12-30,0.5281405789691943
2012-01-02,0.4345486731138231
2012-01-03,0.6244820484207438
2012-01-04,-0.4145495265036487
2012-01-05,-0.7799931430540372
2012-01-06,-0.13545970747383715
2012-01-09,-0.02500574168976215
2012-01-10,-0.19759739777010063
2012-01-11,-1.0938791863575212
2012-01-12,-0.9675232967669545
2012-01-13,-1.3663835364513524
2012-01-16,-1.0765486428042266
2012-01-17,-1.283062887760633
2012-01-18,-1.2766558192190267
2012-01-19,-1.4851099545203177
2012-01-20,-1.70755644605794
2012-01-23,-1.535879796325704
2012-01-24,-1.6865523856385698
2012-01-25,-1.4311189350746516
2012-01-26,-1.3654302629012685
2012-01-27,0.9450630455679441
2012-01-30,-0.984874342567618
2012-01-31,-0.8447436051238354
2012-02-01,-0.8638318082192448
2012-02-02,-1.0355520079606477
2012-02-03,-1.2102394074771552
2012-02-06,-1.246908161274089
2012-02-07,-1.0509433710503624
2012-02-08,-1.0265742208943998
2012-02-09,-1.1317713128679179
2012-02-10,-1.182063064520325
2012-02-13,-1.082048193739004
2012-02-14,-1.1543709605839945
2012-02-15,-1.123012020763726
2012-02-16,-0.7196985649746982
2012-02-17,-1.0167227097490568
2012-02-20,-1.1609126525071114
2012-02-21,-0.8645973006765875
2012-02-22,-0.9367178759061385
2012-02-23,-1.1848512723324733
2012-02-24,-0.8648888750687113
2012-02-27,-1.0417450293397053
2012-02-28,-1.062264307426727
2012-02-29,-1.3032282638751027
2012-03-01,-0.4694527209690607
2012-03-02,-0.5745044200395506
2012-03-05,0.027417330195040942
2012-03-06,0.3113740872425926
2012-03-07,0.9168509707881232
2012-03-08,1.0745578785765575
2012-03-09,0.8721515894527639
2012-03-12,1.4964460634187535
2012-03-13,1.672137599387158
2012-03-14,1.3326855546392975
2012-03-15,1.571091518751014
2012-03-16,1.38479909744804
2012-03-19,1.2928659088367198
2012-03-20,1.7644844735992076
2012-03-21,1.4485880052325153
2012-03-22,1.5539804048006505
2012-03-23,1.496637112610375
2012-03-25,1.040342686183807
2012-03-26,1.246605663634114
2012-03-27,1.3521685354829187
2012-03-28,1.4102097274465688
2012-03-29,1.2507245394669573
2012-04-01,1.3976240697447522
2012-04-02,1.5997099783887303
2012-04-03,1.3527305045496578
2012-04-04,1.233441390564434
2012-04-05,0.9091099579695482
2012-04-08,0.8377265538976384
2012-04-09,0.6243196832757488
2012-04-10,1.205160665144442
2012-04-11,1.284120836645811
2012-04-12,0.6632137331556335
2012-04-15,1.1218782118508672
2012-04-16,1.4083895174665648
2012-04-17,1.7757282794892675
2012-04-18,2.1954746973901127
2012-04-19,2.229237297986737
2012-04-22,1.6914453349047718
2012-04-23,1.8844254207342581
2012-04-24,1.8486564604575189
2012-04-25,1.810107171817175
2012-04-26,1.9472166907226804
2012-04-29,2.0069505091000974
2012-04-30,2.446563099533845
2012-05-01,2.4577091608288693
2012-05-02,2.7194475570457595
2012-05-03,1.8025818082236105
2012-05-06,2.1551854839997113
2012-05-07,1.6509643256408955
2012-05-08,2.0357795461069137
2012-05-09,2.479163003177951
2012-05-10,1.647642751878362
2012-05-13,1.85883753461731
2012-05-14,2.218128330817654
2012-05-15,2.3004107349175027
2012-05-16,2.277060122113337
2012-05-17,2.377725822941005
2012-05-20,2.53733788486687
2012-05-21,2.6415892161767083
2012-05-22,3.034027740367931
2012-05-23,1.0991417957744074
2012-05-24,1.103230421660436
2012-05-27,0.12261728156384522
2012-05-28,0.06601656903974343
2012-05-29,0.2531331413965987
2012-05-30,0.6466149252316534
2012-05-31,0.8120183025116914
2012-06-03,1.0197184687829053
2012-06-04,1.225128873860198
2012-06-05,0.42382584196137757
2012-06-06,0.5951220474192075
2012-06-07,0.544500363072849
2012-06-10,0.34542644882205503
2012-06-11,1.0591346495550895
2012-06-12,1.104792268034147
2012-06-13,1.168175479249346
2012-06-14,0.7753994734132472
2012-06-17,0.4999960567315995
2012-06-18,0.7366613860937763
2012-06-19,-0.1077791965580251
2012-06-20,-0.2323516405565873
2012-06-21,0.5759559246620478
2012-06-24,0.6426635578086494
2012-06-25,0.48840265077074296
2012-06-26,0.7635458860393005
2012-06-27,0.7574790420130918
2012-06-28,0.8049273570360301
2012-07-01,-0.8433418022906896
2012-07-02,-1.2250171437924455
2012-07-03,-0.671124875137693
2012-07-04,-0.29819882846212153
2012-07-05,-0.4414782607242101
2012-07-08,-0.24827682384368716
2012-07-09,-0.16398488235050127
2012-07-10,-0.1380666021457159
2012-07-11,-0.07025021300333964
2012-07-12,-0.030235808503819857
2012-07-15,-0.013024064521254153
2012-07-16,-0.11765985148236908
2012-07-17,-0.5396163290925116
2012-07-18,-0.6028490431984102
2012-07-19,-0.8243265783013894
2012-07-22,-0.36886777823823014
2012-07-23,0.09396561724860786
2012-07-24,0.3755309198975943
2012-07-25,-0.0932308287128979
2012-07-26,-0.5015268141086177
2012-07-29,-0.4716293197917688
2012-07-30,0.19525177381959327
2012-07-31,0.653458762593409
2012-08-01,0.13096297918732805
2012-08-02,0.31234488328869514
2012-08-05,-0.3743828741870768
2012-08-06,-0.325461070630477
2012-08-07,-0.37044005626441523
2012-08-08,-0.5678031973742779
2012-08-09,-0.6992297557603224
2012-08-12,-0.8065280803660324
2012-08-13,-0.540075563763459
2012-08-14,-0.2689780167712236
2012-08-15,-0.361933261366187
2012-08-16,-0.710467838006584
2012-08-19,-0.7347448502957482
2012-08-20,-0.7434908946918782
2012-08-21,-0.8981860109236816
2012-08-22,-0.615766827087927
2012-08-23,-0.16966380142548745
2012-08-26,-0.15217780578590442
2012-08-27,0.2935463001154917
2012-08-28,0.7661844275836789
2012-08-29,1.020561535266049
2012-08-30,0.909304321530683
2012-09-02,-0.1988439674671897
2012-09-03,-0.1505305222201726
2012-09-04,0.27009166020324965
2012-09-05,0.23889749612444042
2012-09-06,-0.40924950713492014
2012-09-09,-0.39104147809674383
2012-09-10,-0.7153935699049869
2012-09-11,-1.0748154978881816
2012-09-12,-0.31862543389309367
2012-09-13,-0.6022778896634986
2012-09-16,-1.008186214017399
2012-09-17,0.08976925829914183
2012-09-18,-0.37654359596520187
2012-09-19,-0.3003570322004465
2012-09-20,-0.4562479210099181
2012-09-23,-0.4177754111302245
2012-09-24,-0.15526422269792856
2012-09-25,0.09727438261727148
2012-09-26,0.35392644839131404
2012-09-27,-0.028887669885994924
2012-09-30,-0.28432787310079327
2012-10-01,-0.2592223329832911
2012-10-02,-0.12099390354632059
2012-10-03,-0.5299055586027713
2012-10-04,-0.6864156240012682
2012-10-07,-1.5720192060581621
2012-10-08,0.1431153675323226
2012-10-09,0.22373057342825803
2012-10-10,0.5639038489727788
2012-10-11,0.5473305348201468
2012-10-14,0.6618718558109923
2012-10-15,0.27925592163112933
2012-10-16,0.15634281653141038
2012-10-17,-0.050907344140658145
2012-10-18,-0.2780963887934643
2012-10-21,-0.27809638879346493
2012-10-22,-0.46562041356120343
2012-10-23,-0.29195730713852647
2012-10-24,-0.3824235982098369
2012-10-25,-0.38982827964393685
2012-10-29,-0.2843943592209667
2012-10-30,0.18893746009503748
2012-10-31,0.014524290296329205
2012-11-01,-0.08876687865143597
2012-11-02,0.05980393928998346
2012-11-05,-0.015017449915370799
2012-11-06,0.4875429577178128
2012-11-07,-0.06275410678981809
2012-11-08,0.2897811955100797
2012-11-09,0.6320766700788631
2012-11-12,1.1314951324714557
2012-11-13,1.405956250049177
2012-11-14,1.7842562272793274
2012-11-15,2.039024634707842
2012-11-16,2.0796183447032903
2012-11-19,2.5461299147917593
2012-11-20,2.1675791020132347
2012-11-21,2.257618454637809
2012-11-22,2.6302978117317024
2012-11-23,2.7715290027926485
2012-11-26,0.930832334458047
2012-11-27,0.9746070870953151
2012-11-28,1.0398099780007382
2012-11-29,1.3633960507814615
2012-11-30,1.4875058676204413
2012-12-03,2.3516970248343325
2012-12-04,1.4960177828408787
2012-12-05,1.4524152972701032
2012-12-06,0.05965320756820291
2012-12-07,-0.3139641944123394
2012-12-10,-0.39609350757817313
2012-12-11,-0.2924701632999001
2012-12-12,-0.3153594164295403
2012-12-13,-0.5194115569300216
2012-12-14,0.06431337251203623
2012-12-17,0.0959076141338958
2012-12-18,0.4804900612723473
2012-12-19,0.13914063178712321
2012-12-20,-0.6186238387590767
2012-12-21,-0.6140782873744141
2012-12-24,-1.0665868839731014
2012-12-25,-0.25527725865529877
2012-12-26,-0.16934820515289487
2012-12-27,-1.1040230750084308
2012-12-28,-1.265713809242743
2012-12-31,-1.1136000869996676
2013-01-01,-0.8615007817005367
2013-01-02,-1.022292656117501
2013-01-03,-1.022292656117501
2013-01-04,-0.8583816707260469
2013-01-07,-1.401288244927607
2013-01-08,-1.5735623174646307
2013-01-09,-0.8554015416375257
2013-01-10,-0.5049995147849133
2013-01-11,-1.1572516263332375
2013-01-14,-1.0626182693493855
2013-01-15,-0.9294754598487299
2013-01-16,-0.9294754598487299
2013-01-17,-0.9294754598487299
2013-01-18,-1.0803464798382345
2013-01-21,-1.3629059110312587
2013-01-22,-0.8034291042195585
2013-01-23,-0.6664125552739676
2013-01-24,-0.9855681309979147
2013-01-25,-1.2103723710264607
2013-01-28,-1.2103723710264607
2013-01-29,-2.255291481438731
2013-01-30,-2.410295158299042
2013-01-31,-2.2812608314358576
2013-02-01,-2.1186847478487882
2013-02-04,-2.224988046939478
2013-02-05,-1.6307082390381784
2013-02-06,-1.9735750536807286
2013-02-07,-1.7676794772811555
2013-02-08,-2.3198879756342237
2013-02-11,-1.9047850462067495
2013-02-12,-1.866598205660636
2013-02-13,-1.9195780028274494
2013-02-14,-2.051534400770132
2013-02-15,-2.2585621007375822
2013-02-18,-1.6135665451975967
2013-02-19,-1.7856898931316847
2013-02-20,-1.9580032395480857
2013-02-21,-1.5161253470129583
2013-02-22,-0.7870197210276847
2013-02-25,-0.9002686506643934
2013-02-26,-0.26921468689619116
2013-02-27,-0.18683178636980988
2013-02-28,-0.566952129855421
2013-03-01,-0.37880350947976543
2013-03-04,-0.18523632907833104
2013-03-05,-0.6983415910902747
2013-03-06,-1.0748240649133411
2013-03-07,-0.5788669634259777
2013-03-08,-1.0524993802042235
2013-03-11,-1.6325080548904094
2013-03-12,-0.8136573789997783
2013-03-13,-0.43559458731217504
2013-03-14,-0.18140291826853322
2013-03-15,-0.1593859234579187
2013-03-18,0.1416682462816899
2013-03-19,0.3126208952607264
2013-03-20,0.3014084191453101
2013-03-21,0.3868427568833787
2013-03-22,1.1954042046061157
2013-03-25,1.2407294423630295
2013-03-26,1.205531792279526
2013-03-27,1.5075210038069353
2013-03-28,1.162229543082431
2013-03-29,1.4707973890498467
2013-03-31,1.4553930828064274
2013-04-01,1.146236165631229
2013-04-02,1.2866355933439215
2013-04-03,1.3827735199195732
2013-04-04,0.710794730298533
2013-04-07,-0.8770437697920106
2013-04-08,-0.5350166663187781
2013-04-09,-0.9000806365664213
2013-04-10,-1.1689301551837183
2013-04-11,-1.0744730866644496
2013-04-14,-1.386696241663128
2013-04-15,0.12042921589387359
2013-04-16,-0.38448167089886914
2013-04-17,0.068964836492266
2013-04-18,-0.4665234503883228
2013-04-21,0.2850763857244217
2013-04-22,0.5705660072379862
2013-04-23,0.6363420645970274
2013-04-24,0.2622054123788317
2013-04-25,-0.07587471396833793
2013-04-28,-0.2829552324019432
2013-04-29,0.14040161146179933
2013-04-30,-0.01699951343542293
2013-05-01,-0.00967036956630796
2013-05-02,0.18747229306309823
2013-05-05,0.11860265450147764
2013-05-06,0.13997191423554622
2013-05-07,0.13460290480717071
2013-05-08,-0.1448081892151234
2013-05-09,0.28241340472159404
2013-05-12,0.488485186145424
2013-05-13,0.041370885630658376
2013-05-14,0.592665275739878
2013-05-15,0.6549751075269197
2013-05-16,0.7708194150153452
2013-05-19,1.1167833241212106
2013-05-20,1.2824018988809645
2013-05-21,1.0626769559285556
2013-05-22,1.5235719766013507
2013-05-23,1.1885411266041617
2013-05-26,1.3956190903908487
2013-05-27,1.6130396911103138
2013-05-28,2.1316391146123372
2013-05-29,2.6495974462821112
2013-05-30,2.6543952687251715
2013-06-02,1.596938121013723
2013-06-03,2.129568804862308
2013-06-04,2.167374513630617
2013-06-05,2.1836752413647518
2013-06-06,2.219759053578629
2013-06-09,2.219759053578629
2013-06-10,2.219759053578629
2013-06-11,2.219759053578629
2013-06-12,2.636942199308143
2013-06-13,0.7534627605888818
2013-06-16,0.02721088128361569
2013-06-17,1.419787199939353
2013-06-18,1.5473202078129034
2013-06-19,2.0448772618660422
2013-06-20,2.2969001502210387
2013-06-23,1.8153712848762626
2013-06-24,1.4709642754683587
2013-06-25,1.0768881830618802
2013-06-26,0.5181559941596985
2013-06-27,0.668993948985572
2013-06-30,0.5103559765797072
2013-07-01,1.027249414900392
2013-07-02,1.3321076419390496
2013-07-03,1.5180126813672177
2013-07-04,1.0722269368147168
2013-07-07,1.0928675002511692
2013-07-08,1.2872736736764108
2013-07-09,1.0769453483346192
2013-07-10,1.315827558581263
2013-07-11,0.7958201470667631
2013-07-14,0.9588605335997821
2013-07-15,-0.12107248556488795
2013-07-16,0.4412452867262964
2013-07-17,-0.0645309684366583
2013-07-18,-0.08534393442254741
2013-07-21,0.32332477453387864
2013-07-22,0.021864482459354566
2013-07-23,-0.3649263501116329
2013-07-24,0.24061767066174658
2013-07-25,0.181709641688997
2013-07-28,0.4189182220107469
2013-07-29,0.6223495767176531
2013-07-30,0.8281381549687211
2013-07-31,0.6791397426333774
2013-08-01,1.1142197518199601
2013-08-04,0.6653280277075163
2013-08-05,0.9588054423057392
2013-08-06,0.7632056680156251
2013-08-07,0.9119601758973483
2013-08-08,0.2486626692065949
2013-08-11,0.017176921051878347
2013-08-12,0.34054860231326217
2013-08-13,0.8051196082904889
2013-08-14,0.9770991028445378
2013-08-15,1.222566541382713
2013-08-18,1.8097109948868557
2013-08-19,2.0118431630417675
2013-08-20,1.5819650854860792
2013-08-21,2.063436129559769
2013-08-22,1.6871414731470644
2013-08-25,0.08307995837903279
2013-08-26,0.445582452068906
2013-08-27,0.325962094535091
2013-08-28,-0.06079223751064002
2013-08-29,0.12335136182311675
2013-09-01,0.4411421810288253
2013-09-02,0.3407841311984183
2013-09-03,0.022914242793126365
2013-09-04,0.05094318043097857
2013-09-05,-0.5515488636380097
2013-09-08,-0.8286376056091163
2013-09-09,-1.1685705402000501
2013-09-10,-1.0008977557131575
2013-09-11,-1.140801291269556
2013-09-12,-1.1227740282549925
2013-09-15,-1.0242958058774738
2013-09-16,-0.9064053119228742
2013-09-17,-1.398143044219056
2013-09-18,-2.1363680761297923
2013-09-19,-1.7907646429888378
2013-09-22,-1.5510895778736022
2013-09-23,-1.686148049541049
2013-09-24,-1.699244670132555
2013-09-25,-0.989642644421462
2013-09-26,-0.6441807093913098
2013-09-29,-0.9105498878632177
2013-09-30,-1.0021265735469984
2013-10-01,-1.07545541117937
2013-10-02,-1.437816680425777
2013-10-03,-1.02840183952092
2013-10-06,-0.9592556693094836
2013-10-07,-0.9592556693094836
2013-10-08,-0.9592556693094836
2013-10-09,-1.0157339381896169
2013-10-10,-1.5331278995491837
2013-10-13,-1.6442708992342272
2013-10-14,-1.3455563613133397
2013-10-15,-1.3796780736641705
2013-10-16,-1.345998937896275
2013-10-17,-1.7687088267161295
2013-10-20,-2.005517586947086
2013-10-21,-1.0159622701223587
2013-10-22,-1.0393087220877693
2013-10-23,-0.46315667347166584
2013-10-24,-0.03362879882896593
2013-10-28,-0.48901342101260625
2013-10-29,-0.6688592302324421
2013-10-30,-0.5178536568873398
2013-10-31,-0.5444601060603381
2013-11-01,0.817661854040157
2013-11-04,1.1770682898380507
2013-11-05,0.8268235925007945
2013-11-06,1.4194518616377452
2013-11-07,1.491888245281146
2013-11-08,1.7600284616385604
2013-11-11,1.838800720958842
2013-11-12,2.053752316761637
2013-11-13,2.082882108259212
2013-11-14,2.0258307607201296
2013-11-15,1.3320074419344723
2013-11-18,1.4110929697882926
2013-11-19,-0.20825536999663233
2013-11-20,-0.02166178591140925
2013-11-21,-0.024139832846645247
2013-11-22,0.6712644089180599
2013-11-25,-0.01762029952048536
2013-11-26,0.12598231133124754
2013-11-27,0.38716977395340785
2013-11-28,0.9564501727529543
2013-11-29,0.6436892753427385
2013-12-02,0.9043375807820748
2013-12-03,1.234606356361932
2013-12-04,1.4893007803562999
2013-12-05,1.6670588464555665
2013-12-06,0.8149319096674437
2013-12-09,0.07851362779210966
2013-12-10,-0.015272674450371162
2013-12-11,-0.23293554120512408
2013-12-12,0.36134700618045507
2013-12-13,0.21859068614469512
2013-12-16,0.06625619314039852
2013-12-17,0.018623588888136314
2013-12-18,-0.13475361532863492
2013-12-19,0.14988084524966389
2013-12-20,0.661566973221034
2013-12-23,1.1192481806062353
2013-12-24,0.39662320315690786
2013-12-25,0.4181809707383241
2013-12-26,0.40011653805039626
2013-12-27,0.33922499689195873
2013-12-30,-0.1602723935955785
2013-12-31,0.41254509953864654
2014-01-01,0.4097830945121357
2014-01-02,0.34738900786587784
2014-01-03,0.924408348971394
2014-01-06,0.5231128080587979
2014-01-07,0.5704837499495887
2014-01-08,0.4097741819500572
2014-01-09,0.9199854335025598
2014-01-10,0.7833258955023996
2014-01-13,-0.21995106513141205
2014-01-14,-0.1354505571517528
2014-01-15,-0.2748215401865732
2014-01-16,-0.16159403136885533
2014-01-17,-0.010204720876776374
2014-01-20,-0.4091310839844566
2014-01-21,-0.608969744708051
2014-01-22,-0.051416491842043444
2014-01-23,0.28219970873555517
2014-01-24,0.7991927876766273
2014-01-27,0.8506325184965924
2014-01-28,1.3564299008265779
2014-01-29,1.4448604141889965
2014-01-30,1.60200819023217
2014-01-31,0.7063593398685144
2014-02-03,0.9876209840839767
2014-02-04,1.2675249668268187
2014-02-05,0.2929710499583689
2014-02-06,0.0027042813717976797
2014-02-07,-0.3922674449773947
2014-02-10,-0.49458044140683305
2014-02-11,0.2681318550556685
2014-02-12,0.1401204977374337
2014-02-13,0.4858892626212499
2014-02-14,-0.18869053245500678
2014-02-17,-0.349658502815077
2014-02-18,-0.4050868059796001
2014-02-19,-0.2831896087401731
2014-02-20,-0.19778378559601695
2014-02-21,-0.721018632600358
2014-02-24,-1.3356978421550285
2014-02-25,-1.4156506859340088
2014-02-26,-1.3245673858533873
2014-02-27,-0.988093968876491
2014-02-28,-1.5788445098923172
2014-03-03,-1.0880683711013868
2014-03-04,-0.8400955889741937
2014-03-05,-0.9173214106574413
2014-03-06,-1.3611113378337456
2014-03-07,-1.2620735743664413
2014-03-10,-0.71401671593736
2014-03-11,-0.46723557944767574
2014-03-12,0.016561056928278254
2014-03-13,-0.19700967568140465
2014-03-14,0.0643246410259364
2014-03-17,-0.5372369027683935
2014-03-18,-0.3600905611704399
2014-03-19,-0.8055669412071349
2014-03-20,-0.32285299254731126
2014-03-21,-0.8535611187904394
2014-03-24,-0.9339561234386422
2014-03-25,-0.9630614455504157
2014-03-26,-1.1947593601088489
2014-03-27,-1.5493125688459801
2014-03-28,-2.152443600089962
2014-03-30,-2.1538376763021
2014-03-31,-1.6254604892907083
2014-04-01,-1.818458011780195
2014-04-02,-1.5518252129746481
2014-04-03,-1.1136596534650727
2014-04-06,-1.9240144445156515
2014-04-07,-2.139382731737725
2014-04-08,-2.3214744337628797
2014-04-09,-2.5090598514478675
2014-04-10,-1.7416541071465261
2014-04-13,-1.4330197780394975
2014-04-14,-1.4596358809209429
2014-04-15,-0.8114838942269924
2014-04-16,-0.6808025182840729
2014-04-17,-0.900360839483719
2014-04-20,-0.900360839483719
2014-04-21,-0.9003608394837185
2014-04-22,-0.5838809307432298
2014-04-23,-1.0775803235035621
2014-04-24,-1.2810439951735
2014-04-27,-0.29422607758080493
2014-04-28,-0.7450004115716314
2014-04-29,-0.37269261314715774
2014-04-30,-0.5041668148586981
2014-05-01,-0.4207601161085839
2014-05-04,-0.8298869204301892
2014-05-05,-0.02888598594180043
2014-05-06,-0.4234411881570315
2014-05-07,-0.7287714983778136
2014-05-08,-0.752202255760331
2014-05-11,-0.8865197209889836
2014-05-12,-0.8002740940071125
2014-05-13,-0.7357115528711121
2014-05-14,-1.068349129683524
2014-05-15,-0.4636209338674873
2014-05-18,-0.623570586447684
2014-05-19,-0.8429061311973046
2014-05-20,-0.4565580741600025
2014-05-21,-0.7009328669158118
2014-05-22,-0.472371527186012
2014-05-25,-0.15579481522205088
2014-05-26,-0.07530667271127009
2014-05-27,0.35312721237615646
2014-05-28,0.12591661893305175
2014-05-29,-0.04818932667533283
2014-06-01,0.44990988528949705
2014-06-02,1.4145653243909448
2014-06-03,1.4709137356583042
2014-06-04,1.4117002168713495
2014-06-05,0.5487639009287204
2014-06-08,0.04366843508205835
2014-06-09,-0.48801873693981507
2014-06-10,-0.6936703431980482
2014-06-11,-0.29358208057409907
2014-06-12,-0.403072718978013
2014-06-15,-0.640354069398475
2014-06-16,-0.25308774907168535
2014-06-17,0.6181273631590058
2014-06-18,-0.5251720970938312
2014-06-19,-0.5300524840125651
2014-06-22,-0.309326809249481
2014-06-23,-0.6750426139722835
2014-06-24,-0.40220587186594436
2014-06-25,-0.8345808668062735
2014-06-26,-1.086437804878568
2014-06-29,-1.1347433886640106
2014-06-30,-0.44600645979988485
2014-07-01,-0.7970645553314029
2014-07-02,-0.07996536709118587
2014-07-03,-0.48042042021721754
2014-07-06,-0.3929043255114414
2014-07-07,-0.029917440650600605
2014-07-08,-0.39487115425848335
2014-07-09,-0.449634074249165
2014-07-10,-0.10046640190348016
2014-07-13,-0.13566923600467778
2014-07-14,-0.4609631093301226
2014-07-15,-0.16692736763944513
2014-07-16,-0.0013219443516902614
2014-07-17,0.9349140661493577
2014-07-20,-0.09590928393520436
2014-07-21,-0.2046891163992635
2014-07-22,-0.4658217195628186
2014-07-23,-0.2407131429116845
2014-07-24,-0.2583495475513244
2014-07-27,-0.04261825604428272
2014-07-28,-0.1379066464818168
2014-07-29,0.12061249060971638
2014-07-30,0.6188025524197436
2014-07-31,1.03038922411131
2014-08-03,0.706448298554103
2014-08-04,0.7516603245269747
2014-08-05,1.2832802237438825
2014-08-06,1.0409021892663455
2014-08-07,1.5223807711888895
2014-08-10,0.9165682924368257
2014-08-11,0.6702200255131068
2014-08-12,0.7332157791829186
2014-08-13,0.8274205116119515
2014-08-14,0.24161429514376298
2014-08-17,-0.37098622313209734
2014-08-18,-0.05989439405576693
2014-08-19,-0.4281397194071818
2014-08-20,0.014112736620633734
2014-08-21,0.29153526699207744
2014-08-24,0.46362062558140205
2014-08-25,0.7340592581814304
2014-08-26,-0.12076374306954275
2014-08-27,-0.5487579156408312
2014-08-28,-0.7192189942380911
2014-08-31,-0.8679646933347267
2014-09-01,-0.4550818070281214
2014-09-02,-0.5548585495083882
2014-09-03,-0.732257037614107
2014-09-04,-0.5197624208605106
2014-09-07,-0.5716439637462566
2014-09-08,0.3985449509329686
2014-09-09,0.8790771784736687
2014-09-10,0.928073063753823
2014-09-11,1.163248958822654
2014-09-14,0.25102842694244976
2014-09-15,1.5428031183801292
2014-09-16,1.3584740423524382
2014-09-17,1.6533595352216504
2014-09-18,1.75304173767879
2014-09-21,1.7764854925625355
2014-09-22,2.1362861903660746
2014-09-23,2.274132915143607
2014-09-24,1.274797721538511
2014-09-25,1.8113419830408792
2014-09-28,1.6579847933380973
2014-09-29,1.904059465921622
2014-09-30,1.6798374358872852
2014-10-01,2.1158434497172762
2014-10-02,2.199051891653193
2014-10-05,1.2225512335761184
2014-10-06,0.5863149461188261
2014-10-07,0.0010857094216106245
2014-10-08,-0.31024361763076075
2014-10-09,0.028636898637211836
2014-10-12,-0.12475940513657849
2014-10-13,-0.046225738887901706
2014-10-14,0.055658904107327246
2014-10-15,0.90618561944173
2014-10-16,1.07055909953073
2014-10-19,0.3580152339896372
2014-10-20,0.7711285966107283
2014-10-21,0.9592495207235684
2014-10-22,1.034286101073449
2014-10-23,1.1718498629222078
2014-10-27,0.5831749128762551
2014-10-28,1.196282066623315
2014-10-29,0.13450083613770342
2014-10-30,0.12842968614063088
2014-10-31,-0.6386682066907149
2014-11-03,-0.4612067679032708
2014-11-04,0.501582029259803
2014-11-05,0.5181640110440894
2014-11-06,0.5994472625982488
2014-11-07,1.2212150246336777
2014-11-10,0.9349956643082337
2014-11-11,0.9398190341527357
2014-11-12,0.9914495049409863
2014-11-13,1.0847221087356396
2014-11-14,1.32154228215792
2014-11-17,1.4301174117387765
2014-11-18,1.50979444854553
2014-11-19,0.9271399727338673
2014-11-20,0.7089888919198963
2014-11-21,0.7205616752476911
2014-11-24,-0.3757607901990485
2014-11-25,0.10984711637868075
2014-11-26,-0.14554366949484956
2014-11-27,-0.5894222982810029
2014-11-28,-0.11166042404473886
2014-12-01,-0.04437289018160127
2014-12-02,0.34218758583598596
2014-12-03,0.4564172397609092
2014-12-04,0.15048688170539434
2014-12-05,0.7158538497821672
2014-12-08,0.6707624008806613
2014-12-09,0.8179109422733297
2014-12-10,0.6545537639184752
2014-12-11,0.9974564477437058
2014-12-12,1.4079564673973046
2014-12-15,1.4407866986676656
2014-12-16,1.8699408731769103
2014-12-17,2.200473136945235
2014-12-18,1.6463228395271818
2014-12-19,0.6106475028258737
2014-12-22,0.5616291483670768
2014-12-23,0.6379328931399204
2014-12-24,0.9924611319663806
2014-12-25,0.9924611319663806
2014-12-26,1.0438598646663968
2014-12-29,0.9814801590542415
2014-12-30,1.078319059654055
2014-12-31,0.028277896723228755
2015-01-01,0.03013207472826802
2015-01-02,0.008031006843816491
2015-01-05,0.6992025431643497
2015-01-06,0.8828098831850814
2015-01-07,0.7146833668761273
2015-01-08,0.31776709286942084
2015-01-09,-0.15906746382336867
2015-01-12,-0.7829436239839205
2015-01-13,0.06227338417047407
2015-01-14,-0.45726468898264877
2015-01-15,-0.858316210368086
2015-01-16,-0.3785193720260569
2015-01-19,-0.6975750217397866
2015-01-20,-0.17084155292129663
2015-01-21,-0.6967801843718235
2015-01-22,-0.874803902780559
2015-01-23,-1.1924544972826367
2015-01-26,-1.0552016576032557
2015-01-27,-1.0124678796953535
2015-01-28,-1.158867893509819
2015-01-29,-1.0707078196810762
2015-01-30,-0.4765857046186452
2015-02-02,0.7284389827691559
2015-02-03,1.1943234619987875
2015-02-04,0.6320658914989765
2015-02-05,1.0961081158679373
2015-02-06,1.1262160537027597
2015-02-09,1.4565206920852358
2015-02-10,1.211079804188523
2015-02-11,1.717824487233796
2015-02-12,1.9336260548566233
2015-02-13,1.12817317049088
2015-02-16,1.2379555355902616
2015-02-17,1.1565533633050327
2015-02-18,1.1512021576188636
2015-02-19,1.23187927813733
2015-02-20,1.5033556315470622
2015-02-23,1.510609929604851
2015-02-24,1.6108442835041723
2015-02-25,1.2001280987925114
2015-02-26,1.332682631461619
2015-02-27,1.6960434658665227
2015-03-02,0.36877324889105173
2015-03-03,0.9617326249183102
2015-03-04,1.2666828685700005
2015-03-05,1.590975655320742
2015-03-06,1.7796212228520767
2015-03-09,2.099370053511252
2015-03-10,2.3886566273541527
2015-03-11,2.0415009370161816
2015-03-12,2.162831461488953
2015-03-13,2.324049906562364
2015-03-16,2.6197285561849832
2015-03-17,2.5830258086693543
2015-03-18,2.5951205135386677
2015-03-19,2.085106877948817
2015-03-20,2.4054748145908413
2015-03-23,1.429285405932414
2015-03-24,0.3506611192386839
2015-03-25,0.4104893324735904
2015-03-26,0.8456838133913864
2015-03-27,0.6529413341500528
2015-03-29,1.0631913052515385
2015-03-30,0.8902593712293179
2015-03-31,0.4760933153544062
2015-04-01,0.2222823865851672
2015-04-02,-0.19160300162640656
2015-04-05,-0.1974362824374196
2015-04-06,-0.19743628243742017
2015-04-07,-0.15672049702385607
2015-04-08,-0.958317632668099
2015-04-09,-0.839871425064655
2015-04-12,-0.6239441908088003
2015-04-13,-0.05792489416514879
2015-04-14,-0.6253644742297185
2015-04-15,-0.9691464079709755
2015-04-16,-1.0319911191270899
2015-04-19,-0.7882422319422139
2015-04-20,-0.8616843498480817
2015-04-21,-0.8978245814723147
2015-04-22,-1.1206754911529375
2015-04-23,-1.4760202096039243
2015-04-26,-1.6532726357712986
2015-04-27,-1.9348423703525344
2015-04-28,-1.5379434204087985
2015-04-29,-1.223990944562029
2015-04-30,-0.34904185637437224
2015-05-03,-0.34904185637437224
2015-05-04,0.5040420128024411
2015-05-05,0.10924214104394575
2015-05-06,-0.19102571691457737
2015-05-07,-0.28149993111500604
2015-05-10,-0.8428670801243043
2015-05-11,0.14819338618249617
2015-05-12,-0.26479699091339715
2015-05-13,-0.06513473854583587
2015-05-14,-0.5387201084359247
2015-05-17,-0.521061022239154
2015-05-18,-0.34415413295823677
2015-05-19,-0.035969882199603745
2015-05-20,-0.3886276103794714
2015-05-21,0.027862214960303763
2015-05-24,0.5583131721884316
2015-05-25,0.5980136598986144
2015-05-26,1.0765370766959659
2015-05-27,0.9270496627911805
2015-05-28,1.102857235350736
2015-05-31,1.2482954900897152
2015-06-01,1.1388787676908796
2015-06-02,0.47289948442548213
2015-06-03,0.524540390961069
2015-06-04,0.6069549129443214
2015-06-07,0.5959856896282445
2015-06-08,0.06901820299229759
2015-06-09,-0.16603613477700085
2015-06-10,0.12395862894274538
2015-06-11,-0.31832421987570975
2015-06-14,0.14249934011855434
2015-06-15,0.2410149198727567
2015-06-16,-0.36247725890085386
2015-06-17,-0.858860311876743
2015-06-18,-0.7275976781063177
2015-06-21,-0.144522694797564
2015-06-22,-0.2795801843505414
2015-06-23,-0.4441545990634128
2015-06-24,-0.08347019799865242
2015-06-25,0.3651288351695416
2015-06-28,0.38418888581669186
2015-06-29,0.17174694550746045
2015-06-30,0.03162322228165356
2015-07-01,0.6405205527554949
2015-07-02,-0.28799931339687496
2015-07-05,0.23484322594025678
2015-07-06,0.31677472540613805
2015-07-07,0.8649825885897857
2015-07-08,1.3789234901316003
2015-07-09,1.1803487029969775
2015-07-12,0.13633954662881304
2015-07-13,-0.18184277053439038
2015-07-14,-0.1124395885610979
2015-07-15,-0.1253555422517176
2015-07-16,0.0921905920225045
2015-07-19,0.5488570865422198
2015-07-20,0.6629069068598777
2015-07-21,0.2594489170528881
2015-07-22,0.8452400811480483
2015-07-23,1.4310212783054745
2015-07-26,1.9006187120926943
2015-07-27,1.9331526566498327
2015-07-28,1.7998590738049696
2015-07-29,1.2499544717561761
2015-07-30,1.6041289941131258
2015-08-02,1.9067907781475117
2015-08-03,2.066971666512388
2015-08-04,2.1581351075934245
2015-08-05,2.2479816368546413
2015-08-06,2.4690240132988217
2015-08-09,2.4690240132988217
2015-08-10,0.8683036143861281
2015-08-11,1.13597795256844
2015-08-12,1.166601649356332
2015-08-13,1.4822918034062147
2015-08-16,0.883467579048893
2015-08-17,0.8651562349361042
2015-08-18,0.6920531714259033
2015-08-19,0.9147580284210107
2015-08-20,0.4545566824709669
2015-08-23,0.849356605461965
2015-08-24,1.2618373170163553
2015-08-25,1.678558232572653
2015-08-26,1.4140073408521925
2015-08-27,0.79417137549504
2015-08-30,1.019893952047785
2015-08-31,1.31221667650852
2015-09-01,1.7459394354130795
2015-09-02,2.033535695423612
2015-09-03,1.7680287363113123
2015-09-06,2.209118823571986
2015-09-07,2.1453794453797745
2015-09-08,1.877283743055962
2015-09-09,1.3760010186738685
2015-09-10,1.7412669169865034
2015-09-13,1.8359806397704443
2015-09-14,1.1130873519424913
2015-09-15,1.3936052250274593
2015-09-16,1.0298111918707566
2015-09-17,1.3908538503046437
2015-09-20,1.6280464217005088
2015-09-21,1.6280464217005088
2015-09-22,1.6280464217005088
2015-09-23,2.193013170136387
2015-09-24,0.021481687256130918
2015-09-27,0.216669867302594
2015-09-28,0.8724181977216379
2015-09-29,0.5380887254787349
2015-09-30,-0.11204996899819009
2015-10-01,0.16053156325318488
2015-10-04,-0.23654037416282775
2015-10-05,-0.33158228525965533
2015-10-06,-0.6532565053736717
2015-10-07,-0.4519412975125635
2015-10-08,-0.9503941305721125
2015-10-11,-1.0564274947614067
2015-10-12,-1.0457488429470148
2015-10-13,-0.16795349312430544
2015-10-14,-0.6146005738975888
2015-10-15,-0.6905731398755267
2015-10-18,0.07891845259968788
2015-10-19,-0.11424581572701051
2015-10-20,-0.02940057854688535
2015-10-21,0.17454942523717634
2015-10-22,-0.06114349139149997
2015-10-26,-0.2419957587616817
2015-10-27,-0.04387337854014198
2015-10-28,-0.19624161385140723
2015-10-29,-0.08945571792475457
2015-10-30,-0.493674310869707
2015-11-02,-0.4347312289210783
2015-11-03,-0.2636607437550641
2015-11-04,-1.0225585138434883
2015-11-05,-0.7541686587357538
2015-11-06,-0.8633682253659118
2015-11-09,-0.9631214376261098
2015-11-10,-0.6167884531414503
2015-11-11,-1.025653072666118
2015-11-12,-0.8354601021824203
2015-11-13,-0.790282707348299
2015-11-16,-0.03448433392270928
2015-11-17,-0.1794684740706301
2015-11-18,-0.34835860213582337
2015-11-19,-0.7282342743615254
2015-11-20,-0.7810275946039968
2015-11-23,-1.287342128277029
2015-11-24,-0.9209437169628288
2015-11-25,-1.1840110492229186
2015-11-26,-0.6624420107758492
2015-11-27,-0.6716823300050269
2015-11-30,0.35981728230954685
2015-12-01,0.5615263858882892
2015-12-02,0.38022237986719404
2015-12-03,0.17224099816248128
2015-12-04,-0.5794075969733571
2015-12-07,-0.6225827974474576
2015-12-08,-0.5236663467170009
2015-12-09,0.06879228550081762
2015-12-10,-0.6203879215391999
2015-12-11,-0.0006909510564362592
2015-12-14,0.04279559221421
2015-12-15,0.6265165584119506
2015-12-16,0.781292101411775
2015-12-17,0.630439977282399
2015-12-18,0.43472670996971613
2015-12-21,1.1761058341239103
2015-12-22,1.367942928059422
2015-12-23,1.0485184191357206
2015-12-24,0.546358622992117
2015-12-25,0.2513679921661054
2015-12-28,0.20016834202453018
2015-12-29,-0.33723438885485757
2015-12-30,-0.24414471969036375
2015-12-31,0.5773610010317733
2016-01-01,0.5034477747980871
2016-01-04,0.4928055653551423
2016-01-05,1.1568327099748787
2016-01-06,1.0257251601866624
2016-01-07,0.9334223920229949
2016-01-08,1.1001959019789225
2016-01-11,0.4606941784671866
2016-01-12,0.9249659100622838
2016-01-13,0.6121449942401834
2016-01-14,0.47485879981449547
2016-01-15,0.36971707263681086
2016-01-18,0.3479355683960615
2016-01-19,0.8267223860583672
2016-01-20,0.8832118301611179
2016-01-21,1.2575291561441209
2016-01-22,1.6312649023103756
2016-01-25,0.7035820317327607
2016-01-26,0.6823516399025324
2016-01-27,0.3971119296654257
2016-01-28,0.7591046836103315
2016-01-29,0.2563752397327977
2016-02-01,-0.5014510028006897
2016-02-02,-0.8368880457194725
2016-02-03,-0.538908553892099
2016-02-04,-1.277790091607838
2016-02-05,-1.3195901659358582
2016-02-08,-1.1626172953099143
2016-02-09,-1.2182942722873031
2016-02-10,-1.3031764164752002
2016-02-11,-0.6805857742611484
2016-02-12,0.014176129831800752
2016-02-15,-0.19635773835820042
2016-02-16,0.09047725823357503
2016-02-17,0.7066009570740257
2016-02-18,-0.16007080546694946
2016-02-19,0.21885267946840847
2016-02-22,0.13558130325985385
2016-02-23,-0.5415728472189116
2016-02-24,-0.43483444645531383
2016-02-25,-0.42529431599773504
2016-02-26,-0.45050965598854614
2016-02-29,-0.29521474328983116
2016-03-01,0.2421191448219647
2016-03-02,-0.6910946918373925
2016-03-03,-0.9597202683133643
2016-03-04,-1.5859571818989613
2016-03-07,-1.7389282308815937
2016-03-08,-1.584002909097071
2016-03-09,-1.7565042959893804
2016-03-10,-2.1523825941482086
2016-03-11,-2.416547855926946
2016-03-14,-2.571907004650793
2016-03-15,-1.576855253543211
2016-03-16,-0.6015854307113094
2016-03-17,-0.7634014735286703
2016-03-18,-1.3890241904479774
2016-03-21,-1.384552894616374
2016-03-22,-1.4287140065628123
2016-03-23,-1.610493049853462
2016-03-24,-0.6646397062906758
2016-03-25,-0.6835222030966542
2016-03-27,-0.6267829303031506
2016-03-28,-0.6748650524822615
2016-03-29,-0.9917454051995263
2016-03-30,-1.2574133540591055
2016-03-31,-1.3218939845228133
2016-04-03,-1.5706964667094574
2016-04-04,-0.7827805490247229
2016-04-05,-0.2451007540996202
2016-04-06,-0.5498336257003815
2016-04-07,-0.1327811549808097
2016-04-10,-0.8542522996725243
2016-04-11,-1.4062432471644977
2016-04-12,-1.4369111428409747
2016-04-13,-1.3240373490501127
2016-04-14,-1.4473023985708762
2016-04-17,-0.8389362630741757
2016-04-18,-0.1579987981024745
2016-04-19,-0.7449359770380121
2016-04-20,-0.7507650748892587
2016-04-21,-0.7507650748892587
2016-04-24,-0.39144145644772743
2016-04-25,-0.49051484768036835
2016-04-26,-0.7401269834483999
2016-04-27,-0.7256431281361081
2016-04-28,-1.0723846825460497
2016-05-01,-1.4142797283460489
2016-05-02,-0.6813527501493694
2016-05-03,-0.12481468934447222
2016-05-04,-0.21147064751165684
2016-05-05,-0.32786764833972154
2016-05-08,-0.6424880602823101
2016-05-09,-0.4841953206226629
2016-05-10,-0.8732760902133444
2016-05-11,-1.0703052825872663
2016-05-12,-0.6928168730478604
2016-05-15,-0.10611163673966999
2016-05-16,-0.45968899376182437
2016-05-17,-0.5409627378549563
2016-05-18,0.20823092115394043
2016-05-19,0.230659725901633
2016-05-22,0.18686700039131973
2016-05-23,0.28607771011979055
2016-05-24,0.2952173965370889
2016-05-25,0.41078219342866706
2016-05-26,0.48302647548567046
2016-05-29,0.799809645747807
2016-05-30,0.10734577218428822
2016-05-31,0.3132625862464416
2016-06-01,0.4152528497362254
2016-06-02,0.22281926129136279
2016-06-05,-0.6128901811914141
2016-06-06,-1.078669265232448
2016-06-07,-1.5475907915513156
2016-06-08,-2.09214521071678
2016-06-09,-1.5022701044004811
2016-06-12,-1.2171524623688428
2016-06-13,-0.44296375385156916
2016-06-14,-0.46523269811535467
2016-06-15,-0.5278572482331593
2016-06-16,-0.619397928161016
2016-06-19,-1.12139809019404
2016-06-20,-1.3146407096106567
2016-06-21,-0.9948518510985535
2016-06-22,-1.3532607085447852
2016-06-23,-1.660592678986216
2016-06-26,-1.1760263760843055
2016-06-27,-0.8574249320737817
2016-06-28,-1.5885784724512875
2016-06-29,-1.9873438461983186
2016-06-30,-2.154904931620814
2016-07-03,-1.7964848127020099
2016-07-04,-1.046561589502617
2016-07-05,-0.9196762618819952
2016-07-06,-0.588781706323796
2016-07-07,-0.21183468828080868
2016-07-10,-0.7974661409112703
2016-07-11,-0.6881903491887981
2016-07-12,-0.8134929782917656
2016-07-13,-1.0955545863773957
2016-07-14,-1.208325087137629
2016-07-17,-0.8142805751925544
2016-07-18,-1.07159466464806
2016-07-19,-1.0858573336328905
2016-07-20,-1.0087381849227117
2016-07-21,-0.7487455593575872
2016-07-24,-0.9529905694305417
2016-07-25,-0.4548461437373676
2016-07-26,-0.6151993964929898
2016-07-27,-0.7665364152982697
2016-07-28,-0.3683666354810434
2016-07-31,-0.8512966184012298
2016-08-01,-0.6397681059658898
2016-08-02,-0.7182102149238192
2016-08-03,-0.9709343469489427
2016-08-04,-1.528536021619418
2016-08-07,-1.7805882623324631
2016-08-08,-1.61246920741304
2016-08-09,-1.8631689916486904
2016-08-10,-2.0266339144388392
2016-08-11,-1.6979937346657168
2016-08-14,-0.6949450391804567
2016-08-15,-0.7700548643143185
2016-08-16,-0.4783964741840236
2016-08-17,-0.4138344468337908
2016-08-18,0.1427331852528579
2016-08-21,-0.40116442263062846
2016-08-22,-0.489430581047798
2016-08-23,0.11516943370883224
2016-08-24,-0.09094410216857728
2016-08-25,-0.007905396805145461
2016-08-28,0.5393201224865504
2016-08-29,-0.10256651775644884
2016-08-30,0.040659984787035544
2016-08-31,-0.1462675319907388
2016-09-01,0.28911591418961957
2016-09-04,0.3338078839011537
2016-09-05,0.5091769336389654
2016-09-06,-0.6994337808272301
2016-09-07,-0.7755635356826287
2016-09-08,-0.34446881035302757
2016-09-11,0.46826582619236545
2016-09-12,0.07594484288025828
2016-09-13,0.8363072671614611
2016-09-14,1.1027999383906215
2016-09-15,0.44672289863680925
2016-09-18,0.00028755558377154954
2016-09-19,0.06680514298854322
2016-09-20,-0.13477645231109608
2016-09-21,-0.693223842530554
2016-09-22,-0.5869924092610634
2016-09-25,-0.21869515323639477
2016-09-26,-0.25403289094130566
2016-09-27,-0.3682670356639139
2016-09-28,-0.5800826640593008
2016-09-29,0.0641867610382901
2016-10-02,0.0714344909536692
2016-10-03,-0.6768973633948838
2016-10-04,-0.010486389083490725
2016-10-05,-0.47922479750254837
2016-10-06,-0.3545203856807408
2016-10-09,-0.46089456837965753
2016-10-10,-0.6841909146246502
2016-10-11,-0.7757241118323627
2016-10-12,-0.6847264705020756
2016-10-13,-1.018092613287255
2016-10-16,-0.5381361908295007
2016-10-17,-0.4964064396509266
2016-10-18,-0.8514546320425219
2016-10-19,-1.0785442877764368
2016-10-20,-1.4341723622145304
2016-10-23,-1.2068420560420918
2016-10-24,-1.5221795930705073
2016-10-25,-1.6896123628559594
2016-10-26,-1.0241763976088452
2016-10-27,-0.49099883940055933
2016-10-31,0.14355720217690288
2016-11-01,0.05602518982478108
2016-11-02,0.6006285942713958
2016-11-03,0.8265129694168791
2016-11-04,0.9008438383216737
2016-11-07,0.3588686825909713
2016-11-08,-0.20081686650092065
2016-11-09,-0.6935210664681997
2016-11-10,0.26731164511292815
2016-11-11,1.5960998278701855
2016-11-14,1.5174903903942432
2016-11-15,1.7989225096484416
2016-11-16,1.8064489643426016
2016-11-17,1.8577817217215744
2016-11-18,1.5476228244009365
2016-11-21,0.7837348694162792
2016-11-22,0.8291348408430518
2016-11-23,0.48151877624967054
2016-11-24,1.0843960666683414
2016-11-25,0.5376898787801717
2016-11-28,0.8002187485148377
2016-11-29,0.6131765916986526
2016-11-30,1.0115212400671252
2016-12-01,0.39145098433822334
2016-12-02,1.4926138789566485
2016-12-05,0.5344079219133159
2016-12-06,0.09397340007030448
2016-12-07,-0.012654807106873727
2016-12-08,-0.20785972424882382
2016-12-09,-0.2718207975177291
2016-12-12,-0.24178731204469067
2016-12-13,-0.5861875691971471
2016-12-14,-0.6128210996846185
2016-12-15,-0.24216241461646248
2016-12-16,-0.27577084698909926
2016-12-19,-0.006622802002453474
2016-12-20,-0.30278164261704715
2016-12-21,-0.42162803917818376
2016-12-22,-0.7192287585249387
2016-12-23,-1.0970167396265473
2016-12-26,-1.2477210768818152
2016-12-27,-1.2461198994794898
2016-12-28,-1.248152614958502
2016-12-29,-1.0101182764592695
2016-12-30,-1.347008732458978
2017-01-02,-1.3292867879931256
2017-01-03,-0.7432092842867594
2017-01-04,-1.0064971008125803
2017-01-05,-1.5417959769013603
2017-01-06,-1.6947447742578703
2017-01-09,-1.222509188416328
2017-01-10,-1.4983474402999417
2017-01-11,-1.5085588802535081
2017-01-12,-1.4693789890132813
2017-01-13,-1.5805930117473763
2017-01-16,-1.5805930117473763
2017-01-17,-0.4156326686209865
2017-01-18,-0.8635073775144743
2017-01-19,-0.5001520832782458
2017-01-20,-0.9760251121106474
2017-01-23,-1.5447521547152192
2017-01-24,-1.1881402190501242
2017-01-25,-1.0601673321005642
2017-01-26,-1.062659438705443
2017-01-27,-0.906507191778779
2017-01-30,-1.6778688080538153
2017-01-31,-1.360485193378296
2017-02-01,-0.8990455774228976
2017-02-02,-1.1637810103062627
2017-02-03,-1.2286224126103853
2017-02-06,-1.2659357736021237
2017-02-07,-1.3417044961303364
2017-02-08,-1.2675099799635194
2017-02-09,-1.279716391681542
2017-02-10,-0.9309797020076975
2017-02-13,-1.2952899534943545
2017-02-14,-1.2104519322194642
2017-02-15,-1.6552044701604978
2017-02-16,-1.9716635592544667
2017-02-17,-1.1327696124321944
2017-02-20,-0.9402785934242356
2017-02-21,-1.1039306777740585
2017-02-22,-0.8863352125939686
2017-02-23,-1.3947850468645815
2017-02-24,-1.4243051464472096
2017-02-27,-0.5590679156978038
2017-02-28,-0.32494714309528705
2017-03-01,-0.26471462694013037
2017-03-02,-0.6709305878630327
2017-03-03,0.5778277078832543
2017-03-06,-0.06843782819187706
2017-03-07,0.20203188705279193
2017-03-08,-0.17123972821136135
2017-03-09,0.47266773957316816
2017-03-10,0.8606431382309984
2017-03-13,0.12674011595781737
2017-03-14,0.1922212973809257
2017-03-15,0.34742624206075506
2017-03-16,-0.5902092838863268
2017-03-17,-0.30408164217269285
2017-03-20,-0.7163787009598084
2017-03-21,-0.898756526746157
2017-03-22,-0.6388517414131273
2017-03-23,-0.6655605700736773
2017-03-24,0.14650323615647773
2017-03-26,-0.2637277472729552
2017-03-27,-0.04324204379430627
2017-03-28,0.14183981559300277
2017-03-29,-0.11781590219238737
2017-03-30,0.2541942652599281
2017-04-02,-0.16116257163089234
2017-04-03,-0.296371224001554
2017-04-04,-0.559712459129511
2017-04-05,-0.15133326682724715
2017-04-06,0.18768553191972714
2017-04-09,0.23660341005810048
2017-04-10,-0.007541281394808773
2017-04-11,0.08093764712469342
2017-04-12,-0.18453001947201703
2017-04-13,0.17218446639465948
2017-04-16,0.1964790903774684
2017-04-17,-0.10520281362390485
2017-04-18,-0.5871262070374993
2017-04-19,0.23506101055855946
2017-04-20,0.2096038790996098
2017-04-23,0.20271090917455548
2017-04-24,-0.24336921556108723
2017-04-25,0.1749295534899382
2017-04-26,0.605337895189236
2017-04-27,0.7707191705205105
2017-04-30,0.6380681992152508
2017-05-01,0.610049152866379
2017-05-02,-0.04506071802290839
2017-05-03,0.21581558786304136
2017-05-04,0.6640844978905689
2017-05-07,0.46779994427609617
2017-05-08,0.8198147363073535
2017-05-09,0.546588231053516
2017-05-10,-0.0026226794008801777
2017-05-11,-0.5828941042392468
2017-05-14,0.2181064533951076
2017-05-15,-0.9370670324495699
2017-05-16,-1.0960344417490973
2017-05-17,-0.4091227418470895
2017-05-18,1.689669172942761
2017-05-21,0.46622644229987587
2017-05-22,0.5457858013110869
2017-05-23,0.5680663931013669
2017-05-24,0.6098001505768077
2017-05-25,0.6015855913279933
2017-05-28,-0.3767578828256824
2017-05-29,0.2750419045811543
2017-05-30,0.2812473070619508
2017-05-31,-0.023393371982058257
2017-06-01,0.18737780512634442
2017-06-04,0.1891987491358347
2017-06-05,0.6034034929785042
2017-06-06,0.36434579353123187
2017-06-07,0.2594377194418392
2017-06-08,0.16255995711961072
2017-06-11,-0.7186619163467092
2017-06-12,0.5356355763933188
2017-06-13,0.512411662291554
2017-06-14,0.09428219051022273
2017-06-15,0.10304494251515602
2017-06-18,0.2409679370361037
2017-06-19,0.1543004060732655
2017-06-20,0.5725280204962178
2017-06-21,0.6432264613765182
2017-06-22,0.702361214610521
2017-06-25,0.7203617430089341
2017-06-26,0.04243521884916507
2017-06-27,0.24432656273101142
2017-06-28,-0.19081020048682515
2017-06-29,0.09785300145936067
2017-07-02,-1.172828476703941
2017-07-03,0.04321658536465621
2017-07-04,0.11356086095330642
2017-07-05,-0.09598957302760669
2017-07-06,-0.000559010038169805
2017-07-09,-0.9837588742356175
2017-07-10,-0.9837588742356175
2017-07-11,-0.9837588742356175
2017-07-12,-1.324572087259419
2017-07-13,-1.2836838752527862
2017-07-16,-1.5187020425724798
2017-07-17,-1.4683333560272478
2017-07-18,-1.680338090972788
2017-07-19,-1.7173041176316173
2017-07-20,-1.9307447273048766
2017-07-23,-1.01486925539865
2017-07-24,-1.2985431864966834
2017-07-25,-0.9258539452387323
2017-07-26,-1.2229060424880653
2017-07-27,-1.0078526144476994
2017-07-30,-0.6603624455768519
2017-07-31,-1.1535351536500555
2017-08-01,-1.1801523684807549
2017-08-02,-1.2786280273793413
2017-08-03,-1.2854802929637752
2017-08-06,-0.9729421926470327
2017-08-07,-1.0333863677107926
2017-08-08,-1.0004170170120286
2017-08-09,-0.501586423729851
2017-08-10,-0.1390618578242942
2017-08-13,-0.07032572972358442
2017-08-14,0.0935162235590961
2017-08-15,-0.2736109567639472
2017-08-16,-0.5553821708275497
2017-08-17,-0.13161360436665506
2017-08-20,-0.0491885417449945
2017-08-21,-0.338946003597513
2017-08-22,-0.38838156831722753
2017-08-23,-0.7928636813525559
2017-08-24,-0.6167720929681237
2017-08-27,-0.3235386688938894
2017-08-28,-0.15618459266255802
2017-08-29,-0.19546626751219182
2017-08-30,-0.33384440136807675
2017-08-31,-0.6515885242715422
2017-09-03,0.17118253178133866
2017-09-04,-0.6766525777662473
2017-09-05,-1.0852454249264245
2017-09-06,-1.3590741449097419
2017-09-07,-1.3636426596759785
2017-09-10,0.3016345450122395
2017-09-11,-0.8409845917849739
2017-09-12,-0.4964140004309853
2017-09-13,-0.3490660579421672
2017-09-14,-0.537119904948027
2017-09-17,-0.6548083629014511
2017-09-18,-0.22466591331891575
2017-09-19,-0.2587718747403553
2017-09-20,-0.2970522026827064
2017-09-21,-0.22020027535845627
2017-09-24,-0.43407316981800287
2017-09-25,0.2243362501040509
2017-09-26,0.33978292380232383
2017-09-27,0.7924208782777851
2017-09-28,0.5338108650793314
2017-10-01,0.14262316966724933
2017-10-02,-0.08065727945897648
2017-10-03,-0.3311945818896061
2017-10-04,-0.48623286601012644
2017-10-05,-0.0526840561874878
2017-10-08,0.015034000715633862
2017-10-09,0.6328907093495473
2017-10-10,0.40237715842610033
2017-10-11,0.19622244292526117
2017-10-12,0.17772198597666863
2017-10-15,-0.3928859879349319
2017-10-16,0.16594103634822743
2017-10-17,-0.17336141242649575
2017-10-18,0.1395769772474423
2017-10-19,0.007826202592747838
2017-10-22,0.5593146467240729
2017-10-23,1.2484125793265064
2017-10-24,1.356708675630214
2017-10-25,1.03339617980068
2017-10-26,1.7116663941793187
2017-10-30,0.5626307935285325
2017-10-31,1.1556593912603668
2017-11-01,0.8267969450086372
2017-11-02,0.7628741311578143
2017-11-03,0.7306773262558925
2017-11-06,1.080270632816572
2017-11-07,0.22781984098390481
2017-11-08,0.5230348790447734
2017-11-09,0.19527774306262008
2017-11-10,0.14968277334113533
2017-11-13,0.5521254971338616
2017-11-14,0.5420732876158075
2017-11-15,1.0205547367902879
2017-11-16,1.0205547367902879
2017-11-17,1.0205547367902879
2017-11-20,1.0205547367902879
2017-11-21,1.0059531662848267
2017-11-22,1.063173110958319
2017-11-23,0.09591087494465231
2017-11-24,0.03159166499230719
2017-11-27,0.3142476372610806
2017-11-28,0.13512414257713556
2017-11-29,-0.2996530354627152
2017-11-30,0.48334014892132404
2017-12-01,0.9382641499404749
2017-12-04,0.5749791704944035
2017-12-05,0.2094552917077774
2017-12-06,0.15288839154995854
2017-12-07,-0.0005413757873740523
2017-12-08,0.9860533543870355
2017-12-11,0.9951771022136223
2017-12-12,1.230989735959267
2017-12-13,1.224801651867231
2017-12-14,1.3135220107885655
2017-12-15,1.7623780351897023
2017-12-18,0.4300889049798564
2017-12-19,0.39525794038835294
2017-12-20,0.34550694702883705
2017-12-21,0.5054779637085324
2017-12-22,0.7075421787072943
2017-12-25,1.2337323586802533
2017-12-26,1.1565827515867428
2017-12-27,0.41697456360121665
2017-12-28,0.4886388598708199
2017-12-29,0.42502685680957636
2018-01-01,0.3185735397765467
2018-01-02,0.4036233387677448
2018-01-03,-0.9327234720214168
2018-01-04,-1.3185110170942453
2018-01-05,-1.3580284669131601
2018-01-08,-1.4688328691883699
2018-01-09,-1.071521116200041
2018-01-10,-0.8310215687792177
2018-01-11,-1.2447785792599058
2018-01-12,-1.4649217887838943
2018-01-15,-1.6914018485312334
2018-01-16,-1.2663075354016335
2018-01-17,-0.9596520660543248
2018-01-18,-0.9707980665877587
2018-01-19,-1.338959271147993
2018-01-22,-1.540977642525605
2018-01-23,-1.312860017230134
2018-01-24,-0.21785013491791033
2018-01-25,-1.7214843517088485
2018-01-26,-1.6761773940581666
