Date,dx
2010-01-04,
2010-01-05,100.0
2010-01-06,100.0
2010-01-07,87.53457495851144
2010-01-08,89.5379706901284
2010-01-11,31.137818188108803
2010-01-12,11.973679902110707
2010-01-13,19.04176173647588
2010-01-14,51.82447929804456
2010-01-15,52.450301867088235
2010-01-18,56.07172714111305
2010-01-19,19.4815559855907
2010-01-20,36.975309398839954
2010-01-21,50.44971589040288
2010-01-22,67.36739758148241
2010-01-25,67.36739758148242
2010-01-26,76.9768701299331
2010-01-27,29.17623263694628
2010-01-28,32.98082359680481
2010-01-29,34.391698441109895
2010-02-01,50.245284080406684
2010-02-02,31.358129014099106
2010-02-03,2.743736619526605
2010-02-04,30.554872130521098
2010-02-05,30.554872130521094
2010-02-08,30.554872130521094
2010-02-09,14.42451226031743
2010-02-10,8.297786598789994
2010-02-11,7.622185963901439
2010-02-12,4.1114846128831415
2010-02-15,4.111484612883134
2010-02-16,5.320078064479724
2010-02-17,19.401532890677167
2010-02-18,32.557860013624875
2010-02-19,38.64039661348899
2010-02-22,55.602929230986966
2010-02-23,36.31555127553893
2010-02-24,31.21243835873175
2010-02-25,9.666347840186303
2010-02-26,9.666347840186315
2010-03-01,35.262145036275165
2010-03-02,46.566040207306244
2010-03-03,46.566040207306266
2010-03-04,48.17248122215581
2010-03-05,49.68001399764536
2010-03-08,57.61611642428331
2010-03-09,34.91733137211461
2010-03-10,46.223985736040504
2010-03-11,51.33732193340058
2010-03-12,54.63027040143417
2010-03-15,55.1192377442898
2010-03-16,54.16070870906534
2010-03-17,54.16070870906534
2010-03-18,4.175959652009029
2010-03-19,21.21996659972386
2010-03-22,33.918892358517446
2010-03-23,14.309372823999261
2010-03-24,3.2428678412541045
2010-03-25,11.512545888032975
2010-03-26,34.22347837256359
2010-03-28,34.2234783725636
2010-03-29,8.4301571696326
2010-03-30,15.02555840549836
2010-03-31,24.636378192896586
2010-04-01,36.23110660392223
2010-04-04,36.23110660392222
2010-04-05,36.23110660392223
2010-04-06,14.605784415447442
2010-04-07,3.8874349577396243
2010-04-08,3.887434957739627
2010-04-11,21.18506766900602
2010-04-12,33.660784740833684
2010-04-13,38.81823246316734
2010-04-14,43.56433719741387
2010-04-15,19.547649693110365
2010-04-18,9.120416431948538
2010-04-19,17.430329924018796
2010-04-20,21.724762783225238
2010-04-21,8.798439681840412
2010-04-22,8.79843968184042
2010-04-25,9.35789595737314
2010-04-26,13.440150889631989
2010-04-27,19.614745228878014
2010-04-28,15.259275624008781
2010-04-29,39.857552547289835
2010-05-02,27.981412401636124
2010-05-03,4.153531897809728
2010-05-04,31.6441144116849
2010-05-05,56.50369584051239
2010-05-06,63.82005370798577
2010-05-09,33.338231621504725
2010-05-10,3.707564418441658
2010-05-11,3.7075644184416583
2010-05-12,11.718441768604455
2010-05-13,15.752881932775908
2010-05-16,17.694541011342626
2010-05-17,17.694541011342622
2010-05-18,37.76985784480576
2010-05-19,51.35483855669782
2010-05-20,53.04025510456769
2010-05-23,24.160891303721396
2010-05-24,41.99915641597975
2010-05-25,23.14429506470522
2010-05-26,26.458205681436077
2010-05-27,5.8361194995540995
2010-05-30,20.16858606938039
2010-05-31,8.384993688743569
2010-06-01,15.2224667930492
2010-06-02,28.695852767533264
2010-06-03,11.87940711931471
2010-06-06,5.067292523461133
2010-06-07,6.61127948433895
2010-06-08,9.053883536075556
2010-06-09,11.106392775773122
2010-06-10,34.42675916816199
2010-06-13,34.42675916816199
2010-06-14,31.920542958524045
2010-06-15,44.12523905504438
2010-06-16,44.12523905504439
2010-06-17,46.30953969984367
2010-06-20,50.97773588764417
2010-06-21,48.469130097148415
2010-06-22,6.763972887721725
2010-06-23,7.499700458991083
2010-06-24,12.480141496316953
2010-06-27,17.406111005122195
2010-06-28,11.191177197502729
2010-06-29,12.432062008469027
2010-06-30,12.43206200846903
2010-07-01,37.74898403217491
2010-07-04,47.65123453929142
2010-07-05,47.226800571246905
2010-07-06,36.51097534626464
2010-07-07,45.253180047417615
2010-07-08,46.51216763429821
2010-07-11,49.8396159536472
2010-07-12,49.839615953647204
2010-07-13,56.347421156357626
2010-07-14,36.38439231343044
2010-07-15,17.839670620212967
2010-07-18,13.849192360135573
2010-07-19,4.161256141211803
2010-07-20,22.14908297935182
2010-07-21,16.692860410404073
2010-07-22,40.28782170605904
2010-07-25,28.426699130144456
2010-07-26,28.42669913014445
2010-07-27,26.4557770134576
2010-07-28,25.468330342477884
2010-07-29,41.118634186378365
2010-08-01,45.587587291493996
2010-08-02,28.435020055913938
2010-08-03,28.435020055913938
2010-08-04,38.54815216396608
2010-08-05,29.63100927532058
2010-08-08,29.63100927532058
2010-08-09,46.063721447154066
2010-08-10,15.571825630379472
2010-08-11,0.17065037853026738
2010-08-12,12.503213274749184
2010-08-15,12.50321327474919
2010-08-16,42.89802023169364
2010-08-17,44.27825382242156
2010-08-18,16.51004472486824
2010-08-19,13.821051911143782
2010-08-22,13.821051911143774
2010-08-23,24.930840824105417
2010-08-24,24.93084082410542
2010-08-25,3.4407093929496058
2010-08-26,0.0868342164981405
2010-08-29,26.547285816021652
2010-08-30,5.9015221713417265
2010-08-31,13.624914932908322
2010-09-01,31.268372107755365
2010-09-02,52.32382528618887
2010-09-05,34.577677774492685
2010-09-06,40.67007420002948
2010-09-07,39.30926442710746
2010-09-08,44.62491547214247
2010-09-09,47.697982036338345
2010-09-12,49.50853595459751
2010-09-13,62.30617945849721
2010-09-14,42.057155359402046
2010-09-15,33.445880062060574
2010-09-16,50.09365995035421
2010-09-19,31.432440921750963
2010-09-20,3.45312010870313
2010-09-21,33.544945837987676
2010-09-22,32.644882995626034
2010-09-23,32.644882995626034
2010-09-26,47.117655368275315
2010-09-27,47.85938124979871
2010-09-28,50.05340868265857
2010-09-29,58.08638616825114
2010-09-30,68.22772621509655
2010-10-03,53.298138055136434
2010-10-04,32.234705853222614
2010-10-05,61.91063405660439
2010-10-06,58.420130586658594
2010-10-07,43.00542552638218
2010-10-10,54.608980312714614
2010-10-11,45.378907537505654
2010-10-12,55.928407380184154
2010-10-13,58.45923563532297
2010-10-14,56.818581598536056
2010-10-17,26.779194878176867
2010-10-18,11.399350425976044
2010-10-19,11.39935042597603
2010-10-20,30.21318060509443
2010-10-21,33.75089334421174
2010-10-24,41.67740464186521
2010-10-25,20.422802672426123
2010-10-26,30.954624838345403
2010-10-27,34.22739723821824
2010-10-28,3.412471594432059
2010-11-01,2.008925688854198
2010-11-02,2.008925688854204
2010-11-03,2.008925688854204
2010-11-04,27.095507914420313
2010-11-05,48.54665297214463
2010-11-08,14.997860551228955
2010-11-09,12.427872700024135
2010-11-10,9.880966569198343
2010-11-11,16.7628738460086
2010-11-12,18.960006285427045
2010-11-15,19.420172438345727
2010-11-16,32.65682124708661
2010-11-17,42.98340837248284
2010-11-18,8.41171999471499
2010-11-19,13.28364527395677
2010-11-22,13.095769752494974
2010-11-23,12.517430803062107
2010-11-24,12.517430803062096
2010-11-25,11.126854535965919
2010-11-26,9.380618985320284
2010-11-29,9.380618985320282
2010-11-30,6.327648253715797
2010-12-01,13.648473744116913
2010-12-02,26.587771831032462
2010-12-03,38.15159872731705
2010-12-06,49.339445650937094
2010-12-07,57.10420950179339
2010-12-08,28.377237201274134
2010-12-09,6.609827893364434
2010-12-10,14.226638827768861
2010-12-13,9.742023462280338
2010-12-14,10.155813101480739
2010-12-15,5.957465050709895
2010-12-16,8.245781609814113
2010-12-17,2.8527419482600935
2010-12-20,2.66588256008336
2010-12-21,15.8897146200833
2010-12-22,33.64289847146954
2010-12-23,32.38348338902319
2010-12-24,38.77456046648264
2010-12-27,25.70729019166696
2010-12-28,16.851255301668413
2010-12-29,20.786279027902115
2010-12-30,1.2690154785428476
2010-12-31,8.811675018669867
2011-01-03,33.05384903615726
2011-01-04,16.9043965146073
2011-01-05,18.941944669650724
2011-01-06,37.213596308463316
2011-01-07,37.21359630846331
2011-01-10,42.34071005408652
2011-01-11,42.34071005408653
2011-01-12,32.65117910683574
2011-01-13,11.645711747003789
2011-01-14,30.506762773336977
2011-01-17,30.506762773336966
2011-01-18,18.40937964121974
2011-01-19,5.121694060859064
2011-01-20,0.05477004485563026
2011-01-21,0.054770044855641686
2011-01-24,8.271844887329282
2011-01-25,5.579865231109405
2011-01-26,5.579865231109396
2011-01-27,17.353327250202298
2011-01-28,6.367999140539858
2011-01-31,13.584031148708576
2011-02-01,25.933815799387983
2011-02-02,33.040169694355626
2011-02-03,19.26288923560993
2011-02-04,7.489387720402552
2011-02-07,2.367804191951701
2011-02-08,2.3678041919517114
2011-02-09,28.67074024546788
2011-02-10,12.033843790513115
2011-02-11,6.640707179299142
2011-02-14,18.61933808719284
2011-02-15,18.61933808719285
2011-02-16,11.436019002124327
2011-02-17,3.993305777365546
2011-02-18,20.35001309949874
2011-02-21,20.35001309949873
2011-02-22,20.350013099498725
2011-02-23,32.48853155847035
2011-02-24,26.425482657551598
2011-02-25,25.871613420698587
2011-02-28,29.77639151186089
2011-03-01,27.660253497171176
2011-03-02,24.53611518886998
2011-03-03,47.50986342508071
2011-03-04,66.73407933284163
2011-03-07,37.180258946429774
2011-03-08,37.18025894642979
2011-03-09,55.397524717778936
2011-03-10,20.117691833832286
2011-03-11,6.362788022735298
2011-03-14,1.9425001109183482
2011-03-15,27.728113859104546
2011-03-16,27.728113859104543
2011-03-17,41.57187321465808
2011-03-18,48.23201703299428
2011-03-21,16.120102050895156
2011-03-22,16.120102050895152
2011-03-23,0.6526283865440269
2011-03-24,9.168036990170565
2011-03-25,15.078283786633776
2011-03-27,1.0964206709802777
2011-03-28,1.0964206709802713
2011-03-29,58.796487014379316
2011-03-30,62.465528046622275
2011-03-31,75.61775362297475
2011-04-03,75.61775362297477
2011-04-04,75.61775362297475
2011-04-05,78.38766039188431
2011-04-06,82.13456702657137
2011-04-07,88.30322269847507
2011-04-10,88.69161229681603
2011-04-11,59.63918702237816
2011-04-12,44.996971651664595
2011-04-13,44.996971651664595
2011-04-14,44.9969716516646
2011-04-17,44.99697165166461
2011-04-18,44.996971651664595
2011-04-19,65.71851003347774
2011-04-20,66.14144392579942
2011-04-21,66.14144392579942
2011-04-24,66.14144392579941
2011-04-25,29.365340294566877
2011-04-26,42.32773693338135
2011-04-27,17.340779820573417
2011-04-28,17.340779820573427
2011-05-01,17.340779820573434
2011-05-02,45.856358307919905
2011-05-03,57.01515933415804
2011-05-04,67.21532573810202
2011-05-05,42.80806693885522
2011-05-08,48.94941259450511
2011-05-09,48.94941259450513
2011-05-10,53.507194407214065
2011-05-11,62.05738852349809
2011-05-12,68.59457318210582
2011-05-15,68.5945731821058
2011-05-16,69.07663956341057
2011-05-17,19.493006223204144
2011-05-18,5.362485615716038
2011-05-19,10.081375973451696
2011-05-22,35.26049532737749
2011-05-23,35.260495327377484
2011-05-24,35.260495327377484
2011-05-25,29.65039453862417
2011-05-26,21.303823703542964
2011-05-29,28.10760807774852
2011-05-30,43.4921246428004
2011-05-31,49.14727051229412
2011-06-01,31.40202987201
2011-06-02,60.03044142672044
2011-06-05,59.6034651901455
2011-06-06,68.66993400085192
2011-06-07,48.069719453261186
2011-06-08,43.2720179831786
2011-06-09,25.82713899427333
2011-06-12,25.82713899427333
2011-06-13,31.79059334484214
2011-06-14,23.217557603692914
2011-06-15,12.137786950374046
2011-06-16,2.6307669033255947
2011-06-19,11.16037651354673
2011-06-20,3.5543464386151564
2011-06-21,3.5543464386151467
2011-06-22,3.463643638591067
2011-06-23,14.234866730922905
2011-06-26,26.08498677269504
2011-06-27,5.94831183171036
2011-06-28,24.350143350967983
2011-06-29,36.17322374451838
2011-06-30,42.44395441905379
2011-07-03,42.44395441905379
2011-07-04,25.71658509712745
2011-07-05,8.52013050565379
2011-07-06,22.219661834870543
2011-07-07,27.58250151257618
2011-07-10,10.272457220079444
2011-07-11,11.313456671028273
2011-07-12,4.460357301797877
2011-07-13,4.460357301797873
2011-07-14,5.206628899336497
2011-07-17,17.534493723646918
2011-07-18,1.7247635502713994
2011-07-19,3.4428888070706485
2011-07-20,26.82051290036386
2011-07-21,32.20675226489506
2011-07-24,48.66208273743912
2011-07-25,59.28537540834162
2011-07-26,3.214720292305351
2011-07-27,3.214720292305364
2011-07-28,10.174379025537391
2011-07-31,16.115807299855025
2011-08-01,7.164230225107776
2011-08-02,7.164230225107775
2011-08-03,30.66150800936331
2011-08-04,46.417270537189815
2011-08-07,53.254075791949816
2011-08-08,75.68910119808324
2011-08-09,40.799464840110716
2011-08-10,45.918025311971775
2011-08-11,27.214962318409015
2011-08-14,10.317007700362073
2011-08-15,7.152005740608542
2011-08-16,7.15200574060854
2011-08-17,13.946067042228737
2011-08-18,13.94606704222874
2011-08-21,19.73960800015418
2011-08-22,20.282818739140705
2011-08-23,19.536019692365127
2011-08-24,34.254531786274406
2011-08-25,34.25453178627441
2011-08-28,16.151078299792694
2011-08-29,2.7606945940257526
2011-08-30,5.249633709593372
2011-08-31,19.966585035043067
2011-09-01,48.85816702528586
2011-09-04,58.414867159155456
2011-09-05,62.912921766294104
2011-09-06,62.9129217662941
2011-09-07,57.373132989097655
2011-09-08,69.61867573415681
2011-09-11,76.23987209075236
2011-09-12,80.77010886442878
2011-09-13,84.17364381818395
2011-09-14,66.75476102478315
2011-09-15,70.83196748149376
2011-09-18,84.14020536042285
2011-09-19,84.74605785627304
2011-09-20,88.95555036484457
2011-09-21,93.72581613619438
2011-09-22,93.72581613619437
2011-09-25,55.44230874960778
2011-09-26,42.278378242597036
2011-09-27,42.27837824259705
2011-09-28,48.44102242405824
2011-09-29,55.69889027747815
2011-10-02,62.498368809747326
2011-10-03,64.29854963975245
2011-10-04,26.590121144266636
2011-10-05,7.539689689356363
2011-10-06,15.91914151294899
2011-10-09,22.955934800775143
2011-10-10,18.30646291331208
2011-10-11,18.30646291331209
2011-10-12,26.73702335233316
2011-10-13,35.093632291238954
2011-10-16,32.17752869551037
2011-10-17,3.7521753095197576
2011-10-18,11.274952627428473
2011-10-19,12.817650562016478
2011-10-20,11.565920844354327
2011-10-23,0.1134088624730094
2011-10-24,10.100551996662208
2011-10-25,5.004932244985332
2011-10-26,26.600149592697107
2011-10-27,42.82890372039806
2011-10-31,49.94168887682584
2011-11-01,1.0602198000866292
2011-11-02,1.0602198000866343
2011-11-03,5.760015322123847
2011-11-04,6.749641600007962
2011-11-07,7.33113712063824
2011-11-08,1.4892418632880104
2011-11-09,9.155656597007733
2011-11-10,26.43772674299609
2011-11-11,15.71338905219164
2011-11-14,12.132336705096622
2011-11-15,16.370943615769377
2011-11-16,27.312869762853982
2011-11-17,29.80628044412738
2011-11-18,29.806280444127403
2011-11-21,51.54193892743475
2011-11-22,53.12537633410942
2011-11-23,71.43465331842914
2011-11-24,77.74362144856983
2011-11-25,81.90669100195737
2011-11-28,48.878484091835695
2011-11-29,30.81976985517589
2011-11-30,0.9753209480835918
2011-12-01,6.877006634859666
2011-12-02,17.952086748420495
2011-12-05,17.952086748420495
2011-12-06,12.69188410375833
2011-12-07,5.05979187501551
2011-12-08,9.140554968848386
2011-12-09,15.543488720331823
2011-12-12,26.32651263224644
2011-12-13,36.434107971752006
2011-12-14,52.310022926552854
2011-12-15,40.29415885421751
2011-12-16,23.265282572557076
2011-12-19,28.396085104702628
2011-12-20,21.844288861675
2011-12-21,21.844288861675007
2011-12-22,25.78988118729629
2011-12-23,0.04978426253111983
2011-12-26,0.04978426253112459
2011-12-27,26.424116686080996
2011-12-28,3.14674139133354
2011-12-29,8.552918771474056
2011-12-30,11.111043190601297
2012-01-02,2.814369817862794
2012-01-03,27.494728424723863
2012-01-04,39.487348192203534
2012-01-05,23.700264563932734
2012-01-06,12.511936496605877
2012-01-09,10.97700128494982
2012-01-10,44.93778089289483
2012-01-11,44.937780892894835
2012-01-12,53.39532349477596
2012-01-13,59.86226030650646
2012-01-16,59.862260306506464
2012-01-17,66.12110493844915
2012-01-18,63.185014425693694
2012-01-19,68.22948158583874
2012-01-20,63.948993109919485
2012-01-23,70.09485838387762
2012-01-24,70.09485838387762
2012-01-25,75.37368399011235
2012-01-26,79.56979017496799
2012-01-27,79.56979017496799
2012-01-30,64.34619192069201
2012-01-31,66.67470114745578
2012-02-01,59.46469326147539
2012-02-02,67.12271634305466
2012-02-03,71.10731537332525
2012-02-06,73.22130281101887
2012-02-07,73.22130281101889
2012-02-08,77.10780981370051
2012-02-09,79.57500098723413
2012-02-10,61.335965386290034
2012-02-13,64.36380735800917
2012-02-14,64.36380735800917
2012-02-15,43.24848382212484
2012-02-16,0.8450642339957961
2012-02-17,30.886316593134783
2012-02-20,27.11304065048675
2012-02-21,7.106672258796704
2012-02-22,17.199901434689515
2012-02-23,40.820594509374445
2012-02-24,31.136132358556235
2012-02-27,20.23250312797955
2012-02-28,34.13450260667232
2012-02-29,5.079553054266279
2012-03-01,0.2761272263742078
2012-03-02,5.410923438534562
2012-03-05,30.01277776004123
2012-03-06,49.065969234457896
2012-03-07,5.326242612609805
2012-03-08,13.350006052156374
2012-03-09,15.417837809394438
2012-03-12,49.125819260772026
2012-03-13,51.44551224322566
2012-03-14,45.8811157318209
2012-03-15,41.93866842333468
2012-03-16,29.99152208876493
2012-03-19,36.087864535655015
2012-03-20,54.05134579718184
2012-03-21,42.798357534696265
2012-03-22,44.15608941138251
2012-03-23,24.789268844102573
2012-03-25,1.4722880186415483
2012-03-26,3.9378504093804314
2012-03-27,1.0209803370029513
2012-03-28,19.168387501573974
2012-03-29,11.248002904134943
2012-04-01,20.793304490012584
2012-04-02,6.390389810090811
2012-04-03,21.958892878579423
2012-04-04,21.95889287857942
2012-04-05,21.958892878579427
2012-04-08,27.692133865367747
2012-04-09,27.177909359464348
2012-04-10,21.64900515510861
2012-04-11,19.46978710959108
2012-04-12,33.548653367100506
2012-04-15,4.700934805388914
2012-04-16,2.1991957605524193
2012-04-17,31.236293207397956
2012-04-18,49.14665861320168
2012-04-19,49.1466586132017
2012-04-22,27.004371963916523
2012-04-23,27.00437196391653
2012-04-24,27.004371963916533
2012-04-25,3.8423799175418187
2012-04-26,3.842379917541806
2012-04-29,18.514340859936063
2012-04-30,41.014655272648206
2012-05-01,23.416311047786863
2012-05-02,46.853526591059314
2012-05-03,15.774875629456986
2012-05-06,24.219945429723687
2012-05-07,24.219945429723698
2012-05-08,53.90243452194308
2012-05-09,54.65225349013615
2012-05-10,23.543027304601534
2012-05-13,45.13573833460889
2012-05-14,51.142541867268406
2012-05-15,54.698503703648804
2012-05-16,52.30035386885214
2012-05-17,62.257970062383706
2012-05-20,71.13542493854695
2012-05-21,75.36578598018308
2012-05-22,83.64410574835901
2012-05-23,26.312720049498612
2012-05-24,8.055294457975846
2012-05-27,7.670859738727533
2012-05-28,1.8958256122811192
2012-05-29,6.987406855485863
2012-05-30,17.831687416507442
2012-05-31,25.25084676416326
2012-06-03,27.437564670932485
2012-06-04,37.08511162950609
2012-06-05,25.5749249800946
2012-06-06,25.952494402204245
2012-06-07,5.561243111667905
2012-06-10,6.034438390559745
2012-06-11,18.726340300572886
2012-06-12,21.86034795922768
2012-06-13,27.254845092398867
2012-06-14,4.782821547079184
2012-06-17,0.008638311006970687
2012-06-18,0.008638311006975432
2012-06-19,25.95497717985879
2012-06-20,13.99597798548127
2012-06-21,7.790134310648559
2012-06-24,20.519051935596348
2012-06-25,12.780817109996997
2012-06-26,17.47540971451963
2012-06-27,29.31766046991208
2012-06-28,24.975988799752642
2012-07-01,39.8131951273547
2012-07-02,42.55674498937692
2012-07-03,10.989851908849209
2012-07-04,6.248500864916853
2012-07-05,12.109701652812417
2012-07-08,12.10970165281244
2012-07-09,12.10970165281243
2012-07-10,12.109701652812435
2012-07-11,9.771517469337718
2012-07-12,9.771517469337724
2012-07-15,9.771517469337711
2012-07-16,1.0362036071815388
2012-07-17,16.403808202462038
2012-07-18,34.059720257733304
2012-07-19,44.784053806895606
2012-07-22,9.355508331485684
2012-07-23,9.35550833148568
2012-07-24,0.08995906854487114
2012-07-25,22.74747727598567
2012-07-26,28.945083593403226
2012-07-29,39.77349850409945
2012-07-30,11.445666928773642
2012-07-31,2.1221777677242413
2012-08-01,16.65942142488764
2012-08-02,22.584501198746914
2012-08-05,34.98945977883049
2012-08-06,29.18557346910817
2012-08-07,32.28642232700394
2012-08-08,32.28642232700395
2012-08-09,32.45050605978877
2012-08-12,53.329185835058155
2012-08-13,53.329185835058155
2012-08-14,43.71874045389023
2012-08-15,49.9798428906786
2012-08-16,54.87150896804439
2012-08-19,57.75662016207931
2012-08-20,55.75840024397504
2012-08-21,56.55214694122136
2012-08-22,36.73756565700914
2012-08-23,49.905948429022146
2012-08-26,51.2080361348192
2012-08-27,16.449381707013615
2012-08-28,22.385817403542983
2012-08-29,28.844393675238212
2012-08-30,2.546993030006804
2012-09-02,22.6253977789428
2012-09-03,0.684436530629723
2012-09-04,0.4487769453840571
2012-09-05,9.046042048401103
2012-09-06,31.918179357206455
2012-09-09,50.79361880758978
2012-09-10,50.79361880758978
2012-09-11,56.55076534087563
2012-09-12,37.346747163714994
2012-09-13,45.81031411428292
2012-09-16,15.445063736336607
2012-09-17,13.178749265360313
2012-09-18,31.326694251456495
2012-09-19,24.736742165737123
2012-09-20,24.736742165737123
2012-09-23,44.90199396894156
2012-09-24,44.901993968941554
2012-09-25,12.434679782817204
2012-09-26,12.434679782817202
2012-09-27,12.434679782817188
2012-09-30,41.07055198928965
2012-10-01,41.070551989289655
2012-10-02,42.46227957482466
2012-10-03,47.308305278348634
2012-10-04,53.35261866451061
2012-10-07,30.75749766769052
2012-10-08,14.591890694468884
2012-10-09,31.200643655628113
2012-10-10,20.923059878710127
2012-10-11,16.703690489170285
2012-10-14,12.622798044036948
2012-10-15,31.866105522412504
2012-10-16,40.08316989454877
2012-10-17,41.0482845356507
2012-10-18,53.56275392588831
2012-10-21,53.562753925888295
2012-10-22,62.365385449011626
2012-10-23,62.36538544901161
2012-10-24,66.26727320676757
2012-10-25,34.166869826077374
2012-10-29,18.087283826265402
2012-10-30,18.087283826265413
2012-10-31,34.03447421491552
2012-11-01,33.67988244164491
2012-11-02,34.87270093897817
2012-11-05,56.425184702581774
2012-11-06,56.42518470258175
2012-11-07,58.35004760887686
2012-11-08,45.95153542901635
2012-11-09,21.381849004819884
2012-11-12,0.7827220870036569
2012-11-13,19.77241647937924
2012-11-14,8.450480056937415
2012-11-15,12.488747197727305
2012-11-16,22.841922998487657
2012-11-19,46.77044230087444
2012-11-20,46.77044230087443
2012-11-21,60.12960208880255
2012-11-22,62.37878752116164
2012-11-23,70.810075698558
2012-11-26,14.090511788998555
2012-11-27,14.090511788998562
2012-11-28,22.949541176392135
2012-11-29,38.34490079071352
2012-11-30,41.853733695280226
2012-12-03,61.1067432633788
2012-12-04,46.62566328858551
2012-12-05,46.62566328858549
2012-12-06,4.034452348947116
2012-12-07,2.7361859361125602
2012-12-10,2.291197269626243
2012-12-11,6.939673339671691
2012-12-12,3.299194042711568
2012-12-13,7.903317455199953
2012-12-14,4.962850867759935
2012-12-17,18.318124778027272
2012-12-18,32.801767462130776
2012-12-19,1.9739925379909293
2012-12-20,21.741339111543024
2012-12-21,16.426250760481516
2012-12-24,0.8190464498611579
2012-12-25,0.8190464498611525
2012-12-26,39.859470931483905
2012-12-27,49.419769309235
2012-12-28,49.66761043975371
2012-12-31,48.40899813076234
2013-01-01,35.48208882748521
2013-01-02,43.64231891603671
2013-01-03,49.53423874406961
2013-01-04,50.3272932610012
2013-01-07,60.38394447937085
2013-01-08,67.04394981920998
2013-01-09,39.282649902669505
2013-01-10,47.15433246800394
2013-01-11,47.87138274732593
2013-01-14,51.213097894418134
2013-01-15,45.37571024430064
2013-01-16,45.375710244300635
2013-01-17,45.37571024430063
2013-01-18,35.63859391662938
2013-01-21,39.30932885062312
2013-01-22,11.24614382304186
2013-01-23,39.68930866338691
2013-01-24,47.82063448381566
2013-01-25,47.820634483815674
2013-01-28,68.6277828689006
2013-01-29,80.59003219460533
2013-01-30,80.59003219460533
2013-01-31,84.41131509769892
2013-02-01,83.52430611946782
2013-02-04,84.36321091864312
2013-02-05,66.4870148436719
2013-02-06,67.31496293863289
2013-02-07,72.31345506727273
2013-02-08,81.75829549273993
2013-02-11,81.75829549273995
2013-02-12,81.38886950196155
2013-02-13,81.38886950196155
2013-02-14,82.82925840026773
2013-02-15,82.87857953011631
2013-02-18,43.05256797694366
2013-02-19,53.60113656376241
2013-02-20,62.29587333902401
2013-02-21,6.81177699754178
2013-02-22,6.811776997541768
2013-02-25,10.927664199155668
2013-02-26,11.237703926691031
2013-02-27,22.21740662726951
2013-02-28,1.6615979520289388
2013-03-01,17.00934685248599
2013-03-04,8.276921100257855
2013-03-05,29.53240930166041
2013-03-06,29.53240930166042
2013-03-07,20.371817005831335
2013-03-08,37.03541819923473
2013-03-11,52.36992910299889
2013-03-12,46.701549691452385
2013-03-13,29.517614645468505
2013-03-14,14.497695459041124
2013-03-15,9.39647722926479
2013-03-18,35.633483706885734
2013-03-19,9.403885618104903
2013-03-20,12.133867294241012
2013-03-21,18.449246660335138
2013-03-22,39.75863009149643
2013-03-25,16.836191075361693
2013-03-26,16.836191075361683
2013-03-27,26.09220395788733
2013-03-28,6.757634337354987
2013-03-29,12.657936252990867
2013-03-31,4.9920022491171405
2013-04-01,15.661704881073913
2013-04-02,14.080386287282353
2013-04-03,14.080386287282348
2013-04-04,40.67271264193969
2013-04-07,53.2226834684959
2013-04-08,53.2226834684959
2013-04-09,60.32038352421177
2013-04-10,65.96258920949494
2013-04-11,55.365292832965196
2013-04-14,61.69601322626133
2013-04-15,13.55657621564399
2013-04-16,25.56794556612814
2013-04-17,0.38933506493165243
2013-04-18,0.38933506493164227
2013-04-21,0.38933506493164727
2013-04-22,7.541839844958226
2013-04-23,13.458588165103924
2013-04-24,8.126401383311137
2013-04-25,21.850358476588728
2013-04-28,26.09636887272587
2013-04-29,3.5973185462217
2013-04-30,14.647825541680096
2013-05-01,1.0618702230402777
2013-05-02,1.9649727194722526
2013-05-05,7.231803632315492
2013-05-06,0.9725936603687018
2013-05-07,0.9725936603687109
2013-05-08,0.7049031208138508
2013-05-09,44.21121892766976
2013-05-12,44.21121892766977
2013-05-13,15.476633136243063
2013-05-14,33.53562141142467
2013-05-15,33.53562141142466
2013-05-16,47.697907445273366
2013-05-19,49.45526872247177
2013-05-20,56.030448798184985
2013-05-21,42.19659598069477
2013-05-22,57.11356437533573
2013-05-23,39.33275591344299
2013-05-26,16.13823630466048
2013-05-27,40.263381740595456
2013-05-28,61.82220499261158
2013-05-29,68.76789827514241
2013-05-30,78.32566638087232
2013-06-02,78.42303280949938
2013-06-03,52.361468346580295
2013-06-04,21.245391315330366
2013-06-05,21.245391315330362
2013-06-06,29.0224514802081
2013-06-09,37.69874715140709
2013-06-10,41.057767486523275
2013-06-11,41.05776748652329
2013-06-12,41.05776748652329
2013-06-13,13.761957092011723
2013-06-16,11.356727166624522
2013-06-17,32.667074778184556
2013-06-18,32.667074778184556
2013-06-19,69.67673105337724
2013-06-20,69.67673105337725
2013-06-23,52.98722076538033
2013-06-24,27.000522413123207
2013-06-25,13.49212329216542
2013-06-26,0.4377126085152853
2013-06-27,22.876125613998433
2013-06-30,29.545294587137157
2013-07-01,33.69909436201047
2013-07-02,44.43269873948936
2013-07-03,45.36453611013591
2013-07-04,28.23227168222363
2013-07-07,28.23227168222362
2013-07-08,28.23227168222362
2013-07-09,35.48250565687775
2013-07-10,35.73221959029749
2013-07-11,35.7322195902975
2013-07-14,18.085794017798438
2013-07-15,30.114488994621436
2013-07-16,20.600477342780348
2013-07-17,36.76505332982111
2013-07-18,38.542963911175384
2013-07-21,26.855302292631094
2013-07-22,39.054405054756955
2013-07-23,48.776725309911434
2013-07-24,24.174370305543107
2013-07-25,24.174370305543093
2013-07-28,7.925091455692081
2013-07-29,6.34876865892424
2013-07-30,30.230261735358866
2013-07-31,25.908144874977356
2013-08-01,38.09901064728686
2013-08-04,1.3210081913189418
2013-08-05,2.187635256861091
2013-08-06,4.840734744755848
2013-08-07,14.914074008529743
2013-08-08,24.356497479093715
2013-08-11,36.360777892190185
2013-08-12,1.2538565033137958
2013-08-13,8.697347643588532
2013-08-14,35.89025426878509
2013-08-15,43.570816698705926
2013-08-18,61.831660788931245
2013-08-19,61.83166078893125
2013-08-20,65.59783601357073
2013-08-21,72.75285142391722
2013-08-22,11.361506074922206
2013-08-25,7.8003644490239905
2013-08-26,7.800364449023991
2013-08-27,26.020405754265326
2013-08-28,26.02040575426532
2013-08-29,13.058716942796053
2013-09-01,24.61823127286769
2013-09-02,24.618231272867693
2013-09-03,9.789833370780729
2013-09-04,6.017033415217356
2013-09-05,23.07350475588324
2013-09-08,31.17896029056152
2013-09-09,22.14509085788964
2013-09-10,30.47789506958736
2013-09-11,26.373916247243972
2013-09-12,24.968576815811577
2013-09-15,16.98555845647511
2013-09-16,19.47140630944032
2013-09-17,9.016857656983953
2013-09-18,28.193818725870916
2013-09-19,26.129947474439376
2013-09-22,38.02450379761816
2013-09-23,33.60888215881331
2013-09-24,38.797565386453016
2013-09-25,40.83963084565417
2013-09-26,46.386772923455645
2013-09-29,40.994598542992094
2013-09-30,24.86415963453403
2013-10-01,24.86415963453403
2013-10-02,7.620521213665161
2013-10-03,7.620521213665163
2013-10-06,13.93691628998264
2013-10-07,13.93691628998264
2013-10-08,13.936916289982637
2013-10-09,4.561780151889348
2013-10-10,13.767211477721872
2013-10-13,7.4370143018161725
2013-10-14,7.437014301816179
2013-10-15,16.899082801422814
2013-10-16,16.899082801422814
2013-10-17,29.695105301167708
2013-10-20,9.38509106797092
2013-10-21,6.4914027677142965
2013-10-22,6.491402767714301
2013-10-23,31.77146396237972
2013-10-24,31.77146396237972
2013-10-28,10.624402681143145
2013-10-29,7.399415420288387
2013-10-30,10.735679098686942
2013-10-31,45.91982318308303
2013-11-01,64.39117033912062
2013-11-04,64.39117033912063
2013-11-05,75.65000721813404
2013-11-06,76.45457486006731
2013-11-07,78.03116808207749
2013-11-08,85.12449377397836
2013-11-11,78.88194452442538
2013-11-12,82.24306959798696
2013-11-13,54.76812000292607
2013-11-14,56.21271626327622
2013-11-15,38.43486980020134
2013-11-18,1.1344027445428382
2013-11-19,11.995216575275373
2013-11-20,11.995216575275382
2013-11-21,24.699107729615296
2013-11-22,24.6991077296153
2013-11-25,8.932468032738528
2013-11-26,17.558929081454636
2013-11-27,23.952705169883217
2013-11-28,41.23945299568123
2013-11-29,29.251621397946646
2013-12-02,39.61632139435345
2013-12-03,43.153488795000705
2013-12-04,54.07056336842167
2013-12-05,58.90429335960621
2013-12-06,21.999458954133875
2013-12-09,5.431685377106834
2013-12-10,10.505861215585785
2013-12-11,2.15960339891707
2013-12-12,11.642994158055869
2013-12-13,5.2330072582938145
2013-12-16,7.25659124910967
2013-12-17,7.256591249109653
2013-12-18,20.523785645558732
2013-12-19,7.549783216758908
2013-12-20,28.700453306206352
2013-12-23,28.70045330620636
2013-12-24,10.919102272271337
2013-12-25,10.919102272271331
2013-12-26,15.891921609488769
2013-12-27,6.68194156850816
2013-12-30,31.403890392421136
2013-12-31,31.403890392421136
2014-01-01,31.403890392421136
2014-01-02,24.036971870351657
2014-01-03,24.03697187035166
2014-01-06,24.036971870351664
2014-01-07,2.2245290870508936
2014-01-08,9.986921629628165
2014-01-09,28.330789050868393
2014-01-10,9.264065766909969
2014-01-13,15.097555653264806
2014-01-14,7.701071829239129
2014-01-15,22.09646094214578
2014-01-16,0.07268475331565652
2014-01-17,0.07268475331565219
2014-01-20,22.995841754266287
2014-01-21,7.251058781185428
2014-01-22,8.882391403029722
2014-01-23,14.7033678739532
2014-01-24,42.248300898448385
2014-01-27,36.61926287098163
2014-01-28,40.34946255093643
2014-01-29,51.95097799993763
2014-01-30,32.79345280163908
2014-01-31,10.102676067533253
2014-02-03,10.102676067533244
2014-02-04,21.637722020299485
2014-02-05,0.4667404233999525
2014-02-06,10.766962122991805
2014-02-07,19.972103353446425
2014-02-10,9.654736493647015
2014-02-11,6.450350384612093
2014-02-12,6.450350384612082
2014-02-13,26.193980548192293
2014-02-14,12.36922783154203
2014-02-17,12.369227831542027
2014-02-18,1.0517360026520908
2014-02-19,9.469041114975168
2014-02-20,13.3639569881071
2014-02-21,23.923674206334475
2014-02-24,39.93331035863695
2014-02-25,42.658752372818206
2014-02-26,31.026912037655574
2014-02-27,31.026912037655574
2014-02-28,44.09741729122561
2014-03-03,44.097417291225604
2014-03-04,31.4622692072568
2014-03-05,35.1527756241996
2014-03-06,54.58907809661157
2014-03-07,16.924311257617745
2014-03-10,8.720853510012171
2014-03-11,2.183171393312771
2014-03-12,17.453603969606874
2014-03-13,5.295801039494592
2014-03-14,11.357929602219873
2014-03-17,13.665534798176765
2014-03-18,9.236400010578642
2014-03-19,21.737342736324745
2014-03-20,6.012925626396132
2014-03-21,21.282980249660284
2014-03-24,19.10464263274324
2014-03-25,28.789369659731772
2014-03-26,37.72027665355664
2014-03-27,54.9465887896446
2014-03-28,60.99750913636852
2014-03-30,51.44239347349902
2014-03-31,50.00069939843152
2014-04-01,54.09739986981202
2014-04-02,30.070984499376795
2014-04-03,44.77755305540824
2014-04-06,55.42226120597522
2014-04-07,65.8819483229835
2014-04-08,67.95719059980324
2014-04-09,72.61954269785812
2014-04-10,49.547836353395844
2014-04-13,44.78654290856341
2014-04-14,21.79756791304997
2014-04-15,18.447851274436854
2014-04-16,3.2108758794689307
2014-04-17,3.2108758794689276
2014-04-20,3.2108758794689307
2014-04-21,12.879052536011562
2014-04-22,12.879052536011566
2014-04-23,12.253353872362814
2014-04-24,29.980781023195597
2014-04-27,18.411826405010505
2014-04-28,42.82572114735746
2014-04-29,1.340136009033936
2014-04-30,8.337044760710766
2014-05-01,1.7050191798234078
2014-05-04,13.240488530997071
2014-05-05,0.6350266262755535
2014-05-06,17.02172355000207
2014-05-07,26.241552030321593
2014-05-08,15.461280866371608
2014-05-11,19.147292693692865
2014-05-12,19.408872672569256
2014-05-13,19.408872672569245
2014-05-14,35.4067017650751
2014-05-15,35.40670176507511
2014-05-18,39.44257217946386
2014-05-19,51.11034288189018
2014-05-20,51.11034288189019
2014-05-21,61.09113191200698
2014-05-22,50.73501961258433
2014-05-25,46.8448048295751
2014-05-26,7.449345835264714
2014-05-27,14.4864603459704
2014-05-28,3.0647574649838316
2014-05-29,21.663471465899768
2014-06-01,52.41565102123108
2014-06-02,54.62052031662669
2014-06-03,62.8267773113654
2014-06-04,56.20621034207621
2014-06-05,11.242460797282154
2014-06-08,8.442182377035769
2014-06-09,20.818305817400123
2014-06-10,27.81672278857736
2014-06-11,27.81672278857735
2014-06-12,14.185614134255914
2014-06-15,20.99119128795923
2014-06-16,17.201250225906016
2014-06-17,21.485045714352626
2014-06-18,25.947828230310034
2014-06-19,3.608800613876315
2014-06-22,3.6088006138763147
2014-06-23,15.662840021760772
2014-06-24,19.016030982366882
2014-06-25,26.1979385919524
2014-06-26,36.42132510240004
2014-06-29,41.51981429196081
2014-06-30,17.283415480831998
2014-07-01,28.737979829526605
2014-07-02,4.1431314205295475
2014-07-03,12.404790425531333
2014-07-06,4.605521078573814
2014-07-07,2.317530402393671
2014-07-08,11.672288757708534
2014-07-09,3.895702662189952
2014-07-10,4.430410983090695
2014-07-13,2.296067361289184
2014-07-14,15.36072072810383
2014-07-15,15.36072072810383
2014-07-16,21.39452863496759
2014-07-17,32.97719955388174
2014-07-20,2.423268048636492
2014-07-21,3.788367375750892
2014-07-22,13.91389218082436
2014-07-23,13.564764427972346
2014-07-24,2.9149338842875743
2014-07-27,6.815582788782729
2014-07-28,7.943332419377408
2014-07-29,27.545690362314208
2014-07-30,42.84947026586007
2014-07-31,49.11863955084862
2014-08-03,37.98692214781636
2014-08-04,50.251174385326415
2014-08-05,59.266394499292076
2014-08-06,46.16803151760685
2014-08-07,56.562567061122756
2014-08-10,32.3319612423538
2014-08-11,23.107836692336992
2014-08-12,24.919415435806354
2014-08-13,24.91941543580636
2014-08-14,0.7025468229161368
2014-08-17,9.16245261967979
2014-08-18,11.983733076482768
2014-08-19,28.117788907527647
2014-08-20,16.898053960486735
2014-08-21,14.235915515190891
2014-08-24,16.61353025114795
2014-08-25,21.88838657064829
2014-08-26,16.790115217380038
2014-08-27,20.97489841142378
2014-08-28,38.82575912387204
2014-08-31,42.806585364665246
2014-09-01,13.734995723137445
2014-09-02,18.519762214903604
2014-09-03,20.800671533720624
2014-09-04,11.220826397765594
2014-09-07,1.8734200829398904
2014-09-08,40.03981117820248
2014-09-09,47.571998303864866
2014-09-10,47.57199830386487
2014-09-11,69.05928148779024
2014-09-14,71.30051075175868
2014-09-15,71.10188932140416
2014-09-16,72.8456844187834
2014-09-17,80.24051215291165
2014-09-18,80.36011084707192
2014-09-21,83.85543000171522
2014-09-22,87.19694765886419
2014-09-23,87.96988553227209
2014-09-24,35.06793996437866
2014-09-25,45.912870327903036
2014-09-28,59.96117221062974
2014-09-29,59.96117221062974
2014-09-30,66.17596097599152
2014-10-01,71.5081601261236
2014-10-02,73.7894573707356
2014-10-05,15.502357618273463
2014-10-06,15.50235761827346
2014-10-07,22.1462066861364
2014-10-08,30.04229492853937
2014-10-09,8.638596713231266
2014-10-12,4.104709866976582
2014-10-13,4.104709866976589
2014-10-14,24.10155357553364
2014-10-15,46.77631239228494
2014-10-16,40.337746801560044
2014-10-19,33.83813292507056
2014-10-20,47.88166054282655
2014-10-21,45.49282550629708
2014-10-22,52.0144664343273
2014-10-23,31.20919442550688
2014-10-27,52.07088510320689
2014-10-28,52.07088510320689
2014-10-29,10.453472769951357
2014-10-30,6.987342825132371
2014-10-31,6.987342825132367
2014-11-03,19.973978965489298
2014-11-04,30.845572559575924
2014-11-05,30.845572559575928
2014-11-06,39.70154217938662
2014-11-07,52.220099874783386
2014-11-10,37.98046743458634
2014-11-11,42.24945847800037
2014-11-12,39.60024974737392
2014-11-13,46.34708503272045
2014-11-14,61.57915600537965
2014-11-17,55.29862824039146
2014-11-18,55.298628240391444
2014-11-19,37.40367151483976
2014-11-20,20.62259740578776
2014-11-21,8.694025173513621
2014-11-24,18.981367226186556
2014-11-25,14.418573675385588
2014-11-26,27.668864093449265
2014-11-27,29.730764036891994
2014-11-28,20.588621272970574
2014-12-01,20.588621272970574
2014-12-02,22.002958045991534
2014-12-03,25.465925230178467
2014-12-04,30.145618329158356
2014-12-05,39.21224333346546
2014-12-08,39.21224333346544
2014-12-09,46.825664257283044
2014-12-10,40.859190328329674
2014-12-11,63.69176036440074
2014-12-12,68.83670465761533
2014-12-15,74.42797240157087
2014-12-16,84.11745663478544
2014-12-17,84.11745663478544
2014-12-18,45.79668786750979
2014-12-19,26.759685464372613
2014-12-22,26.759685464372602
2014-12-23,46.69996897276105
2014-12-24,46.69996897276105
2014-12-25,46.78258111108097
2014-12-26,46.782581111080965
2014-12-29,8.249926823575708
2014-12-30,1.3951824526710808
2014-12-31,5.004828449855499
2015-01-01,5.0048284498555065
2015-01-02,34.809242534410316
2015-01-05,40.277941826980744
2015-01-06,42.24490428988469
2015-01-07,10.437133719328182
2015-01-08,9.165735412079998
2015-01-09,18.299894894129167
2015-01-12,21.61963256363947
2015-01-13,11.292552827237538
2015-01-14,31.71549501814536
2015-01-15,35.83018360800296
2015-01-16,19.980294174037024
2015-01-19,29.475759915461815
2015-01-20,6.73120922851071
2015-01-21,28.180337780108793
2015-01-22,45.74085365323507
2015-01-23,45.740853653235064
2015-01-26,32.94386536941579
2015-01-27,40.01565853313293
2015-01-28,47.23850753291889
2015-01-29,30.15921476279165
2015-01-30,29.0131399359767
2015-02-02,38.03185718348248
2015-02-03,43.846605866865296
2015-02-04,46.23134234138701
2015-02-05,54.24370347873678
2015-02-06,60.52784940966374
2015-02-09,63.76862748320099
2015-02-10,72.56764583165811
2015-02-11,77.67434441899192
2015-02-12,78.24675858310115
2015-02-13,52.71536048121354
2015-02-16,52.71536048121354
2015-02-17,50.704793783245606
2015-02-18,57.632900531851725
2015-02-19,63.738232342399
2015-02-20,68.43434561412374
2015-02-23,72.49592465215531
2015-02-24,63.39872056116395
2015-02-25,31.309858830467686
2015-02-26,35.68751765001899
2015-02-27,49.51218844480192
2015-03-02,27.593885262631296
2015-03-03,43.33946653105111
2015-03-04,65.59304385563756
2015-03-05,65.61181964420237
2015-03-06,76.15268791937618
2015-03-09,79.81395722672498
2015-03-10,84.60251316798286
2015-03-11,72.98973234028207
2015-03-12,68.26200799478362
2015-03-13,81.80921500797943
2015-03-16,81.80921500797945
2015-03-17,83.8033716791681
2015-03-18,81.78114440431825
2015-03-19,83.53112416843528
2015-03-20,84.53950904304472
2015-03-23,46.79766313356409
2015-03-24,10.651109439123319
2015-03-25,10.651109439123315
2015-03-26,27.87318026490774
2015-03-27,35.88013631409173
2015-03-29,46.340578558110565
2015-03-30,15.976101455663422
2015-03-31,2.5189751620881133
2015-04-01,1.875597413303505
2015-04-02,4.053100770283958
2015-04-05,18.39449500006265
2015-04-06,2.818940833063408
2015-04-07,14.311480717151165
2015-04-08,28.5775223069775
2015-04-09,13.7984254284498
2015-04-12,2.3879798817578948
2015-04-13,1.474458579306894
2015-04-14,9.050132205041233
2015-04-15,26.87375994171713
2015-04-16,10.792690205884995
2015-04-19,10.792690205884997
2015-04-20,13.357728838789221
2015-04-21,22.233248218861903
2015-04-22,32.607214539901264
2015-04-23,39.87823179716838
2015-04-26,56.89224069755049
2015-04-27,60.93813775971808
2015-04-28,32.619796864106966
2015-04-29,2.0736926792650805
2015-04-30,26.294292230398348
2015-05-03,16.007647739566572
2015-05-04,19.355652141550458
2015-05-05,8.497913866664884
2015-05-06,2.0086232018446055
2015-05-07,14.013428945577244
2015-05-10,23.701276194541006
2015-05-11,4.340730857973694
2015-05-12,19.467535353970437
2015-05-13,10.882589900190325
2015-05-14,21.40908580369758
2015-05-17,14.19958024143696
2015-05-18,3.3463862774033277
2015-05-19,1.3805392925318807
2015-05-20,20.023588801850874
2015-05-21,0.250608618234383
2015-05-24,28.819415509510847
2015-05-25,36.17170712616554
2015-05-26,45.77204493363192
2015-05-27,28.30729552179539
2015-05-28,32.797520134768256
2015-05-31,39.50587768868956
2015-06-01,18.366314262706084
2015-06-02,0.9583112387309634
2015-06-03,0.7119224008093109
2015-06-04,21.156954528414403
2015-06-07,21.156954528414406
2015-06-08,3.209135822991338
2015-06-09,10.478435930508546
2015-06-10,25.16997296612418
2015-06-11,17.048451638020875
2015-06-14,21.49245492800553
2015-06-15,22.42063778520427
2015-06-16,0.30025768472465636
2015-06-17,20.62704413219619
2015-06-18,0.6166856841480886
2015-06-21,5.7340375867709135
2015-06-22,13.288506632014595
2015-06-23,3.221699438990064
2015-06-24,21.27780803977506
2015-06-25,28.235069244997753
2015-06-28,42.1571679853906
2015-06-29,12.254907899355478
2015-06-30,12.254907899355489
2015-07-01,28.160143341590665
2015-07-02,16.099264382784458
2015-07-05,28.86928197832438
2015-07-06,42.900198123746456
2015-07-07,55.84590523049342
2015-07-08,55.84590523049341
2015-07-09,25.368928647290446
2015-07-12,5.97340038316757
2015-07-13,12.39599404769485
2015-07-14,1.1855258650821832
2015-07-15,1.1855258650821745
2015-07-16,24.861552840216998
2015-07-19,34.06180694200317
2015-07-20,31.35379158465554
2015-07-21,41.94068597669436
2015-07-22,60.58362535608218
2015-07-23,67.45652433138558
2015-07-26,73.00831790614689
2015-07-27,75.83672517325718
2015-07-28,64.7011893568245
2015-07-29,49.76371780558282
2015-07-30,58.496609558093795
2015-08-02,66.73140914377367
2015-08-03,69.96230178715872
2015-08-04,72.25813856529813
2015-08-05,79.80320694465796
2015-08-06,79.81249604680676
2015-08-09,55.830291114554406
2015-08-10,27.208267087269196
2015-08-11,27.20826708726919
2015-08-12,35.56919522919598
2015-08-13,35.56919522919598
2015-08-16,35.569195229195984
2015-08-17,35.56919522919596
2015-08-18,38.35806238212444
2015-08-19,44.209489598560445
2015-08-20,24.47327582348198
2015-08-23,58.13628972724821
2015-08-24,58.136289727248204
2015-08-25,75.89561928983346
2015-08-26,45.325028135294815
2015-08-27,42.692152446658746
2015-08-30,60.43217128059181
2015-08-31,60.43217128059182
2015-09-01,71.47962490267493
2015-09-02,77.28739730145496
2015-09-03,65.3388475664724
2015-09-06,69.28563431695166
2015-09-07,45.418652072446655
2015-09-08,36.50186704046623
2015-09-09,54.34190997685741
2015-09-10,54.341909976857394
2015-09-13,54.34190997685741
2015-09-14,22.87049813843751
2015-09-15,22.87049813843752
2015-09-16,36.953671871116434
2015-09-17,41.87543420897609
2015-09-20,58.2901713180908
2015-09-21,58.29017131809079
2015-09-22,58.29017131809079
2015-09-23,74.05453496037718
2015-09-24,17.533629316368877
2015-09-27,8.73289980747645
2015-09-28,14.121587280078618
2015-09-29,10.366924482881847
2015-09-30,13.120195025470055
2015-10-01,2.7366756726458945
2015-10-04,17.301779147089732
2015-10-05,27.01325944512781
2015-10-06,33.420719310104445
2015-10-07,18.280238017601604
2015-10-08,34.66557903188712
2015-10-11,34.66557903188712
2015-10-12,9.737128120087055
2015-10-13,1.4030895308316444
2015-10-14,11.413660221871062
2015-10-15,11.413660221871057
2015-10-18,8.763630902728211
2015-10-19,3.5880250128547044
2015-10-20,21.778196988604208
2015-10-21,21.778196988604208
2015-10-22,6.636656212701488
2015-10-26,5.666629366995945
2015-10-27,5.66937367580149
2015-10-28,3.617998085861571
2015-10-29,12.665003318882048
2015-10-30,10.302061993447838
2015-11-02,10.30206199344784
2015-11-03,27.121762728468834
2015-11-04,34.8126981125256
2015-11-05,33.565628132786394
2015-11-06,20.63587561054177
2015-11-09,20.635875610541778
2015-11-10,9.82879673673207
2015-11-11,34.56723424914643
2015-11-12,5.373800381146162
2015-11-13,4.178382244714285
2015-11-16,12.636436385580533
2015-11-17,2.621066438497432
2015-11-18,8.56833339972671
2015-11-19,28.13359758934028
2015-11-20,32.53822150188861
2015-11-23,36.81757062131391
2015-11-24,32.2619877627078
2015-11-25,3.146215879583884
2015-11-26,3.146215879583879
2015-11-27,6.733647459719716
2015-11-30,43.3524174749089
2015-12-01,43.3524174749089
2015-12-02,43.35241747490887
2015-12-03,7.939817499829771
2015-12-04,10.93627940357982
2015-12-07,10.936279403579817
2015-12-08,8.210209744800972
2015-12-09,2.9302559526977854
2015-12-10,2.930255952697795
2015-12-11,34.18683360393462
2015-12-14,42.223216874809594
2015-12-15,36.001110717989256
2015-12-16,51.29626802569197
2015-12-17,29.19981896651917
2015-12-18,34.35070338169517
2015-12-21,53.906842730913695
2015-12-22,52.73003401480162
2015-12-23,50.42201484871859
2015-12-24,38.69305941458615
2015-12-25,26.867030326450486
2015-12-28,40.35513935125739
2015-12-29,18.93466846754376
2015-12-30,49.359389531815545
2015-12-31,49.35938953181555
2016-01-01,46.344506007019575
2016-01-04,63.33195868465234
2016-01-05,63.33195868465234
2016-01-06,63.33195868465234
2016-01-07,66.07674982755725
2016-01-08,54.22029998270792
2016-01-11,46.9000366614607
2016-01-12,48.343487760160336
2016-01-13,18.17210925697971
2016-01-14,22.88538373920076
2016-01-15,30.93930377672581
2016-01-18,30.939303776725808
2016-01-19,17.421062107985826
2016-01-20,41.65623418685081
2016-01-21,57.181780336210096
2016-01-22,57.181780336210096
2016-01-25,46.69699361096428
2016-01-26,20.806509390360297
2016-01-27,2.296486416216404
2016-01-28,25.268006919109464
2016-01-29,7.001825861041635
2016-02-01,11.415104712652651
2016-02-02,15.81052315626827
2016-02-03,22.827734389901895
2016-02-04,51.791030822455554
2016-02-05,36.22679078281671
2016-02-08,36.22679078281671
2016-02-09,36.22679078281671
2016-02-10,10.112562743228791
2016-02-11,9.423539990846455
2016-02-12,18.75755636258918
2016-02-15,22.92338202627709
2016-02-16,40.95067952925315
2016-02-17,43.17948719722709
2016-02-18,36.89929914326093
2016-02-19,48.7248659621253
2016-02-22,0.16912361640363993
2016-02-23,2.648391187056088
2016-02-24,10.961352754130239
2016-02-25,5.563876100736968
2016-02-26,7.8528222016304285
2016-02-29,12.521871963282846
2016-03-01,21.44027502420773
2016-03-02,17.252357842980864
2016-03-03,34.942169894529194
2016-03-04,63.08236009015577
2016-03-07,63.08236009015575
2016-03-08,54.651885812630354
2016-03-09,63.972378986598876
2016-03-10,68.3315459177372
2016-03-11,72.84872987659944
2016-03-14,74.02519681970978
2016-03-15,23.932350020405938
2016-03-16,3.116399009755031
2016-03-17,23.600151718859916
2016-03-18,27.34449996051228
2016-03-21,27.909240859973867
2016-03-22,30.743202295600693
2016-03-23,21.390326868521193
2016-03-24,5.914862648204202
2016-03-25,12.890834883848642
2016-03-27,17.832175549811428
2016-03-28,27.66729628281904
2016-03-29,28.599721971032782
2016-03-30,44.98913590684122
2016-03-31,44.989135906841206
2016-04-03,46.256364866916876
2016-04-04,8.4451517173679
2016-04-05,6.338802052879854
2016-04-06,8.953719704491984
2016-04-07,8.953719704491986
2016-04-10,41.606730076924535
2016-04-11,49.07091639301234
2016-04-12,49.07091639301236
2016-04-13,49.07091639301235
2016-04-14,58.33952567964157
2016-04-17,22.644395385344907
2016-04-18,17.278510345402495
2016-04-19,28.04186576016657
2016-04-20,28.411323087474816
2016-04-21,3.028506708594673
2016-04-24,3.028506708594663
2016-04-25,4.03814566275866
2016-04-26,9.712503100104353
2016-04-27,25.131583021834047
2016-04-28,43.218944869588064
2016-05-01,46.55478120334543
2016-05-02,3.1286962449880265
2016-05-03,3.1286962449880344
2016-05-04,12.9654847634745
2016-05-05,0.4156958192740972
2016-05-08,35.069259757829535
2016-05-09,30.55420439005886
2016-05-10,17.818875129468314
2016-05-11,26.68846437141465
2016-05-12,32.28702536565694
2016-05-15,36.69448653687065
2016-05-16,25.366403420631535
2016-05-17,36.08206764912438
2016-05-18,54.165245421061805
2016-05-19,54.165245421061805
2016-05-22,35.86071446694807
2016-05-23,35.86071446694807
2016-05-24,52.11775691324243
2016-05-25,52.11775691324244
2016-05-26,60.080370485860826
2016-05-29,60.080370485860826
2016-05-30,30.1741520753626
2016-05-31,39.735043925497656
2016-06-01,31.97447996099011
2016-06-02,1.8554592743418956
2016-06-05,13.540673038902964
2016-06-06,35.38401753510823
2016-06-07,55.72225945589794
2016-06-08,61.83742208209153
2016-06-09,33.84648232086126
2016-06-12,21.750869544414066
2016-06-13,0.1649721132614922
2016-06-14,0.1649721132614957
2016-06-15,6.3815817671216895
2016-06-16,15.920221148199495
2016-06-19,32.135497452591494
2016-06-20,37.28607547897809
2016-06-21,31.68138275623923
2016-06-22,43.262833499957146
2016-06-23,6.062996185600841
2016-06-26,6.062996185600847
2016-06-27,27.178419070125788
2016-06-28,46.865771818868126
2016-06-29,53.08150828021555
2016-06-30,53.08150828021555
2016-07-03,47.79531138494725
2016-07-04,21.25375708946956
2016-07-05,2.096724731439736
2016-07-06,3.919934878809308
2016-07-07,13.06893520065956
2016-07-10,15.652356948921534
2016-07-11,21.425880737642064
2016-07-12,21.42588073764207
2016-07-13,44.844811844977194
2016-07-14,37.62140574928646
2016-07-17,32.53708264365171
2016-07-18,37.836864193132264
2016-07-19,38.490244511007184
2016-07-20,30.47301925333315
2016-07-21,7.98072298388697
2016-07-24,16.40044680209397
2016-07-25,13.797344912792989
2016-07-26,23.44631382632744
2016-07-27,35.01209646915522
2016-07-28,20.811427604708832
2016-07-31,20.811427604708854
2016-08-01,24.485632500625265
2016-08-02,1.5978480147528822
2016-08-03,39.268207915745826
2016-08-04,53.453508317832046
2016-08-07,58.86246251397302
2016-08-08,63.22167116765278
2016-08-09,66.6610712655863
2016-08-10,68.92157505317438
2016-08-11,47.936124653547935
2016-08-14,21.365943658967876
2016-08-15,22.45011450174037
2016-08-16,11.80231107792312
2016-08-17,2.404375441194927
2016-08-18,12.60491066430153
2016-08-21,0.9400062895019599
2016-08-22,13.341157897363273
2016-08-23,11.163747560402717
2016-08-24,1.7913487279584268
2016-08-25,17.653809435203293
2016-08-28,17.13832941805795
2016-08-29,2.7880650951276973
2016-08-30,2.7880650951276933
2016-08-31,11.93225612184972
2016-09-01,5.768657893961255
2016-09-04,2.4442285257862935
2016-09-05,15.95475311433949
2016-09-06,38.45788820451365
2016-09-07,42.717556644448116
2016-09-08,1.4851454585841977
2016-09-11,14.789338803308857
2016-09-12,1.1317412273809213
2016-09-13,14.995788927917058
2016-09-14,24.09631223103176
2016-09-15,6.858984662574214
2016-09-18,11.361091232206503
2016-09-19,14.903530023227034
2016-09-20,22.49242986165701
2016-09-21,41.604568126334875
2016-09-22,29.771370387137537
2016-09-25,16.47893177017975
2016-09-26,23.26837992491798
2016-09-27,17.295899572812623
2016-09-28,27.437432355122677
2016-09-29,7.368608988414567
2016-10-02,10.977604858135436
2016-10-03,23.662737338501792
2016-10-04,2.3612403595947278
2016-10-05,10.195763207010309
2016-10-06,25.24229286814446
2016-10-09,25.242292868144457
2016-10-10,22.509509943644325
2016-10-11,25.94035784130895
2016-10-12,7.649049796816118
2016-10-13,34.53725424896684
2016-10-16,25.96120120849761
2016-10-17,32.494305930113576
2016-10-18,39.84398638270032
2016-10-19,47.53359219529984
2016-10-20,54.48631480778313
2016-10-23,62.016509399637556
2016-10-24,67.83100165138023
2016-10-25,67.83100165138023
2016-10-26,28.989030497565565
2016-10-27,3.6039852277473416
2016-10-31,12.83795065098818
2016-11-01,29.252731662600407
2016-11-02,35.48912143400214
2016-11-03,41.349034616734485
2016-11-04,45.42040447786331
2016-11-07,1.2699442955389
2016-11-08,1.2699442955389073
2016-11-09,24.374143138397645
2016-11-10,65.06577920919915
2016-11-11,76.42441386204858
2016-11-14,76.4244138620486
2016-11-15,76.4244138620486
2016-11-16,53.641879748620426
2016-11-17,37.3007746259414
2016-11-18,34.36088715709611
2016-11-21,14.393059044513034
2016-11-22,8.87819684190667
2016-11-23,20.043769886653028
2016-11-24,30.6609242546866
2016-11-25,39.441717033903146
2016-11-28,38.621671881392466
2016-11-29,29.648217245078918
2016-11-30,46.821429045499585
2016-12-01,53.47721651223418
2016-12-02,71.8130823947417
2016-12-05,70.5829606271845
2016-12-06,50.943291966138005
2016-12-07,18.126044515630834
2016-12-08,20.693158728558014
2016-12-09,9.295948778040737
2016-12-12,1.6135267086834875
2016-12-13,8.679288761961338
2016-12-14,16.66691815037544
2016-12-15,15.910873224349894
2016-12-16,13.573830124879002
2016-12-19,13.573830124878988
2016-12-20,0.8248517619358156
2016-12-21,14.146676730717136
2016-12-22,19.738612232441696
2016-12-23,43.70063023700166
2016-12-26,43.70063023700167
2016-12-27,30.94645954544432
2016-12-28,36.88706788626486
2016-12-29,42.126314654869326
2016-12-30,42.126314654869326
2017-01-02,14.757415719740113
2017-01-03,5.250898431656599
2017-01-04,25.647804035233317
2017-01-05,36.147707179944824
2017-01-06,41.37638335805874
2017-01-09,24.22211068940166
2017-01-10,34.32440965230567
2017-01-11,8.775116692419425
2017-01-12,28.32904878413789
2017-01-13,9.528916580189899
2017-01-16,0.5656027182365847
2017-01-17,10.080952944780377
2017-01-18,22.005197022363603
2017-01-19,16.46118949171049
2017-01-20,26.688547387562657
2017-01-23,42.45523516302653
2017-01-24,42.455235163026536
2017-01-25,42.455235163026536
2017-01-26,19.3894974666798
2017-01-27,22.966183683900642
2017-01-30,41.3964451236044
2017-01-31,48.40728980947045
2017-02-01,16.69757070034981
2017-02-02,34.008320423034384
2017-02-03,27.459378586113242
2017-02-06,27.459378586113242
2017-02-07,15.108558484310306
2017-02-08,15.108558484310297
2017-02-09,18.357963066824542
2017-02-10,24.668001008156484
2017-02-13,24.668001008156487
2017-02-14,43.95966895382822
2017-02-15,63.40952557553238
2017-02-16,69.59046735010365
2017-02-17,9.418488886573616
2017-02-20,9.418488886573627
2017-02-21,9.418488886573625
2017-02-22,19.176978699930952
2017-02-23,35.87764518105642
2017-02-24,0.9708102490279183
2017-02-27,6.015770106320237
2017-02-28,10.882535484800208
2017-03-01,2.728514000898567
2017-03-02,24.64070889308313
2017-03-03,3.482182263302354
2017-03-06,18.69348493660667
2017-03-07,4.518666104294733
2017-03-08,5.15678117190055
2017-03-09,23.851964240974706
2017-03-10,29.7167344813335
2017-03-13,12.46909820284471
2017-03-14,18.136937562592234
2017-03-15,25.476537350748274
2017-03-16,16.06678027305901
2017-03-17,13.412579808585834
2017-03-20,20.450391931552623
2017-03-21,34.19987470599768
2017-03-22,21.42450047089386
2017-03-23,1.242444567076672
2017-03-24,11.336863976817469
2017-03-26,5.654453311399567
2017-03-27,4.514383017180328
2017-03-28,9.732439275519662
2017-03-29,23.087747359914417
2017-03-30,11.633880596812194
2017-04-02,6.3453660631409186
2017-04-03,2.9596342929026513
2017-04-04,27.117911663865872
2017-04-05,5.42084560397797
2017-04-06,6.852963366891193
2017-04-09,12.478848446998105
2017-04-10,8.650393581420104
2017-04-11,8.650393581420092
2017-04-12,4.606287460531457
2017-04-13,3.6503243547426596
2017-04-16,28.621124055900545
2017-04-17,38.24999212808085
2017-04-18,38.24999212808085
2017-04-19,24.311594463367662
2017-04-20,19.277074867583064
2017-04-23,53.99134212808241
2017-04-24,38.61436449336332
2017-04-25,14.90835964681139
2017-04-26,14.908359646811395
2017-04-27,2.513955129997634
2017-04-30,2.5139551299976306
2017-05-01,12.75855351503716
2017-05-02,9.613900403801841
2017-05-03,10.872992054768115
2017-05-04,15.84893304654614
2017-05-07,19.72724920923871
2017-05-08,21.206106879324878
2017-05-09,6.336417677380682
2017-05-10,13.107264550577682
2017-05-11,33.83898594820252
2017-05-14,46.37207210525037
2017-05-15,49.195306042228154
2017-05-16,44.939924227616096
2017-05-17,66.52356266126915
2017-05-18,66.52356266126912
2017-05-21,44.09667009867728
2017-05-22,44.09667009867728
2017-05-23,40.92398259038657
2017-05-24,44.35704968408601
2017-05-25,33.618759872937055
2017-05-28,33.618759872937055
2017-05-29,30.758678716862146
2017-05-30,18.04414522815561
2017-05-31,4.458138341243448
2017-06-01,12.735724973771454
2017-06-04,34.0008135095281
2017-06-05,37.00237417422979
2017-06-06,32.11993917301663
2017-06-07,34.177001902900564
2017-06-08,22.664040206851
2017-06-11,40.28450410155241
2017-06-12,49.646679188150664
2017-06-13,21.527301195463014
2017-06-14,21.335975447258964
2017-06-15,28.481416897359146
2017-06-18,38.951613157913975
2017-06-19,43.01584983178102
2017-06-20,47.32809236485731
2017-06-21,55.28196522189036
2017-06-22,55.281965221890374
2017-06-25,26.843962592070824
2017-06-26,9.22600208925736
2017-06-27,9.226002089257374
2017-06-28,25.79071912146474
2017-06-29,14.450315197730873
2017-07-02,23.412949884085467
2017-07-03,23.412949884085453
2017-07-04,1.1086532510684586
2017-07-05,1.1086532510684513
2017-07-06,10.265753595135276
2017-07-09,27.5427763651742
2017-07-10,27.542776365174205
2017-07-11,27.542776365174205
2017-07-12,44.006105413957776
2017-07-13,55.471659526238646
2017-07-16,59.94534950543553
2017-07-17,69.78106483791777
2017-07-18,71.68592261131627
2017-07-19,78.25542686830057
2017-07-20,84.3611762907886
2017-07-23,48.47370541367105
2017-07-24,28.887067534414925
2017-07-25,18.872648909695105
2017-07-26,40.19688507207883
2017-07-27,40.19688507207882
2017-07-30,49.232182486815205
2017-07-31,54.69029964290733
2017-08-01,43.8121740161131
2017-08-02,56.73192833123844
2017-08-03,53.63059911843116
2017-08-06,47.99882388501786
2017-08-07,41.82842509812964
2017-08-08,20.017084666616373
2017-08-09,4.95382294937493
2017-08-10,13.589420229137453
2017-08-13,35.643567039035446
2017-08-14,35.64356703903544
2017-08-15,7.617058145063697
2017-08-16,23.04707349295884
2017-08-17,12.4123602191448
2017-08-20,26.00215888704697
2017-08-21,10.851390740735525
2017-08-22,7.592571953397741
2017-08-23,23.358728323584963
2017-08-24,16.6409928058079
2017-08-27,4.467389411258409
2017-08-28,10.531945849753905
2017-08-29,10.531945849753905
2017-08-30,13.465077278824833
2017-08-31,28.289616610189718
2017-09-03,28.28961661018972
2017-09-04,44.169407703362204
2017-09-05,47.3426538273081
2017-09-06,55.26402093074159
2017-09-07,60.36063760933585
2017-09-10,63.3923328039219
2017-09-11,24.104216360781503
2017-09-12,3.517076484678519
2017-09-13,3.2288308406374657
2017-09-14,2.575193855402455
2017-09-17,10.388074610924367
2017-09-18,2.1155256224671515
2017-09-19,7.358874208669086
2017-09-20,2.1000628960187226
2017-09-21,10.528215588007836
2017-09-24,10.892243099689953
2017-09-25,35.63430718136863
2017-09-26,54.391322359419384
2017-09-27,54.39132235941937
2017-09-28,22.805920613508317
2017-10-01,22.80592061350832
2017-10-02,2.5395881044312607
2017-10-03,22.69244334358127
2017-10-04,24.1595996910259
2017-10-05,16.372449252241694
2017-10-08,9.89931759955927
2017-10-09,9.015359724867073
2017-10-10,20.457687656017445
2017-10-11,20.92039567008053
2017-10-12,9.725784846129963
2017-10-15,30.07133136427718
2017-10-16,11.449846224954658
2017-10-17,24.566454572510033
2017-10-18,24.56645457251004
2017-10-19,3.197367743089753
2017-10-22,20.551971502487305
2017-10-23,49.6058877746279
2017-10-24,36.03017807854136
2017-10-25,41.11406994471791
2017-10-26,56.70060050693245
2017-10-30,25.530973298601474
2017-10-31,25.530973298601463
2017-11-01,17.250766497290755
2017-11-02,1.1760795005764668
2017-11-03,38.65554010582968
2017-11-06,38.65554010582969
2017-11-07,33.93728564744324
2017-11-08,28.01725564824612
2017-11-09,23.61605610787991
2017-11-10,28.087823024182306
2017-11-13,44.20370378598498
2017-11-14,48.0495795488316
2017-11-15,53.47014369464791
2017-11-16,53.47014369464791
2017-11-17,53.47014369464791
2017-11-20,53.47014369464791
2017-11-21,32.2961228971393
2017-11-22,8.028515421722236
2017-11-23,7.4033767497873075
2017-11-24,10.643615043106568
2017-11-27,19.640163178230434
2017-11-28,33.558848732648215
2017-11-29,34.393223455985535
2017-11-30,37.817746210597555
2017-12-01,37.81774621059756
2017-12-04,30.65384780455468
2017-12-05,2.2166159682661606
2017-12-06,1.1204008597277901
2017-12-07,48.86641800920189
2017-12-08,48.86641800920189
2017-12-11,48.86641800920189
2017-12-12,62.924033742291506
2017-12-13,51.17193506475246
2017-12-14,60.62641440306683
2017-12-15,60.62641440306684
2017-12-18,23.17921529797225
2017-12-19,23.17921529797225
2017-12-20,1.587480487185052
2017-12-21,12.01982420740414
2017-12-22,22.36833446587328
2017-12-25,28.227028885836532
2017-12-26,1.4147649278605794
2017-12-27,12.781070222907498
2017-12-28,22.826069938679172
2017-12-29,22.82606993867918
2018-01-01,22.826069938679165
2018-01-02,52.73488163190986
2018-01-03,59.243842344916274
2018-01-04,65.40124195012761
2018-01-05,55.83772500629778
2018-01-08,56.71658261855832
2018-01-09,47.674092738115874
2018-01-10,46.97515758467025
2018-01-11,56.13747874489232
2018-01-12,66.28603766223979
2018-01-15,72.89555427364573
2018-01-16,30.608771850643972
2018-01-17,28.68475504306105
2018-01-18,39.375766368693434
2018-01-19,39.50184699040607
2018-01-22,50.39382635911882
2018-01-23,12.0931081247727
2018-01-24,28.154808179588198
2018-01-25,52.07050908852147
2018-01-26,45.96752441648541
