Date,pdi
2010-01-04,
2010-01-05,-1.8204158299925965
2010-01-06,-1.8204158299925965
2010-01-07,-1.2599133516279215
2010-01-08,-1.2999317617965318
2010-01-11,-1.4140132161570993
2010-01-12,-1.0406354234855877
2010-01-13,-1.0802890073629015
2010-01-14,-0.5387134377000906
2010-01-15,-0.753205709932635
2010-01-18,-0.8204162664456915
2010-01-19,-1.0014760450457911
2010-01-20,-0.8290933965443533
2010-01-21,-0.6554788680014877
2010-01-22,-0.19825405614733282
2010-01-25,-0.4220957757335213
2010-01-26,-0.03201545677735641
2010-01-27,-0.3332906342498745
2010-01-28,-0.4352102521739893
2010-01-29,-0.5720485641414943
2010-02-01,-0.26826088592097824
2010-02-02,-0.46668777280801604
2010-02-03,-0.6653425363814253
2010-02-04,0.05765076141852534
2010-02-05,-0.19100536199362625
2010-02-08,-0.3897183050675261
2010-02-09,-0.5651169905460783
2010-02-10,-0.7311607044147167
2010-02-11,-0.8605733168987223
2010-02-12,-0.7733366392203976
2010-02-15,-0.8954738362447595
2010-02-16,-1.0088232035470646
2010-02-17,-1.1199145594871396
2010-02-18,-1.2088931696357503
2010-02-19,-1.2860198176621789
2010-02-22,-1.3584332380188102
2010-02-23,-1.1642593612928367
2010-02-24,-1.1721312276566307
2010-02-25,-0.9435326116825244
2010-02-26,-1.0616036552780164
2010-03-01,-1.164247691036478
2010-03-02,-1.2551874535672218
2010-03-03,-1.3287270494367132
2010-03-04,-1.3897438272458156
2010-03-05,-1.4426055198107082
2010-03-08,-1.493230984922188
2010-03-09,-1.3120915088325753
2010-03-10,-1.377959561649688
2010-03-11,-1.434303474663522
2010-03-12,-1.4840934333438303
2010-03-15,-1.5266431898690571
2010-03-16,-1.5569380814379659
2010-03-17,-1.5895894078016606
2010-03-18,-1.1060475014733493
2010-03-19,-0.9445246658887553
2010-03-22,-0.8265765080725996
2010-03-23,-0.9625461816977052
2010-03-24,-1.0837329155204038
2010-03-25,-0.9639546108673267
2010-03-26,-0.607692211678118
2010-03-28,-0.7583354993508699
2010-03-29,-0.9055615993763496
2010-03-30,-1.0233721160588736
2010-03-31,-1.1224668075062383
2010-04-01,-1.207568001170602
2010-04-04,-1.2824460351930902
2010-04-05,-1.35376822866759
2010-04-06,-1.189537488788397
2010-04-07,-1.0439084978487903
2010-04-08,-1.1381840576047946
2010-04-11,-1.2278077495807271
2010-04-12,-1.308596384188228
2010-04-13,-1.3713002164631998
2010-04-14,-1.4303139792380863
2010-04-15,-1.2447535707239221
2010-04-18,-1.2016335079798277
2010-04-19,-1.2827037588395946
2010-04-20,-1.3501780194294397
2010-04-21,-1.0716653426598965
2010-04-22,-1.1651013589055714
2010-04-25,-1.2526441533952948
2010-04-26,-1.053790196944108
2010-04-27,-1.0565295627891742
2010-04-28,-1.157539738092916
2010-04-29,-1.2423347374517484
2010-05-02,-1.1684491636226708
2010-05-03,-0.7622790618779755
2010-05-04,-0.22840107942553842
2010-05-05,0.6471567908924399
2010-05-06,0.8713439674504849
2010-05-09,0.4807792143468403
2010-05-10,0.16683740444431006
2010-05-11,-0.06569965674469481
2010-05-12,-0.2729636842018846
2010-05-13,0.43423877846313247
2010-05-16,0.20097534609628415
2010-05-17,-0.07228856439073686
2010-05-18,0.4732380819371741
2010-05-19,0.8264291506777874
2010-05-20,0.5873011424378434
2010-05-23,0.2772764888347298
2010-05-24,0.8403021349067175
2010-05-25,0.47522621689336714
2010-05-26,0.34978821535307564
2010-05-27,0.07622042602312203
2010-05-30,-0.199270355780147
2010-05-31,0.05813181992233798
2010-06-01,-0.15832769004439126
2010-06-02,-0.377673796258176
2010-06-03,0.030616797279904847
2010-06-06,0.3845534770680295
2010-06-07,0.1875341692685487
2010-06-08,-0.06761768890669695
2010-06-09,-0.2752948455947998
2010-06-10,-0.4811853895124362
2010-06-13,-0.651981078710704
2010-06-14,-0.7325833625828345
2010-06-15,-0.8788123153106363
2010-06-16,-0.9962513983364066
2010-06-17,-1.102203567288006
2010-06-20,-1.192001471334175
2010-06-21,-1.2331664293676514
2010-06-22,-0.5532491745475075
2010-06-23,-0.7293343650589428
2010-06-24,-0.8759112235880265
2010-06-27,-0.9994406605093396
2010-06-28,-0.5821082010530865
2010-06-29,-0.7043526353133897
2010-06-30,-0.8027153990185733
2010-07-01,-0.9413133289679319
2010-07-04,-1.0557309369219965
2010-07-05,-1.1448231205749924
2010-07-06,-1.0576685153413643
2010-07-07,-1.1598829477238484
2010-07-08,-1.2471888652898775
2010-07-11,-1.322488128765011
2010-07-12,-1.3853756425207437
2010-07-13,-1.4478452456540634
2010-07-14,-1.285211778589797
2010-07-15,-1.1425700492575497
2010-07-18,-1.1824526466872518
2010-07-19,-1.0230816281483939
2010-07-20,-1.1257333175437418
2010-07-21,-1.1391700741512525
2010-07-22,-1.2302041369338153
2010-07-25,-1.1528304816222978
2010-07-26,-1.2414504284289807
2010-07-27,-1.2927789746176614
2010-07-28,-1.3495708682927834
2010-07-29,-1.4130751239863946
2010-08-01,-1.466924287826063
2010-08-02,-1.3656355755889098
2010-08-03,-1.4234802616230111
2010-08-04,-1.4755616744309341
2010-08-05,-1.4547929587880684
2010-08-08,-1.5016104537630794
2010-08-09,-1.547196450948821
2010-08-10,-1.3595270822167471
2010-08-11,-1.2729491573137517
2010-08-12,-1.3438744098748558
2010-08-15,-1.4030542344887977
2010-08-16,-1.4560257156646996
2010-08-17,-1.5034230357735332
2010-08-18,-1.3127495176324844
2010-08-19,-1.3560842090969698
2010-08-22,-1.4171242133934414
2010-08-23,-1.062588956842924
2010-08-24,-1.1594742534351177
2010-08-25,-1.2426342652656923
2010-08-26,-1.3182491544642783
2010-08-29,-1.3865567074826142
2010-08-30,-1.2527371037787232
2010-08-31,-1.3262975851661722
2010-09-01,-1.3921174431575218
2010-09-02,-1.4535334757713765
2010-09-05,-1.3272202774253992
2010-09-06,-1.3918709873004702
2010-09-07,-1.4331250251012342
2010-09-08,-1.4843054078715427
2010-09-09,-1.527042301873756
2010-09-12,-1.5649988063674658
2010-09-13,-1.5985786317978266
2010-09-14,-1.4845867560717467
2010-09-15,-1.4611554932667252
2010-09-16,-1.5113310806576077
2010-09-19,-1.396577755630244
2010-09-20,-1.173414025267089
2010-09-21,-1.2667198004593159
2010-09-22,-1.3307495233099134
2010-09-23,-1.391871441838788
2010-09-26,-1.4498955024726743
2010-09-27,-1.497681296026453
2010-09-28,-1.5399100483311248
2010-09-29,-1.5784276351183482
2010-09-30,-1.613555845154462
2010-10-03,-1.5315014097008772
2010-10-04,-1.4035136145845442
2010-10-05,-1.4711361886605616
2010-10-06,-1.4798826552313482
2010-10-07,-1.3708510215980707
2010-10-10,-1.4325249130207087
2010-10-11,-1.3849904062658691
2010-10-12,-1.4448940775834878
2010-10-13,-1.4986948304646794
2010-10-14,-1.5252369597237385
2010-10-17,-1.284680570530985
2010-10-18,-0.8484706815505542
2010-10-19,-0.9650550603009626
2010-10-20,-0.733198520742005
2010-10-21,-0.7909285494744317
2010-10-24,-0.7356101804225704
2010-10-25,-0.8840675635383376
2010-10-26,-0.8065445189760184
2010-10-27,-0.8614939107653531
2010-10-28,-0.9953599114215402
2010-11-01,-1.1082512690258741
2010-11-02,-1.200441410311631
2010-11-03,-1.2774235056250824
2010-11-04,-1.351421947409086
2010-11-05,-1.4190912453109017
2010-11-08,-1.0870592536769896
2010-11-09,-1.1418639427864314
2010-11-10,-0.904169666577687
2010-11-11,-0.9089368452192973
2010-11-12,-0.9889830591215536
2010-11-15,-1.0856849873600574
2010-11-16,-0.9748696320083415
2010-11-17,-0.875389846932078
2010-11-18,-1.004613707286807
2010-11-19,-1.119472209923272
2010-11-22,-1.2063247966544075
2010-11-23,-0.9321877756816139
2010-11-24,-1.0402426501434305
2010-11-25,-1.1477522505450584
2010-11-26,-0.946560592367813
2010-11-29,-1.0590613810518363
2010-11-30,-1.1631588035369833
2010-12-01,-1.2471208022908429
2010-12-02,-1.3243199026742007
2010-12-03,-1.3914446394086084
2010-12-06,-1.4525348156792661
2010-12-07,-1.4992467144842374
2010-12-08,-1.2514796456462682
2010-12-09,-1.0499382033224371
2010-12-10,-0.804007487433368
2010-12-13,-0.9301281812420368
2010-12-14,-1.0522070170053301
2010-12-15,-1.0906324343699076
2010-12-16,-0.9700789529379491
2010-12-17,-1.084822196390741
2010-12-20,-1.172569508409218
2010-12-21,-1.2526197242586052
2010-12-22,-1.3324477070804186
2010-12-23,-1.3819036922545471
2010-12-24,-1.4393910474638598
2010-12-27,-0.5466437241969956
2010-12-28,-0.7159792588171852
2010-12-29,-0.7711352182951038
2010-12-30,-0.9208071177947069
2010-12-31,-1.0416012754106025
2011-01-03,-0.21321854815694846
2011-01-04,-0.4512230411972466
2011-01-05,-0.5832992530983017
2011-01-06,-0.2448427896630397
2011-01-07,-0.44312937085828535
2011-01-10,-0.4794330027365108
2011-01-11,-0.6533073064451952
2011-01-12,-0.8076209316415734
2011-01-13,-0.9341004879662539
2011-01-14,-0.6913398587575019
2011-01-17,-0.8312506311038317
2011-01-18,-0.9533961680943657
2011-01-19,-1.071430477256285
2011-01-20,-1.167634244264259
2011-01-21,-1.250805058332409
2011-01-24,-1.2328920704963018
2011-01-25,-1.3100344273342448
2011-01-26,-1.374831395569172
2011-01-27,-1.434671433590936
2011-01-28,-1.2865641675935289
2011-01-31,-1.280885669033727
2011-02-01,-1.3490028940079033
2011-02-02,-1.4123986176070449
2011-02-03,-1.344488186314211
2011-02-04,-1.2977381078679422
2011-02-07,-1.268907070338457
2011-02-08,-1.3410764163828508
2011-02-09,-1.4041607178632194
2011-02-10,-1.3151717988216107
2011-02-11,-1.3327676331506757
2011-02-14,-1.3971964239511976
2011-02-15,-1.4519838466450292
2011-02-16,-1.448288280848223
2011-02-17,-1.3797325885380576
2011-02-18,-1.442329304423356
2011-02-21,-1.4952608017392763
2011-02-22,-1.5386344849362341
2011-02-23,-1.5771131359764186
2011-02-24,-1.5774871158764452
2011-02-25,-1.5965849328128272
2011-02-28,-1.6142087010914243
2011-03-01,-1.6202950246223413
2011-03-02,-1.6223579231708753
2011-03-03,-1.6379687574582202
2011-03-04,-1.6546843466864414
2011-03-07,-1.4673711004567929
2011-03-08,-1.5006291340064202
2011-03-09,-1.530252272680142
2011-03-10,-1.2080920323175355
2011-03-11,-1.079488193885773
2011-03-14,-1.0192825136460038
2011-03-15,-0.6193158996302507
2011-03-16,-0.7324222437811568
2011-03-17,-0.47103817082936
2011-03-18,-0.3900055961178775
2011-03-21,-0.5806084391605371
2011-03-22,-0.680630885681337
2011-03-23,-0.7882473191677677
2011-03-24,-0.8818287360183716
2011-03-25,-0.9758930458776642
2011-03-27,-0.8195751431261822
2011-03-28,-0.9262462146780368
2011-03-29,-1.0957315921590605
2011-03-30,-1.2286260752694291
2011-03-31,-1.326918342117125
2011-04-03,-1.3968483167651846
2011-04-04,-1.4363882393079006
2011-04-05,-1.4738992292999598
2011-04-06,-1.5221273005099125
2011-04-07,-1.5846143914880373
2011-04-10,-1.6199644840922092
2011-04-11,-1.0755678011654217
2011-04-12,-0.8372547414986865
2011-04-13,-0.9426890512078979
2011-04-14,-1.059719288379191
2011-04-17,-1.1611454939276453
2011-04-18,-1.2382400913960694
2011-04-19,-1.3314818329284388
2011-04-20,-1.3932130863913659
2011-04-21,-1.433989915039296
2011-04-24,-1.4715929045440714
2011-04-25,-0.9611293697313836
2011-04-26,-1.081333391568154
2011-04-27,0.3306511466524396
2011-04-28,0.0715275926558478
2011-05-01,-0.185064724691226
2011-05-02,0.7644163311612318
2011-05-03,1.1247282211840564
2011-05-04,1.5910273184599073
2011-05-05,1.1559786422875589
2011-05-08,1.148489223182599
2011-05-09,0.8373282929667601
2011-05-10,0.8164120002502805
2011-05-11,1.1449382788016298
2011-05-12,1.336719782276677
2011-05-15,0.9430292784232793
2011-05-16,0.7129235036244669
2011-05-17,0.36743709507832983
2011-05-18,0.11218054427257645
2011-05-19,0.08729637015640843
2011-05-22,0.9885060073548531
2011-05-23,0.6074147656202666
2011-05-24,0.29620790639358596
2011-05-25,0.07378796236772603
2011-05-26,-0.255930803984683
2011-05-29,-0.5237851678367741
2011-05-30,-0.6843928045710747
2011-05-31,-0.8416085737120925
2011-06-01,-0.4911116792491652
2011-06-02,-0.7808526579371171
2011-06-05,-0.87871392002104
2011-06-06,-1.0112385474329624
2011-06-07,-0.4412976924598635
2011-06-08,-0.4326046059163536
2011-06-09,-0.013440567482263575
2011-06-12,-0.21490791624889188
2011-06-13,-0.4204083635112053
2011-06-14,-0.3393052436370506
2011-06-15,0.6874382665620505
2011-06-16,0.4362731931307827
2011-06-19,0.531135066162344
2011-06-20,0.25528898064197725
2011-06-21,0.02680174403810259
2011-06-22,0.13586702087105154
2011-06-23,0.36405110355585696
2011-06-26,0.658362786597006
2011-06-27,0.33535817066650553
2011-06-28,-0.06064686389882486
2011-06-29,-0.330691864866921
2011-06-30,-0.5441230776496588
2011-07-03,-0.6769717430797414
2011-07-04,-0.356951616333703
2011-07-05,-0.017394342394162078
2011-07-06,-0.24430763807479505
2011-07-07,-0.47476308518131877
2011-07-10,0.5263461295049958
2011-07-11,0.2469184794722173
2011-07-12,-0.006697180932607439
2011-07-13,-0.19343796667513435
2011-07-14,-0.04964366121483667
2011-07-17,0.18845480306674456
2011-07-18,-0.010091849340202283
2011-07-19,-0.22837489300746788
2011-07-20,-0.4270997231071188
2011-07-21,-0.5995859739714876
2011-07-24,-0.7708824915388228
2011-07-25,-0.9589135596948728
2011-07-26,0.7202730142761723
2011-07-27,0.25490114829442284
2011-07-28,-0.05448120415003378
2011-07-31,-0.2914726481612781
2011-08-01,0.2509730155773687
2011-08-02,0.05185007415636525
2011-08-03,0.686112630552048
2011-08-04,1.2070252780454067
2011-08-07,1.2255890592980634
2011-08-08,3.3367321531171243
2011-08-09,2.4477600482544926
2011-08-10,2.4628437979648323
2011-08-11,1.9419991438330466
2011-08-14,1.3676207200138628
2011-08-15,0.8438737979408191
2011-08-16,0.5674777225528354
2011-08-17,1.3489338237447175
2011-08-18,0.9635620972452282
2011-08-21,0.9148329551744333
2011-08-22,0.6605972962111611
2011-08-23,0.41920206733086274
2011-08-24,0.8904846236870074
2011-08-25,0.6018230476243882
2011-08-28,0.3158273171484426
2011-08-29,0.05559342072590038
2011-08-30,0.09734879069188451
2011-08-31,0.40009803522870047
2011-09-01,1.5476545886601019
2011-09-04,1.683848161107599
2011-09-05,1.6199124085644478
2011-09-06,1.3302709346622827
2011-09-07,1.0141382842055715
2011-09-08,1.8800247050169276
2011-09-11,2.183331340492492
2011-09-12,2.403769704251731
2011-09-13,2.6787085164973177
2011-09-14,2.191399857122123
2011-09-15,2.267064414224381
2011-09-18,4.280597750959421
2011-09-19,3.0585133349662867
2011-09-20,3.7064929070914743
2011-09-21,5.143591859355368
2011-09-22,3.887425690483421
2011-09-25,3.0027565768004165
2011-09-26,2.280241671935441
2011-09-27,1.743138040706235
2011-09-28,1.8731409667062748
2011-09-29,2.1177527400839735
2011-10-02,2.3055914342353936
2011-10-03,1.9683115052381184
2011-10-04,1.4216574599366207
2011-10-05,0.9881177507736755
2011-10-06,0.5119967781573429
2011-10-09,0.1503540409593739
2011-10-10,0.126705486215999
2011-10-11,-0.07299152706323703
2011-10-12,-0.26776959541152895
2011-10-13,-0.47594019185249986
2011-10-16,-0.5219791916147403
2011-10-17,0.1994963621307145
2011-10-18,-0.010943310972832578
2011-10-19,0.7463933341237542
2011-10-20,0.46778021233784856
2011-10-23,0.17710210816813454
2011-10-24,-0.05820224745370391
2011-10-25,-0.07599405499517176
2011-10-26,-0.3200951830197307
2011-10-27,-0.586526294208895
2011-10-31,-0.7487455202204154
2011-11-01,0.912981434734561
2011-11-02,0.5379470743193165
2011-11-03,0.27445869609816526
2011-11-04,0.5578655577106973
2011-11-07,0.32729681872362737
2011-11-08,0.11875535155104265
2011-11-09,0.17825182334232054
2011-11-10,0.6584486189233634
2011-11-11,0.4035678884859664
2011-11-14,0.14989370601253352
2011-11-15,0.07406787967714307
2011-11-16,0.31144004459896674
2011-11-17,0.18240534571285208
2011-11-18,-0.029965900730067708
2011-11-21,0.7449078153240036
2011-11-22,0.5031679421273542
2011-11-23,1.7541084534485532
2011-11-24,2.0305146055388223
2011-11-25,2.296022015125368
2011-11-28,1.7279513283988142
2011-11-29,1.1963855062527384
2011-11-30,0.7048485138968154
2011-12-01,0.3066932516110178
2011-12-02,0.023221809665717737
2011-12-05,-0.1735579475890772
2011-12-06,-0.16740420951148532
2011-12-07,-0.08862904120423673
2011-12-08,0.19132734668465468
2011-12-09,0.2004058854917781
2011-12-12,0.3630828360877009
2011-12-13,0.497938866799392
2011-12-14,1.0278416285562155
2011-12-15,0.7021117988291926
2011-12-16,0.3728712376929749
2011-12-19,0.36459856628563475
2011-12-20,0.10427530679179205
2011-12-21,-0.11581488491272111
2011-12-22,-0.1540812259743856
2011-12-23,-0.3584013440248275
2011-12-26,-0.4743878216611439
2011-12-27,-0.6241083257948408
2011-12-28,0.09930261670828383
2011-12-29,0.06913702109627987
2011-12-30,-0.1771530818816449
2012-01-02,-0.07285144486694906
2012-01-03,-0.33741591748387717
2012-01-04,-0.6044167750823314
2012-01-05,-0.2969655859278527
2012-01-06,-0.1646693851206647
2012-01-09,-0.29894147822198236
2012-01-10,-0.568780833166221
2012-01-11,-0.7619947989633304
2012-01-12,-0.877156689676346
2012-01-13,-1.010686447370028
2012-01-16,-1.0762243587576814
2012-01-17,-1.167004694590832
2012-01-18,-1.1745233384014857
2012-01-19,-1.2504067230445797
2012-01-20,-1.2157037921032057
2012-01-23,-1.2874508599642365
2012-01-24,-1.339302938216595
2012-01-25,-1.3939217430710982
2012-01-26,-1.4530517318426401
2012-01-27,-1.5022302211352427
2012-01-30,-1.39783524402562
2012-01-31,-1.4421581227623823
2012-02-01,-1.3925870387072026
2012-02-02,-1.4432583252024438
2012-02-03,-1.4901067879752097
2012-02-06,-1.5274540631313254
2012-02-07,-1.5565611082718798
2012-02-08,-1.583224380541386
2012-02-09,-1.6096230998076166
2012-02-10,-1.4245841315755228
2012-02-13,-1.468967540788796
2012-02-14,-1.5021285210260011
2012-02-15,-1.2986737113236708
2012-02-16,-0.644288741874813
2012-02-17,-0.7979335024242955
2012-02-20,-0.8025696023493317
2012-02-21,-0.46120755260622104
2012-02-22,-0.5923720667784965
2012-02-23,-0.7612745441448453
2012-02-24,-0.640368259561493
2012-02-27,-0.5047394015470993
2012-02-28,-0.6667934655702901
2012-02-29,-0.08138823678770658
2012-03-01,-0.1785121096892358
2012-03-02,-0.2300633303391768
2012-03-05,0.4248571164674281
2012-03-06,1.1634422180079829
2012-03-07,0.4971364305622367
2012-03-08,0.5316060983764473
2012-03-09,0.32548569072328437
2012-03-12,1.839912207629491
2012-03-13,1.5065396748344835
2012-03-14,1.0197803720994787
2012-03-15,0.6909887393042939
2012-03-16,0.3801963060632791
2012-03-19,0.44536931369266075
2012-03-20,1.2115846928611809
2012-03-21,0.7808915401154984
2012-03-22,0.580211556032415
2012-03-23,0.29648481226871165
2012-03-25,-0.010163755256303548
2012-03-26,-0.1328096153876474
2012-03-27,-0.3341277102178814
2012-03-28,0.029225176976322712
2012-03-29,-0.21197771163537
2012-04-01,-0.06031927530024652
2012-04-02,-0.26919225809841757
2012-04-03,-0.03150776757062764
2012-04-04,-0.2623846369532696
2012-04-05,-0.39429542647435806
2012-04-08,-0.35984070792830336
2012-04-09,-0.6162320738035838
2012-04-10,-0.6414695437304898
2012-04-11,-0.7457924626566349
2012-04-12,-0.9082398896788444
2012-04-15,-0.4098755771140712
2012-04-16,-0.5241545759359623
2012-04-17,0.3897501696417563
2012-04-18,1.0730535304642033
2012-04-19,0.6798289431797199
2012-04-22,0.2701669265926445
2012-04-23,-0.025950105611900927
2012-04-24,-0.22486673893502032
2012-04-25,-0.43781512401777295
2012-04-26,-0.6067593619548666
2012-04-29,-0.41060502937846866
2012-04-30,0.20513843860328468
2012-05-01,-0.06625149712241002
2012-05-02,0.7568979480400061
2012-05-03,0.3422829864058422
2012-05-06,0.42822675892158796
2012-05-07,0.06124766743051502
2012-05-08,1.2744393171718367
2012-05-09,0.8698720543436552
2012-05-10,0.47099000670047486
2012-05-13,1.3373851710126918
2012-05-14,1.3565827145780256
2012-05-15,1.2760185024117232
2012-05-16,0.9081140151656069
2012-05-17,1.349274088902476
2012-05-20,1.8665225248329045
2012-05-21,1.9532570399628255
2012-05-22,2.918417878508622
2012-05-23,1.951400260622932
2012-05-24,1.3790002701535187
2012-05-27,0.8227617579372747
2012-05-28,0.7683372928810952
2012-05-29,0.9150230705038718
2012-05-30,1.1569802820352784
2012-05-31,1.2040625563360015
2012-06-03,1.011897818889
2012-06-04,1.1881406290478567
2012-06-05,0.7362113478276174
2012-06-06,0.5341248116899698
2012-06-07,0.2557168657336833
2012-06-10,-0.023214830528339354
2012-06-11,0.7147793613316775
2012-06-12,0.5993769308770553
2012-06-13,0.5939541725402955
2012-06-14,0.2607171648485847
2012-06-17,-0.020907855743609566
2012-06-18,-0.2480935293531616
2012-06-19,-0.509912657816676
2012-06-20,-0.3702989586159245
2012-06-21,0.10948824150971409
2012-06-24,0.37929857739736883
2012-06-25,0.0889580150089112
2012-06-26,0.04022608779311872
2012-06-27,0.2549959438856337
2012-06-28,-0.14924408065095474
2012-07-01,-0.5194124633649632
2012-07-02,-0.6767425388678988
2012-07-03,0.13464509956825027
2012-07-04,0.0834125711883827
2012-07-05,-0.16843303523667727
2012-07-08,-0.3655693111577325
2012-07-09,-0.5200524848647808
2012-07-10,-0.6563167743332301
2012-07-11,-0.24484524520095471
2012-07-12,-0.41390723588029604
2012-07-15,-0.5336886678670721
2012-07-16,-0.6515795010288808
2012-07-17,-0.7738318714125856
2012-07-18,-0.8939422275918524
2012-07-19,-1.0194663136025426
2012-07-22,-0.3415737660623862
2012-07-23,-0.5019925108591123
2012-07-24,-0.39055266842116143
2012-07-25,-0.5781464981165882
2012-07-26,-0.7208493834244072
2012-07-29,-0.8814518309826139
2012-07-30,-0.3239641425728775
2012-07-31,-0.23059828258250165
2012-08-01,-0.4566115650823412
2012-08-02,-0.6400128299835164
2012-08-05,-0.8239008932375812
2012-08-06,-0.8142938482514128
2012-08-07,-0.9389424309496026
2012-08-08,-1.030641929684467
2012-08-09,-1.1025372545702765
2012-08-12,-1.2061248176745798
2012-08-13,-1.2846423498001107
2012-08-14,-1.2158897709168695
2012-08-15,-1.2930758883231412
2012-08-16,-1.3626102462783871
2012-08-19,-1.4217156522303052
2012-08-20,-1.451101531304541
2012-08-21,-1.498783665338073
2012-08-22,-1.339259472566281
2012-08-23,-1.4020314467873076
2012-08-26,-1.4560641314419678
2012-08-27,-0.48381632803555247
2012-08-28,-0.5115248102310663
2012-08-29,-0.5070404659914988
2012-08-30,-0.6931884549374981
2012-09-02,-0.8695458053265733
2012-09-03,-0.5363353103326195
2012-09-04,-0.6749130894192268
2012-09-05,-0.8100807072998227
2012-09-06,-0.9531497146187773
2012-09-09,-1.0879535181815787
2012-09-10,-1.178991568877528
2012-09-11,-1.2587591919202654
2012-09-12,-1.0042175043376014
2012-09-13,-1.109758100346379
2012-09-16,-0.6486769887682512
2012-09-17,-0.7457744535228704
2012-09-18,-0.8900714110595913
2012-09-19,-0.8763764668851378
2012-09-20,-0.9592064440226651
2012-09-23,-1.0723978886167889
2012-09-24,-1.159217133246982
2012-09-25,-0.6452320511351636
2012-09-26,-0.7857190563782567
2012-09-27,-0.8901342606645551
2012-09-30,-1.007581227454566
2012-10-01,-1.1041918694836494
2012-10-02,-1.1922447817549102
2012-10-03,-1.273225469134889
2012-10-04,-1.350640132501232
2012-10-07,-1.1049188099412748
2012-10-08,-0.9919658819273863
2012-10-09,-1.096077760942103
2012-10-10,-1.0248309341613648
2012-10-11,-1.0565849922218002
2012-10-14,-1.0921646164925742
2012-10-15,-1.194967657997204
2012-10-16,-1.2774534989346122
2012-10-17,-1.3464047586597276
2012-10-18,-1.4100115279911962
2012-10-21,-1.4610522719417407
2012-10-22,-1.5115910951729625
2012-10-23,-1.550214256190256
2012-10-24,-1.5852836281606222
2012-10-25,-1.33024379476155
2012-10-29,-0.6189881595048448
2012-10-30,-0.7288335925230529
2012-10-31,-0.8852358196290331
2012-11-01,-0.9591997069305189
2012-11-02,-1.0351356719869198
2012-11-05,-1.1592960153884866
2012-11-06,-1.2514835354093095
2012-11-07,-1.3328415547133563
2012-11-08,-1.2017968441275044
2012-11-09,0.3369964787898769
2012-11-12,0.016491561417253334
2012-11-13,0.5302750124677349
2012-11-14,0.1679842315694712
2012-11-15,0.03854580349366768
2012-11-16,0.1439347081239934
2012-11-19,0.9571486147414566
2012-11-20,0.6066240113295265
2012-11-21,1.23215438753838
2012-11-22,0.9779378784047227
2012-11-23,1.3881382458546667
2012-11-26,0.7667761607438095
2012-11-27,0.48139347324530535
2012-11-28,0.5761210053226015
2012-11-29,1.0117547436794112
2012-11-30,0.8941826807915628
2012-12-03,1.9043636976700216
2012-12-04,1.2078691943764763
2012-12-05,0.7939552997678619
2012-12-06,0.30530685255754225
2012-12-07,0.02955518308333086
2012-12-10,-0.02286446466197938
2012-12-11,-0.24529413511448775
2012-12-12,-0.32591233130989156
2012-12-13,-0.5128289895516732
2012-12-14,-0.31406201346380913
2012-12-17,-0.10347392923676434
2012-12-18,0.20911651864944555
2012-12-19,-0.09778079482283271
2012-12-20,-0.3866759449424051
2012-12-21,-0.41837909517116756
2012-12-24,-0.10383089286879404
2012-12-25,-0.33271967077063147
2012-12-26,-0.5767343319237763
2012-12-27,-0.8014826159746067
2012-12-28,-0.9250723274220475
2012-12-31,-0.9962205080955059
2013-01-01,-0.7937969338278248
2013-01-02,-0.9004271316450039
2013-01-03,-1.0069073171350795
2013-01-04,-1.1040995472424031
2013-01-07,-1.210611572583518
2013-01-08,-1.2967471772162442
2013-01-09,-0.8003914881588065
2013-01-10,-0.9456987111439287
2013-01-11,-1.0711947744305852
2013-01-14,-1.1628200894626688
2013-01-15,-1.1405765134167967
2013-01-16,-1.2312217556269032
2013-01-17,-1.3097809655423291
2013-01-18,-1.247254292536278
2013-01-21,-1.3112186142693834
2013-01-22,-0.9939041176467562
2013-01-23,-1.1096435802508149
2013-01-24,-1.2022278888681077
2013-01-25,-1.2560233809787007
2013-01-28,-1.3426547622477762
2013-01-29,-1.4420806715238452
2013-01-30,-1.4825125261663552
2013-01-31,-1.5270875659885068
2013-02-01,-1.545601707070471
2013-02-04,-1.5799953997587206
2013-02-05,-1.3261657870785248
2013-02-06,-1.3935449873054981
2013-02-07,-1.4552773000613313
2013-02-08,-1.5227877256404394
2013-02-11,-1.5593654044471519
2013-02-12,-1.585348538890741
2013-02-13,-1.612521476566725
2013-02-14,-1.6374013986014537
2013-02-15,-1.6572781217665697
2013-02-18,-1.2081217780909372
2013-02-19,-1.284607345546318
2013-02-20,-1.3556521977381313
2013-02-21,-0.30105820808304257
2013-02-22,-0.4560647647585639
2013-02-25,-0.6021760226811856
2013-02-26,-0.12508114261224365
2013-02-27,0.05642812395834892
2013-02-28,-0.17397715294014282
2013-03-01,0.1999320645395237
2013-03-04,-0.0691804818235834
2013-03-05,-0.3649671295677761
2013-03-06,-0.5190064664025943
2013-03-07,-0.41690204702537215
2013-03-08,-0.6282486457294035
2013-03-11,-0.8223063439792718
2013-03-12,-0.807114720686779
2013-03-13,-0.45670847076946647
2013-03-14,-0.14446635122974674
2013-03-15,-0.17586378542769196
2013-03-18,1.6074054668961633
2013-03-19,1.1242750968149522
2013-03-20,0.9168323758520053
2013-03-21,0.9449954642826512
2013-03-22,1.8910889659669032
2013-03-25,1.308818648224261
2013-03-26,0.9275316849578757
2013-03-27,1.10263455910837
2013-03-28,0.723145715051199
2013-03-29,0.7673137789152129
2013-03-31,0.5563383428925032
2013-04-01,0.22634030010343725
2013-04-02,-0.00038354967712320707
2013-04-03,-0.24138198289536467
2013-04-04,-0.5368885455561251
2013-04-07,-0.7914994674512559
2013-04-08,-0.9121265322952655
2013-04-09,-1.043024289096786
2013-04-10,-1.1539320311156904
2013-04-11,-1.0044894394844006
2013-04-14,-1.1282154127190254
2013-04-15,0.035589837819949066
2013-04-16,-0.25810800866141337
2013-04-17,0.3684989301949639
2013-04-18,0.016132956887103922
2013-04-21,-0.2647054159913215
2013-04-22,-0.2137490518942679
2013-04-23,-0.229143783976603
2013-04-24,-0.4470586622009997
2013-04-25,-0.6430643381145746
2013-04-28,-0.7837477939045434
2013-04-29,-0.3665715335021005
2013-04-30,-0.5436118844072843
2013-05-01,-0.36693188953692396
2013-05-02,-0.4640263442351635
2013-05-05,-0.510789709891254
2013-05-06,-0.6862255553752418
2013-05-07,-0.8156645717470568
2013-05-08,-0.9316109468306489
2013-05-09,0.15589603645265426
2013-05-12,-0.09880395826830313
2013-05-13,-0.3562891713635197
2013-05-14,0.019710091694306646
2013-05-15,-0.22118026782204211
2013-05-16,0.10018520219935409
2013-05-19,-0.06095465934964672
2013-05-20,0.01659265744335454
2013-05-21,-0.2283533904515614
2013-05-22,0.24109577126729212
2013-05-23,-0.053639612325633794
2013-05-26,-0.3291690495241282
2013-05-27,0.34076082193535984
2013-05-28,1.4161644676984793
2013-05-29,1.668032587363164
2013-05-30,2.5203754124226636
2013-06-02,1.916189600494353
2013-06-03,1.2709938027173002
2013-06-04,0.6899715597852413
2013-06-05,0.3706119977385332
2013-06-06,0.3969399747291156
2013-06-09,0.44384917543167557
2013-06-10,0.2281346187225488
2013-06-11,-0.10225267654954678
2013-06-12,-0.3004092343273251
2013-06-13,-0.5457296483926841
2013-06-16,-0.0742828815894338
2013-06-17,0.36253755105483937
2013-06-18,0.15249989739481976
2013-06-19,2.6064953403618776
2013-06-20,2.0025163715353553
2013-06-23,1.543388929170705
2013-06-24,1.1269508729358588
2013-06-25,0.7512287968053937
2013-06-26,0.4159904932603557
2013-06-27,1.287909529138402
2013-06-30,1.302086409595425
2013-07-01,1.0866314681386577
2013-07-02,1.4237291245711845
2013-07-03,1.1484772879993874
2013-07-04,0.7756613804886862
2013-07-07,0.47263680511515715
2013-07-08,0.2520913365397728
2013-07-09,0.31113537090780324
2013-07-10,0.08861777613279737
2013-07-11,-0.113929686218234
2013-07-14,-0.3214724293950366
2013-07-15,-0.5844723827676473
2013-07-16,-0.5258193662173055
2013-07-17,-0.7066983328718609
2013-07-18,-0.8469382924665588
2013-07-21,-0.6921252226948245
2013-07-22,-0.8306389978246306
2013-07-23,-0.9704527638134358
2013-07-24,-0.5369125893654776
2013-07-25,-0.6633981187513641
2013-07-28,-0.3974234592231333
2013-07-29,-0.13475680625729947
2013-07-30,0.5685892454771168
2013-07-31,0.23774890310291286
2013-08-01,0.518378516412559
2013-08-04,0.1331294184501171
2013-08-05,0.05778613232746624
2013-08-06,-0.15766352166511002
2013-08-07,-0.377907160101287
2013-08-08,-0.5916290390700405
2013-08-11,-0.7466385652120694
2013-08-12,0.2182894876834445
2013-08-13,0.2618207918289823
2013-08-14,1.3412863257205296
2013-08-15,1.4329809381212533
2013-08-18,2.548670169606817
2013-08-19,2.0286059143143946
2013-08-20,1.9054686463735695
2013-08-21,2.282871214667344
2013-08-22,1.4706109195646109
2013-08-25,0.7231263769281238
2013-08-26,0.3209647660825648
2013-08-27,0.0026167174495312345
2013-08-28,-0.22102544728438223
2013-08-29,0.023830332701299153
2013-09-01,1.400818894825931
2013-09-02,1.017706334584574
2013-09-03,0.6916959571748361
2013-09-04,0.33772857416428365
2013-09-05,-0.01581715247612465
2013-09-08,2.2785575681638437
2013-09-09,1.7979559206322127
2013-09-10,2.031745627323427
2013-09-11,1.646608477174439
2013-09-12,1.3018660694729516
2013-09-15,0.9635255426623642
2013-09-16,0.7894890008178758
2013-09-17,0.4609016484068958
2013-09-18,0.06888437530726635
2013-09-19,-0.06660892614424578
2013-09-22,3.0551797256000364
2013-09-23,2.5792861671852423
2013-09-24,2.517700014817879
2013-09-25,2.198334488954414
2013-09-26,2.2799548566506505
2013-09-29,1.8170554452194294
2013-09-30,1.4436415216515543
2013-10-01,1.1330799200207649
2013-10-02,0.7832827661735507
2013-10-03,0.5406480521502592
2013-10-06,0.571120954967627
2013-10-07,0.2522493836395972
2013-10-08,-0.024105978178028637
2013-10-09,-0.2263234045524583
2013-10-10,-0.4278281247624386
2013-10-13,-0.4110213101338617
2013-10-14,-0.5620162227380774
2013-10-15,-0.7063347023119809
2013-10-16,-0.8225959059544389
2013-10-17,-0.9463779330629867
2013-10-20,-0.6275978979623497
2013-10-21,-0.40360077595924776
2013-10-22,-0.5328608174486814
2013-10-23,0.0762510763377339
2013-10-24,-0.1384477685416179
2013-10-28,-0.36186823031342974
2013-10-29,-0.5249931648834427
2013-10-30,-0.5574942882605183
2013-10-31,0.5155491299135803
2013-11-01,1.3545889368131392
2013-11-04,0.9828648561726656
2013-11-05,1.862588677171627
2013-11-06,1.3975737098864311
2013-11-07,1.228888816848982
2013-11-08,2.095100262847143
2013-11-11,1.579530168952434
2013-11-12,1.7754999953862174
2013-11-13,1.3574828342806236
2013-11-14,1.1045514719993839
2013-11-15,0.7318713827062568
2013-11-18,0.3239910904887978
2013-11-19,-0.061901943013437266
2013-11-20,-0.208392124928735
2013-11-21,1.0723565272906994
2013-11-22,0.6669383549240768
2013-11-25,0.33335327068518583
2013-11-26,0.4479456330415482
2013-11-27,0.46352294034343766
2013-11-28,1.0700459210973303
2013-11-29,0.6956282946923519
2013-12-02,0.9407183602285457
2013-12-03,0.8363498140963207
2013-12-04,1.2943848661935264
2013-12-05,1.303000962951772
2013-12-06,0.7722576442841019
2013-12-09,0.3480826115303304
2013-12-10,0.09164531953411588
2013-12-11,0.2889637847924505
2013-12-12,0.3872929361351724
2013-12-13,0.1566264171374806
2013-12-16,-0.07144580372406421
2013-12-17,-0.22849305583401935
2013-12-18,-0.43509351963511755
2013-12-19,0.26932331144424915
2013-12-20,0.8817633775051882
2013-12-23,0.5467740868119543
2013-12-24,0.20612580699780042
2013-12-25,0.0648438785723165
2013-12-26,0.10812192903226406
2013-12-27,-0.10561435727619493
2013-12-30,-0.39836668988846613
2013-12-31,-0.5682477823357223
2014-01-01,-0.6830015613408883
2014-01-02,1.074458645766024
2014-01-03,0.7193474602964319
2014-01-06,0.42417937754684426
2014-01-07,0.13938486833435423
2014-01-08,0.173595693496077
2014-01-09,0.7204278332155348
2014-01-10,0.36940663068863405
2014-01-13,-0.0026264535811932384
2014-01-14,0.037735326393863206
2014-01-15,-0.21146261424661106
2014-01-16,0.3614496222254088
2014-01-17,0.12400238020538606
2014-01-20,-0.17054726847538532
2014-01-21,0.181009717040711
2014-01-22,-0.07415592251070005
2014-01-23,0.6230913804697823
2014-01-24,1.8335217033289943
2014-01-27,1.3627576328951727
2014-01-28,1.2022771725928934
2014-01-29,1.7423479886049713
2014-01-30,1.2684433326300473
2014-01-31,0.7788944136262205
2014-02-03,0.47195017884367585
2014-02-04,0.7117257575197534
2014-02-05,0.29781976853949993
2014-02-06,0.017983259684706106
2014-02-07,-0.21253354598399957
2014-02-10,-0.062154024361022096
2014-02-11,0.26391487008068026
2014-02-12,0.02934093999804842
2014-02-13,0.6145637135405236
2014-02-14,0.22306220664962675
2014-02-17,-0.0024487948616605483
2014-02-18,0.17227852571701127
2014-02-19,0.3380333906271571
2014-02-20,0.05734248713785727
2014-02-21,-0.22112950264328543
2014-02-24,-0.4680296805810139
2014-02-25,-0.6171631547970888
2014-02-26,-0.441818911368461
2014-02-27,-0.5856951688145299
2014-02-28,-0.7569165825899583
2014-03-03,-0.8737701136040469
2014-03-04,-0.6883872297845566
2014-03-05,-0.8123779052950912
2014-03-06,-0.9695380824392774
2014-03-07,-0.06837049481521623
2014-03-10,-0.06402077793018966
2014-03-11,-0.06326998785192735
2014-03-12,0.4626325670445198
2014-03-13,0.19255414100421167
2014-03-14,0.6730172039721658
2014-03-17,0.32926183497299444
2014-03-18,0.28754836966763686
2014-03-19,0.04786484601491792
2014-03-20,0.407186851819871
2014-03-21,0.07140309314430497
2014-03-24,-0.07553438358073561
2014-03-25,-0.3088469312254016
2014-03-26,-0.5198004472734837
2014-03-27,-0.7521197397275607
2014-03-28,-0.93297476819822
2014-03-30,-0.7916394864496424
2014-03-31,-0.8776866689001313
2014-04-01,-1.0040315356879188
2014-04-02,-0.5526927564287313
2014-04-03,-0.7553933363240376
2014-04-06,-0.9551837625117827
2014-04-07,-1.0819499788834372
2014-04-08,-1.1755575218186198
2014-04-09,-1.261235599935546
2014-04-10,-0.7915239462158719
2014-04-13,-0.7880273340589434
2014-04-14,-0.3280533221791726
2014-04-15,-0.4045769184120754
2014-04-16,-0.11986869916254142
2014-04-17,-0.2864801106816708
2014-04-20,-0.41925139751041035
2014-04-21,-0.13859446743706783
2014-04-22,-0.34338591922121336
2014-04-23,-0.5427195692889322
2014-04-24,-0.7501518705745078
2014-04-27,-0.6434964389498513
2014-04-28,-0.8180163949135175
2014-04-29,0.2647647260642771
2014-04-30,0.026308952690786584
2014-05-01,0.023775823106834165
2014-05-04,-0.22230967127528767
2014-05-05,0.023266402580323704
2014-05-06,-0.2374081234860209
2014-05-07,-0.4406229156193428
2014-05-08,-0.29684394046685864
2014-05-11,-0.47691202478287664
2014-05-12,-0.6374273910452384
2014-05-13,-0.7717821646228954
2014-05-14,-0.9370668360910547
2014-05-15,-1.0381474424052992
2014-05-18,-1.1252141862911311
2014-05-19,-1.2209568047015964
2014-05-20,-1.2819494698445728
2014-05-21,-1.3543708023520353
2014-05-22,-1.2683846486988037
2014-05-25,-1.2760956034409974
2014-05-26,-0.34305883332601367
2014-05-27,-0.3367760992341685
2014-05-28,-0.5055264034630467
2014-05-29,-0.19291677424644618
2014-06-01,0.9267728848585738
2014-06-02,0.6522674169284812
2014-06-03,0.9545541161861567
2014-06-04,0.606457292193778
2014-06-05,0.22587317304528937
2014-06-08,-0.07110781694828981
2014-06-09,-0.3279429806145056
2014-06-10,-0.5254610401782979
2014-06-11,-0.662694079170923
2014-06-12,-0.48176410153631455
2014-06-15,-0.6507859998739928
2014-06-16,0.31862611914929556
2014-06-17,0.20603280245641786
2014-06-18,-0.166933985142921
2014-06-19,0.4270764571631947
2014-06-22,0.16627749710521067
2014-06-23,-0.08376337306771568
2014-06-24,-0.29813697112403403
2014-06-25,-0.5073911008684339
2014-06-26,-0.6751159416702742
2014-06-29,-0.8305728278299875
2014-06-30,-0.33907237409419033
2014-07-01,-0.5440316961255622
2014-07-02,0.28871196982147246
2014-07-03,0.010109927518823976
2014-07-06,0.04419513024380974
2014-07-07,0.08638847505053499
2014-07-08,-0.160230694455855
2014-07-09,0.1451554140350239
2014-07-10,-0.05974442314320673
2014-07-13,-0.25362780421292563
2014-07-14,-0.47678980292746725
2014-07-15,-0.6416012452343643
2014-07-16,0.24834989257350065
2014-07-17,0.45134519700862435
2014-07-20,0.06573284365299759
2014-07-21,-0.14201078503404238
2014-07-22,-0.34686268268441
2014-07-23,-0.49968009836489274
2014-07-24,-0.22741609854770128
2014-07-27,-0.29157855982276926
2014-07-28,-0.4802405053236015
2014-07-29,0.47810446093324815
2014-07-30,0.909422372848341
2014-07-31,0.9011289339361711
2014-08-03,0.5749684872755213
2014-08-04,1.0393683957120303
2014-08-05,1.3244342738721027
2014-08-06,0.8997611461954913
2014-08-07,1.2903222695939256
2014-08-10,0.8711976942954858
2014-08-11,0.5446766231199764
2014-08-12,0.3328963885262602
2014-08-13,0.0959105059598809
2014-08-14,-0.16361115264845788
2014-08-17,-0.35992485140607966
2014-08-18,-0.5332366170414539
2014-08-19,-0.7023753547772135
2014-08-20,-0.5555507718781567
2014-08-21,0.22924227537772685
2014-08-24,0.06819390073121913
2014-08-25,0.050829351951563656
2014-08-26,-0.2553399599794491
2014-08-27,-0.43468666747589496
2014-08-28,-0.6033458796811078
2014-08-31,-0.747392712730068
2014-09-01,-0.05438650950202016
2014-09-02,-0.26038858882596844
2014-09-03,-0.44572233793338284
2014-09-04,-0.36156305862437343
2014-09-07,-0.19456454314542296
2014-09-08,1.1562849646076905
2014-09-09,1.2500142823607274
2014-09-10,0.8347985718270282
2014-09-11,2.2845129757796054
2014-09-14,1.8682736948083183
2014-09-15,1.1137007718471246
2014-09-16,0.9395957079898043
2014-09-17,1.5658373898050366
2014-09-18,1.1736629177330855
2014-09-21,1.3475864099010082
2014-09-22,1.6350001242140377
2014-09-23,1.4729089435118246
2014-09-24,0.8979831937737128
2014-09-25,1.0918673615519034
2014-09-28,1.6802798399230958
2014-09-29,1.2263784756652063
2014-09-30,1.3434208455060868
2014-10-01,1.4427407652406037
2014-10-02,1.377601364457853
2014-10-05,0.6108298657093522
2014-10-06,0.21638118367545092
2014-10-07,-0.06909707949468345
2014-10-08,-0.2763692344631582
2014-10-09,0.27657458510009847
2014-10-12,0.16706702696805947
2014-10-13,-0.013024810070304196
2014-10-14,0.8808408962296582
2014-10-15,1.8224993814529453
2014-10-16,1.3852493858904187
2014-10-19,0.974733386185003
2014-10-20,1.5025690937437806
2014-10-21,1.1488030579445005
2014-10-22,1.3002240731094206
2014-10-23,0.8920783983892734
2014-10-27,1.889535690135708
2014-10-28,1.3965715247972665
2014-10-29,0.7899398850234822
2014-10-30,0.3987567466398181
2014-10-31,0.08259724993850026
2014-11-03,0.8758046389532954
2014-11-04,0.9462167337958348
2014-11-05,0.6624919247182686
2014-11-06,0.8400689025910778
2014-11-07,1.2654831987414359
2014-11-10,0.9333961243401723
2014-11-11,0.912438887475542
2014-11-12,0.6389020471831299
2014-11-13,0.7725116460221447
2014-11-14,1.6113584589345584
2014-11-17,1.2256209896517776
2014-11-18,0.9327794405900407
2014-11-19,0.6148428563610445
2014-11-20,0.36212560781336794
2014-11-21,0.054313529098807906
2014-11-24,-0.2431666045443118
2014-11-25,-0.2814807103951137
2014-11-26,-0.4844473820248834
2014-11-27,-0.6403025758710593
2014-11-28,0.9165710240832841
2014-12-01,0.561175402288921
2014-12-02,0.3197307553210336
2014-12-03,0.21705280553199732
2014-12-04,0.14104396539147138
2014-12-05,0.2532142632381527
2014-12-08,0.04761358137400127
2014-12-09,0.18392056711335086
2014-12-10,-0.0333043383349484
2014-12-11,1.0471358954857006
2014-12-12,1.1366819888556128
2014-12-15,1.3475470863038712
2014-12-16,2.4718647061675294
2014-12-17,1.8730901307253625
2014-12-18,1.2524736777298042
2014-12-19,0.7522183483096121
2014-12-22,0.49940271401799646
2014-12-23,1.3270630099292726
2014-12-24,0.9883258766551881
2014-12-25,0.7318898063504224
2014-12-26,0.5455881776030431
2014-12-29,0.24385710516446896
2014-12-30,-0.056782131647687195
2014-12-31,-0.3235297480530289
2015-01-01,-0.42683765759351344
2015-01-02,0.9137381680976343
2015-01-05,0.8062887138639715
2015-01-06,0.6302660302361721
2015-01-07,0.312396694437055
2015-01-08,0.044621784859998216
2015-01-09,-0.22877886638974645
2015-01-12,-0.44661027004410875
2015-01-13,-0.3626499926168266
2015-01-14,-0.601315507997952
2015-01-15,-0.7613193562181948
2015-01-16,-0.4875913108578832
2015-01-19,-0.6528744900644446
2015-01-20,-0.1708846919734286
2015-01-21,-0.43422697644068403
2015-01-22,-0.6521662381687919
2015-01-23,-0.7805654753332502
2015-01-26,-0.5726872934402598
2015-01-27,-0.715703939484702
2015-01-28,-0.8545094875471081
2015-01-29,-0.5397719422259432
2015-01-30,1.5598263349426518
2015-02-02,1.4786752862183887
2015-02-03,1.49552350399483
2015-02-04,1.2733801183646796
2015-02-05,1.4409976441187897
2015-02-06,1.6455736717152214
2015-02-09,1.525839615328658
2015-02-10,2.0600083076956084
2015-02-11,2.1704485849246717
2015-02-12,1.8052059542597085
2015-02-13,1.3351996180116572
2015-02-16,1.0515949125357393
2015-02-17,0.7854738773393475
2015-02-18,0.9792214833477709
2015-02-19,1.1475555277759315
2015-02-20,1.232033577866358
2015-02-23,1.3418642185960918
2015-02-24,1.0025651758918974
2015-02-25,0.6113069449688358
2015-02-26,0.5005032575475744
2015-02-27,0.9446489599056741
2015-03-02,0.4998506979427622
2015-03-03,0.9618002941383375
2015-03-04,2.4636446819956426
2015-03-05,1.8346936198675174
2015-03-06,2.8112039706065266
2015-03-09,2.7818863170509784
2015-03-10,3.2781613414990844
2015-03-11,2.641507596275573
2015-03-12,2.0806832894097904
2015-03-13,4.0339908586056765
2015-03-16,3.182203504904301
2015-03-17,3.150415194540983
2015-03-18,2.532328381326777
2015-03-19,2.3536027535429764
2015-03-20,1.9270131481570525
2015-03-23,1.2483752461222564
2015-03-24,0.7070656895487436
2015-03-25,0.4212322425966624
2015-03-26,0.9604495550396835
2015-03-27,1.0985543986576558
2015-03-29,1.357266169835625
2015-03-30,0.8934666447729798
2015-03-31,0.5111003753378924
2015-04-01,0.24805900551257018
2015-04-02,0.0317148340483788
2015-04-05,-0.1506434706341224
2015-04-06,0.4768899882332574
2015-04-07,0.18599747272088063
2015-04-08,-0.13834573473027406
2015-04-09,0.20445541227930714
2015-04-12,0.41361954096919346
2015-04-13,0.3104905322443129
2015-04-14,0.022734778780292425
2015-04-15,-0.20940496032913847
2015-04-16,0.14199067575452673
2015-04-19,-0.061094249460719674
2015-04-20,-0.22578850553604082
2015-04-21,-0.39784787961848
2015-04-22,-0.5781410644351905
2015-04-23,-0.7307012627278918
2015-04-26,-0.8861806072402808
2015-04-27,-1.0164865348808452
2015-04-28,-0.32644997040749846
2015-04-29,0.7804357743484585
2015-04-30,1.6272424240239893
2015-05-03,1.1059237537430737
2015-05-04,0.877932511520752
2015-05-05,0.5313361120255371
2015-05-06,0.2569672737998323
2015-05-07,-0.010543123977468163
2015-05-10,-0.2865649471877127
2015-05-11,0.08936359900125636
2015-05-12,-0.17263212846514422
2015-05-13,-0.07324149479779235
2015-05-14,-0.30436782434585263
2015-05-17,-0.24139535173054102
2015-05-18,-0.08880498447645462
2015-05-19,-0.20580832319147968
2015-05-20,-0.4030450951271388
2015-05-21,0.021515657206590596
2015-05-24,0.9632139176746174
2015-05-25,1.0054623241811627
2015-05-26,1.1962164842892107
2015-05-27,0.8246233143743484
2015-05-28,0.7435546463746603
2015-05-31,0.8140288880566741
2015-06-01,0.5087503324509949
2015-06-02,0.1802643801936744
2015-06-03,0.0256317970773518
2015-06-04,0.6160542147476232
2015-06-07,0.3452924512153949
2015-06-08,0.0637527043475345
2015-06-09,-0.164772149524436
2015-06-10,1.1012766287804154
2015-06-11,0.7773717365390009
2015-06-14,0.6857973444041513
2015-06-15,0.44165244835996936
2015-06-16,0.13561075960028415
2015-06-17,-0.12917161088607898
2015-06-18,0.40080421093926977
2015-06-21,0.40749128295185283
2015-06-22,0.46782868916384496
2015-06-23,0.21283339745556912
2015-06-24,0.7377261376976766
2015-06-25,0.7921766478979422
2015-06-28,1.3186564226066184
2015-06-29,0.8813274314887142
2015-06-30,0.591140086434782
2015-07-01,1.0757289155673615
2015-07-02,0.6561857693589344
2015-07-05,0.9379601194619216
2015-07-06,1.4148990300963653
2015-07-07,1.8863399407365653
2015-07-08,1.3984122688568317
2015-07-09,0.9655151472585661
2015-07-12,0.5358494571957073
2015-07-13,0.25494092386675704
2015-07-14,0.4779951494810419
2015-07-15,0.26236963200594215
2015-07-16,1.2068594169761266
2015-07-19,1.324314863918945
2015-07-20,0.9973830737750761
2015-07-21,1.2231886952286075
2015-07-22,2.221712073431191
2015-07-23,2.331761539742113
2015-07-26,2.5266826871038663
2015-07-27,2.4839758449321194
2015-07-28,1.996844145413843
2015-07-29,1.4837826001917602
2015-07-30,1.7573568997972617
2015-08-02,2.159764139685559
2015-08-03,2.106623169427858
2015-08-04,1.996575590063499
2015-08-05,2.7631083071545106
2015-08-06,2.1040979890139857
2015-08-09,1.5718811110895954
2015-08-10,0.9881138244393103
2015-08-11,0.6294636855009558
2015-08-12,0.7318863415848745
2015-08-13,0.41088370114683265
2015-08-16,0.1329672156250233
2015-08-17,-0.07516402671879682
2015-08-18,-0.17496619344105063
2015-08-19,-0.1635642646192323
2015-08-20,-0.37031031874299486
2015-08-23,0.90293518131073
2015-08-24,0.5726037949665812
2015-08-25,2.04893570823622
2015-08-26,1.5343240486790843
2015-08-27,1.1245640047103511
2015-08-30,2.104358664808487
2015-08-31,1.5116610909539248
2015-09-01,2.245224981502245
2015-09-02,2.5963699586598845
2015-09-03,1.974403553118068
2015-09-06,1.9049934217307902
2015-09-07,1.4721149861751248
2015-09-08,1.0591039521209291
2015-09-09,1.9446046017599845
2015-09-10,1.3759051757554481
2015-09-13,1.0367157208138054
2015-09-14,0.6595192669461024
2015-09-15,0.39268812843908635
2015-09-16,0.7633057649164849
2015-09-17,0.678347501159272
2015-09-20,1.4953002409685356
2015-09-21,1.053204764840384
2015-09-22,0.6700553521959868
2015-09-23,1.6328040207578058
2015-09-24,0.7326365177810755
2015-09-27,0.8382927469722216
2015-09-28,1.6571313259084064
2015-09-29,1.1153014762540214
2015-09-30,0.7207702312267973
2015-10-01,0.9423217106299433
2015-10-04,0.5751743776675339
2015-10-05,0.26295691634970286
2015-10-06,-0.023867468003863024
2015-10-07,0.37809246928326157
2015-10-08,0.027773280404490137
2015-10-11,-0.13936930432398265
2015-10-12,0.6517977990912425
2015-10-13,0.8266593378242831
2015-10-14,0.47714629589066
2015-10-15,0.23430330733920401
2015-10-18,0.8042734883218687
2015-10-19,0.5070623002834899
2015-10-20,1.1454001073365416
2015-10-21,0.8434543767013951
2015-10-22,0.5355276445653566
2015-10-26,0.25681352666926344
2015-10-27,0.5209900633527842
2015-10-28,0.28820214849099784
2015-10-29,0.7615504736590316
2015-10-30,0.4510315678610011
2015-11-02,0.2648001712766515
2015-11-03,-0.029456855329571503
2015-11-04,-0.3202129636998361
2015-11-05,-0.43788115214903567
2015-11-06,-0.22597950848881462
2015-11-09,-0.38210477355070027
2015-11-10,-0.2235723515875928
2015-11-11,-0.45700515378177126
2015-11-12,0.3690061121438836
2015-11-13,0.1528902833325699
2015-11-16,0.5416775964807066
2015-11-17,0.27002094853398917
2015-11-18,0.029442400228484242
2015-11-19,-0.2401373523053877
2015-11-20,-0.4347550314471743
2015-11-23,-0.6150240516756822
2015-11-24,-0.6310339293128854
2015-11-25,0.25227227353709164
2015-11-26,-0.007149551515627947
2015-11-27,-0.21319740349464683
2015-11-30,1.8351950619563386
2015-12-01,1.3892395683225818
2015-12-02,1.090161786726613
2015-12-03,0.6949651013126092
2015-12-04,0.29458813362384434
2015-12-07,0.07112279776712244
2015-12-08,0.5977571040307039
2015-12-09,0.23465728549950923
2015-12-10,-0.037690562835411515
2015-12-11,1.3427276108566422
2015-12-14,1.4138101600656547
2015-12-15,1.003465080425616
2015-12-16,1.7864034272864968
2015-12-17,1.380520949380519
2015-12-18,1.3497404606855707
2015-12-21,2.3722651965697636
2015-12-22,1.9051593682423305
2015-12-23,1.478903112229032
2015-12-24,1.1158141426985226
2015-12-25,0.848124617310649
2015-12-28,1.2955623673328234
2015-12-29,0.892464354640612
2015-12-30,2.606686092976275
2015-12-31,1.970311474447338
2016-01-01,1.6959148813953016
2016-01-04,3.014323096306292
2016-01-05,2.280726167549807
2016-01-06,1.8531201761194493
2016-01-07,1.7717371728648426
2016-01-08,1.3994877910089085
2016-01-11,1.0243017807826733
2016-01-12,0.7748579112436348
2016-01-13,0.40285584544154873
2016-01-14,0.35424750756018974
2016-01-15,0.46398330201044524
2016-01-18,0.21648559125953984
2016-01-19,-0.03590053230175749
2016-01-20,0.8487710368251846
2016-01-21,1.5253877338224424
2016-01-22,1.1240935131050718
2016-01-25,0.7390485879153856
2016-01-26,0.412591063878187
2016-01-27,0.128788387066807
2016-01-28,0.8310760573653156
2016-01-29,0.3967205008587514
2016-02-01,0.038702929213659844
2016-02-02,-0.19044323188519977
2016-02-03,-0.37843365502183407
2016-02-04,-0.662831668850133
2016-02-05,-0.3142449757734497
2016-02-08,-0.4496327385771034
2016-02-09,-0.558862580926239
2016-02-10,0.07643857400322833
2016-02-11,0.545322155719099
2016-02-12,0.6547346624605435
2016-02-15,0.604868525204286
2016-02-16,1.2459793666121488
2016-02-17,0.9270205641117164
2016-02-18,0.5091404973984353
2016-02-19,0.8582571624438209
2016-02-22,0.45865336297849457
2016-02-23,0.1420369130641824
2016-02-24,0.44396814659022077
2016-02-25,0.2110236015633731
2016-02-26,0.5193048901454027
2016-02-29,0.4661335134624918
2016-03-01,0.6092777236613012
2016-03-02,0.1689355056410267
2016-03-03,-0.12845389665689994
2016-03-04,-0.561250927501034
2016-03-07,-0.7084980109851042
2016-03-08,-0.5261565418465053
2016-03-09,-0.7182128669146693
2016-03-10,-0.8923279164091604
2016-03-11,-1.0206192625165031
2016-03-14,-1.1147476921688926
2016-03-15,0.5007506400507462
2016-03-16,1.4032706584267163
2016-03-17,0.8931584377001414
2016-03-18,0.4743953123330248
2016-03-21,0.2517069468690402
2016-03-22,0.023168062974794023
2016-03-23,0.1287086783206387
2016-03-24,0.4255368690527984
2016-03-25,0.22490139045199667
2016-03-27,0.023250533985458375
2016-03-28,-0.2151855178938227
2016-03-29,-0.4198622846420065
2016-03-30,-0.6219618973561626
2016-03-31,-0.7736118063456343
2016-04-03,-0.8995837420035465
2016-04-04,-0.03395740832235314
2016-04-05,0.2665403246352097
2016-04-06,-0.012676786499855546
2016-04-07,-0.22501959449152084
2016-04-10,-0.5304964179065902
2016-04-11,-0.7236740230201543
2016-04-12,-0.8531240542353433
2016-04-13,-0.9442452920352372
2016-04-14,-1.0624472232376188
2016-04-17,-0.29043145217381106
2016-04-18,-0.32289364420869066
2016-04-19,-0.5348854319375987
2016-04-20,-0.6520151160829019
2016-04-21,0.13417052498108276
2016-04-24,-0.05929776877916343
2016-04-25,-0.23606670143320832
2016-04-26,-0.3956339356025979
2016-04-27,-0.5477936055147719
2016-04-28,-0.7376758274092723
2016-05-01,-0.8928159363127037
2016-05-02,0.1351382668496738
2016-05-03,-0.10800192231561093
2016-05-04,-0.2931694650997888
2016-05-05,-0.0779664356499813
2016-05-08,1.0564179228492585
2016-05-09,0.7512550991516068
2016-05-10,0.435533548846382
2016-05-11,0.5467882467480171
2016-05-12,0.5254774320991855
2016-05-15,0.486055214452561
2016-05-16,0.22672162103830568
2016-05-17,0.44613585388455707
2016-05-18,1.1468835352094051
2016-05-19,0.8765719689379159
2016-05-22,0.5476449017084698
2016-05-23,0.32713824515114776
2016-05-24,0.9734908135704637
2016-05-25,0.6962098465748331
2016-05-26,0.934853664076721
2016-05-29,0.6669244893217382
2016-05-30,0.35650527067021015
2016-05-31,0.531909187178012
2016-06-01,0.2739718504401623
2016-06-02,-0.006964514325413679
2016-06-05,-0.27577845921347766
2016-06-06,-0.49508937780881357
2016-06-07,-0.7280022184855529
2016-06-08,-0.9015478746223735
2016-06-09,-0.16817456918737467
2016-06-12,0.047440169559012306
2016-06-13,0.6522444862904396
2016-06-14,0.40418871165944886
2016-06-15,0.4416273287352437
2016-06-16,0.16701218546916477
2016-06-19,-0.1389112570150038
2016-06-20,-0.34937474431186116
2016-06-21,-0.3234177664623817
2016-06-22,-0.5339802619966578
2016-06-23,0.5210602683272952
2016-06-26,0.21147334404577145
2016-06-27,-0.08570352343356488
2016-06-28,-0.44180957034837776
2016-06-29,-0.6600453327618395
2016-06-30,-0.7887690633925373
2016-07-03,-0.7581895316852013
2016-07-04,-0.10848860877347374
2016-07-05,0.4206161971948205
2016-07-06,0.4248399908760791
2016-07-07,0.10603998899195555
2016-07-10,-0.1730101090037145
2016-07-11,-0.3561722520357981
2016-07-12,-0.49917194710035545
2016-07-13,-0.6893219980408377
2016-07-14,-0.6227471239593424
2016-07-17,-0.6149043954446729
2016-07-18,-0.7559497514385103
2016-07-19,-0.859313795280767
2016-07-20,-0.7798120083350869
2016-07-21,-0.34504040412528103
2016-07-24,-0.5274101465951294
2016-07-25,-0.6073064151334787
2016-07-26,-0.7346277579418449
2016-07-27,-0.8597277004404689
2016-07-28,-0.6992646242343905
2016-07-31,-0.8347671851577945
2016-08-01,-0.9428352901374779
2016-08-02,-0.4981475001854179
2016-08-03,-0.6854797547867459
2016-08-04,-0.870265305020118
2016-08-07,-0.9901707362855853
2016-08-08,-1.0942353553540978
2016-08-09,-1.1962077969934684
2016-08-10,-1.2765634429436068
2016-08-11,-0.9130906885292361
2016-08-14,-0.3739697483981996
2016-08-15,-0.5374164932784836
2016-08-16,0.4188167034889494
2016-08-17,0.12554234329684716
2016-08-18,0.2838346793317839
2016-08-21,0.03742495379800223
2016-08-22,-0.16799757147855202
2016-08-23,0.5192591849498273
2016-08-24,0.28013477809165893
2016-08-25,-0.0017449753241376529
2016-08-28,1.3025747665333114
2016-08-29,0.8423722477133732
2016-08-30,0.5460915542285845
2016-08-31,0.19247423619891976
2016-09-01,0.15694327966618737
2016-09-04,0.2457202122081297
2016-09-05,-0.06802378873176353
2016-09-06,-0.3992363695447024
2016-09-07,-0.5890486589085093
2016-09-08,0.7902842459814263
2016-09-11,1.0048166457950531
2016-09-12,0.5751636991901083
2016-09-13,0.7933051666889758
2016-09-14,0.9443680755911742
2016-09-15,0.5804574810260867
2016-09-18,0.28771896793986623
2016-09-19,0.07738034697318075
2016-09-20,-0.14665973011988825
2016-09-21,-0.4093878644695605
2016-09-22,-0.1625281861930831
2016-09-25,0.138964033860206
2016-09-26,-0.0601442845623237
2016-09-27,-0.021221201191421856
2016-09-28,-0.199609848686077
2016-09-29,0.3267556932673817
2016-10-02,0.0691723001262943
2016-10-03,-0.20770946064065018
2016-10-04,0.3272113514509324
2016-10-05,0.06036457249172397
2016-10-06,-0.19741758330185058
2016-10-09,-0.3751977707048652
2016-10-10,-0.4549197330112982
2016-10-11,-0.5697665899240915
2016-10-12,-0.1857068974096065
2016-10-13,-0.41385757550239394
2016-10-16,-0.3099896143137317
2016-10-17,-0.4862253344561496
2016-10-18,-0.6679194901751031
2016-10-19,-0.8090568800011131
2016-10-20,-0.9317559955181917
2016-10-23,-1.0454729339727928
2016-10-24,-1.1644729732002561
2016-10-25,-1.2381940115558192
2016-10-26,-0.40006158694025223
2016-10-27,0.5183988928967114
2016-10-31,0.6141167107067804
2016-11-01,1.0715817999407637
2016-11-02,1.0509393780281062
2016-11-03,1.0697666679295863
2016-11-04,0.9853184951890432
2016-11-07,0.47272712021828245
2016-11-08,0.1582085488511059
2016-11-09,0.7568342046527549
2016-11-10,3.2435206084105452
2016-11-11,3.74082887173148
2016-11-14,2.9335830073510873
2016-11-15,2.3786427596532405
2016-11-16,1.9208635491598474
2016-11-17,1.3971589363394394
2016-11-18,0.938198158731493
2016-11-21,0.5139922577997178
2016-11-22,0.2283974641932723
2016-11-23,0.43391523438617974
2016-11-24,0.6256013419978628
2016-11-25,0.7626602640620528
2016-11-28,0.502554136302496
2016-11-29,0.24592717167292363
2016-11-30,0.8405267025375526
2016-12-01,0.8618461849726475
2016-12-02,2.0733963869738807
2016-12-05,1.3939482980994071
2016-12-06,1.023139114819117
2016-12-07,0.6970055658864845
2016-12-08,0.5527415051155459
2016-12-09,0.27096740405687825
2016-12-12,0.0009520911297344608
2016-12-13,-0.21961692999367322
2016-12-14,-0.3941994286231309
2016-12-15,0.561007860882796
2016-12-16,0.26212663927702007
2016-12-19,0.050757442232570636
2016-12-20,-0.15256385787526922
2016-12-21,-0.33171535558128895
2016-12-22,-0.49183022672256405
2016-12-23,-0.6739541183568596
2016-12-26,-0.7720982054140685
2016-12-27,-0.5374862591633821
2016-12-28,-0.6854329056925609
2016-12-29,-0.8199124664397359
2016-12-30,-0.9280821354770836
2017-01-02,-0.37891939806042974
2017-01-03,-0.2863549579426694
2017-01-04,-0.5169205438274227
2017-01-05,-0.7086356848642105
2017-01-06,-0.8187895657662804
2017-01-09,-0.5066064333614647
2017-01-10,-0.6708360434916818
2017-01-11,-0.0739571105431824
2017-01-12,-0.29023612833414586
2017-01-13,0.16503635551389928
2017-01-16,0.24809438611831114
2017-01-17,-0.049248390825167625
2017-01-18,-0.3147527924308049
2017-01-19,-0.3261102268653305
2017-01-20,-0.5224224643174898
2017-01-23,-0.6830708254963755
2017-01-24,-0.8071992611556625
2017-01-25,-0.8933613222721503
2017-01-26,-0.47000062098093764
2017-01-27,-0.6363859963753336
2017-01-30,-0.8209014205047271
2017-01-31,-0.9343790384583388
2017-02-01,-0.22354381054481498
2017-02-02,-0.43784251165722254
2017-02-03,-0.4096384363056239
2017-02-06,-0.5455585666916747
2017-02-07,-0.34108055399733217
2017-02-08,-0.4753287026537098
2017-02-09,-0.5974281704819687
2017-02-10,-0.7326965118085992
2017-02-13,-0.8478548351455094
2017-02-14,-0.9612726821578906
2017-02-15,-1.1075676837060846
2017-02-16,-1.2109958497072149
2017-02-17,0.5410159031966717
2017-02-20,0.2872996687569666
2017-02-21,0.06531632821443087
2017-02-22,-0.1549029067400764
2017-02-23,-0.4117536504008077
2017-02-24,0.6369527753403321
2017-02-27,0.5431553072704005
2017-02-28,0.28113670025703896
2017-03-01,0.4322519815096991
2017-03-02,0.06917878529466936
2017-03-03,0.8852492466068955
2017-03-06,0.4226106754651542
2017-03-07,0.8197535153210754
2017-03-08,0.9628409878995433
2017-03-09,1.5297259495576407
2017-03-10,1.450490518462472
2017-03-13,0.9135414745965864
2017-03-14,0.8973923008768909
2017-03-15,0.9516534206002781
2017-03-16,0.4344709479242524
2017-03-17,0.28636362132996135
2017-03-20,0.009728946463628327
2017-03-21,-0.22205182054904787
2017-03-22,0.03425223084554084
2017-03-23,0.6421015374159109
2017-03-24,0.7082538517325825
2017-03-26,0.3602742737405124
2017-03-27,0.1740189228542036
2017-03-28,-0.04545658899616215
2017-03-29,-0.2841279883908342
2017-03-30,0.820405898463717
2017-04-02,0.45174619616185924
2017-04-03,0.3501984791100088
2017-04-04,0.06100573963684137
2017-04-05,0.7845656345233004
2017-04-06,1.1525624756922603
2017-04-09,1.1574619920223947
2017-04-10,0.8190951320639579
2017-04-11,0.5504562184733335
2017-04-12,0.30536954490232265
2017-04-13,0.41786942141078076
2017-04-16,0.07239703746894223
2017-04-17,-0.2697585693422352
2017-04-18,-0.4976817394196265
2017-04-19,-0.27792027373303446
2017-04-20,-0.2535326730222564
2017-04-23,-0.5513391762284622
2017-04-24,-0.2366010557125018
2017-04-25,0.38059319783374945
2017-04-26,0.08793239998556639
2017-04-27,0.4908023840248963
2017-04-30,0.28416871247580344
2017-05-01,0.4743533114676176
2017-05-02,0.16679970874079994
2017-05-03,0.7400029731144334
2017-05-04,0.6839111381886605
2017-05-07,0.5718954399952131
2017-05-08,0.3929009265329902
2017-05-09,0.07509065407679798
2017-05-10,-0.18864654326879193
2017-05-11,-0.43267292796537393
2017-05-14,-0.6314258681721899
2017-05-15,-0.8782663343774931
2017-05-16,-0.872428956153502
2017-05-17,5.467737651686403
2017-05-18,3.3932275052591865
2017-05-21,2.4166413763865844
2017-05-22,2.0445626406013786
2017-05-23,1.6955522590620955
2017-05-24,1.6612391315369897
2017-05-25,1.2836703155722455
2017-05-28,1.0184678271753271
2017-05-29,0.5600438052481242
2017-05-30,0.34463777477990953
2017-05-31,0.10808819042993982
2017-06-01,0.239036427646607
2017-06-04,1.0074839029073681
2017-06-05,0.8246841234416553
2017-06-06,0.5516066756021514
2017-06-07,0.42730993446198706
2017-06-08,0.20233885671678134
2017-06-11,0.7725494121945659
2017-06-12,0.6496430627586166
2017-06-13,0.348909135295641
2017-06-14,0.08846274259548771
2017-06-15,0.1915125661528051
2017-06-18,0.43340683963670323
2017-06-19,0.36752984687294715
2017-06-20,0.3066062834362514
2017-06-21,0.565902242734282
2017-06-22,0.3517982959408603
2017-06-25,0.09549489457000623
2017-06-26,-0.2184496943297923
2017-06-27,-0.368387636043427
2017-06-28,-0.5420166245639172
2017-06-29,-0.3883420823153891
2017-07-02,-0.5709164337646878
2017-07-03,-0.8763537629750696
2017-07-04,-0.47545352296386184
2017-07-05,-0.624414880370246
2017-07-06,-0.7453370962143943
2017-07-09,-0.8828632760223063
2017-07-10,-1.0078702832183453
2017-07-11,-1.116209689454912
2017-07-12,-1.2181229365471677
2017-07-13,-1.2806598459461533
2017-07-16,-1.3439263466728777
2017-07-17,-1.3956323963818682
2017-07-18,-1.445470369898045
2017-07-19,-1.4856205001642055
2017-07-20,-1.5365013132238141
2017-07-23,-0.7924241132479358
2017-07-24,-0.3979987383709514
2017-07-25,-0.2620653465555352
2017-07-26,-0.5065554716966227
2017-07-27,-0.6330719734273277
2017-07-30,-0.7732484851134022
2017-07-31,-0.9607637750034763
2017-08-01,-0.7755794543560386
2017-08-02,-0.9037323082842256
2017-08-03,-0.9256797159104715
2017-08-06,-0.8907783481094884
2017-08-07,-0.8358495161467481
2017-08-08,-0.40227467375447995
2017-08-09,-0.14670119528045816
2017-08-10,0.33642154983708306
2017-08-13,1.200088076607206
2017-08-14,0.8498036641754615
2017-08-15,0.5402058680385975
2017-08-16,0.19104598040771972
2017-08-17,0.3981504252553779
2017-08-20,0.07065835231101011
2017-08-21,0.4319035956323784
2017-08-22,0.3501889655378558
2017-08-23,0.07636594437859635
2017-08-24,0.1464309867744917
2017-08-27,0.4491263069210733
2017-08-28,0.9258855298389683
2017-08-29,0.679101832650217
2017-08-30,0.3440587702226071
2017-08-31,0.004367750228438715
2017-09-03,-0.1700209532380173
2017-09-04,-0.5302792687517786
2017-09-05,-0.7093114392694856
2017-09-06,-0.8381393085884661
2017-09-07,-0.9374560993312299
2017-09-10,-1.0411913209788806
2017-09-11,-0.2673855753193705
2017-09-12,0.19994709218306983
2017-09-13,0.20213627530030817
2017-09-14,-0.004080214689619852
2017-09-17,-0.22456153640388507
2017-09-18,-0.17129280065216712
2017-09-19,-0.33513828484532004
2017-09-20,-0.32749944915305607
2017-09-21,-0.48670277315347443
2017-09-24,-0.07289137447780328
2017-09-25,0.6133051957836289
2017-09-26,1.4492091497895623
2017-09-27,1.0048408872515824
2017-09-28,0.594669262113611
2017-10-01,0.3023051200689175
2017-10-02,0.046527544658950065
2017-10-03,-0.21179101503098188
2017-10-04,-0.39722009552084026
2017-10-05,0.929305356495394
2017-10-08,0.3812972229719125
2017-10-09,0.12181865397790724
2017-10-10,-0.160096280739745
2017-10-11,-0.37254306983226365
2017-10-12,-0.22838489444541168
2017-10-15,-0.4664719975765917
2017-10-16,-0.09189220015603097
2017-10-17,-0.332410756645446
2017-10-18,-0.4980596669937626
2017-10-19,-0.035450995679572106
2017-10-22,0.585918620294769
2017-10-23,1.9447697282090366
2017-10-24,1.4472676541215967
2017-10-25,1.4042157642260282
2017-10-26,2.157218163572803
2017-10-30,1.452621495484939
2017-10-31,0.9468629619083786
2017-11-01,0.6311697526331538
2017-11-02,0.35304013243568133
2017-11-03,2.0377119888392943
2017-11-06,1.3130609480923547
2017-11-07,0.886483795775094
2017-11-08,0.5691644792623723
2017-11-09,0.2876183772760746
2017-11-10,0.25687402022413347
2017-11-13,0.768584042800403
2017-11-14,0.6793121502779726
2017-11-15,0.7059863515263792
2017-11-16,0.3691327273238488
2017-11-17,0.0771929196816564
2017-11-20,-0.17582158027491068
2017-11-21,-0.3294589225617002
2017-11-22,-0.5089197820195315
2017-11-23,-0.6778629937048843
2017-11-24,-0.7784239117984221
2017-11-27,-0.881586593520282
2017-11-28,-0.9992800753412298
2017-11-29,-1.0985676990595796
2017-11-30,0.7707200804139193
2017-12-01,0.43970993568743105
2017-12-04,0.17985666922516075
2017-12-05,-0.09114159956838397
2017-12-06,-0.2306064232274805
2017-12-07,1.8827186900209703
2017-12-08,1.1856075326785995
2017-12-11,0.88220927043929
2017-12-12,1.7003165007896333
2017-12-13,1.2362132297035728
2017-12-14,1.6668008338855174
2017-12-15,1.2453275016351832
2017-12-18,0.7299836918014083
2017-12-19,0.46226577101055955
2017-12-20,0.15495290046942706
2017-12-21,0.49184472388916456
2017-12-22,0.6183272118977983
2017-12-25,0.6227582633352953
2017-12-26,0.34402523610678526
2017-12-27,0.042300889151215035
2017-12-28,-0.19913715022077208
2017-12-29,-0.39538161331960936
2018-01-01,-0.4995713080002704
2018-01-02,-0.7174172515446442
2018-01-03,-0.9226636684483266
2018-01-04,-1.0379949747699089
2018-01-05,-0.8720778492106406
2018-01-08,-0.9766456186778619
2018-01-09,-0.8633257238590041
2018-01-10,-0.9444618748076901
2018-01-11,-1.047731990346936
2018-01-12,-1.1467147241752087
2018-01-15,-1.2413789048548067
2018-01-16,-0.12206582327521484
2018-01-17,-0.2513684603334209
2018-01-18,-0.4256210038683567
2018-01-19,-0.5795695588912297
2018-01-22,-0.723982052803192
2018-01-23,0.3870188714122836
2018-01-24,-0.028716166911805497
2018-01-25,-0.489343129688646
2018-01-26,-0.42305850504490766
