Date,atr
2010-01-04,
2010-01-05,1.0221844412963494
2010-01-06,0.7956685510337557
2010-01-07,0.8952488241161801
2010-01-08,0.7603021377402154
2010-01-11,0.7116403584766994
2010-01-12,0.7008239129157133
2010-01-13,0.6387194534922159
2010-01-14,0.6679494684551393
2010-01-15,0.6912732383326626
2010-01-18,0.6417465152465388
2010-01-19,0.7095921280067352
2010-01-20,0.7674395453979572
2010-01-21,0.7849910811001585
2010-01-22,0.8788905791501256
2010-01-25,0.8399801801335052
2010-01-26,0.8418050194055224
2010-01-27,0.9346170884386075
2010-01-28,0.938623378548535
2010-01-29,0.8843189828991637
2010-02-01,0.9469353950138737
2010-02-02,0.9035022461609069
2010-02-03,0.9350438850898745
2010-02-04,1.110019677854326
2010-02-05,1.090986885928456
2010-02-08,1.0333487991499628
2010-02-09,0.9808553384814027
2010-02-10,0.9672889876194388
2010-02-11,0.9491032714190967
2010-02-12,0.9583366531927872
2010-02-15,0.8897621130766622
2010-02-16,0.8447722898644012
2010-02-17,0.8534855944959104
2010-02-18,0.8264849066810189
2010-02-19,0.796972627976134
2010-02-22,0.8020591583808274
2010-02-23,0.7968641191935891
2010-02-24,0.7453989766579191
2010-02-25,0.7644753597263211
2010-02-26,0.7676407246651388
2010-03-01,0.7732639626316293
2010-03-02,0.7911675564100605
2010-03-03,0.77846986556745
2010-03-04,0.7445508944955356
2010-03-05,0.7063839978808285
2010-03-08,0.7080766155585713
2010-03-09,0.7096397425665458
2010-03-10,0.6959344860711814
2010-03-11,0.6745766385889144
2010-03-12,0.6589785165644854
2010-03-15,0.6351439488709649
2010-03-16,0.6142215180717218
2010-03-17,0.5821089185179764
2010-03-18,0.6519962187618905
2010-03-19,0.6531288635868424
2010-03-22,0.6709826043032756
2010-03-23,0.6830428710440607
2010-03-24,0.7109801295714756
2010-03-25,0.7182567074516881
2010-03-26,0.6907945803051259
2010-03-28,0.6590275954953144
2010-03-29,0.6774587960915918
2010-03-30,0.6615399069994403
2010-03-31,0.630474934829678
2010-04-01,0.5916705049536413
2010-04-04,0.5542043887788156
2010-04-05,0.5516361874418984
2010-04-06,0.6109909327739573
2010-04-07,0.6745470524278839
2010-04-08,0.6334195380021975
2010-04-11,0.6266429654125965
2010-04-12,0.6369614196731632
2010-04-13,0.6000566577065831
2010-04-14,0.5934689224638117
2010-04-15,0.6094738201712641
2010-04-18,0.6029519480746887
2010-04-19,0.595057291943153
2010-04-20,0.5685774305830236
2010-04-21,0.5970276404739226
2010-04-22,0.5682098502438251
2010-04-25,0.569068069257239
2010-04-26,0.6125540974268042
2010-04-27,0.5756502340594611
2010-04-28,0.5719286517042454
2010-04-29,0.5537607680058586
2010-05-02,0.5699956170566235
2010-05-03,0.6611868538742454
2010-05-04,0.7241495303616984
2010-05-05,0.8616444726247626
2010-05-06,0.8609963424214356
2010-05-09,0.9052380399346384
2010-05-10,0.9169090275264952
2010-05-11,0.8564485795533514
2010-05-12,0.801050807494887
2010-05-13,0.9090907271428997
2010-05-16,0.9289335125646068
2010-05-17,0.9359671164600993
2010-05-18,1.0104628395360544
2010-05-19,1.1971849513034807
2010-05-20,1.1898195546721508
2010-05-23,1.171226528515897
2010-05-24,1.2479941847215716
2010-05-25,1.264178382932131
2010-05-26,1.2057493237840966
2010-05-27,1.176104602974591
2010-05-30,1.2253356810587386
2010-05-31,1.0521694368641625
2010-06-01,0.9824556828717032
2010-06-02,0.9772154430181923
2010-06-03,0.8449256032703005
2010-06-06,0.9163439444974047
2010-06-07,0.8563410473691963
2010-06-08,0.8333065347363781
2010-06-09,0.7796056498727242
2010-06-10,0.7793117194283034
2010-06-13,0.7584769570887013
2010-06-14,0.7112260115170523
2010-06-15,0.7150828604113673
2010-06-16,0.6848853104181789
2010-06-17,0.6682272547035271
2010-06-20,0.6395418911303531
2010-06-21,0.6136403237455981
2010-06-22,0.6450283792738178
2010-06-23,0.6646282017652593
2010-06-24,0.668142136998342
2010-06-27,0.6592894933406237
2010-06-28,0.7274333582011896
2010-06-29,0.6846076560423751
2010-06-30,0.5339680172539946
2010-07-01,0.5435112135012296
2010-07-04,0.5329149495305209
2010-07-05,0.5091249109385589
2010-07-06,0.4976809358932441
2010-07-07,0.4999037405039761
2010-07-08,0.4960938300967809
2010-07-11,0.4896191282968147
2010-07-12,0.4667195180029077
2010-07-13,0.5005232598549747
2010-07-14,0.5231014864498574
2010-07-15,0.5888548900282427
2010-07-18,0.5871348172580801
2010-07-19,0.5752584440950382
2010-07-20,0.5598250811898993
2010-07-21,0.5304425766436316
2010-07-22,0.5314264781265213
2010-07-25,0.5407836390665707
2010-07-26,0.5388262157627721
2010-07-27,0.5168175967416823
2010-07-28,0.49381131584427546
2010-07-29,0.49888020463642796
2010-08-01,0.49514353379601816
2010-08-02,0.5074594047088435
2010-08-03,0.48732432019008803
2010-08-04,0.480374914078645
2010-08-05,0.4816311449894401
2010-08-08,0.4644423256209485
2010-08-09,0.49620509410394575
2010-08-10,0.5429530258340274
2010-08-11,0.5294603945043567
2010-08-12,0.5169315378320122
2010-08-15,0.4869423534224514
2010-08-16,0.4660702778721447
2010-08-17,0.45549959961748215
2010-08-18,0.46697604934985915
2010-08-19,0.470290653353133
2010-08-22,0.46419088803928504
2010-08-23,0.502946438731408
2010-08-24,0.48496940416115064
2010-08-25,0.460567269488945
2010-08-26,0.4525923143460801
2010-08-29,0.46133957107202717
2010-08-30,0.5006658371180819
2010-08-31,0.4883582814048738
2010-09-01,0.48794294903178703
2010-09-02,0.5213308058802064
2010-09-05,0.5251681497569741
2010-09-06,0.5177182950667488
2010-09-07,0.49060989240319025
2010-09-08,0.4867298013030922
2010-09-09,0.4666072156805417
2010-09-12,0.4537956131951244
2010-09-13,0.44777277812578875
2010-09-14,0.46310502309092744
2010-09-15,0.43659366550942375
2010-09-16,0.45712965281390916
2010-09-19,0.43361483351491326
2010-09-20,0.47712397501629983
2010-09-21,0.5131200792909103
2010-09-22,0.5131386637080788
2010-09-23,0.48525610128559593
2010-09-26,0.49203730861438977
2010-09-27,0.4777763839665597
2010-09-28,0.4696735377585483
2010-09-29,0.4827072243084788
2010-09-30,0.5219755388009305
2010-10-03,0.5246655150534862
2010-10-04,0.5543289544704852
2010-10-05,0.6545599194566046
2010-10-06,0.6297915442973604
2010-10-07,0.6203751411683858
2010-10-10,0.6336575018230439
2010-10-11,0.5979006670268486
2010-10-12,0.612421244401138
2010-10-13,0.6468294904182897
2010-10-14,0.6233474980481982
2010-10-17,0.6279741843934468
2010-10-18,0.7471735284748434
2010-10-19,0.7000044846852426
2010-10-20,0.7362330390483263
2010-10-21,0.7063650796970548
2010-10-24,0.6745924176663439
2010-10-25,0.6869389335213165
2010-10-26,0.6965680419193256
2010-10-27,0.6537478851993485
2010-10-28,0.6756595539032358
2010-11-01,0.6879298452195856
2010-11-02,0.6743607085025287
2010-11-03,0.642671459735831
2010-11-04,0.6528928120019679
2010-11-05,0.6913851742134679
2010-11-08,0.7282293893482528
2010-11-09,0.688287146871698
2010-11-10,0.7025922874760426
2010-11-11,0.7096348878514095
2010-11-12,0.6919456732871263
2010-11-15,0.6619371778399424
2010-11-16,0.6649087652258611
2010-11-17,0.6261855023890082
2010-11-18,0.6379515251759067
2010-11-19,0.6639283242445596
2010-11-22,0.642896017984711
2010-11-23,0.6516329193794619
2010-11-24,0.6116553162963516
2010-11-25,0.6270289275483337
2010-11-26,0.6475451677428284
2010-11-29,0.6317212157633555
2010-11-30,0.6434589327930371
2010-12-01,0.6242558288859088
2010-12-02,0.6288176333889356
2010-12-03,0.6356233128344457
2010-12-06,0.667272951023238
2010-12-07,0.6452675381311612
2010-12-08,0.6442903777279743
2010-12-09,0.658801323228393
2010-12-10,0.6550219509362818
2010-12-13,0.6232456345361186
2010-12-14,0.6363229552517118
2010-12-15,0.6146927435696097
2010-12-16,0.5810247513189069
2010-12-17,0.5864718743872434
2010-12-20,0.5504144275344839
2010-12-21,0.5180338204034111
2010-12-22,0.5422972965624523
2010-12-23,0.5193069466038635
2010-12-24,0.5119086627793431
2010-12-27,0.4954941605822699
2010-12-28,0.49420202108611927
2010-12-29,0.4651023807923018
2010-12-30,0.4957163921132723
2010-12-31,0.498813609957181
2011-01-03,0.48737259714468467
2011-01-04,0.5365865208491115
2011-01-05,0.5378657515235264
2011-01-06,0.5768651747830702
2011-01-07,0.5517727933346891
2011-01-10,0.5677527013828071
2011-01-11,0.5554255961852054
2011-01-12,0.5516881527744809
2011-01-13,0.5236217964720995
2011-01-14,0.5555623881972115
2011-01-17,0.5242824801297312
2011-01-18,0.4919329279631345
2011-01-19,0.5011740345804578
2011-01-20,0.48515918903289235
2011-01-21,0.4658830300222516
2011-01-24,0.4457811240137454
2011-01-25,0.439229453701721
2011-01-26,0.4188287590772425
2011-01-27,0.4219114119497446
2011-01-28,0.45010395360227773
2011-01-31,0.42819230382185774
2011-02-01,0.40564315638429155
2011-02-02,0.40930053543690686
2011-02-03,0.407557236958571
2011-02-04,0.41658443472251055
2011-02-07,0.41835898614217165
2011-02-08,0.41046211671815275
2011-02-09,0.4049648223138857
2011-02-10,0.43620334755824275
2011-02-11,0.43951336872759716
2011-02-14,0.4356120107280462
2011-02-15,0.4231788591552806
2011-02-16,0.40649435367077236
2011-02-17,0.3994449579970203
2011-02-18,0.42740673342425967
2011-02-21,0.44896600817628174
2011-02-22,0.44916179522891364
2011-02-23,0.45962246982614574
2011-02-24,0.43519541312850635
2011-02-25,0.30091396085862715
2011-02-28,0.1435519109808957
2011-03-01,-0.01835540355557123
2011-03-02,-0.16686239698963934
2011-03-03,-0.296318388615214
2011-03-04,-0.39083034286061474
2011-03-07,-0.5208082403103983
2011-03-08,-0.6000194103112081
2011-03-09,-0.6787120757624265
2011-03-10,-0.7598600933698099
2011-03-11,-0.8425538756698784
2011-03-14,-0.9233790876492066
2011-03-15,-0.9481380162889024
2011-03-16,-1.0089400161045115
2011-03-17,-1.0653990159325295
2011-03-18,-1.1090147680589908
2011-03-21,-1.1091338251574108
2011-03-22,-1.1804622793343713
2011-03-23,-1.230910432845485
2011-03-24,-1.2836287881521355
2011-03-25,-1.3230368794855027
2011-03-27,-1.3544906709860267
2011-03-28,-1.3844319682599902
2011-03-29,-1.317155032374642
2011-03-30,-1.2535822841602569
2011-03-31,-1.2103358576136787
2011-04-03,-1.1991795656133801
2011-04-04,-1.2501262830193327
2011-04-05,-1.2937629233490817
2011-04-06,-1.2865593249729974
2011-04-07,-1.1836893925218286
2011-04-10,-1.16085362387593
2011-04-11,-1.1800302657213113
2011-04-12,-1.1974700448515547
2011-04-13,-1.2312850494692018
2011-04-14,-1.2312850494692018
2011-04-17,-1.2312850494692018
2011-04-18,-1.252136186193078
2011-04-19,-1.2169251146283941
2011-04-20,-1.226137810044133
2011-04-21,-1.273390540515128
2011-04-24,-1.3165313544120578
2011-04-25,-1.3761038020284238
2011-04-26,-1.3686480860343995
2011-04-27,-1.326053800389266
2011-04-28,-1.3411022667048627
2011-05-01,-1.3384172623511938
2011-05-02,-1.2972472660387806
2011-05-03,-1.2640540578053843
2011-05-04,-1.2152938940770734
2011-05-05,-1.2228757711293237
2011-05-08,-1.2056372025685667
2011-05-09,-1.2422450846147646
2011-05-10,-1.2550054328780298
2011-05-11,-1.2584026654831793
2011-05-12,-1.2330468300307242
2011-05-15,-1.2441090341555052
2011-05-16,-1.285335199121478
2011-05-17,-1.281568783176559
2011-05-18,-1.301807519563663
2011-05-19,-1.3381938867108594
2011-05-22,-1.3335908555148184
2011-05-23,-1.3308290580387137
2011-05-24,-1.3368759189511963
2011-05-25,-1.36899808876548
2011-05-26,-1.3203981760274917
2011-05-29,-1.273142874268159
2011-05-30,-1.2848277686778897
2011-05-31,-1.2785487581649895
2011-06-01,-1.3031956906309017
2011-06-02,-1.1894327554194062
2011-06-05,-1.22492142784623
2011-06-06,-1.2152000912494587
2011-06-07,-1.2606334715326217
2011-06-08,-1.2909206678850065
2011-06-09,-1.3005131274926478
2011-06-12,-1.326417825877676
2011-06-13,-1.332708664287912
2011-06-14,-1.3466704594165004
2011-06-15,-1.2979661256836241
2011-06-16,-1.336923081533334
2011-06-19,-1.3498273961455853
2011-06-20,-1.3680705203672439
2011-06-21,-1.3938469613909665
2011-06-22,-1.4498310381734294
2011-06-23,-1.4818897222055403
2011-06-26,-1.500960174629729
2011-06-27,-1.503929086947983
2011-06-28,-1.4514579493929054
2011-06-29,-1.429995389464108
2011-06-30,-1.4192746448168476
2011-07-03,-1.449799335635211
2011-07-04,-1.4586350574168612
2011-07-05,-1.4554338341093582
2011-07-06,-1.4631281062005776
2011-07-07,-1.4496772498071344
2011-07-10,-1.3809328750303826
2011-07-11,-1.3763063777684625
2011-07-12,-1.3881863316087426
2011-07-13,-1.4209025219195075
2011-07-14,-1.452378640093159
2011-07-17,-1.4694733513137033
2011-07-18,-1.5033510468971651
2011-07-19,-1.5156963752420693
2011-07-20,-1.5238513843791677
2011-07-21,-1.5328925176610653
2011-07-24,-1.5262240269098553
2011-07-25,-1.4799897725773965
2011-07-26,-1.4117156238528652
2011-07-27,-1.3542017058399793
2011-07-28,-1.335695515850101
2011-07-31,-1.334673754119241
2011-08-01,-1.3120553090468794
2011-08-02,-1.3549591242732888
2011-08-03,-1.2982066137155295
2011-08-04,-1.2554268659803824
2011-08-07,-1.2186430407742546
2011-08-08,-1.0728512899988818
2011-08-09,-1.0123926912647694
2011-08-10,-1.0396119593551956
2011-08-11,-1.0571746361034366
2011-08-14,-1.0275827329569005
2011-08-15,-0.9784414241176794
2011-08-16,-1.023873119230667
2011-08-17,-1.0267703867031912
2011-08-18,-1.044514665001463
2011-08-21,-1.052546199301238
2011-08-22,-1.0963529141398638
2011-08-23,-1.1465757041687021
2011-08-24,-1.1656735621659113
2011-08-25,-1.2013972835237916
2011-08-28,-1.2213513831708245
2011-08-29,-1.2362084210963673
2011-08-30,-1.2415597747565679
2011-08-31,-1.2303747379071175
2011-09-01,-1.1072781771891036
2011-09-04,-0.9948114150725859
2011-09-05,-0.9704138374890494
2011-09-06,-1.0446812473143836
2011-09-07,-1.0927168643957585
2011-09-08,-1.0877590065149016
2011-09-11,-1.0064264713398712
2011-09-12,-0.9510957675894438
2011-09-13,-0.9408351921143115
2011-09-14,-0.9805015961633071
2011-09-15,-0.9898005631084282
2011-09-18,-0.7836717260013013
2011-09-19,-0.5786842082777164
2011-09-20,-0.435330436333126
2011-09-21,0.027818817388922553
2011-09-22,0.16456033181365012
2011-09-25,0.22912488957785057
2011-09-26,0.27916542743805006
2011-09-27,0.2720332219397932
2011-09-28,0.2107109976812598
2011-09-29,0.1908472341053544
2011-10-02,0.24141895806333596
2011-10-03,0.24762918152240604
2011-10-04,0.28092894549721503
2011-10-05,0.28211432034380773
2011-10-06,0.3970184247875248
2011-10-09,0.4677383474342219
2011-10-10,0.3737151591064588
2011-10-11,0.2801672556998517
2011-10-12,0.21532787589560112
2011-10-13,0.21752801900442842
2011-10-16,0.11054055565199332
2011-10-17,0.12830189154178195
2011-10-18,0.04751159910514875
2011-10-19,0.027190808216027693
2011-10-20,-0.039035028135983335
2011-10-23,-0.05574359246289494
2011-10-24,-0.09622179354934841
2011-10-25,-0.16391123573905467
2011-10-26,-0.1471040100780969
2011-10-27,-0.02834100872561729
2011-10-31,-0.03333186118156227
2011-11-01,0.058582143487282426
2011-11-02,0.06940871101135362
2011-11-03,0.010446423614467628
2011-11-04,-0.03512664996878071
2011-11-07,-0.10240753367923092
2011-11-08,-0.19278248567777642
2011-11-09,-0.23448514458142158
2011-11-10,-0.23539737153643164
2011-11-11,-0.3074624973782667
2011-11-14,-0.3519867888842222
2011-11-15,-0.38635579894193556
2011-11-16,-0.4465368195400971
2011-11-17,-0.4961784270172981
2011-11-18,-0.5529201853009262
2011-11-21,-0.5116305547368506
2011-11-22,-0.5125702195292228
2011-11-23,-0.44809842574314274
2011-11-24,-0.31370986213757923
2011-11-25,-0.2715186706789681
2011-11-28,-0.2602409654282572
2011-11-29,-0.2196663729538099
2011-11-30,-0.14417837281894494
2011-12-01,-0.08032313024046499
2011-12-02,-0.08049964494514447
2011-12-05,-0.14821047228259482
2011-12-06,-0.23274387163366486
2011-12-07,-0.30720103298096973
2011-12-08,-0.32421122474824204
2011-12-09,-0.3594628482151159
2011-12-12,-0.3488783711645311
2011-12-13,-0.30527647661601226
2011-12-14,-0.2034828497025187
2011-12-15,-0.24956054353108664
2011-12-16,-0.25637090554605324
2011-12-19,-0.3170260125808282
2011-12-20,-0.3498540369501969
2011-12-21,-0.3928186923748955
2011-12-22,-0.4635510671257032
2011-12-23,-0.48664721706103103
2011-12-26,-0.5961982807605238
2011-12-27,-0.6399220450368115
2011-12-28,-0.6599649334599298
2011-12-29,-0.6914247791630374
2011-12-30,-0.6971429230588013
2012-01-02,-0.7586193318120362
2012-01-03,-0.7246631136250218
2012-01-04,-0.6318262007625872
2012-01-05,-0.6601565176653597
2012-01-06,-0.6512213880213823
2012-01-09,-0.6972556701278338
2012-01-10,-0.6085790508524156
2012-01-11,-0.5651493543812128
2012-01-12,-0.6143948175263436
2012-01-13,-0.597715302958059
2012-01-16,-0.6978645046316257
2012-01-17,-0.7192751823080178
2012-01-18,-0.768524734173117
2012-01-19,-0.7970026380571051
2012-01-20,-0.8730052571484317
2012-01-23,-0.8976912919466057
2012-01-24,-0.95585588801479
2012-01-25,-0.9871055085527954
2012-01-26,-0.9786785481486396
2012-01-27,-0.9778284628775695
2012-01-30,-0.641507325221338
2012-01-31,-0.6959446200973721
2012-02-01,-0.7387843820462572
2012-02-02,-0.7660826726435516
2012-02-03,-0.7826206230103552
2012-02-06,-0.8185350363052069
2012-02-07,-0.8764800078725558
2012-02-08,-0.9295518475397293
2012-02-09,-0.9648829429331015
2012-02-10,-1.003196927409131
2012-02-13,-1.035470275310017
2012-02-14,-1.0922368729917378
2012-02-15,-1.1350369436862264
2012-02-16,-1.150918198161271
2012-02-17,-1.154651999654182
2012-02-20,-1.2201594383146661
2012-02-21,-1.240973592110126
2012-02-22,-1.2863653042725178
2012-02-23,-1.2811585175445825
2012-02-24,-1.3111983898671584
2012-02-27,-1.3299149923346771
2012-02-28,-1.3417881558163118
2012-02-29,-1.283430847471689
2012-03-01,-1.2600785355380342
2012-03-02,-1.269230863080515
2012-03-05,-1.2439560150900213
2012-03-06,-1.213511564286316
2012-03-07,-1.0813516855820018
2012-03-08,-1.0761046254549727
2012-03-09,-1.087751971653787
2012-03-12,-0.9719169728451519
2012-03-13,-0.9517263177039017
2012-03-14,-0.9304081341341689
2012-03-15,-0.9587031165236445
2012-03-16,-0.9739639512021103
2012-03-19,-1.0219081640023766
2012-03-20,-0.995576991416978
2012-03-21,-0.9817725918205051
2012-03-22,-1.0214498902861266
2012-03-23,-1.044343197802047
2012-03-25,-1.0266883951654975
2012-03-26,-1.057650883183763
2012-03-27,-1.0783255080637173
2012-03-28,-1.0707248854028868
2012-03-29,-1.0750473444583921
2012-04-01,-1.1216449561484645
2012-04-02,-1.1421538068073636
2012-04-03,-1.1017271210073807
2012-04-04,-1.1078732630787398
2012-04-05,-1.1741523212947707
2012-04-08,-1.2257853913019312
2012-04-09,-1.1680048408114716
2012-04-10,-1.1730878858699214
2012-04-11,-1.1789091640313523
2012-04-12,-1.1542122247629236
2012-04-15,-1.1239373009177522
2012-04-16,-1.1343706428987055
2012-04-17,-1.1176273601578648
2012-04-18,-1.0962063848504853
2012-04-19,-1.0924679928797862
2012-04-22,-1.0464127292318557
2012-04-23,-1.033749539114254
2012-04-24,-1.0671444803338286
2012-04-25,-1.06695034902036
2012-04-26,-1.0832897004809376
2012-04-29,-1.0771700055729392
2012-04-30,-1.0880070479809927
2012-05-01,-1.0870569384305044
2012-05-02,-1.0725918982643081
2012-05-03,-1.0305260737531208
2012-05-06,-1.0384540816601866
2012-05-07,-0.9914846209558761
2012-05-08,-0.8917034264836234
2012-05-09,-0.8647608226037892
2012-05-10,-0.8386413826802994
2012-05-13,-0.7938298723723349
2012-05-14,-0.7823215960610151
2012-05-15,-0.8112824184829387
2012-05-16,-0.836706200398214
2012-05-17,-0.8298444834770843
2012-05-20,-0.7878639386138806
2012-05-21,-0.7617305945137441
2012-05-22,-0.6207252963640543
2012-05-23,-0.466664342479594
2012-05-24,-0.4256622605985403
2012-05-27,-0.33105510102678226
2012-05-28,-0.3441588061131182
2012-05-29,-0.38459343117708783
2012-05-30,-0.3990124059896979
2012-05-31,-0.4050594023643546
2012-06-03,-0.46353724241808386
2012-06-04,-0.4403794488254297
2012-06-05,-0.40235616709939626
2012-06-06,-0.5025096872955279
2012-06-07,-0.5342032532138059
2012-06-10,-0.5320621708337088
2012-06-11,-0.5087820730797336
2012-06-12,-0.5653576896872933
2012-06-13,-0.6112843443238611
2012-06-14,-0.6018019568051751
2012-06-17,-0.5977692162631729
2012-06-18,-0.6120125551970679
2012-06-19,-0.5426404315437969
2012-06-20,-0.5332888470699506
2012-06-21,-0.5168960786671345
2012-06-24,-0.5420555064521695
2012-06-25,-0.5448600875897445
2012-06-26,-0.5827061894964799
2012-06-27,-0.5851768684994066
2012-06-28,-0.45017470429045403
2012-07-01,-0.23450831632836505
2012-07-02,-0.26441999006921646
2012-07-03,-0.24557308761142393
2012-07-04,-0.28937852387676555
2012-07-05,-0.291876331749629
2012-07-08,-0.32466523918511137
2012-07-09,-0.38631580138093324
2012-07-10,-0.4490692907401972
2012-07-11,-0.46108546251146615
2012-07-12,-0.5162956462903372
2012-07-15,-0.6130829658378323
2012-07-16,-0.6930451356695551
2012-07-17,-0.7463708746959892
2012-07-18,-0.7801022212831765
2012-07-19,-0.7761823379783007
2012-07-22,-0.7442755474270462
2012-07-23,-0.7891696377454993
2012-07-24,-0.8481108287401086
2012-07-25,-0.8518146755905561
2012-07-26,-0.8831537582794148
2012-07-29,-0.8612270759888394
2012-07-30,-0.8570190989538736
2012-07-31,-0.881011488034836
2012-08-01,-0.8658456715461232
2012-08-02,-0.8638775129113097
2012-08-05,-0.8242383709604201
2012-08-06,-0.859382702610557
2012-08-07,-0.8754971086104412
2012-08-08,-0.9238668206869154
2012-08-09,-0.9904406057416364
2012-08-12,-0.9729649624513289
2012-08-13,-0.9817005550576636
2012-08-14,-0.9978884335952429
2012-08-15,-1.006679291179018
2012-08-16,-1.008968589031807
2012-08-19,-1.0154995966085052
2012-08-20,-1.0256022320598575
2012-08-21,-1.0320464300271837
2012-08-22,-1.0773103045484045
2012-08-23,-1.0815294790995826
2012-08-26,-1.087649899539515
2012-08-27,-1.061762324930615
2012-08-28,-1.0601171203725737
2012-08-29,-1.0707038156733628
2012-08-30,-1.0581410608738768
2012-09-02,-1.022613977791102
2012-09-03,-1.0182585449941446
2012-09-04,-1.0501902676991903
2012-09-05,-1.072866203986243
2012-09-06,-1.0605160954619537
2012-09-09,-1.0266548799677566
2012-09-10,-1.0403659404639776
2012-09-11,-1.0538318446627004
2012-09-12,-1.0795515915588298
2012-09-13,-1.085446187096983
2012-09-16,-1.0398924810237282
2012-09-17,-1.053392203753896
2012-09-18,-1.0519777624109328
2012-09-19,-1.070854994671699
2012-09-20,-1.135005881273415
2012-09-23,-1.137673661284186
2012-09-24,-1.16144283540891
2012-09-25,-1.1629564667193768
2012-09-26,-1.181615802920829
2012-09-27,-1.2239053050552002
2012-09-30,-1.2330717166384697
2012-10-01,-1.251495154285207
2012-10-02,-1.2645645036841893
2012-10-03,-1.2700924816274417
2012-10-04,-1.2598072955064523
2012-10-07,-1.270080305032933
2012-10-08,-1.2120726528450612
2012-10-09,-1.2220842538719132
2012-10-10,-1.2401912025379145
2012-10-11,-1.2566376951445115
2012-10-14,-1.2697068227796582
2012-10-15,-1.2598162863024844
2012-10-16,-1.2616452942142997
2012-10-17,-1.2695844026192407
2012-10-18,-1.2685130724374496
2012-10-21,-1.279632651087609
2012-10-22,-1.270501537207188
2012-10-23,-1.2807448774929917
2012-10-24,-1.2851171144499023
2012-10-25,-1.2792652790190469
2012-10-29,-1.2374882760906398
2012-10-30,-1.2890025802816198
2012-10-31,-1.276632467661674
2012-11-01,-1.3319586046676661
2012-11-02,-1.3825986695781416
2012-11-05,-1.3539984548437152
2012-11-06,-1.346897549503033
2012-11-07,-1.3355315181043217
2012-11-08,-1.374536194831159
2012-11-09,-1.3391698194849153
2012-11-12,-1.3210137171366105
2012-11-13,-1.32581353165402
2012-11-14,-1.3005351930333726
2012-11-15,-1.294316271441644
2012-11-16,-1.277528481037279
2012-11-19,-1.211279662029237
2012-11-20,-1.2206137000907016
2012-11-21,-1.2164324307337215
2012-11-22,-1.1982328227265784
2012-11-23,-1.1695859040556662
2012-11-26,-1.0809448572905256
2012-11-27,-1.113905525008987
2012-11-28,-1.1136752423252556
2012-11-29,-1.074915637162482
2012-11-30,-1.0965596807972389
2012-12-03,-1.0054256385878406
2012-12-04,-0.916395939822865
2012-12-05,-0.9108170477397162
2012-12-06,-0.8156965150498365
2012-12-07,-0.8220827726042674
2012-12-10,-0.8430640748184183
2012-12-11,-0.8596098919226319
2012-12-12,-0.8856198398624736
2012-12-13,-0.8994930620467984
2012-12-14,-0.9380725206174955
2012-12-17,-0.9419583788324918
2012-12-18,-0.941528547330571
2012-12-19,-0.9117612114180904
2012-12-20,-0.8521821890415648
2012-12-21,-0.8677096096894371
2012-12-24,-0.8641399022827843
2012-12-25,-0.8641290972259337
2012-12-26,-0.809420779053311
2012-12-27,-0.7200744266508545
2012-12-28,-0.7424683979581089
2012-12-31,-0.7856560574650564
2013-01-01,-0.8591652192266204
2013-01-02,-0.9083343922471916
2013-01-03,-0.9371047626506771
2013-01-04,-0.9594148755976668
2013-01-07,-0.9342435861411037
2013-01-08,-0.9211491182626825
2013-01-09,-0.9453331252610481
2013-01-10,-0.9303452396957128
2013-01-11,-0.913491096718975
2013-01-14,-0.9316142587575175
2013-01-15,-0.9653296280517802
2013-01-16,-0.9653296280517802
2013-01-17,-0.9653296280517802
2013-01-18,-0.9999659725968696
2013-01-21,-1.0331020354826301
2013-01-22,-1.0624366166571357
2013-01-23,-1.0523702355199371
2013-01-24,-1.0569730633745795
2013-01-25,-1.1227880654251583
2013-01-28,-1.093453600151638
2013-01-29,-0.9743859103601727
2013-01-30,-1.015279568959734
2013-01-31,-1.0174651562803574
2013-02-01,-1.0409750457418263
2013-02-04,-1.0532572207711401
2013-02-05,-1.0525494198100904
2013-02-06,-1.048038155069674
2013-02-07,-1.0308068280478024
2013-02-08,-0.9470865895620585
2013-02-11,-0.9638315911589588
2013-02-12,-0.9861436506481535
2013-02-13,-1.0135848418563929
2013-02-14,-1.0343869251204916
2013-02-15,-1.0710028507036493
2013-02-18,-1.09428884428388
2013-02-19,-1.106409384043214
2013-02-20,-1.1074735002472254
2013-02-21,-1.1129606158247503
2013-02-22,-1.1562500626209509
2013-02-25,-1.1914626075263364
2013-02-26,-1.2240680308719367
2013-02-27,-1.244938178726631
2013-02-28,-1.258308168596325
2013-03-01,-1.298614623217354
2013-03-04,-1.2987757003454066
2013-03-05,-1.2535972438412084
2013-03-06,-1.2874495213028772
2013-03-07,-1.311784031038658
2013-03-08,-1.2906092917879708
2013-03-11,-1.2531964206633903
2013-03-12,-1.2618100226810975
2013-03-13,-1.3005030468936525
2013-03-14,-1.3345425406759952
2013-03-15,-1.355400388662971
2013-03-18,-1.2975517686296254
2013-03-19,-1.2881887432877344
2013-03-20,-1.3038593653638357
2013-03-21,-1.3287287511729051
2013-03-22,-1.2964874349972855
2013-03-25,-1.2669380546707505
2013-03-26,-1.2811628393988208
2013-03-27,-1.2925216081264157
2013-03-28,-1.2968013526462239
2013-03-29,-1.339440797039692
2013-03-31,-1.3966885789411627
2013-04-01,-1.3905598852806285
2013-04-02,-1.3841351921209823
2013-04-03,-1.385162938475626
2013-04-04,-1.3209983785488468
2013-04-07,-1.237158509825777
2013-04-08,-1.2575307940116967
2013-04-09,-1.2437136171018486
2013-04-10,-1.2316220884948879
2013-04-11,-1.240985543551589
2013-04-14,-1.2169605691986651
2013-04-15,-1.172969191821473
2013-04-16,-1.138008598361853
2013-04-17,-1.0948931234926618
2013-04-18,-1.0533940204109213
2013-04-21,-1.023316542656324
2013-04-22,-1.0449945550638502
2013-04-23,-1.0629170287486804
2013-04-24,-1.0575141622835402
2013-04-25,-1.0433136614075766
2013-04-28,-1.0639247402679235
2013-04-29,-1.0882043186562025
2013-04-30,-1.1048705764292057
2013-05-01,-1.1034493793621096
2013-05-02,-1.120126704066694
2013-05-05,-1.1231244503189124
2013-05-06,-1.122235294806245
2013-05-07,-1.1489532739827184
2013-05-08,-1.1733941347391477
2013-05-09,-1.1476139370286678
2013-05-12,-1.153788324976973
2013-05-13,-1.130879004839582
2013-05-14,-1.1136462212621163
2013-05-15,-1.1171063621057182
2013-05-16,-1.09938946181009
2013-05-19,-1.1112116989953618
2013-05-20,-1.115947125912855
2013-05-21,-1.1159381154804273
2013-05-22,-1.119968583198278
2013-05-23,-1.1060872790848848
2013-05-26,-1.0726369638748445
2013-05-27,-1.0547941940340815
2013-05-28,-0.9967382688396991
2013-05-29,-0.9626561664663139
2013-05-30,-0.8785075147887876
2013-06-02,-0.860949008691361
2013-06-03,-0.7899413636155723
2013-06-04,-0.6847231378554203
2013-06-05,-0.6964274831814691
2013-06-06,-0.6779251910876946
2013-06-09,-0.6243989222031245
2013-06-10,-0.5600114051361869
2013-06-11,-0.5002235880221932
2013-06-12,-0.5379562579456086
2013-06-13,-0.47717454739228954
2013-06-16,-0.38622548076448004
2013-06-17,-0.2143989595165525
2013-06-18,-0.3022845711737371
2013-06-19,-0.10341461289213678
2013-06-20,-0.09533359144960254
2013-06-23,-0.12931383882249767
2013-06-24,-0.15352448038022304
2013-06-25,-0.1682963025870077
2013-06-26,-0.17577201960995634
2013-06-27,-0.1709661469821959
2013-06-30,-0.18045379565477904
2013-07-01,-0.13493134965958886
2013-07-02,-0.13267564150430158
2013-07-03,-0.2006989818004101
2013-07-04,-0.2198102507866318
2013-07-07,-0.25995000579696476
2013-07-08,-0.3460479284794173
2013-07-09,-0.36542304153667876
2013-07-10,-0.41865648874213196
2013-07-11,-0.47763223400831467
2013-07-14,-0.5026596833430844
2013-07-15,-0.4080582572296018
2013-07-16,-0.38041962046836164
2013-07-17,-0.3657683858345023
2013-07-18,-0.3826334557140369
2013-07-21,-0.4379412455618583
2013-07-22,-0.4610313167474204
2013-07-23,-0.44355893945349467
2013-07-24,-0.4093464666809831
2013-07-25,-0.4844052405848406
2013-07-28,-0.5133540082459619
2013-07-29,-0.5615270413411214
2013-07-30,-0.5522947809123485
2013-07-31,-0.5415193485774022
2013-08-01,-0.5392227813750755
2013-08-04,-0.4710115460883398
2013-08-05,-0.5332220922186252
2013-08-06,-0.5715324993389871
2013-08-07,-0.5733328940762927
2013-08-08,-0.5423324685270114
2013-08-11,-0.5572316900240997
2013-08-12,-0.5519772964850679
2013-08-13,-0.5786691102928954
2013-08-14,-0.5498572709189292
2013-08-15,-0.5300783905501645
2013-08-18,-0.3924037422531235
2013-08-19,-0.4242529165156217
2013-08-20,-0.39252091779753073
2013-08-21,-0.320838640299514
2013-08-22,-0.15699422713891795
2013-08-25,0.10968312964710716
2013-08-26,0.1822039285389957
2013-08-27,0.22788558387293661
2013-08-28,0.19651656594013256
2013-08-29,0.15710931471480127
2013-09-01,0.3246260801725597
2013-09-02,0.2808404844403385
2013-09-03,0.22586542483656608
2013-09-04,0.24860482966611142
2013-09-05,0.34350765459526666
2013-09-08,0.784784588452577
2013-09-09,0.7275869681158306
2013-09-10,0.6469421888004437
2013-09-11,0.5357145837789519
2013-09-12,0.4269252736886807
2013-09-15,0.34903410710321403
2013-09-16,0.27670659957850763
2013-09-17,0.25433187695296156
2013-09-18,0.37562409522178847
2013-09-19,0.31057487495491287
2013-09-22,0.8048641871690044
2013-09-23,0.6797867409085446
2013-09-24,0.6510138380639539
2013-09-25,0.597130546326819
2013-09-26,0.5210317740100252
2013-09-29,0.45477386228725536
2013-09-30,0.35874101133685465
2013-10-01,0.24423756966794155
2013-10-02,0.2003203965693813
2013-10-03,0.08722094615021367
2013-10-06,0.019644498553629923
2013-10-07,0.019644498553629923
2013-10-08,0.019644498553629923
2013-10-09,-0.03589203719865217
2013-10-10,-0.054274201908656734
2013-10-13,-0.11556731966716283
2013-10-14,-0.18126058875965875
2013-10-15,-0.22703833036567536
2013-10-16,-0.29586669578690766
2013-10-17,-0.317677588413965
2013-10-20,-0.3777971090129864
2013-10-21,-0.3717136650229958
2013-10-22,-0.46356684839448226
2013-10-23,-0.46783258975182684
2013-10-24,-0.5106687848481881
2013-10-28,-0.5117330929645046
2013-10-29,-0.5563246044934652
2013-10-30,-0.6447143088159034
2013-10-31,-0.6120112393804028
2013-11-01,-0.4534783630945953
2013-11-04,-0.4884758038377179
2013-11-05,-0.4311349194018895
2013-11-06,-0.37248018022841106
2013-11-07,-0.3942711789096508
2013-11-08,-0.32273658256469817
2013-11-11,-0.3266199889049063
2013-11-12,-0.3411118241516447
2013-11-13,-0.38003518943884784
2013-11-14,-0.41606011664116876
2013-11-15,-0.42921061860801557
2013-11-18,-0.3685425593014962
2013-11-19,-0.25564446235789273
2013-11-20,-0.3701882063471701
2013-11-21,-0.3348537652613943
2013-11-22,-0.31884629996855307
2013-11-25,-0.31701478241086634
2013-11-26,-0.3557799418316406
2013-11-27,-0.38800712394741194
2013-11-28,-0.36859030301080153
2013-11-29,-0.3772543213282975
2013-12-02,-0.37825587601461297
2013-12-03,-0.41580822783064725
2013-12-04,-0.44546216293469404
2013-12-05,-0.45264394945496755
2013-12-06,-0.3688114553166716
2013-12-09,-0.29694543299451115
2013-12-10,-0.33212789217448657
2013-12-11,-0.3061144530630389
2013-12-12,-0.3018910555942981
2013-12-13,-0.36801783595704785
2013-12-16,-0.4083752048790245
2013-12-17,-0.501463433499624
2013-12-18,-0.5090285879766978
2013-12-19,-0.4840111305688927
2013-12-20,-0.4092465914501487
2013-12-23,-0.43003727131220376
2013-12-24,-0.4062756694769719
2013-12-25,-0.539500012224597
2013-12-26,-0.6528640770807045
2013-12-27,-0.6959310398287323
2013-12-30,-0.6211589413067626
2013-12-31,-0.6484631613597115
2014-01-01,-0.7267587846166664
2014-01-02,-0.6207647027780304
2014-01-03,-0.6418382019324053
2014-01-06,-0.6750027805785879
2014-01-07,-0.6874153609484991
2014-01-08,-0.6948966395872743
2014-01-09,-0.7003724597045713
2014-01-10,-0.6911255954126814
2014-01-13,-0.6178726838367785
2014-01-14,-0.6439173353887991
2014-01-15,-0.6423817106824448
2014-01-16,-0.6420580315256192
2014-01-17,-0.6891451769714295
2014-01-20,-0.6535216103303679
2014-01-21,-0.6759098280504701
2014-01-22,-0.6871473821677011
2014-01-23,-0.6950104448943858
2014-01-24,-0.5928646268221683
2014-01-27,-0.6019556212896436
2014-01-28,-0.6085604880752924
2014-01-29,-0.629015472192194
2014-01-30,-0.6296469706621564
2014-01-31,-0.5780882772954112
2014-02-03,-0.6087976202438978
2014-02-04,-0.6185848586273047
2014-02-05,-0.556069509467467
2014-02-06,-0.5586078922923678
2014-02-07,-0.5749178238363076
2014-02-10,-0.6124600673491092
2014-02-11,-0.5955484648075067
2014-02-12,-0.6367561196108762
2014-02-13,-0.655192620945276
2014-02-14,-0.5996145500215124
2014-02-17,-0.6449361411445579
2014-02-18,-0.6572804283832279
2014-02-19,-0.677554285024845
2014-02-20,-0.6838967855984481
2014-02-21,-0.6545406376340759
2014-02-24,-0.6122291180416636
2014-02-25,-0.6573815820657923
2014-02-26,-0.6732418573476372
2014-02-27,-0.7276192197085048
2014-02-28,-0.7175356282372799
2014-03-03,-0.7606715638516458
2014-03-04,-0.8021944661528344
2014-03-05,-0.8436880821635183
2014-03-06,-0.8032862695005156
2014-03-07,-0.775315738264801
2014-03-10,-0.74126666447706
2014-03-11,-0.7610464424274449
2014-03-12,-0.7746407395436354
2014-03-13,-0.8015814696439849
2014-03-14,-0.8368769492655567
2014-03-17,-0.8289014747375115
2014-03-18,-0.8794996320701767
2014-03-19,-0.9121660364214481
2014-03-20,-0.9087247056305751
2014-03-21,-0.8790971856116031
2014-03-24,-0.9037157242309702
2014-03-25,-0.9030806773087352
2014-03-26,-0.892579035370564
2014-03-27,-0.8119754946769211
2014-03-28,-0.7452059334297931
2014-03-30,-0.7621340277258365
2014-03-31,-0.7888661695247058
2014-04-01,-0.7876241969430753
2014-04-02,-0.7761919419146347
2014-04-03,-0.7262958768100364
2014-04-06,-0.6175558019241819
2014-04-07,-0.5907384738836136
2014-04-08,-0.6040157180996009
2014-04-09,-0.6049642958596145
2014-04-10,-0.6018069571564679
2014-04-13,-0.6432948793189728
2014-04-14,-0.6271206855776259
2014-04-15,-0.6623951733361924
2014-04-16,-0.6914789775204733
2014-04-17,-0.7566642175596587
2014-04-20,-0.8384853767818543
2014-04-21,-0.842142567675692
2014-04-22,-0.8620582155626881
2014-04-23,-0.8592592705781179
2014-04-24,-0.8074683233215149
2014-04-27,-0.7949858289902146
2014-04-28,-0.7676094857943212
2014-04-29,-0.746593851803961
2014-04-30,-0.7810435715351866
2014-05-01,-0.7946774078031232
2014-05-04,-0.7944887728810774
2014-05-05,-0.8053267137355741
2014-05-06,-0.7907945892046452
2014-05-07,-0.7996937778411959
2014-05-08,-0.8252111597014798
2014-05-11,-0.8514755875177006
2014-05-12,-0.8751297725572613
2014-05-13,-0.9081074610602865
2014-05-14,-0.8664102900960827
2014-05-15,-0.8981752779558924
2014-05-18,-0.934279186756152
2014-05-19,-0.9270558097145672
2014-05-20,-0.9772493451764565
2014-05-21,-0.975400036437605
2014-05-22,-0.9891011428864613
2014-05-25,-1.0253181809787175
2014-05-26,-0.9932368737820406
2014-05-27,-0.9997902719721085
2014-05-28,-1.0297372525280029
2014-05-29,-0.9995429186013106
2014-06-01,-0.9197438330587864
2014-06-02,-0.8849246842203061
2014-06-03,-0.8955436420705027
2014-06-04,-0.9087080269275515
2014-06-05,-0.8684364073306581
2014-06-08,-0.8479280593369601
2014-06-09,-0.8241122591620496
2014-06-10,-0.825859264282347
2014-06-11,-0.8726351144539352
2014-06-12,-0.8764227405758497
2014-06-15,-0.88838318341666
2014-06-16,-0.8484620372292645
2014-06-17,-0.8484697719281767
2014-06-18,-0.7548657761417824
2014-06-19,-0.740634108092624
2014-06-22,-0.7722055112453458
2014-06-23,-0.7857363997181311
2014-06-24,-0.8034402328022557
2014-06-25,-0.7960178347031901
2014-06-26,-0.8060123291012016
2014-06-29,-0.8017101336150485
2014-06-30,-0.8197413953815693
2014-07-01,-0.8107875260523986
2014-07-02,-0.7653958544007293
2014-07-03,-0.7676658622456666
2014-07-06,-0.7745460606308021
2014-07-07,-0.8165437695679791
2014-07-08,-0.8236037146241655
2014-07-09,-0.8228173256570659
2014-07-10,-0.8565947523350369
2014-07-13,-0.8956686600849223
2014-07-14,-0.8801901070624084
2014-07-15,-0.898122194039707
2014-07-16,-0.8406186922504271
2014-07-17,-0.8195276125464088
2014-07-20,-0.7522197009134545
2014-07-21,-0.7939766351779434
2014-07-22,-0.8140286986680404
2014-07-23,-0.8543075249244179
2014-07-24,-0.8531635195854301
2014-07-27,-0.8884443856726996
2014-07-28,-0.9050526756803087
2014-07-29,-0.8426489096805019
2014-07-30,-0.7880064790671693
2014-07-31,-0.7578248244677437
2014-08-03,-0.7822946728407698
2014-08-04,-0.8053837774264565
2014-08-05,-0.7739608873339074
2014-08-06,-0.7708467732750418
2014-08-07,-0.7613472493481862
2014-08-10,-0.7587670068615857
2014-08-11,-0.7805998382080681
2014-08-12,-0.7975692582770408
2014-08-13,-0.8382895528125721
2014-08-14,-0.8346186625042147
2014-08-17,-0.8602110829945474
2014-08-18,-0.8850767811767057
2014-08-19,-0.8883428183784519
2014-08-20,-0.9313897490737731
2014-08-21,-0.9284108964278598
2014-08-24,-0.946202563766232
2014-08-25,-0.9799772192222713
2014-08-26,-0.9302097279187018
2014-08-27,-0.9603543951643579
2014-08-28,-0.9788012046618368
2014-08-31,-1.0021711288401929
2014-09-01,-1.0058837460534373
2014-09-02,-1.0313573313992461
2014-09-03,-1.0531758619987195
2014-09-04,-1.060587335660536
2014-09-07,-1.0458103658656488
2014-09-08,-0.9608709925678759
2014-09-09,-0.9433048489590805
2014-09-10,-0.9402091229292655
2014-09-11,-0.8154564622733198
2014-09-14,-0.7330210411345063
2014-09-15,-0.5878256811843622
2014-09-16,-0.6046147855700248
2014-09-17,-0.5831273072388031
2014-09-18,-0.6064927536848568
2014-09-21,-0.5789974934381663
2014-09-22,-0.5431873080124412
2014-09-23,-0.5943685872349307
2014-09-24,-0.5064332074116762
2014-09-25,-0.4156013615698875
2014-09-28,-0.2842683740264492
2014-09-29,-0.29300483394307236
2014-09-30,-0.23870982180005576
2014-10-01,-0.17617863955935162
2014-10-02,-0.23264997640384308
2014-10-05,0.06439401317642064
2014-10-06,0.14785882115165463
2014-10-07,0.167726751515708
2014-10-08,0.12486941255719053
2014-10-09,0.11884674977593597
2014-10-12,0.12279894436300293
2014-10-13,0.006426294558168085
2014-10-14,0.07567652467550276
2014-10-15,0.279479291471667
2014-10-16,0.23965270573783903
2014-10-19,0.22396282596573536
2014-10-20,0.28207996339959335
2014-10-21,0.2027876389682023
2014-10-22,0.14824838633371046
2014-10-23,0.14092289943868153
2014-10-27,0.2758222587776079
2014-10-28,0.2744355583373935
2014-10-29,0.45339527634369853
2014-10-30,0.5079729720139908
2014-10-31,0.5384616187667245
2014-11-03,0.6970939221135236
2014-11-04,0.8983594263932615
2014-11-05,0.7867944229910936
2014-11-06,0.7566188650663116
2014-11-07,0.84203340237673
2014-11-10,0.7499099949062507
2014-11-11,0.6471130094130024
2014-11-12,0.5362403572438196
2014-11-13,0.4498067964790547
2014-11-14,0.47674101580432343
2014-11-17,0.40997571649886944
2014-11-18,0.2962179029014446
2014-11-19,0.2427142142452687
2014-11-20,0.1570561644749461
2014-11-21,0.17957106498332007
2014-11-24,0.255910248387254
2014-11-25,0.1924370874970126
2014-11-26,0.18819600872159276
2014-11-27,0.1402055541515934
2014-11-28,0.259003638750348
2014-12-01,0.24853939598075853
2014-12-02,0.2314805474579191
2014-12-03,0.17892992978837022
2014-12-04,0.16978000665992865
2014-12-05,0.18918344579766183
2014-12-08,0.0926649190174068
2014-12-09,0.0287377535504699
2014-12-10,-0.03796523747681409
2014-12-11,0.01389807166760721
2014-12-12,0.0374609856513656
2014-12-15,0.08173409192967054
2014-12-16,0.2939146372749391
2014-12-17,0.31289467649774616
2014-12-18,0.424130157365403
2014-12-19,0.5219137079933582
2014-12-22,0.41007209332941463
2014-12-23,0.45379440389895337
2014-12-24,0.37288273722503823
2014-12-25,0.2522297549891539
2014-12-26,0.08255973734101416
2014-12-29,0.06634350122367984
2014-12-30,0.10121151900973037
2014-12-31,0.15304540100958786
2015-01-01,-0.020185994839872934
2015-01-02,0.0025075720733720723
2015-01-05,0.060657530830701384
2015-01-06,-0.002084700371549506
2015-01-07,-0.011887802640358013
2015-01-08,-0.03273796598286192
2015-01-09,0.0033336581285487244
2015-01-12,0.01296706974864523
2015-01-13,0.03696358645238966
2015-01-14,0.12385612090245723
2015-01-15,0.11790583609958989
2015-01-16,0.049238927319110115
2015-01-19,0.02365546639626854
2015-01-20,-0.014050502624513057
2015-01-21,0.05923207391776944
2015-01-22,0.12764728329026903
2015-01-23,0.062322685269223896
2015-01-26,0.010474591962210998
2015-01-27,-0.039505579024870806
2015-01-28,-0.05985145438716922
2015-01-29,-0.10847936218186997
2015-01-30,0.1433521418654722
2015-02-02,0.363979988340627
2015-02-03,0.34124510130399693
2015-02-04,0.30398162110658666
2015-02-05,0.35454761738224627
2015-02-06,0.3108274187160795
2015-02-09,0.30473773420956446
2015-02-10,0.41141641764505665
2015-02-11,0.5941745841039059
2015-02-12,0.5417815329440038
2015-02-13,0.5294739983238786
2015-02-16,0.39176228467840724
2015-02-17,0.26865945558998994
2015-02-18,0.22079525329204394
2015-02-19,0.20057869308189671
2015-02-20,0.18988242971845584
2015-02-23,0.14727805525665275
2015-02-24,0.07431051532271102
2015-02-25,0.08915302376015027
2015-02-26,0.09449199360853308
2015-02-27,0.14607163654161454
2015-03-02,0.22810755950825778
2015-03-03,0.32520862093731795
2015-03-04,0.5148586923274348
2015-03-05,0.562109323322985
2015-03-06,0.7051026067272973
2015-03-09,0.8635792650022666
2015-03-10,1.033863624717181
2015-03-11,1.001091472586465
2015-03-12,0.971761496214864
2015-03-13,1.2668425862567119
2015-03-16,1.318382290126472
2015-03-17,1.2829083001772268
2015-03-18,1.2455629356538225
2015-03-19,1.2795332802371924
2015-03-20,1.4028528174507184
2015-03-23,1.621988052520591
2015-03-24,1.829876001798861
2015-03-25,1.734372181401598
2015-03-26,1.734895990193155
2015-03-27,1.6814183043319968
2015-03-29,1.7804369993949944
2015-03-30,1.841546313531185
2015-03-31,1.8784671371616766
2015-04-01,1.7805938291311338
2015-04-02,1.6478617771827064
2015-04-05,1.4930397639274893
2015-04-06,1.3657960821514321
2015-04-07,1.3372142651030787
2015-04-08,1.461920270717916
2015-04-09,1.3923318999574676
2015-04-12,1.3497402821040034
2015-04-13,1.281556921174464
2015-04-14,1.2887274962969946
2015-04-15,1.2579414239898115
2015-04-16,1.235962203346085
2015-04-19,1.1164352295542
2015-04-20,0.9643304074224732
2015-04-21,0.8697122435168704
2015-04-22,0.845361266793996
2015-04-23,0.8069642344712031
2015-04-26,0.841426440716738
2015-04-27,0.8642494962204097
2015-04-28,0.7877930463270011
2015-04-29,0.8548283427312557
2015-04-30,1.0947530539752781
2015-05-03,1.1673953292919157
2015-05-04,1.1926320735826128
2015-05-05,1.1727480884565893
2015-05-06,1.106193949575533
2015-05-07,1.0880788851651955
2015-05-10,1.1659702204077733
2015-05-11,1.2878567375872358
2015-05-12,1.3041219929878654
2015-05-13,1.2109301823699874
2015-05-14,1.2066259083033382
2015-05-17,1.0847891531582619
2015-05-18,1.0289230263690474
2015-05-19,0.9164754109699487
2015-05-20,0.8748343098365948
2015-05-21,0.8938026786415273
2015-05-24,0.9998878865257418
2015-05-25,1.0213040370767548
2015-05-26,1.0988255681600279
2015-05-27,1.0588435591291614
2015-05-28,1.0151095613875563
2015-05-31,0.9623850353799575
2015-06-01,0.8969069306976873
2015-06-02,0.9260459663911065
2015-06-03,0.742019657018381
2015-06-04,0.8148941993132051
2015-06-07,0.7357223838549153
2015-06-08,0.7238789320596801
2015-06-09,0.681677721529971
2015-06-10,0.7236205540811299
2015-06-11,0.6458288485452224
2015-06-14,0.6014934897323987
2015-06-15,0.5397671976008614
2015-06-16,0.5463257758228771
2015-06-17,0.5531500893384091
2015-06-18,0.5257135142287455
2015-06-21,0.47160269298987856
2015-06-22,0.4231924433272229
2015-06-23,0.3547455033119153
2015-06-24,0.34111358176374157
2015-06-25,0.29872005965362575
2015-06-28,0.2777097754285959
2015-06-29,0.2960117918667151
2015-06-30,0.21902826010216705
2015-07-01,0.23528106943391877
2015-07-02,0.27019650330937384
2015-07-05,0.3195046964521965
2015-07-06,0.3748355429638288
2015-07-07,0.5572698083765595
2015-07-08,0.5515651226168354
2015-07-09,0.5554454789928447
2015-07-12,0.6273297475424019
2015-07-13,0.5795434195045611
2015-07-14,0.5223218101982248
2015-07-15,0.3968682497975187
2015-07-16,0.4371284610483312
2015-07-19,0.4950706875865727
2015-07-20,0.40166604777105397
2015-07-21,0.4709517658273104
2015-07-22,0.7181055904852415
2015-07-23,0.9197057741970854
2015-07-26,1.0217381454706373
2015-07-27,1.0004780739148966
2015-07-28,0.9242027810770117
2015-07-29,0.9282646504266079
2015-07-30,1.011330544235115
2015-08-02,1.0866276469981488
2015-08-03,1.058162892964776
2015-08-04,0.9847422049909567
2015-08-05,1.1008513486682823
2015-08-06,1.1447911325959266
2015-08-09,1.1540215383684909
2015-08-10,1.318244124744706
2015-08-11,1.2945272864155832
2015-08-12,1.3004043042947744
2015-08-13,1.268784174273465
2015-08-16,1.2324476758860474
2015-08-17,1.1249190224341588
2015-08-18,1.0573760144127444
2015-08-19,1.027329636874314
2015-08-20,0.9942899929944357
2015-08-23,1.1875428994652155
2015-08-24,1.1390213226987105
2015-08-25,1.2628327611431054
2015-08-26,1.2614290065198892
2015-08-27,1.2153390049264834
2015-08-30,1.425841928752545
2015-08-31,1.5045703079719042
2015-09-01,1.7101992640891308
2015-09-02,1.8552526147192177
2015-09-03,1.8919286220027933
2015-09-06,1.9770121735533617
2015-09-07,1.8930247815977352
2015-09-08,1.8546835680594516
2015-09-09,2.0327347160876146
2015-09-10,2.124280305735906
2015-09-13,1.9879240669900344
2015-09-14,1.9813501043087514
2015-09-15,1.8563044734145961
2015-09-16,1.9079565538478247
2015-09-17,1.9375640708014585
2015-09-20,2.0039696389409687
2015-09-21,2.0039696389409687
2015-09-22,2.0039696389409687
2015-09-23,2.4611070639420114
2015-09-24,3.2905351819704785
2015-09-27,3.2656292245126552
2015-09-28,3.541077412246189
2015-09-29,3.698031957738875
2015-09-30,3.705420775706523
2015-10-01,3.600213596947018
2015-10-04,3.5971868691223037
2015-10-05,3.5766340095646263
2015-10-06,3.6064827971257714
2015-10-07,3.4904386285527225
2015-10-08,3.671284335492603
2015-10-11,3.387095833948518
2015-10-12,3.3820207225489405
2015-10-13,3.4511739041583005
2015-10-14,3.4425060095754323
2015-10-15,3.263358812291605
2015-10-18,3.3600859085156523
2015-10-19,3.2305785567595304
2015-10-20,3.149596293534081
2015-10-21,2.956416402408489
2015-10-22,2.849890533543026
2015-10-26,2.7611696837105066
2015-10-27,2.5810036940845014
2015-10-28,2.395161227796773
2015-10-29,2.3078210010825506
2015-10-30,2.2385614529277236
2015-11-02,1.9816710321870248
2015-11-03,2.0209612399460593
2015-11-04,2.1725087316368654
2015-11-05,2.0247883536150217
2015-11-06,1.9983546045286664
2015-11-09,1.8274700639908519
2015-11-10,1.7195614942011856
2015-11-11,1.7808780039198826
2015-11-12,1.767304227672115
2015-11-13,1.7050857021083365
2015-11-16,1.7654671344845498
2015-11-17,1.6801516618192054
2015-11-18,1.5969537185008116
2015-11-19,1.6542935958511327
2015-11-20,1.6077564333048613
2015-11-23,1.5930115447518385
2015-11-24,1.4907588246163725
2015-11-25,1.6220281909517977
2015-11-26,1.58488662205631
2015-11-27,1.4973340567628164
2015-11-30,1.8959392097776055
2015-12-01,1.8410370244044656
2015-12-02,1.6552678783506074
2015-12-03,1.6666171296688344
2015-12-04,1.7901814227686141
2015-12-07,1.661923221350427
2015-12-08,1.6437144298632647
2015-12-09,1.7228509648678458
2015-12-10,1.7190500276905814
2015-12-11,1.9472636415445626
2015-12-14,2.0476720295797093
2015-12-15,2.0151146971697176
2015-12-16,1.9797429518513692
2015-12-17,1.8781543874743434
2015-12-18,1.7992829594359685
2015-12-21,2.086654095797863
2015-12-22,1.9770826959799672
2015-12-23,1.8845437671472234
2015-12-24,1.773640146790806
2015-12-25,1.5821172125355518
2015-12-28,1.6089586374603972
2015-12-29,1.590892892837097
2015-12-30,1.8577410488266533
2015-12-31,1.908960009499708
2016-01-01,1.628842528439092
2016-01-04,1.746005816892994
2016-01-05,1.8349554639341175
2016-01-06,1.6990024252540237
2016-01-07,1.5940727285923726
2016-01-08,1.4632235003891558
2016-01-11,1.3905743229352863
2016-01-12,1.3385430305291004
2016-01-13,1.3816731674708906
2016-01-14,1.2983319160075475
2016-01-15,1.2312296453194633
2016-01-18,1.1307334358884034
2016-01-19,1.0932344031834202
2016-01-20,1.0565793038303328
2016-01-21,1.211278801101406
2016-01-22,1.1570118282615829
2016-01-25,1.1466449940886598
2016-01-26,1.1234335849536357
2016-01-27,1.0985762347552208
2016-01-28,1.1676527131543544
2016-01-29,1.2960462478438883
2016-02-01,1.41857053561915
2016-02-02,1.3752004016791048
2016-02-03,1.2993156632067977
2016-02-04,1.5901219436743004
2016-02-05,1.5183437919621334
2016-02-08,1.3334752273542303
2016-02-09,1.1184920296005694
2016-02-10,1.1362102651384343
2016-02-11,1.2352671796997077
2016-02-12,1.243542143769594
2016-02-15,1.117591704219223
2016-02-16,1.2076975619549148
2016-02-17,1.2829226732532946
2016-02-18,1.3634205097931271
2016-02-19,1.3919106895631332
2016-02-22,1.4616857612844438
2016-02-23,1.486460564318337
2016-02-24,1.436409278227301
2016-02-25,1.3076993475735643
2016-02-26,1.2509603277046595
2016-02-29,1.1593602517757773
2016-03-01,1.0897222031084348
2016-03-02,1.2912152514727913
2016-03-03,1.3604722501739266
2016-03-04,1.97177785322433
2016-03-07,1.8914665021922494
2016-03-08,1.7405330257638378
2016-03-09,1.8129373531131048
2016-03-10,1.9348690000187578
2016-03-11,1.9592506739165807
2016-03-14,1.8827715458190568
2016-03-15,2.236499035965993
2016-03-16,2.6134177653148147
2016-03-17,2.7604028591182153
2016-03-18,2.887343997385481
2016-03-21,2.6766574662809974
2016-03-22,2.5463651710661623
2016-03-23,2.556803552629685
2016-03-24,2.712604374135854
2016-03-25,2.4677775164209783
2016-03-27,2.2819214450602425
2016-03-28,2.2605882705488547
2016-03-29,2.2297657678592717
2016-03-30,2.2885158188307444
2016-03-31,2.2523945660045652
2016-04-03,2.18434561454583
2016-04-04,2.303975281831045
2016-04-05,2.2931813151474074
2016-04-06,2.295639890117605
2016-04-07,2.2120205284184324
2016-04-10,2.5403908751874065
2016-04-11,2.6349555891867444
2016-04-12,2.548391394703389
2016-04-13,2.3365873054544815
2016-04-14,2.345123029152555
2016-04-17,2.482636575031867
2016-04-18,2.4352193612858217
2016-04-19,2.4811294229158674
2016-04-20,2.2565089925391586
2016-04-21,2.1980781592090537
2016-04-24,2.0245124358190294
2016-04-25,1.8640785095967514
2016-04-26,1.7110660490636704
2016-04-27,1.5902750575915965
2016-04-28,1.663866149551104
2016-05-01,1.710541645646368
2016-05-02,1.9499161560123355
2016-05-03,1.9056757167672538
2016-05-04,1.7853010849813258
2016-05-05,1.6933482123947778
2016-05-08,2.1024509789569605
2016-05-09,1.9665525714527123
2016-05-10,1.9145159784391894
2016-05-11,1.8955645147977502
2016-05-12,1.84749719664759
2016-05-15,1.7393544810393933
2016-05-16,1.6429743835954231
2016-05-17,1.6114808206206028
2016-05-18,1.7933208764479514
2016-05-19,1.600576156460696
2016-05-22,1.5493506736895377
2016-05-23,1.376235029698081
2016-05-24,1.3729718559024602
2016-05-25,1.2319111536186922
2016-05-26,1.2290450586208366
2016-05-29,1.0857833592561907
2016-05-30,1.0522394673139202
2016-05-31,1.043851933965899
2016-06-01,0.9534654121578677
2016-06-02,0.9565384019104614
2016-06-05,1.0144572895795125
2016-06-06,1.0484155696629003
2016-06-07,1.2234853895685112
2016-06-08,1.3320861312358199
2016-06-09,1.369788022287938
2016-06-12,1.3581748866481347
2016-06-13,1.4399011224032519
2016-06-14,1.3006676320837618
2016-06-15,1.1739491114348757
2016-06-16,1.1260314125778121
2016-06-19,1.210756527339215
2016-06-20,1.1774635505099316
2016-06-21,1.0617479408945747
2016-06-22,1.0908599033534039
2016-06-23,1.314292334049695
2016-06-26,1.3095799979554135
2016-06-27,1.3650419816513963
2016-06-28,1.701781116228403
2016-06-29,1.8221056905172317
2016-06-30,1.716878015452974
2016-07-03,1.5949378320506715
2016-07-04,1.550355848066113
2016-07-05,1.4627033646399665
2016-07-06,1.3699315928585099
2016-07-07,1.4074999508844699
2016-07-10,1.458170266130164
2016-07-11,1.3631525695556805
2016-07-12,1.216185436914905
2016-07-13,1.2603304320810838
2016-07-14,1.167329767508292
2016-07-17,1.0508695954072214
2016-07-18,0.9878816258827297
2016-07-19,0.853769663788828
2016-07-20,0.7266674097425968
2016-07-21,0.6574685326688013
2016-07-24,0.6240490500679781
2016-07-25,0.5474959525433402
2016-07-26,0.45548608605810137
2016-07-27,0.3979481496623263
2016-07-28,0.42895366093291953
2016-07-31,0.3894634116732888
2016-08-01,0.3164507385017104
2016-08-02,0.260400539113579
2016-08-03,0.2858125710927238
2016-08-04,0.37879184661325416
2016-08-07,0.35646737989188687
2016-08-08,0.3316993895162203
2016-08-09,0.353854159317322
2016-08-10,0.3395516999583966
2016-08-11,0.3225998189995238
2016-08-14,0.3248468133497612
2016-08-15,0.26342456094097577
2016-08-16,0.24750510178973084
2016-08-17,0.24043190114721283
2016-08-18,0.19935628618709514
2016-08-21,0.1524041817177303
2016-08-22,0.08824805429564836
2016-08-23,0.09255035708146948
2016-08-24,0.0077065271609099515
2016-08-25,0.010052641916284197
2016-08-28,0.05591638454423747
2016-08-29,0.09556732487101827
2016-08-30,0.03473676784188895
2016-08-31,0.07993866634766182
2016-09-01,0.07749244516391454
2016-09-04,0.023092387167621846
2016-09-05,0.07499966847620101
2016-09-06,0.24177342136405877
2016-09-07,0.24245167815691027
2016-09-08,0.37009898197904434
2016-09-11,0.4989074935651128
2016-09-12,0.5619815992892495
2016-09-13,0.7093892369639482
2016-09-14,0.6792360821291812
2016-09-15,0.6732628790833887
2016-09-18,0.633942895715692
2016-09-19,0.5225425555598678
2016-09-20,0.47269635975519686
2016-09-21,0.5519596900553552
2016-09-22,0.45889678101523135
2016-09-25,0.3790890691291355
2016-09-26,0.28258865050863297
2016-09-27,0.17829701560195416
2016-09-28,0.0821889883612611
2016-09-29,0.06085979814092323
2016-10-02,0.02416740267337422
2016-10-03,0.06094669118841117
2016-10-04,0.07454114299685362
2016-10-05,0.049352996447212194
2016-10-06,0.059737440891447266
2016-10-09,-0.004774582531360448
2016-10-10,-0.07055224561247632
2016-10-11,-0.19330473818534427
2016-10-12,-0.26397109073881087
2016-10-13,-0.24882727834911925
2016-10-16,-0.30157783700822927
2016-10-17,-0.3402816262864013
2016-10-18,-0.33363695952307065
2016-10-19,-0.35867063139526256
2016-10-20,-0.38595431226389565
2016-10-23,-0.398073465785602
2016-10-24,-0.3513247573234936
2016-10-25,-0.39858958039689996
2016-10-26,-0.3587789556885653
2016-10-27,-0.3038239204501847
2016-10-31,-0.29794786261646133
2016-11-01,-0.23705903312361287
2016-11-02,-0.229711151897784
2016-11-03,-0.25519314665969217
2016-11-04,-0.28252602477118555
2016-11-07,-0.15739449530216673
2016-11-08,-0.14766068137475727
2016-11-09,-0.00022446597615906984
2016-11-10,0.628965155348881
2016-11-11,1.374370694918141
2016-11-14,1.425938973848048
2016-11-15,1.354882567302987
2016-11-16,1.2536597703746992
2016-11-17,1.2815452308727657
2016-11-18,1.3210216683446465
2016-11-21,1.409806927106688
2016-11-22,1.3626631697778842
2016-11-23,1.3243933624359965
2016-11-24,1.333643627919934
2016-11-25,1.3440686730713218
2016-11-28,1.2098448595006044
2016-11-29,1.1182476936790493
2016-11-30,1.1469949833710826
2016-12-01,1.2427041808814796
2016-12-02,1.6135117910871741
2016-12-05,1.8113592126984657
2016-12-06,1.726722687257908
2016-12-07,1.6407895762551268
2016-12-08,1.5198790552844468
2016-12-09,1.4556954385048484
2016-12-12,1.4372118551063175
2016-12-13,1.3844395770884836
2016-12-14,1.2825739755109327
2016-12-15,1.2885705961454057
2016-12-16,1.2559602180754195
2016-12-19,1.128029865577389
2016-12-20,1.03163065297964
2016-12-21,0.9333066364264042
2016-12-22,0.8383347380801471
2016-12-23,0.8522010649050217
2016-12-26,0.6848295714331126
2016-12-27,0.5426288776352154
2016-12-28,0.4836387903202478
2016-12-29,0.43583722975259703
2016-12-30,0.3569424235419557
2017-01-02,0.29910126912901025
2017-01-03,0.2644809600750811
2017-01-04,0.3167671243889963
2017-01-05,0.3598120239315803
2017-01-06,0.2566122803213628
2017-01-09,0.1835443071311265
2017-01-10,0.15938068229092955
2017-01-11,0.10537220849331072
2017-01-12,0.07871604815269587
2017-01-13,0.04919156568261739
2017-01-16,0.039029796230731655
2017-01-17,0.06813963869619125
2017-01-18,0.11536084877907908
2017-01-19,0.06559795655354544
2017-01-20,0.06013794337159674
2017-01-23,0.03377598130219375
2017-01-24,-0.03108426763502536
2017-01-25,-0.1537190808021769
2017-01-26,-0.16590684889464238
2017-01-27,-0.19117396028719963
2017-01-30,-0.1335066071086362
2017-01-31,-0.18311417648144238
2017-02-01,-0.2104561162956993
2017-02-02,-0.20831236666451855
2017-02-03,-0.24780433391524517
2017-02-06,-0.3340342951022926
2017-02-07,-0.3990537674337894
2017-02-08,-0.4906327113186081
2017-02-09,-0.5778729175683435
2017-02-10,-0.6232727299384166
2017-02-13,-0.6764427760655333
2017-02-14,-0.7081940377585743
2017-02-15,-0.6348886288753618
2017-02-16,-0.6112387332009819
2017-02-17,-0.5544033703794718
2017-02-20,-0.6066190151429408
2017-02-21,-0.6613457149101315
2017-02-22,-0.6930740303644942
2017-02-23,-0.6520523415864311
2017-02-24,-0.5967069520222127
2017-02-27,-0.5328333167389274
2017-02-28,-0.5788805253711409
2017-03-01,-0.6631212395807211
2017-03-02,-0.6069852144454839
2017-03-03,-0.4788686706567769
2017-03-06,-0.39367674622706894
2017-03-07,-0.4291059652333524
2017-03-08,-0.43337052424500677
2017-03-09,-0.32536418400477013
2017-03-10,-0.31060748425240853
2017-03-13,-0.23523160049489064
2017-03-14,-0.27940861182780496
2017-03-15,-0.29730265960592556
2017-03-16,-0.1626722968115851
2017-03-17,-0.20799398713460315
2017-03-20,-0.21300105295398866
2017-03-21,-0.22939775387912603
2017-03-22,-0.2596744677946476
2017-03-23,-0.188303759224517
2017-03-24,-0.11505600932748093
2017-03-26,-0.10394114197104848
2017-03-27,-0.1725472491121302
2017-03-28,-0.22964507353019087
2017-03-29,-0.22686488926306436
2017-03-30,-0.18573751834428215
2017-04-02,-0.16994107435562347
2017-04-03,-0.2334657980288309
2017-04-04,-0.23371662811827337
2017-04-05,-0.27726764659728403
2017-04-06,-0.33753141753804966
2017-04-09,-0.3993642747437582
2017-04-10,-0.44283060112808303
2017-04-11,-0.5099906784914147
2017-04-12,-0.5716194023051335
2017-04-13,-0.6233395356689914
2017-04-16,-0.5803239331444136
2017-04-17,-0.47760633192006596
2017-04-18,-0.4475699620317927
2017-04-19,-0.42261586780161015
2017-04-20,-0.52242357426525
2017-04-23,-0.39410640371688765
2017-04-24,-0.3366279793380146
2017-04-25,-0.2502159242072046
2017-04-26,-0.2511058296287717
2017-04-27,-0.21705742496779196
2017-04-30,-0.32016769726711536
2017-05-01,-0.36708830654307645
2017-05-02,-0.3655038259870772
2017-05-03,-0.33613272628598745
2017-05-04,-0.3753051298476586
2017-05-07,-0.4091097865006849
2017-05-08,-0.4750074676476719
2017-05-09,-0.4524987825868876
2017-05-10,-0.43967411757642316
2017-05-11,-0.4031696269883716
2017-05-14,-0.3806527800947731
2017-05-15,-0.19564942469121716
2017-05-16,-0.28009819778820716
2017-05-17,0.707550986119303
2017-05-18,1.3552005036358148
2017-05-21,1.6016011433185484
2017-05-22,1.4041956381462972
2017-05-23,1.2263970649495148
2017-05-24,1.053956338173046
2017-05-25,0.9588099634031138
2017-05-28,0.7852919589435851
2017-05-29,0.8906845731055592
2017-05-30,0.7378180790331236
2017-05-31,0.654239930989712
2017-06-01,0.5307438277563482
2017-06-04,0.5074774179853556
2017-06-05,0.48587289462657673
2017-06-06,0.39055552193967646
2017-06-07,0.27488094185498163
2017-06-08,0.1777477041075791
2017-06-11,0.18116371350167784
2017-06-12,0.5639197933142723
2017-06-13,0.5254350813036598
2017-06-14,0.4819901230453725
2017-06-15,0.36198711552410884
2017-06-18,0.3081908569688376
2017-06-19,0.2666805477253215
2017-06-20,0.24979431298289348
2017-06-21,0.14307279721676353
2017-06-22,0.023416502200013144
2017-06-25,-0.017943423782100256
2017-06-26,0.06736450122126315
2017-06-27,-0.03880780153554488
2017-06-28,-0.07498892922717394
2017-06-29,-0.11996587073613486
2017-07-02,-0.13493168498799904
2017-07-03,0.19147558217323557
2017-07-04,0.19721495209768783
2017-07-05,0.13242777362512184
2017-07-06,0.043267146680300274
2017-07-09,0.028389113848684193
2017-07-10,0.028389113848684193
2017-07-11,0.028389113848684193
2017-07-12,0.06011456497331403
2017-07-13,-0.019372272598244627
2017-07-16,-0.06201164037708919
2017-07-17,-0.1258319492209043
2017-07-18,-0.1662485664268764
2017-07-19,-0.23057844110378067
2017-07-20,-0.1838888503944337
2017-07-23,-0.2289213701687553
2017-07-24,-0.2378362784320647
2017-07-25,-0.28334677485787507
2017-07-26,-0.22547958126211742
2017-07-27,-0.3127372676039169
2017-07-30,-0.3480974764700472
2017-07-31,-0.2363208529096169
2017-08-01,-0.33980893889969394
2017-08-02,-0.3643325854424937
2017-08-03,-0.4224856371076723
2017-08-06,-0.4784455929313298
2017-08-07,-0.5624107822104182
2017-08-08,-0.6024590121022825
2017-08-09,-0.6061971057137515
2017-08-10,-0.6477582682936213
2017-08-13,-0.6609644303106408
2017-08-14,-0.6942280133313993
2017-08-15,-0.72688271263492
2017-08-16,-0.6990401418281372
2017-08-17,-0.7338640672719626
2017-08-20,-0.7067130313849954
2017-08-21,-0.7125339493783917
2017-08-22,-0.7775516290401348
2017-08-23,-0.7905130348101911
2017-08-24,-0.8508685691063633
2017-08-27,-0.9094055627141996
2017-08-28,-0.9562396112640356
2017-08-29,-1.023024141373224
2017-08-30,-1.021932902151105
2017-08-31,-0.984622779500822
2017-09-03,-1.0418218108822672
2017-09-04,-0.8991745705322555
2017-09-05,-0.8899881496622503
2017-09-06,-0.9187906485081071
2017-09-07,-0.9702570155164238
2017-09-10,-0.9951128915183189
2017-09-11,-0.7410151496050702
2017-09-12,-0.7162712215525023
2017-09-13,-0.7312961542105322
2017-09-14,-0.7880032380949257
2017-09-17,-0.8092998440992251
2017-09-18,-0.8242738892950014
2017-09-19,-0.8820045013457373
2017-09-20,-0.943686214686091
2017-09-21,-0.9858399894033868
2017-09-24,-0.9627567140969557
2017-09-25,-0.8879666199890497
2017-09-26,-0.8347350592137613
2017-09-27,-0.8302069206122124
2017-09-28,-0.8090827394355201
2017-10-01,-0.8306659249811663
2017-10-02,-0.8529083294851306
2017-10-03,-0.8441409579121968
2017-10-04,-0.8749730771861138
2017-10-05,-0.8425725483469592
2017-10-08,-0.7180250893211887
2017-10-09,-0.7178048173128713
2017-10-10,-0.6951820714347717
2017-10-11,-0.705414760253079
2017-10-12,-0.719324551056761
2017-10-15,-0.6881472858214713
2017-10-16,-0.6827148538443492
2017-10-17,-0.6714255237596524
2017-10-18,-0.7131096105780081
2017-10-19,-0.7220571068314904
2017-10-22,-0.656898901688053
2017-10-23,-0.5148569657695602
2017-10-24,-0.5174030367813006
2017-10-25,-0.5362948278326832
2017-10-26,-0.42529114040411214
2017-10-30,-0.32259055332760445
2017-10-31,-0.271668703855564
2017-11-01,-0.31693068919616485
2017-11-02,-0.36262966462119195
2017-11-03,-0.20749862346531112
2017-11-06,-0.06345513019911915
2017-11-07,-0.056024013881728445
2017-11-08,-0.0979609783188327
2017-11-09,-0.13763536019794753
2017-11-10,-0.20862256707373553
2017-11-13,-0.18935205768245494
2017-11-14,-0.21148026599171826
2017-11-15,-0.2276213130699425
2017-11-16,-0.2276213130699425
2017-11-17,-0.2276213130699425
2017-11-20,-0.2276213130699425
2017-11-21,-0.32125743559255254
2017-11-22,-0.3512293396051066
2017-11-23,-0.3616137910601429
2017-11-24,-0.46064209715676985
2017-11-27,-0.5327955936579649
2017-11-28,-0.5493977442235388
2017-11-29,-0.5748963532829684
2017-11-30,-0.40377174104973107
2017-12-01,-0.41626441395230407
2017-12-04,-0.45647270369867865
2017-12-05,-0.4517584624072594
2017-12-06,-0.5210220311639036
2017-12-07,-0.3234330253230158
2017-12-08,-0.18603478353028124
2017-12-11,-0.26418537179361745
2017-12-12,-0.2554700277519003
2017-12-13,-0.25912850778191415
2017-12-14,-0.2570710631472793
2017-12-15,-0.28682293378457957
2017-12-18,-0.20042040327232183
2017-12-19,-0.2686781411708088
2017-12-20,-0.265557681953667
2017-12-21,-0.32172048338407816
2017-12-22,-0.28658392987508274
2017-12-25,-0.32688520122531184
2017-12-26,-0.3709344767861058
2017-12-27,-0.3569508124482319
2017-12-28,-0.3654816662055711
2017-12-29,-0.3932927472009173
2018-01-01,-0.5207069219666159
2018-01-02,-0.4513258841119688
2018-01-03,-0.32799318311838427
2018-01-04,-0.3393086335704499
2018-01-05,-0.4023945365275248
2018-01-08,-0.4530068331361435
2018-01-09,-0.49059215872271805
2018-01-10,-0.5574021594897826
2018-01-11,-0.5888541962697719
2018-01-12,-0.5994464988104447
2018-01-15,-0.584785128277076
2018-01-16,-0.5823113352477743
2018-01-17,-0.6203900009846512
2018-01-18,-0.6638451871995592
2018-01-19,-0.7074761208314875
2018-01-22,-0.7390707247523558
2018-01-23,-0.7011210119619015
2018-01-24,-0.5890886573660641
2018-01-25,-0.29501415628449784
2018-01-26,-0.35764510509418335
