Date,cr-ma1
2010-01-04,
2010-01-05,
2010-01-06,
2010-01-07,
2010-01-08,66.18887015177053
2010-01-11,64.47528140105194
2010-01-12,66.73680177392951
2010-01-13,69.31100366848898
2010-01-14,67.59511815802944
2010-01-15,68.01082812014234
2010-01-18,69.65365222560521
2010-01-19,71.43070243109932
2010-01-20,71.52115382305355
2010-01-21,75.21335424870915
2010-01-22,76.957382424982
2010-01-25,78.70160871054209
2010-01-26,79.26487266033928
2010-01-27,81.4562073160105
2010-01-28,82.89747566981657
2010-01-29,87.04366920475537
2010-02-01,90.33819117475478
2010-02-02,93.35855347932234
2010-02-03,95.16116252589934
2010-02-04,97.51795345320836
2010-02-05,96.13270808559844
2010-02-08,94.30214975890311
2010-02-09,93.06626612179275
2010-02-10,92.0439330197891
2010-02-11,90.64689055315378
2010-02-12,90.04671569230656
2010-02-15,89.76587132401639
2010-02-16,88.56595257807328
2010-02-17,87.3452073394603
2010-02-18,85.98008929725374
2010-02-19,85.73424916215923
2010-02-22,85.41694353744154
2010-02-23,84.27574871593076
2010-02-24,82.26122756088338
2010-02-25,80.06077220817083
2010-02-26,77.54901766563306
2010-03-01,75.78621842901794
2010-03-02,74.69436264622573
2010-03-03,73.69881735128995
2010-03-04,72.04723219258139
2010-03-05,69.84251636539636
2010-03-08,66.84649410393982
2010-03-09,63.74654191117467
2010-03-10,60.80970991151811
2010-03-11,58.85316776137196
2010-03-12,57.2174223385455
2010-03-15,56.31618688003075
2010-03-16,55.68008640389223
2010-03-17,54.41647285313072
2010-03-18,53.09668675809538
2010-03-19,51.8451950745953
2010-03-22,50.682645098467674
2010-03-23,50.11849580025942
2010-03-24,51.3259887457679
2010-03-25,52.80681128292686
2010-03-26,53.96623391910972
2010-03-28,54.932553461011175
2010-03-29,55.56616109077155
2010-03-30,56.81259668854189
2010-03-31,58.15916375769679
2010-04-01,59.69643629380255
2010-04-04,60.446733541754476
2010-04-05,60.356876599353185
2010-04-06,58.453863502197535
2010-04-07,56.542028430189944
2010-04-08,55.292407071544645
2010-04-11,55.39440944147335
2010-04-12,55.61962719978992
2010-04-13,56.55193239069172
2010-04-14,57.12353039962985
2010-04-15,57.18801073938728
2010-04-18,56.39191757985784
2010-04-19,56.39137783662163
2010-04-20,56.658983466026356
2010-04-21,57.66823169659877
2010-04-22,58.35694138715537
2010-04-25,59.16571246798121
2010-04-26,59.895928879581575
2010-04-27,59.88349535556379
2010-04-28,58.33872333578721
2010-04-29,57.04555740487829
2010-05-02,56.59475537594979
2010-05-03,55.26844029024603
2010-05-04,53.47548756722525
2010-05-05,52.122284825240435
2010-05-06,51.39096925707776
2010-05-09,51.61895076375847
2010-05-10,54.31311590622706
2010-05-11,59.62725322075793
2010-05-12,64.97813811330391
2010-05-13,68.88839455626001
2010-05-16,71.3640830545732
2010-05-17,71.26537152860695
2010-05-18,70.04317912874583
2010-05-19,69.75645596679632
2010-05-20,70.85975778349669
2010-05-23,72.92150036734706
2010-05-24,76.61929509402175
2010-05-25,80.58103275100248
2010-05-26,83.15743711252533
2010-05-27,86.23858778162216
2010-05-30,87.3246656991417
2010-05-31,87.94551698574273
2010-06-01,86.26963052662335
2010-06-02,84.89602510548046
2010-06-03,84.04331195453335
2010-06-06,83.86504632712654
2010-06-07,82.01316045778135
2010-06-08,83.20122067278893
2010-06-09,86.10068334967988
2010-06-10,88.00363135740167
2010-06-13,88.76087706965589
2010-06-14,89.39567521240215
2010-06-15,85.90092427138437
2010-06-16,80.08636937682579
2010-06-17,74.66396114019366
2010-06-20,71.02201452701674
2010-06-21,68.21404702957015
2010-06-22,68.07348851355357
2010-06-23,68.16423132614139
2010-06-24,66.98524456844964
2010-06-27,66.11106787636493
2010-06-28,64.53977779522248
2010-06-29,61.67870063308309
2010-06-30,59.09707451820755
2010-07-01,57.92476588670367
2010-07-04,55.09951421204569
2010-07-05,54.72624088898135
2010-07-06,54.34408546417203
2010-07-07,55.172241779161844
2010-07-08,55.52633273952663
2010-07-11,55.89526508395303
2010-07-12,54.67523961476136
2010-07-13,54.98410015232646
2010-07-14,54.01542207463083
2010-07-15,52.024814927511194
2010-07-18,50.4591484271028
2010-07-19,50.01418661229275
2010-07-20,49.36629646404462
2010-07-21,50.661940431131775
2010-07-22,52.88103223501078
2010-07-25,54.872865451554915
2010-07-26,56.58144902157734
2010-07-27,57.7765038468504
2010-07-28,58.33047301982391
2010-07-29,58.661672477308386
2010-08-01,59.66061864355538
2010-08-02,59.199033059428324
2010-08-03,58.89099175845608
2010-08-04,57.981046461329115
2010-08-05,57.14919394039089
2010-08-08,55.78122070530719
2010-08-09,54.86041251150937
2010-08-10,53.675789387054216
2010-08-11,53.45988933240208
2010-08-12,53.880114403252705
2010-08-15,55.06639129364186
2010-08-16,56.926063298278336
2010-08-17,59.282060127760715
2010-08-18,61.17946828084523
2010-08-19,62.07522324978349
2010-08-22,62.588972227631984
2010-08-23,63.099671654732525
2010-08-24,63.37446161555042
2010-08-25,63.149977845256196
2010-08-26,63.84070142979364
2010-08-29,64.25901071303608
2010-08-30,64.72963520351007
2010-08-31,64.98581050065816
2010-09-01,65.6864414565186
2010-09-02,66.3447322860296
2010-09-05,67.23982037143875
2010-09-06,67.25955415558845
2010-09-07,66.8509092836925
2010-09-08,66.5419023058486
2010-09-09,66.22854531802678
2010-09-12,65.87522545403299
2010-09-13,65.77822038571547
2010-09-14,66.57908528863248
2010-09-15,66.83237885253962
2010-09-16,66.46528384721118
2010-09-19,65.73084060026171
2010-09-20,65.4247769706026
2010-09-21,64.06050006351384
2010-09-22,63.26071808414936
2010-09-23,63.35675172448284
2010-09-26,63.50229208226783
2010-09-27,63.73001335952502
2010-09-28,65.26185452429846
2010-09-29,65.8245503569888
2010-09-30,65.89664107726674
2010-10-03,65.17643035640484
2010-10-04,63.922887655117236
2010-10-05,61.920384367639045
2010-10-06,60.63633477899864
2010-10-07,59.9791538408943
2010-10-10,58.663952388662594
2010-10-11,58.15819820994636
2010-10-12,58.53601598903386
2010-10-13,58.83204515930812
2010-10-14,58.46651324370521
2010-10-17,59.32447522794657
2010-10-18,59.41138381308455
2010-10-19,59.384595493189565
2010-10-20,59.67490781459113
2010-10-21,61.004435067900694
2010-10-24,62.70568308040182
2010-10-25,64.80531909875059
2010-10-26,66.65652536485098
2010-10-27,68.94456362016109
2010-10-28,70.0182120940915
2010-11-01,70.58366720493967
2010-11-02,72.09942545315273
2010-11-03,72.88775015598647
2010-11-04,72.0170731814731
2010-11-05,71.86775134818473
2010-11-08,71.8886507295192
2010-11-09,70.36279088301053
2010-11-10,69.24427950776787
2010-11-11,70.2099418016315
2010-11-12,70.64980664799316
2010-11-15,71.04573451205704
2010-11-16,73.45359662606603
2010-11-17,75.91955892372728
2010-11-18,77.09294811354133
2010-11-19,79.43063057487652
2010-11-22,82.37945038399123
2010-11-23,83.41130968654485
2010-11-24,84.42526023270577
2010-11-25,85.44652688073457
2010-11-26,85.54524450776253
2010-11-29,84.33849813640738
2010-11-30,83.01032785592962
2010-12-01,81.99115587788154
2010-12-02,80.59204440242408
2010-12-03,77.58574250297268
2010-12-06,75.0339222065524
2010-12-07,72.31394507976188
2010-12-08,68.66880755307596
2010-12-09,65.4928660347145
2010-12-10,63.5309960001844
2010-12-13,62.16957201445838
2010-12-14,62.09925763751612
2010-12-15,64.06915973038046
2010-12-16,66.40564359799964
2010-12-17,67.25540159152555
2010-12-20,68.0368290920728
2010-12-21,68.34305053189823
2010-12-22,67.03828666479714
2010-12-23,65.35521257163883
2010-12-24,64.96265306403753
2010-12-27,63.76704404759937
2010-12-28,62.003387730856026
2010-12-29,60.60498512258649
2010-12-30,59.96715129938806
2010-12-31,58.71114664229386
2011-01-03,57.80781404212424
2011-01-04,56.68057121466802
2011-01-05,55.47262485779343
2011-01-06,53.48642835651442
2011-01-07,52.1906332897325
2011-01-10,52.47722228452891
2011-01-11,54.39203130386143
2011-01-12,56.96587550518903
2011-01-13,59.977053511916644
2011-01-14,63.90142840170465
2011-01-17,66.52063590256229
2011-01-18,68.01292589849302
2011-01-19,69.33378290152866
2011-01-20,69.79292997147155
2011-01-21,69.41434306559951
2011-01-24,69.74999928219263
2011-01-25,70.114506014379
2011-01-26,69.53985087338023
2011-01-27,69.99343260928877
2011-01-28,70.3864143414401
2011-01-31,70.24687920318354
2011-02-01,70.7117771184971
2011-02-02,72.77019112695724
2011-02-03,75.14061047401734
2011-02-04,76.57195018675459
2011-02-07,78.55764882178937
2011-02-08,80.1189289463227
2011-02-09,81.44192949009025
2011-02-10,82.75251713052793
2011-02-11,85.23548207999193
2011-02-14,87.15205335632672
2011-02-15,88.53423597370815
2011-02-16,88.58617809909917
2011-02-17,87.2273869608303
2011-02-18,86.07593532455431
2011-02-21,84.53346527074757
2011-02-22,84.03631568173248
2011-02-23,83.67350167714956
2011-02-24,82.82071594104598
2011-02-25,81.63136310791967
2011-02-28,80.94363724037058
2011-03-01,80.32595122285468
2011-03-02,80.77394074731359
2011-03-03,82.29895710716482
2011-03-04,82.87410480786468
2011-03-07,83.31796400970106
2011-03-08,83.3478135532317
2011-03-09,82.61777506368438
2011-03-10,80.8556040624194
2011-03-11,79.67949480904565
2011-03-14,79.01951434358996
2011-03-15,79.12917859680134
2011-03-16,79.75885033677017
2011-03-17,81.69885407899608
2011-03-18,84.10308725330353
2011-03-21,85.06300720802581
2011-03-22,85.70928924294113
2011-03-23,86.33998669967684
2011-03-24,85.71037797023737
2011-03-25,85.61817619786378
2011-03-27,85.20108824265256
2011-03-28,84.26830951537464
2011-03-29,82.80331386434709
2011-03-30,83.69159889388268
2011-03-31,84.93628762956965
2011-04-03,82.91982622316655
2011-04-04,79.83802182359112
2011-04-05,74.92019838138704
2011-04-06,66.4527627716339
2011-04-07,56.73045883264548
2011-04-10,51.499679902565575
2011-04-11,47.17219745759467
2011-04-12,43.72127636273218
2011-04-13,42.25099239236626
2011-04-14,41.35667654239163
2011-04-17,41.371172377692986
2011-04-18,41.62353416856264
2011-04-19,42.083648675919086
2011-04-20,42.032741042645725
2011-04-21,41.199117852880576
2011-04-24,38.376492922415544
2011-04-25,35.25365932648775
2011-04-26,32.13308127235518
2011-04-27,29.25545692727883
2011-04-28,27.156593739277362
2011-05-01,26.36838877446245
2011-05-02,27.850762394461434
2011-05-03,30.560816385746694
2011-05-04,33.48825209217802
2011-05-05,37.11749795075197
2011-05-08,41.88668700408958
2011-05-09,48.254401393000016
2011-05-10,55.375805656235784
2011-05-11,64.44710526540499
2011-05-12,73.02193596464517
2011-05-15,80.87216151445429
2011-05-16,87.4408673556801
2011-05-17,94.18979055289427
2011-05-18,105.67233503501788
2011-05-19,119.00322875796333
2011-05-22,126.58928567728034
2011-05-23,128.5989456028445
2011-05-24,131.06039248574285
2011-05-25,129.34931851284512
2011-05-26,125.29844128005138
2011-05-29,125.12390288545905
2011-05-30,130.49060886108757
2011-05-31,131.6130810655282
2011-06-01,128.56596849460604
2011-06-02,123.94570564696753
2011-06-05,118.9201421544798
2011-06-06,113.49952111524503
2011-06-07,104.78011187038615
2011-06-08,99.03305810707363
2011-06-09,93.73948682301908
2011-06-12,89.8891377868853
2011-06-13,82.95548642555522
2011-06-14,80.48990716546686
2011-06-15,77.31141961520477
2011-06-16,73.97924661640732
2011-06-19,71.4277600097121
2011-06-20,72.18234044813185
2011-06-21,72.09512488595507
2011-06-22,70.89028238207429
2011-06-23,69.01584514993469
2011-06-26,66.51574273598047
2011-06-27,62.9977306566344
2011-06-28,62.895202182206205
2011-06-29,63.65212374864641
2011-06-30,63.35260137864242
2011-07-03,62.10373087056282
2011-07-04,59.33878549688999
2011-07-05,54.95425526120772
2011-07-06,51.20005222406478
2011-07-07,51.36923308827443
2011-07-10,54.98299780960889
2011-07-11,59.31219900937092
2011-07-12,62.30045299648979
2011-07-13,68.7646933888779
2011-07-14,74.18777001063995
2011-07-17,78.40581780519469
2011-07-18,80.05824013308569
2011-07-19,83.63739935338356
2011-07-20,82.32332553076427
2011-07-21,79.68200441607004
2011-07-24,76.5963567756182
2011-07-25,74.624813680663
2011-07-26,69.26690741508045
2011-07-27,64.54582158014959
2011-07-28,59.684232148905416
2011-07-31,57.22722752126174
2011-08-01,58.14505796219739
2011-08-02,61.79387975238588
2011-08-03,64.0577851895791
2011-08-04,68.07481787663659
2011-08-07,70.83416600779022
2011-08-08,73.13530533367005
2011-08-09,79.99392270587478
2011-08-10,90.87088702689161
2011-08-11,107.82706144062881
2011-08-14,119.36395121908117
2011-08-15,129.58957263569613
2011-08-16,134.49465948833392
2011-08-17,135.35059227804126
2011-08-18,125.83883295906068
2011-08-21,118.17289670765524
2011-08-22,112.53457260102229
2011-08-23,109.04098111178482
2011-08-24,105.89389411430189
2011-08-25,106.64263117137617
2011-08-28,109.73237558215808
2011-08-29,112.0716085049255
2011-08-30,114.47147945147242
2011-08-31,117.5093911532454
2011-09-01,120.12344557244697
2011-09-04,124.19615825791311
2011-09-05,125.61376887469252
2011-09-06,127.70949126228732
2011-09-07,134.28412940185086
2011-09-08,144.83803923724912
2011-09-11,152.8696803164
2011-09-12,160.28574808330785
2011-09-13,169.0816204377453
2011-09-14,174.2124206947548
2011-09-15,178.0725799849078
2011-09-18,179.0935322362587
2011-09-19,183.07785704891276
2011-09-20,181.18199780013887
2011-09-21,190.7978567201252
2011-09-22,212.26762762061648
2011-09-25,251.8823854338113
2011-09-26,306.22532796391727
2011-09-27,367.9826512175314
2011-09-28,387.56525042340814
2011-09-29,383.0388664034912
2011-10-02,359.1438540384589
2011-10-03,322.5558886543298
2011-10-04,282.20483989271065
2011-10-05,276.9074572995022
2011-10-06,287.5812432791371
2011-10-09,293.64944665533943
2011-10-10,289.40084370620826
2011-10-11,274.87561817582866
2011-10-12,249.38307379031738
2011-10-13,216.32127448802117
2011-10-16,192.3725766940815
2011-10-17,174.44448662212343
2011-10-18,163.81193164549254
2011-10-19,158.37664133313916
2011-10-20,154.6237367042427
2011-10-23,148.42312052851344
2011-10-24,143.5958892998444
2011-10-25,141.77112370989474
2011-10-26,139.467120704448
2011-10-27,132.5508973098944
2011-10-31,126.9177592651212
2011-11-01,117.68847387122135
2011-11-02,101.88730399846844
2011-11-03,85.08559378445963
2011-11-04,76.1658045173525
2011-11-07,71.02575290315403
2011-11-08,68.94495992002297
2011-11-09,72.33969888548918
2011-11-10,77.66856995888436
2011-11-11,77.11042241848439
2011-11-14,73.31864523876447
2011-11-15,72.11812717064512
2011-11-16,71.83285070518642
2011-11-17,74.39476548632999
2011-11-18,82.1944025051912
2011-11-21,91.20266633199886
2011-11-22,96.9362472419833
2011-11-23,102.07915905642166
2011-11-24,109.22729692953206
2011-11-25,114.47426876436552
2011-11-28,119.9018494656405
2011-11-29,131.31441560327448
2011-11-30,142.7386416679437
2011-12-01,146.91618819843146
2011-12-02,149.00087307174744
2011-12-05,149.1639318308932
2011-12-06,140.55342349895645
2011-12-07,132.2905987068069
2011-12-08,129.9300818882195
2011-12-09,130.88452881585226
2011-12-12,130.06865467048294
2011-12-13,131.5162877837431
2011-12-14,134.84150767658468
2011-12-15,133.9304601917469
2011-12-16,131.8358908581589
2011-12-19,137.01566147937086
2011-12-20,143.41148887442185
2011-12-21,142.77520123589363
2011-12-22,144.8345622125821
2011-12-23,145.87701744899755
2011-12-26,140.64857245881007
2011-12-27,134.7990880525014
2011-12-28,132.36539827496964
2011-12-29,129.03431321619183
2011-12-30,122.40824478571096
2012-01-02,118.30707626843252
2012-01-03,112.9590035271226
2012-01-04,104.94540595092019
2012-01-05,94.6356092362891
2012-01-06,87.99830564224318
2012-01-09,81.09695526697683
2012-01-10,78.52808622144798
2012-01-11,83.61804737053956
2012-01-12,92.85786871079458
2012-01-13,98.88087308883864
2012-01-16,103.65564080006625
2012-01-17,103.95787860295029
2012-01-18,99.04066064786092
2012-01-19,90.68130643098422
2012-01-20,83.79457838756332
2012-01-23,76.46670715085979
2012-01-24,68.31230628429333
2012-01-25,61.34770710784568
2012-01-26,56.163508806251514
2012-01-27,52.17458458259996
2012-01-30,49.422269933656274
2012-01-31,49.33069079451523
2012-02-01,48.50708039480173
2012-02-02,46.335177835345554
2012-02-03,43.88135341370222
2012-02-06,42.401286910955065
2012-02-07,39.372444745375375
2012-02-08,36.82006734292838
2012-02-09,35.390855705424286
2012-02-10,34.295882191082306
2012-02-13,32.70123606225838
2012-02-14,33.305523518556996
2012-02-15,34.18133994280443
2012-02-16,33.5605419022693
2012-02-17,32.485351512383396
2012-02-20,32.581404078146484
2012-02-21,33.58556645075136
2012-02-22,34.786511343630664
2012-02-23,37.489921294260675
2012-02-24,41.425136845250776
2012-02-27,44.46623274770825
2012-02-28,45.02495080816594
2012-02-29,46.91358622620633
2012-03-01,48.497735421114065
2012-03-02,48.91203447353094
2012-03-05,49.37497077592796
2012-03-06,52.574175240176395
2012-03-07,55.559147990129205
2012-03-08,60.936242356870856
2012-03-09,72.12510008076903
2012-03-12,82.79724211131627
2012-03-13,94.3725031122987
2012-03-14,107.59347492129659
2012-03-15,123.8273656458227
2012-03-16,138.66872520318475
2012-03-19,152.1571948712097
2012-03-20,163.0828630473865
2012-03-21,170.7638366416301
2012-03-22,173.8975523438626
2012-03-23,176.87087563410662
2012-03-25,179.87482769392372
2012-03-26,184.0974648736172
2012-03-27,184.7922120859363
2012-03-28,184.8179615095
2012-03-29,181.5828561672458
2012-04-01,178.00707575980033
2012-04-02,174.77183835248957
2012-04-03,176.49907972098646
2012-04-04,178.48767150401085
2012-04-05,178.97414681435515
2012-04-08,181.76599490157503
2012-04-09,181.40188561293752
2012-04-10,178.78512697291904
2012-04-11,175.96845489130337
2012-04-12,169.55224652664646
2012-04-15,161.92644019174497
2012-04-16,156.73147534850983
2012-04-17,148.9931576694257
2012-04-18,141.71965767801106
2012-04-19,135.82616805040752
2012-04-22,130.76717628701718
2012-04-23,127.26448937878688
2012-04-24,128.19408974743718
2012-04-25,128.30493967530145
2012-04-26,130.79017258568726
2012-04-29,131.32492653448034
2012-04-30,129.632531290759
2012-05-01,126.19742125638152
2012-05-02,123.80042864819268
2012-05-03,125.95754625919842
2012-05-06,128.21111411962005
2012-05-07,132.98998858896692
2012-05-08,135.88172240001393
2012-05-09,140.83263499490317
2012-05-10,139.85323414827099
2012-05-13,145.1943303961157
2012-05-14,151.3589228535124
2012-05-15,158.6087084584354
2012-05-16,164.9253044674583
2012-05-17,175.63141670781195
2012-05-20,185.35926760433892
2012-05-21,188.38752847077686
2012-05-22,195.93937231915857
2012-05-23,206.9460102765745
2012-05-24,217.50509945624063
2012-05-27,230.02018464267599
2012-05-28,230.42097981117573
2012-05-29,222.01348431568013
2012-05-30,203.7742954333496
2012-05-31,184.41004799029454
2012-06-03,160.99116309608476
2012-06-04,154.25899190193377
2012-06-05,155.29014467892068
2012-06-06,161.7882743208259
2012-06-07,167.459839758873
2012-06-10,166.96917356963823
2012-06-11,166.2972653208194
2012-06-12,161.5617399843699
2012-06-13,156.06784610578092
2012-06-14,151.72012865809364
2012-06-17,152.64200576482077
2012-06-18,149.46215787340157
2012-06-19,145.44583892660302
2012-06-20,141.87766133924487
2012-06-21,135.12049892496685
2012-06-24,124.13612786474815
2012-06-25,115.67861323621374
2012-06-26,112.58112471315526
2012-06-27,107.78400230490277
2012-06-28,103.31355993078611
2012-07-01,101.79393322487508
2012-07-02,98.33123845751598
2012-07-03,93.23757428431487
2012-07-04,87.53229402793488
2012-07-05,84.61888073915812
2012-07-08,84.06102060879084
2012-07-09,85.36473412588884
2012-07-10,85.02571711188985
2012-07-11,85.77898223775699
2012-07-12,84.85890382355797
2012-07-15,81.84238726881087
2012-07-16,80.8988975392458
2012-07-17,81.00770262285008
2012-07-18,81.55315853762772
2012-07-19,82.99337499980457
2012-07-22,82.48751867321543
2012-07-23,79.62580948793557
2012-07-24,76.45648280946817
2012-07-25,74.9786321697234
2012-07-26,74.4709566211105
2012-07-29,76.65819564980362
2012-07-30,80.19990146414193
2012-07-31,83.4326764787093
2012-08-01,83.08411499639041
2012-08-02,82.57749137497795
2012-08-05,82.77101237171296
2012-08-06,80.4437738347589
2012-08-07,78.26374233930115
2012-08-08,78.89359417454743
2012-08-09,82.02455069491216
2012-08-12,85.2317706519569
2012-08-13,87.0924202073135
2012-08-14,88.09811277757072
2012-08-15,87.71167266382335
2012-08-16,83.5436880003631
2012-08-19,78.60310902312395
2012-08-20,76.2228566703439
2012-08-21,74.11881661835181
2012-08-22,71.74397531161962
2012-08-23,69.75232088389008
2012-08-26,67.804949680005
2012-08-27,67.85265014182137
2012-08-28,70.13229195438737
2012-08-29,73.32420327663237
2012-08-30,76.28745770455964
2012-09-02,78.52704153884902
2012-09-03,79.44595209988668
2012-09-04,79.83840953404992
2012-09-05,79.26208804636761
2012-09-06,79.21073882616307
2012-09-09,78.28384232749602
2012-09-10,76.06369776389192
2012-09-11,73.50423737380642
2012-09-12,71.047740671165
2012-09-13,69.25423200477952
2012-09-16,68.1785061639902
2012-09-17,69.10869269443293
2012-09-18,69.69511710047065
2012-09-19,71.18609448204695
2012-09-20,73.10107673517018
2012-09-23,74.2554053454141
2012-09-24,74.42784428570184
2012-09-25,75.7331452796908
2012-09-26,76.84650912975275
2012-09-27,76.73915729346503
2012-09-30,78.56551787537055
2012-10-01,80.77993711599038
2012-10-02,81.18896751866282
2012-10-03,80.20883856253631
2012-10-04,79.07448602023314
2012-10-07,75.64642579903301
2012-10-08,70.82937188212256
2012-10-09,66.50333858919808
2012-10-10,64.6880063507032
2012-10-11,65.40055615371287
2012-10-14,67.11989765330596
2012-10-15,69.80159352314313
2012-10-16,73.27207123531944
2012-10-17,76.56923270010614
2012-10-18,77.26211446712747
2012-10-21,78.31404852889833
2012-10-22,79.65670401336563
2012-10-23,79.05093226651488
2012-10-24,78.01282012029554
2012-10-25,76.40595386094085
2012-10-29,73.63547493284543
2012-10-30,71.46594239652737
2012-10-31,70.95799469262988
2012-11-01,70.4252994787086
2012-11-02,71.28769141098653
2012-11-05,72.50692306500085
2012-11-06,72.88488733900968
2012-11-07,73.09838744805582
2012-11-08,72.35546594421756
2012-11-09,71.81171629077495
2012-11-12,72.1032569591476
2012-11-13,73.51768215155505
2012-11-14,77.82975378861188
2012-11-15,81.89545195122066
2012-11-16,85.56902240385439
2012-11-19,88.2056197019364
2012-11-20,90.53490567915375
2012-11-21,90.14332235820106
2012-11-22,92.11654614069246
2012-11-23,92.79392138250753
2012-11-26,97.88125945384562
2012-11-27,103.5636235072712
2012-11-28,111.6291434870978
2012-11-29,114.96908633182366
2012-11-30,119.51844353834335
2012-12-03,121.93215564758134
2012-12-04,124.68376661341597
2012-12-05,127.75687626425125
2012-12-06,136.2704477116281
2012-12-07,139.48585301152855
2012-12-10,140.30275896041562
2012-12-11,137.50999013527183
2012-12-12,129.78160499704194
2012-12-13,119.35429072066009
2012-12-14,113.36771777193928
2012-12-17,108.93718685643412
2012-12-18,106.53849000746649
2012-12-19,106.71471154563037
2012-12-20,105.51868347678958
2012-12-21,106.30227360566425
2012-12-24,103.86251517484746
2012-12-25,99.5597311102887
2012-12-26,94.86099548854177
2012-12-27,92.00542070995871
2012-12-28,87.12586518256992
2012-12-31,84.30593117251833
2013-01-01,80.84941310608886
2013-01-02,76.72345246181203
2013-01-03,71.53690461881494
2013-01-04,68.55799098067466
2013-01-07,65.96805422405973
2013-01-08,65.3074233388584
2013-01-09,64.42725777526849
2013-01-10,62.6641044195405
2013-01-11,57.36141850539276
2013-01-14,54.42883576906411
2013-01-15,51.945055010264504
2013-01-16,50.953508891472936
2013-01-17,52.17145822931177
2013-01-18,55.18553080924183
2013-01-21,56.729738785474794
2013-01-22,58.133580421519284
2013-01-23,59.143505463281556
2013-01-24,58.49510655931023
2013-01-25,58.16381700613853
2013-01-28,56.443421917949095
2013-01-29,55.33651304544227
2013-01-30,54.99581245957588
2013-01-31,54.69727204270903
2013-02-01,51.84970081412371
2013-02-04,49.47986875531889
2013-02-05,47.10644966939323
2013-02-06,45.058002895583755
2013-02-07,44.0384645564619
2013-02-08,45.19038835017161
2013-02-11,45.85180722422602
2013-02-12,46.56092157740816
2013-02-13,45.22906881849101
2013-02-14,44.18361832536915
2013-02-15,43.8267022031219
2013-02-18,44.72576526393467
2013-02-19,43.78259827515135
2013-02-20,43.391203467542894
2013-02-21,43.79667880166285
2013-02-22,42.9718379179984
2013-02-25,41.20262223583468
2013-02-26,42.27217057374615
2013-02-27,43.93168104108791
2013-02-28,44.23651032189976
2013-03-01,45.82976652458858
2013-03-04,47.77500294994276
2013-03-05,47.86056486989533
2013-03-06,48.79591297950533
2013-03-07,49.83618281818286
2013-03-08,49.626134339078746
2013-03-11,51.35568317700324
2013-03-12,53.62015773886716
2013-03-13,54.480913737734625
2013-03-14,54.53369175486697
2013-03-15,56.20032083597791
2013-03-18,56.854840120027845
2013-03-19,58.7588944468409
2013-03-20,61.07681241953554
2013-03-21,69.44831754434279
2013-03-22,74.43536336578818
2013-03-25,79.54808934056489
2013-03-26,84.70612931073182
2013-03-27,92.9437401165791
2013-03-28,95.93629773396594
2013-03-29,100.9070819178313
2013-03-31,108.36400684390715
2013-04-01,114.38986847636014
2013-04-02,115.73372358625598
2013-04-03,116.28301279941695
2013-04-04,116.59214520264527
2013-04-07,112.37836653740041
2013-04-08,107.5914298840232
2013-04-09,103.10409678412495
2013-04-10,96.42539498296415
2013-04-11,91.04355830022038
2013-04-14,87.55786299288998
2013-04-15,83.55606968848102
2013-04-16,80.64990376162343
2013-04-17,81.43012509378805
2013-04-18,85.35933685033659
2013-04-21,86.69708500645909
2013-04-22,90.17252264679853
2013-04-23,93.1175557018967
2013-04-24,96.30388958266163
2013-04-25,94.19439672793278
2013-04-28,95.98329182796638
2013-04-29,95.00716004510528
2013-04-30,93.27361771799181
2013-05-01,88.33766337706288
2013-05-02,86.12134864278286
2013-05-05,80.94194768250598
2013-05-06,76.86641846667779
2013-05-07,75.31243664982485
2013-05-08,75.45141379953053
2013-05-09,74.28885528424817
2013-05-12,74.31142450619922
2013-05-13,74.60905218723505
2013-05-14,75.03011362439581
2013-05-15,77.6064949713876
2013-05-16,81.30013829843149
2013-05-19,86.14972469573271
2013-05-20,92.46622103822206
2013-05-21,99.496498715032
2013-05-22,105.61451306229431
2013-05-23,111.93983496807641
2013-05-26,114.01311952410754
2013-05-27,117.80253145980528
2013-05-28,116.7883660996742
2013-05-29,114.28328830383332
2013-05-30,111.40453688065972
2013-06-02,113.42863625540306
2013-06-03,114.81740312883946
2013-06-04,122.78709765683308
2013-06-05,135.72930735128924
2013-06-06,150.32728898659852
2013-06-09,158.92073985655676
2013-06-10,167.7283710913784
2013-06-11,172.95868687236165
2013-06-12,173.94627843252823
2013-06-13,172.53026242394253
2013-06-16,175.6918566215001
2013-06-17,178.9620125352202
2013-06-18,177.75350855378548
2013-06-19,175.4249085618973
2013-06-20,177.29443531279918
2013-06-23,180.93819960069942
2013-06-24,187.35781443729437
2013-06-25,201.63673109821914
2013-06-26,213.30375505431374
2013-06-27,215.228060939632
2013-06-30,211.79765830293877
2013-07-01,201.15057268160754
2013-07-02,187.73032355658498
2013-07-03,181.295447005833
2013-07-04,182.99640497616338
2013-07-07,188.80890284626378
2013-07-08,194.93521299917444
2013-07-09,196.0085302717692
2013-07-10,192.6136503618716
2013-07-11,185.30670230512607
2013-07-14,176.03812914950618
2013-07-15,170.40103923895748
2013-07-16,167.63990950015463
2013-07-17,165.63832916937523
2013-07-18,160.29521562790723
2013-07-21,157.8947895448422
2013-07-22,150.93610001036387
2013-07-23,144.02097865239955
2013-07-24,141.9455526237592
2013-07-25,142.15991487097426
2013-07-28,136.06719399237448
2013-07-29,134.14034884353103
2013-07-30,128.82201921837927
2013-07-31,118.15914637453204
2013-08-01,111.82779530148028
2013-08-04,113.94258028618285
2013-08-05,116.06882393167662
2013-08-06,127.73718410050567
2013-08-07,134.3832545885428
2013-08-08,138.24763992535685
2013-08-11,136.05043082784832
2013-08-12,129.3957303448755
2013-08-13,115.5303913035179
2013-08-14,107.63082901054376
2013-08-15,102.08828579384667
2013-08-18,99.36822446840918
2013-08-19,101.81690969540952
2013-08-20,107.82943213363296
2013-08-21,118.36039938388535
2013-08-22,127.90833879208651
2013-08-25,140.95462089311323
2013-08-26,152.59912468692286
2013-08-27,159.29569677925434
2013-08-28,158.25713828611654
2013-08-29,156.27273358562837
2013-09-01,148.1829352060492
2013-09-02,138.60583246940155
2013-09-03,132.3691498708347
2013-09-04,132.64410961513119
2013-09-05,131.0871346917417
2013-09-08,128.70862027805126
2013-09-09,125.02996505561543
2013-09-10,119.67040395126068
2013-09-11,113.23897616416002
2013-09-12,107.52211291397403
2013-09-15,104.62999217360536
2013-09-16,103.26461338686174
2013-09-17,104.10359810506705
2013-09-18,103.27393187502454
2013-09-19,104.399698358054
2013-09-22,103.1876868764547
2013-09-23,99.71206672820873
2013-09-24,95.6107753896589
2013-09-25,94.53643794943807
2013-09-26,89.4630003464277
2013-09-29,86.75288351303041
2013-09-30,87.41672503497452
2013-10-01,88.14639308285543
2013-10-02,86.96668539932188
2013-10-03,89.13561923196562
2013-10-06,90.3127412935212
2013-10-07,91.15664133948069
2013-10-08,93.51302692446205
2013-10-09,93.64698294109887
2013-10-10,91.53036490205895
2013-10-13,90.84564926739623
2013-10-14,89.99215268194233
2013-10-15,87.62449960527323
2013-10-16,87.88318425054396
2013-10-17,86.91306983341423
2013-10-20,87.3196155912981
2013-10-21,86.0622383444938
2013-10-22,85.03503338210366
2013-10-23,82.75256319024035
2013-10-24,85.45543747742207
2013-10-28,86.62050510382662
2013-10-29,91.81457872019116
2013-10-30,101.42421840403179
2013-10-31,107.7903752402722
2013-11-01,104.29629657273645
2013-11-04,104.2235213795285
2013-11-05,102.353333305492
2013-11-06,97.70339655997296
2013-11-07,93.91211683770757
2013-11-08,101.35974782714588
2013-11-11,110.0991722198717
2013-11-12,118.9254059552469
2013-11-13,134.3106067679998
2013-11-14,148.7113200313427
2013-11-15,163.04834953618894
2013-11-18,168.85690979557293
2013-11-19,172.9568667270382
2013-11-20,169.02706719787633
2013-11-21,167.0401591163519
2013-11-22,158.14869467645096
2013-11-25,153.45063902937912
2013-11-26,153.77713179772402
2013-11-27,156.35796943733635
2013-11-28,158.87782637692823
2013-11-29,166.36284657147525
2013-12-02,172.887132753463
2013-12-03,176.82934327704214
2013-12-04,174.95245520123754
2013-12-05,176.47034517506683
2013-12-06,181.35019365140414
2013-12-09,190.02745437831192
2013-12-10,196.01373876927795
2013-12-11,197.76820340229634
2013-12-12,189.2434124159352
2013-12-13,174.96378299432212
2013-12-16,155.09825897526497
2013-12-17,136.23711338982957
2013-12-18,123.82633516719454
2013-12-19,115.68112708745193
2013-12-20,109.2798490747778
2013-12-23,102.94907205153001
2013-12-24,99.56554453653385
2013-12-25,100.02583250974243
2013-12-26,106.52223759485494
2013-12-27,112.8775386441959
2013-12-30,125.04698089377757
2013-12-31,133.82495625989955
2014-01-01,136.2421955365971
2014-01-02,133.08605834460627
2014-01-03,133.37210286353115
2014-01-06,127.87737517606267
2014-01-07,123.71329231047989
2014-01-08,121.58251909693847
2014-01-09,122.5828404532851
2014-01-10,116.75558997426454
2014-01-13,111.9392667241963
2014-01-14,106.36093300711272
2014-01-15,100.99508427551169
2014-01-16,95.72967931085614
2014-01-17,96.52888647200514
2014-01-20,97.55435456039189
2014-01-21,99.7750371970409
2014-01-22,101.19785423958737
2014-01-23,101.52564699860366
2014-01-24,101.32629054837346
2014-01-27,102.03136450444835
2014-01-28,103.75257847802452
2014-01-29,108.82838281762909
2014-01-30,111.72381192763471
2014-01-31,112.20320980869238
2014-02-03,116.4845300498309
2014-02-04,117.2134907347192
2014-02-05,114.87018200185389
2014-02-06,116.60628516405352
2014-02-07,120.90875510670253
2014-02-10,117.29450168853461
2014-02-11,114.03090463093693
2014-02-12,109.74013279597973
2014-02-13,104.86351074809053
2014-02-14,99.31512581210026
2014-02-17,98.51328630070917
2014-02-18,99.99497741256668
2014-02-19,100.77225343593818
2014-02-20,101.5926185873921
2014-02-21,103.08819898015011
2014-02-24,104.59845761362328
2014-02-25,104.58348673014059
2014-02-26,105.42205161409724
2014-02-27,104.45002865641538
2014-02-28,101.99316358754237
2014-03-03,97.6688030018228
2014-03-04,93.38992078555151
2014-03-05,89.52326551437281
2014-03-06,85.01229150473692
2014-03-07,79.88811680140518
2014-03-10,74.35945347514777
2014-03-11,66.61494347237533
2014-03-12,62.72030119607846
2014-03-13,62.28413218642622
2014-03-14,62.058400216487065
2014-03-17,63.66616448169725
2014-03-18,68.0833330372747
2014-03-19,73.15340490306721
2014-03-20,76.53667404411469
2014-03-21,79.16207789154114
2014-03-24,79.01274709490261
2014-03-25,79.13290146455526
2014-03-26,74.89402212870705
2014-03-27,72.48525995514024
2014-03-28,70.17753366530012
2014-03-30,68.78955870345693
2014-03-31,64.34834730541245
2014-04-01,62.16192654520448
2014-04-02,59.521139943275685
2014-04-03,58.4482437594638
2014-04-06,58.81967905636577
2014-04-07,62.1689854602061
2014-04-08,64.79053185721276
2014-04-09,65.7115935059126
2014-04-10,63.68128233598062
2014-04-13,60.8544840047103
2014-04-14,57.13423566266896
2014-04-15,56.29035057905867
2014-04-16,55.387012431154254
2014-04-17,55.85646901751208
2014-04-20,57.02910203947355
2014-04-21,57.76240377975707
2014-04-22,57.214607504375564
2014-04-23,56.31932395580733
2014-04-24,56.61521156273413
2014-04-27,56.574998752624175
2014-04-28,57.0177356414452
2014-04-29,56.37028678427058
2014-04-30,58.610268231889414
2014-05-01,58.72951786364573
2014-05-04,60.9758825944697
2014-05-05,63.39846726919355
2014-05-06,67.89172144398974
2014-05-07,71.23479237840107
2014-05-08,76.44641509453399
2014-05-11,78.38559265881636
2014-05-12,79.78329386429508
2014-05-13,78.63759318707233
2014-05-14,77.13719028451455
2014-05-15,76.67873222650675
2014-05-18,79.43235417130487
2014-05-19,83.18545480030544
2014-05-20,90.17726800517912
2014-05-21,94.14969726183465
2014-05-22,95.1595036107153
2014-05-25,94.12186475253023
2014-05-26,90.98006875184153
2014-05-27,85.42637435921276
2014-05-28,82.78274367246858
2014-05-29,82.19830515327843
2014-06-01,82.65114931512396
2014-06-02,83.6385298541882
2014-06-03,86.13649300800456
2014-06-04,91.01270584447498
2014-06-05,94.95972860710594
2014-06-08,101.31428640686732
2014-06-09,105.70374060385286
2014-06-10,107.85970890408933
2014-06-11,105.57225695044754
2014-06-12,103.36114147519234
2014-06-15,95.70233301345922
2014-06-16,92.8333221022649
2014-06-17,91.90769692619287
2014-06-18,91.85027779470917
2014-06-19,94.10019721035754
2014-06-22,100.22443338648057
2014-06-23,101.82546644668284
2014-06-24,103.45298168358218
2014-06-25,105.28190020364757
2014-06-26,103.9867000753084
2014-06-29,101.38249295401782
2014-06-30,99.9550488424554
2014-07-01,96.94455941401091
2014-07-02,93.76171699504127
2014-07-03,92.26584454468116
2014-07-06,89.02607674591641
2014-07-07,88.41136249696562
2014-07-08,87.6104136574288
2014-07-09,87.66518061863505
2014-07-10,85.41034155541521
2014-07-13,82.40528806090471
2014-07-14,78.13388452609166
2014-07-15,75.1227949655983
2014-07-16,73.10225550523741
2014-07-17,73.05869549270218
2014-07-20,76.15075291268269
2014-07-21,81.5241167166729
2014-07-22,87.59214574693733
2014-07-23,90.79299640946542
2014-07-24,93.28595298194176
2014-07-27,92.57412228276151
2014-07-28,88.94445688144907
2014-07-29,86.32728575936157
2014-07-30,85.49778523511881
2014-07-31,83.94156370832408
2014-08-03,87.3087638989513
2014-08-04,94.06731587676953
2014-08-05,101.52952394050517
2014-08-06,108.64449179300122
2014-08-07,119.09739007026538
2014-08-10,127.09073046303756
2014-08-11,132.74668798653482
2014-08-12,134.86128764869198
2014-08-13,137.54749126824714
2014-08-14,136.5953514933554
2014-08-17,134.20037766296937
2014-08-18,133.23528875295432
2014-08-19,130.52243809149928
2014-08-20,125.65204791539024
2014-08-21,122.4427725212707
2014-08-24,119.9416183947322
2014-08-25,116.66555849172042
2014-08-26,115.72700686411108
2014-08-27,115.181148365343
2014-08-28,117.47190647740429
2014-08-31,118.65662095196384
2014-09-01,118.99791919309504
2014-09-02,117.25792455683958
2014-09-03,116.02707962300038
2014-09-04,111.92627802262223
2014-09-07,109.15995180225147
2014-09-08,104.46956633912666
2014-09-09,99.68869476411844
2014-09-10,94.8362595274984
2014-09-11,93.49456669744487
2014-09-14,92.6307288147738
2014-09-15,91.86222622837681
2014-09-16,96.96000234877013
2014-09-17,103.7884527302944
2014-09-18,110.74917294418461
2014-09-21,118.28737042283247
2014-09-22,130.8412699514487
2014-09-23,140.25791171580153
2014-09-24,152.69605638782537
2014-09-25,167.10778229149423
2014-09-28,182.96039367014458
2014-09-29,193.67678358853465
2014-09-30,206.30519332147165
2014-10-01,213.4601570145813
2014-10-02,216.15216622092095
2014-10-05,214.99168540913428
2014-10-06,225.51733970363435
2014-10-07,237.55223853082597
2014-10-08,236.5436971354804
2014-10-09,229.25501775769234
2014-10-12,219.6950633483047
2014-10-13,198.68364687794042
2014-10-14,176.26769685369516
2014-10-15,168.57038115396645
2014-10-16,165.10568609085632
2014-10-19,164.56095149964486
2014-10-20,168.51745660568886
2014-10-21,167.88082145454482
2014-10-22,163.57422047469976
2014-10-23,160.25360280816662
2014-10-27,156.4694877006525
2014-10-28,151.2594594938726
2014-10-29,144.80690452233026
2014-10-30,143.9432308315648
2014-10-31,141.65141110777378
2014-11-03,135.91004504334774
2014-11-04,126.65158815695811
2014-11-05,120.57715441585772
2014-11-06,113.73836193660209
2014-11-07,109.43247307982179
2014-11-10,109.61934612240786
2014-11-11,112.90224031441599
2014-11-12,116.70990797009952
2014-11-13,117.77920047219504
2014-11-14,121.73202837865907
2014-11-17,128.3849036019531
2014-11-18,136.58336329216576
2014-11-19,149.6195552140008
2014-11-20,161.7357484408455
2014-11-21,168.8753018696531
2014-11-24,172.12669344350962
2014-11-25,170.12474758987332
2014-11-26,157.16190304059361
2014-11-27,145.9905576816547
2014-11-28,137.18228311415015
2014-12-01,126.29022063890008
2014-12-02,117.32822503295624
2014-12-03,115.62465372557774
2014-12-04,116.95709104567081
2014-12-05,115.0797808642948
2014-12-08,117.40653865930767
2014-12-09,124.66083671143697
2014-12-10,135.60223103943426
2014-12-11,146.53482280438325
2014-12-12,154.95448430380247
2014-12-15,158.00855376459612
2014-12-16,159.43101883195604
2014-12-17,156.01897090655513
2014-12-18,147.89580246756358
2014-12-19,151.01309098682736
2014-12-22,158.5846825799918
2014-12-23,159.37627056764805
2014-12-24,155.20662901788288
2014-12-25,150.70125930795177
2014-12-26,140.63790197513188
2014-12-29,132.3156084258633
2014-12-30,129.6393017175138
2014-12-31,133.09629540858228
2015-01-01,140.14500193794967
2015-01-02,147.37649372795397
2015-01-05,149.2290195847405
2015-01-06,152.58861308373815
2015-01-07,158.6306061720045
2015-01-08,162.3870756861953
2015-01-09,163.27287259054728
2015-01-12,164.1550946728335
2015-01-13,160.96024651024345
2015-01-14,150.54912764041836
2015-01-15,139.29326215582773
2015-01-16,129.9523820907679
2015-01-19,121.68377482990743
2015-01-20,113.77734208136943
2015-01-21,107.67799894840303
2015-01-22,101.59109659419862
2015-01-23,94.51431439891203
2015-01-26,86.03651122714324
2015-01-27,76.81672424378323
2015-01-28,69.91936657983511
2015-01-29,67.66872456320496
2015-01-30,65.03949957170634
2015-02-02,64.71135300712815
2015-02-03,66.26539379811564
2015-02-04,69.92700016984433
2015-02-05,74.10472572764833
2015-02-06,81.11471460233517
2015-02-09,90.62629350075501
2015-02-10,103.88446745261088
2015-02-11,115.33817326815935
2015-02-12,123.59169209889077
2015-02-13,128.5229475309038
2015-02-16,135.67320731184
2015-02-17,142.30143656472183
2015-02-18,145.4258382734227
2015-02-19,151.78965294706546
2015-02-20,159.34129526266952
2015-02-23,163.19620993993144
2015-02-24,169.84679492822843
2015-02-25,184.61831462861116
2015-02-26,196.19178592016905
2015-02-27,209.131245024789
2015-03-02,217.0822406200804
2015-03-03,224.81562650491273
2015-03-04,236.31756682982547
2015-03-05,240.6354651859881
2015-03-06,245.30131850357898
2015-03-09,264.9551176641209
2015-03-10,287.36254123398237
2015-03-11,301.1207445274432
2015-03-12,321.6432300068205
2015-03-13,340.76568429723886
2015-03-16,339.24258798866305
2015-03-17,327.6763368636155
2015-03-18,320.70003694488025
2015-03-19,314.8006897419135
2015-03-20,305.4766182172947
2015-03-23,304.8164173546988
2015-03-24,300.11286178597254
2015-03-25,287.3375478037509
2015-03-26,267.98270305250725
2015-03-27,243.89634869558745
2015-03-29,223.8486159258463
2015-03-30,211.7722449333706
2015-03-31,201.53471765041317
2015-04-01,199.06272324736898
2015-04-02,198.51032417502597
2015-04-05,193.65676936643666
2015-04-06,186.2230479083252
2015-04-07,177.2915272297425
2015-04-08,164.76138561454204
2015-04-09,160.94727035125976
2015-04-12,156.4933289628172
2015-04-13,146.9855752264224
2015-04-14,139.05518921660394
2015-04-15,132.66352077979172
2015-04-16,121.58919994456289
2015-04-19,111.22107080600342
2015-04-20,105.3371634257542
2015-04-21,100.25811539980866
2015-04-22,92.79496530894372
2015-04-23,85.32181780350844
2015-04-26,80.14348057532206
2015-04-27,74.88706858045514
2015-04-28,67.76741663420032
2015-04-29,62.1321770415254
2015-04-30,58.39476033197046
2015-05-03,57.99695914221667
2015-05-04,59.34082955595593
2015-05-05,62.6976440693525
2015-05-06,67.0467690406049
2015-05-07,70.30819331566447
2015-05-10,71.40195199338724
2015-05-11,72.28856025166067
2015-05-12,72.0665053141727
2015-05-13,72.74222048822169
2015-05-14,76.5573889866558
2015-05-17,77.97866892439131
2015-05-18,79.80334598244724
2015-05-19,82.60497572812349
2015-05-20,84.79552024568504
2015-05-21,83.888579710607
2015-05-24,85.0838263213906
2015-05-25,85.43532370349462
2015-05-26,88.19517406270815
2015-05-27,93.00068891178327
2015-05-28,98.84170067637902
2015-05-31,107.53413426250408
2015-06-01,115.91524821712278
2015-06-02,123.58044902697816
2015-06-03,132.82351660017662
2015-06-04,142.54102762685991
2015-06-07,149.20375114117059
2015-06-08,154.66323666805042
2015-06-09,155.15282670752723
2015-06-10,147.8012035975589
2015-06-11,138.0380120068114
2015-06-14,125.647390949859
2015-06-15,117.98488498491915
2015-06-16,112.62512172982818
2015-06-17,114.4618942482617
2015-06-18,119.09540776203337
2015-06-21,121.84046167244064
2015-06-22,121.21175490644953
2015-06-23,121.65975574018982
2015-06-24,122.8767500183443
2015-06-25,121.95807787733831
2015-06-28,123.83947566506966
2015-06-29,125.85644297910108
2015-06-30,129.97676543435304
2015-07-01,130.17460875615623
2015-07-02,125.95401577743328
2015-07-05,122.45451654810867
2015-07-06,117.29500593660114
2015-07-07,108.28165723161476
2015-07-08,100.36641455262232
2015-07-09,97.63163389647352
2015-07-12,100.76167981664094
2015-07-13,109.02589016868714
2015-07-14,115.1798115989546
2015-07-15,118.0569373486796
2015-07-16,120.28779807679355
2015-07-19,120.43487677230496
2015-07-20,118.22687102808723
2015-07-21,118.27708274656584
2015-07-22,125.2616702317428
2015-07-23,130.72793950919854
2015-07-26,133.5119604798445
2015-07-27,141.97726593174986
2015-07-28,160.005814314519
2015-07-29,176.1084654822811
2015-07-30,192.75027200927508
2015-08-02,206.3273017799027
2015-08-03,212.47145041440845
2015-08-04,210.8320559212055
2015-08-05,208.73351639016877
2015-08-06,208.50640357883213
2015-08-09,218.48766753409532
2015-08-10,234.654957357606
2015-08-11,249.07741106694047
2015-08-12,259.23626304857623
2015-08-13,258.7324152028955
2015-08-16,251.13317402454487
2015-08-17,234.48121893499814
2015-08-18,217.06598797726429
2015-08-19,202.77340630226928
2015-08-20,202.58739318570397
2015-08-23,205.56136440978543
2015-08-24,211.06283609761059
2015-08-25,215.4593009353503
2015-08-26,221.16737942405643
2015-08-27,221.47117088802207
2015-08-30,224.85533076515154
2015-08-31,224.0536217365192
2015-09-01,220.00486757649588
2015-09-02,214.39768338887296
2015-09-03,210.07553350555546
2015-09-06,203.25309541964208
2015-09-07,207.85977025351366
2015-09-08,218.58506824572004
2015-09-09,229.4918900281079
2015-09-10,233.59298322677222
2015-09-13,229.0297048319705
2015-09-14,218.25355647498517
2015-09-15,206.51962020203456
2015-09-16,193.6573642041049
2015-09-17,187.53952147879795
2015-09-20,192.6364875525702
2015-09-21,195.4364968834746
2015-09-22,201.22556947826882
2015-09-23,211.39229321041336
2015-09-24,225.45084369763737
2015-09-27,234.5672498189192
2015-09-28,253.6824321522391
2015-09-29,247.7950891130979
2015-09-30,242.5292623657223
2015-10-01,234.97259061347776
2015-10-04,218.30773657478244
2015-10-05,187.94112569762717
2015-10-06,184.50633120309678
2015-10-07,173.51316505832133
2015-10-08,156.9681272842282
2015-10-11,144.7621773743862
2015-10-12,137.06828444752347
2015-10-13,121.24975488491103
2015-10-14,108.1495115876035
2015-10-15,99.31237701247602
2015-10-18,96.41916809370854
2015-10-19,93.8048701769491
2015-10-20,94.12251016069578
2015-10-21,95.4076265010219
2015-10-22,95.69612757029822
2015-10-26,95.96215610115118
2015-10-27,96.84948645173183
2015-10-28,97.45568776075594
2015-10-29,95.32116125495614
2015-10-30,93.76472989601126
2015-11-02,89.27930348052766
2015-11-03,85.77703856467386
2015-11-04,80.32483441938544
2015-11-05,80.11673594908808
2015-11-06,78.44673695667423
2015-11-09,74.1451039379073
2015-11-10,70.84245718774025
2015-11-11,72.21038751068207
2015-11-12,68.86135472520914
2015-11-13,69.60265607330966
2015-11-16,73.16121696587253
2015-11-17,77.93529066807659
2015-11-18,80.73169180096053
2015-11-19,89.84031252500532
2015-11-20,96.03168314795649
2015-11-23,100.02284091181716
2015-11-24,97.15639641454037
2015-11-25,95.81599610473874
2015-11-26,88.4941659728452
2015-11-27,80.18126399881484
2015-11-30,76.48326794781335
2015-12-01,75.37344650072893
2015-12-02,72.50745293929585
2015-12-03,75.30853929380909
2015-12-04,83.09323201698794
2015-12-07,86.72570290633519
2015-12-08,90.76815023031041
2015-12-09,92.62831249548756
2015-12-10,91.37452181528575
2015-12-11,88.50409485535363
2015-12-14,88.42881229976237
2015-12-15,90.04770160156389
2015-12-16,96.98444420492635
2015-12-17,104.39260092205893
2015-12-18,111.11959599436832
2015-12-21,118.35143789629342
2015-12-22,125.43391481740949
2015-12-23,128.78255434181094
2015-12-24,133.16208091752995
2015-12-25,134.15092702429686
2015-12-28,134.41327050185907
2015-12-29,133.74136313806298
2015-12-30,136.35667606046863
2015-12-31,137.42684726824376
2016-01-01,140.10676748717066
2016-01-04,145.76050036324546
2016-01-05,152.05734424774982
2016-01-06,155.2551111533913
2016-01-07,160.994952226762
2016-01-08,165.23274764612108
2016-01-11,163.59147815579547
2016-01-12,163.41712775034188
2016-01-13,166.98167280962772
2016-01-14,170.4094978256776
2016-01-15,178.66866819946887
2016-01-18,183.29582563456856
2016-01-19,187.529260667315
2016-01-20,193.10205280141196
2016-01-21,190.81064613880142
2016-01-22,182.87726581958384
2016-01-25,183.5329019746698
2016-01-26,182.72991247781556
2016-01-27,182.16247387460643
2016-01-28,181.87872750465039
2016-01-29,179.0626056098347
2016-02-01,171.79291498748535
2016-02-02,167.32654436355764
2016-02-03,157.0116724398722
2016-02-04,147.8669897355622
2016-02-05,143.75694068308968
2016-02-08,143.43914595839504
2016-02-09,131.94393400762667
2016-02-10,121.76780314797345
2016-02-11,114.35818190153302
2016-02-12,105.0693565960916
2016-02-15,92.94402061030837
2016-02-16,90.84613116142246
2016-02-17,89.79819006296837
2016-02-18,89.5640393469094
2016-02-19,93.9742964750277
2016-02-22,99.10772882917495
2016-02-23,102.48172218250798
2016-02-24,106.73723718630735
2016-02-25,106.92540665363545
2016-02-26,103.37951495065616
2016-02-29,100.95506189867758
2016-03-01,95.87113792179042
2016-03-02,88.03785581341813
2016-03-03,83.78189390731032
2016-03-04,83.03323337099796
2016-03-07,79.56101120121834
2016-03-08,78.27973118555066
2016-03-09,74.7319392927559
2016-03-10,71.95594336095989
2016-03-11,69.11827751963162
2016-03-14,66.9931496306076
2016-03-15,64.42863501276761
2016-03-16,65.93892946398353
2016-03-17,65.27040916710664
2016-03-18,65.59890653159822
2016-03-21,69.88001284695129
2016-03-22,72.34650750997032
2016-03-23,72.00277417986712
2016-03-24,71.75890764559811
2016-03-25,68.60375986967954
2016-03-27,62.14627853972304
2016-03-28,59.2269551768032
2016-03-29,58.808090615633986
2016-03-30,58.00785611018675
2016-03-31,57.889945800138754
2016-04-03,58.320357017325684
2016-04-04,56.422092403821104
2016-04-05,54.771163219537904
2016-04-06,53.90393597162417
2016-04-07,53.496844457734575
2016-04-10,53.42982916251083
2016-04-11,55.51899661712362
2016-04-12,57.97976738048705
2016-04-13,61.55993381241531
2016-04-14,62.955581498416834
2016-04-17,64.0161557750632
2016-04-18,65.27286029733102
2016-04-19,66.62648947692692
2016-04-20,70.06904190474415
2016-04-21,76.45466543034684
2016-04-24,79.11598328041208
2016-04-25,78.15423755363312
2016-04-26,79.3432792834529
2016-04-27,79.40546071751439
2016-04-28,77.44032952341192
2016-05-01,78.73092614325887
2016-05-02,81.56510122106926
2016-05-03,78.31206250803378
2016-05-04,73.99070240765364
2016-05-05,72.65940048519693
2016-05-08,73.23177021054337
2016-05-09,75.08858896175468
2016-05-10,81.95498398676285
2016-05-11,89.84289140937105
2016-05-12,93.98361678271932
2016-05-15,93.61577411411197
2016-05-16,91.82317346768968
2016-05-17,89.52703657786262
2016-05-18,86.56582831092307
2016-05-19,87.01802455075915
2016-05-22,93.52284640549775
2016-05-23,103.29152633015829
2016-05-24,110.66713471791363
2016-05-25,117.14290617916006
2016-05-26,119.09111441659986
2016-05-29,117.2623384271304
2016-05-30,115.77090107517154
2016-05-31,116.42002603951077
2016-06-01,115.5886179275426
2016-06-02,115.62387235835365
2016-06-05,118.68691200336737
2016-06-06,119.6783534116179
2016-06-07,119.002689778695
2016-06-08,120.38304418458365
2016-06-09,121.59947051130898
2016-06-12,114.7673464391892
2016-06-13,105.22957516414499
2016-06-14,98.49385379327596
2016-06-15,91.64933199594421
2016-06-16,86.71949639490609
2016-06-19,89.11987634122865
2016-06-20,96.09585778757474
2016-06-21,99.11105827666015
2016-06-22,98.33414494208905
2016-06-23,95.35251805977518
2016-06-26,91.96558741827937
2016-06-27,84.54757922472754
2016-06-28,77.39650208334758
2016-06-29,74.96624716445534
2016-06-30,73.65823861874416
2016-07-03,69.08410435482574
2016-07-04,64.63466497224255
2016-07-05,61.36344202958348
2016-07-06,56.74304703181387
2016-07-07,53.501782202416166
2016-07-10,53.68390450394878
2016-07-11,55.4643388370842
2016-07-12,57.54040614337315
2016-07-13,59.542720802768315
2016-07-14,61.39830238053308
2016-07-17,62.76885584436697
2016-07-18,64.76102137100114
2016-07-19,68.09827198176656
2016-07-20,70.38927199728906
2016-07-21,70.95855918657647
2016-07-24,68.71256404304391
2016-07-25,66.40395051452147
2016-07-26,62.735061766516615
2016-07-27,60.89173720271536
2016-07-28,62.06974915994971
2016-07-31,65.65094141844015
2016-08-01,67.88148635572439
2016-08-02,71.20195163944271
2016-08-03,72.21317315402858
2016-08-04,70.53227967485337
2016-08-07,70.16229784266343
2016-08-08,72.20997374280371
2016-08-09,73.5140878049603
2016-08-10,75.66304715560784
2016-08-11,77.0007960912902
2016-08-14,74.08816036174647
2016-08-15,68.3220990261514
2016-08-16,61.924458008761725
2016-08-17,57.44988806932762
2016-08-18,55.45531555371601
2016-08-21,57.80956438080524
2016-08-22,61.65905647396683
2016-08-23,68.72606778603497
2016-08-24,73.2766993855903
2016-08-25,75.75873231739135
2016-08-28,78.3971506663664
2016-08-29,80.9510284398235
2016-08-30,79.14467611783306
2016-08-31,79.82349881473911
2016-09-01,80.57617525132174
2016-09-04,78.51395137939883
2016-09-05,76.86382659469494
2016-09-06,78.05006987335484
2016-09-07,78.8738815399879
2016-09-08,81.09955578207573
2016-09-11,81.99920331067173
2016-09-12,81.4743471111448
2016-09-13,83.48278746417917
2016-09-14,88.97867230133686
2016-09-15,95.53462256592525
2016-09-18,108.31244317193932
2016-09-19,125.94439039871683
2016-09-20,137.49756980518015
2016-09-21,141.14881805441829
2016-09-22,141.19125549001353
2016-09-25,136.451370143749
2016-09-26,123.9073375759547
2016-09-27,114.36597833286483
2016-09-28,108.29583622635218
2016-09-29,104.89167892873789
2016-10-02,103.25830785411719
2016-10-03,103.21469815268911
2016-10-04,103.94677442694035
2016-10-05,105.46852353510216
2016-10-06,102.97016928401649
2016-10-09,102.57965895105023
2016-10-10,103.49880566959605
2016-10-11,102.08670936814062
2016-10-12,98.5204974697245
2016-10-13,97.55299197998244
2016-10-16,93.42026771221165
2016-10-17,93.56844470768567
2016-10-18,92.95641730099274
2016-10-19,91.77490063841108
2016-10-20,88.92385073648245
2016-10-23,84.99755364432595
2016-10-24,74.74411174675068
2016-10-25,64.07959387724406
2016-10-26,56.00303018421579
2016-10-27,50.768134133986166
2016-10-31,46.92802747984082
2016-11-01,48.30172383047128
2016-11-02,55.06867956369897
2016-11-03,61.30760977883108
2016-11-04,67.13759324298192
2016-11-07,74.86146918190762
2016-11-08,80.26353666617726
2016-11-09,83.23205452286676
2016-11-10,82.68991510462853
2016-11-11,81.81592096460356
2016-11-14,80.51349794253375
2016-11-15,84.84289956462963
2016-11-16,97.6749240240573
2016-11-17,115.28039566484844
2016-11-18,135.79251274464363
2016-11-21,152.78283675812668
2016-11-22,162.9181525255213
2016-11-23,160.28360374097255
2016-11-24,155.14104428036958
2016-11-25,145.87827420503373
2016-11-28,139.5704052366919
2016-11-29,137.9220069424639
2016-11-30,140.743194951779
2016-12-01,145.01717315697292
2016-12-02,150.79397062637244
2016-12-05,158.16567967511924
2016-12-06,161.55637982540662
2016-12-07,166.88661086036774
2016-12-08,166.334109166468
2016-12-09,163.3495890892253
2016-12-12,154.89137692356795
2016-12-13,146.10248692324672
2016-12-14,133.21763258941044
2016-12-15,125.54191912735848
2016-12-16,120.84624795057763
2016-12-19,118.81985940421187
2016-12-20,119.67106688240612
2016-12-21,116.81298792988589
2016-12-22,110.2435595079478
2016-12-23,102.3869781848864
2016-12-26,93.30133327892841
2016-12-27,82.48512210598514
2016-12-28,75.37274163253197
2016-12-29,72.91970133544237
2016-12-30,73.10279918981583
2017-01-02,74.86192196852262
2017-01-03,75.56754300799027
2017-01-04,75.1590945262328
2017-01-05,74.18239295349373
2017-01-06,72.42771839437799
2017-01-09,69.94063203085298
2017-01-10,66.71308010671974
2017-01-11,64.4947103287077
2017-01-12,59.34851021758011
2017-01-13,53.94545361204696
2017-01-16,50.38904162055718
2017-01-17,48.912685523349936
2017-01-18,48.92675745537633
2017-01-19,53.10977430404229
2017-01-20,57.42174588748179
2017-01-23,60.46967433289727
2017-01-24,64.528799685206
2017-01-25,64.57606517383883
2017-01-26,62.421904979772556
2017-01-27,59.18918663175575
2017-01-30,56.52477149116301
2017-01-31,53.62919922716967
2017-02-01,54.54821803446741
2017-02-02,56.99754080681047
2017-02-03,59.899159772832114
2017-02-06,62.906765262880526
2017-02-07,63.6589292088084
2017-02-08,64.2580150094204
2017-02-09,64.62709609522577
2017-02-10,64.67846560715304
2017-02-13,63.12869417188383
2017-02-14,64.07904846554192
2017-02-15,66.28011533857992
2017-02-16,68.6574556011938
2017-02-17,69.6767114798052
2017-02-20,71.06717368035221
2017-02-21,69.01986212534698
2017-02-22,68.74421009100408
2017-02-23,66.92647839017334
2017-02-24,65.30238348115377
2017-02-27,62.838709973215465
2017-02-28,62.61768080157201
2017-03-01,59.68363719314921
2017-03-02,60.57417712888817
2017-03-03,63.781119425315694
2017-03-06,68.262969150619
2017-03-07,71.9574016002935
2017-03-08,77.36219756550999
2017-03-09,78.5676597011482
2017-03-10,81.90171226347377
2017-03-13,86.18507846840858
2017-03-14,91.90631436833173
2017-03-15,97.97370312884706
2017-03-16,103.21243665763468
2017-03-17,106.63613842674863
2017-03-20,109.21003725064028
2017-03-21,107.45075200142601
2017-03-22,103.39706809978608
2017-03-23,100.6040630129878
2017-03-24,95.69285560877883
2017-03-26,92.43978278644363
2017-03-27,95.49575030929053
2017-03-28,102.06022165050362
2017-03-29,105.39224406751468
2017-03-30,110.46466395886428
2017-04-02,113.85466177148275
2017-04-03,113.52369375051956
2017-04-04,113.43674939833065
2017-04-05,113.88067020274418
2017-04-06,112.37682659023979
2017-04-09,109.37730818044994
2017-04-10,108.03463950076238
2017-04-11,104.34939169747197
2017-04-12,102.56054410357305
2017-04-13,103.72489019819568
2017-04-16,105.54638806070366
2017-04-17,105.3284499104999
2017-04-18,101.82979757508137
2017-04-19,98.30244323571605
2017-04-20,93.35376982188681
2017-04-23,88.63548023843155
2017-04-24,85.94644205464702
2017-04-25,88.11040511942757
2017-04-26,89.05676016731384
2017-04-27,91.58872246940348
2017-04-30,98.53925402019446
2017-05-01,104.76383703288172
2017-05-02,107.68936397618555
2017-05-03,110.84798971609591
2017-05-04,114.0151746020612
2017-05-07,110.42001914211839
2017-05-08,107.78335346643898
2017-05-09,107.91756077895889
2017-05-10,108.32423167139714
2017-05-11,109.96522101271088
2017-05-14,111.96071984673776
2017-05-15,113.9182122136402
2017-05-16,109.4262070478115
2017-05-17,104.84864549602875
2017-05-18,95.26902465469715
2017-05-21,88.33423461685352
2017-05-22,91.53973548589647
2017-05-23,105.15711200176356
2017-05-24,115.16892440687386
2017-05-25,129.01651215120864
2017-05-28,144.2529732357891
2017-05-29,149.82853103989783
2017-05-30,146.2199203251675
2017-05-31,147.7735696940766
2017-06-01,152.5227319751952
2017-06-04,153.6795192655302
2017-06-05,149.62901582402708
2017-06-06,147.59905822030163
2017-06-07,147.90128461608379
2017-06-08,145.2938847176935
2017-06-11,143.51719532030256
2017-06-12,147.73788059784877
2017-06-13,150.66754155152913
2017-06-14,153.04996524631898
2017-06-15,156.65483991241868
2017-06-18,157.87919888308244
2017-06-19,157.36664141317868
2017-06-20,160.93373218244156
2017-06-21,168.4008614530626
2017-06-22,175.8755940860171
2017-06-25,193.49356593765788
2017-06-26,212.51612065574864
2017-06-27,212.36112751509108
2017-06-28,198.44259070506268
2017-06-29,184.38362691483707
2017-07-02,164.33854381996403
2017-07-03,140.7807189266267
2017-07-04,134.03442558298008
2017-07-05,137.14444966685394
2017-07-06,140.82112446465928
2017-07-09,141.54279888532875
2017-07-10,144.45689144358886
2017-07-11,148.34885856639087
2017-07-12,148.3811079316166
2017-07-13,141.88939380018866
2017-07-16,135.77593229484842
2017-07-17,128.03602639029694
2017-07-18,118.07968743595207
2017-07-19,110.68307088168899
2017-07-20,102.79187133095199
2017-07-23,92.77605698764128
2017-07-24,84.34867538223943
2017-07-25,76.58017564854076
2017-07-26,70.33497322424016
2017-07-27,65.8311259802388
2017-07-30,65.75078902401845
2017-07-31,62.67698015647416
2017-08-01,60.01896257885719
2017-08-02,55.82317225343213
2017-08-03,52.50387473692043
2017-08-06,50.42400183224744
2017-08-07,49.58725397290033
2017-08-08,49.97174612078723
2017-08-09,50.57097901946912
2017-08-10,51.69878196730701
2017-08-13,50.03421991392011
2017-08-14,50.076076032504645
2017-08-15,49.96917292178203
2017-08-16,52.20844553029957
2017-08-17,55.69641826027911
2017-08-20,59.49104988625328
2017-08-21,61.73043800285971
2017-08-22,65.37377080721954
2017-08-23,66.76188571311619
2017-08-24,67.88897979407739
2017-08-27,70.99781653265362
2017-08-28,75.13139505921512
2017-08-29,78.49127979170757
2017-08-30,85.81376139741752
2017-08-31,90.91472405718366
2017-09-03,95.00777545084925
2017-09-04,96.33087508710693
2017-09-05,96.95890408504197
2017-09-06,92.91168825748409
2017-09-07,89.41434082425734
2017-09-10,86.59790440009402
2017-09-11,84.92026225450954
2017-09-12,83.20931340360121
2017-09-13,81.40127797158758
2017-09-14,78.1236167685133
2017-09-17,75.57504659594858
2017-09-18,74.1132021863676
2017-09-19,69.81008206371568
2017-09-20,65.56958548535165
2017-09-21,62.75380883106705
2017-09-24,57.52578618351943
2017-09-25,53.998410574123795
2017-09-26,53.65289355872312
2017-09-27,53.55865739397467
2017-09-28,57.55355982006893
2017-10-01,64.15926311344472
2017-10-02,70.83551382154118
2017-10-03,76.14394792363417
2017-10-04,80.95908153133686
2017-10-05,80.39324599828835
2017-10-08,76.16844321591097
2017-10-09,70.49219466082886
2017-10-10,67.74280761238833
2017-10-11,67.79960746779258
2017-10-12,71.315913916504
2017-10-15,77.20997577489086
2017-10-16,83.63469261870098
2017-10-17,88.35519163692015
2017-10-18,90.6448709550198
2017-10-19,93.58451085649476
2017-10-22,97.01184932459503
2017-10-23,99.07822170760434
2017-10-24,100.79818100367638
2017-10-25,106.80526794581995
2017-10-26,115.11293364553372
2017-10-30,119.80381736079399
2017-10-31,127.0089706598067
2017-11-01,136.4631913474351
2017-11-02,139.99277713613037
2017-11-03,140.86934912930386
2017-11-06,141.0425427454673
2017-11-07,136.6256077437321
2017-11-08,131.13582826861378
2017-11-09,130.44681379819696
2017-11-10,126.28655305918764
2017-11-13,126.4363721950056
2017-11-14,130.2860077344976
2017-11-15,133.70291812328074
2017-11-16,134.93406465914828
2017-11-17,139.2899300157623
2017-11-20,142.71980867521816
2017-11-21,147.9825280204188
2017-11-22,153.4375591579976
2017-11-23,159.3406408100494
2017-11-24,165.9773897216303
2017-11-27,168.93731258230406
2017-11-28,168.73049255245488
2017-11-29,165.51907406142828
2017-11-30,160.44924221442017
2017-12-01,149.41311232288513
2017-12-04,138.3009475435461
2017-12-05,132.77196425280906
2017-12-06,128.55652338071866
2017-12-07,121.53307654629262
2017-12-08,118.33367558922967
2017-12-11,117.17388307650951
2017-12-12,115.94971125019742
2017-12-13,119.26212897867272
2017-12-14,123.09577901452192
2017-12-15,129.0451458488958
2017-12-18,139.07583624060143
2017-12-19,148.43785209531612
2017-12-20,156.11856320800874
2017-12-21,161.6557996584034
2017-12-22,160.70317744790682
2017-12-25,154.54009661529503
2017-12-26,144.46799493637036
2017-12-27,131.72655283416657
2017-12-28,126.43488062517633
2017-12-29,123.7792096030744
2018-01-01,122.85447484312775
2018-01-02,121.80140822765645
2018-01-03,121.46917322105196
2018-01-04,120.29349731847037
2018-01-05,118.49551536007002
2018-01-08,116.3758993442298
2018-01-09,113.28506759142525
2018-01-10,106.80145533978948
2018-01-11,98.95635112581263
2018-01-12,94.80901121723963
2018-01-15,93.88764600886232
2018-01-16,92.94987503929704
2018-01-17,90.52499539187643
2018-01-18,85.9735770185981
2018-01-19,81.40487894908492
2018-01-22,74.1090367318692
2018-01-23,67.47142389130143
2018-01-24,62.875455656909295
2018-01-25,60.026491021256376
2018-01-26,57.93308316008201
