Date,trix_9_sma
2010-01-04,
2010-01-05,0.16641518809384892
2010-01-06,0.13515715767606226
2010-01-07,0.11919691691567662
2010-01-08,0.10660954380278051
2010-01-11,0.09603950122392842
2010-01-12,0.08775947352542922
2010-01-13,0.08185413746507077
2010-01-14,0.07868460676418834
2010-01-15,0.07753640498692349
2010-01-18,0.06776657794086065
2010-01-19,0.0661913895276421
2010-01-20,0.06808985164444417
2010-01-21,0.07397970189094843
2010-01-22,0.08394156564058965
2010-01-25,0.09605097774099021
2010-01-26,0.11011166916936539
2010-01-27,0.125540271352983
2010-01-28,0.14262366927744574
2010-01-29,0.1616146220836179
2010-02-01,0.18181512008256845
2010-02-02,0.20141712131452566
2010-02-03,0.2195578670907214
2010-02-04,0.23603875789008125
2010-02-05,0.25194782045266373
2010-02-08,0.26621142724817914
2010-02-09,0.2772200092317556
2010-02-10,0.283953885539743
2010-02-11,0.28602168135208794
2010-02-12,0.2839591022536906
2010-02-15,0.2790141731679605
2010-02-16,0.2714460727024624
2010-02-17,0.2606669093746764
2010-02-18,0.24622619079899158
2010-02-19,0.22807926259772582
2010-02-22,0.20728015817365464
2010-02-23,0.18478406843574036
2010-02-24,0.16131096724036792
2010-02-25,0.13766697720873816
2010-02-26,0.11393190882291367
2010-03-01,0.09026860892157461
2010-03-02,0.06561599941244065
2010-03-03,0.041022074409767816
2010-03-04,0.017556502407785314
2010-03-05,-0.004461220430421066
2010-03-08,-0.024964541012765788
2010-03-09,-0.04399620227416632
2010-03-10,-0.062282980549754216
2010-03-11,-0.07955891643040161
2010-03-12,-0.09566779952959183
2010-03-15,-0.10907328752044261
2010-03-16,-0.12009211641770684
2010-03-17,-0.12913188126027142
2010-03-18,-0.13609772074663182
2010-03-19,-0.14064699749197757
2010-03-22,-0.14253318570520435
2010-03-23,-0.14189066253810304
2010-03-24,-0.13869813502826564
2010-03-25,-0.13280709232659374
2010-03-26,-0.12378493402108834
2010-03-28,-0.11203257868285571
2010-03-29,-0.098246513454563
2010-03-30,-0.08352970215081029
2010-03-31,-0.06954328021909999
2010-04-01,-0.057400162147026
2010-04-04,-0.04739217474649572
2010-04-05,-0.04005268493130095
2010-04-06,-0.03514913328628701
2010-04-07,-0.03303633076707366
2010-04-08,-0.03347896030032091
2010-04-11,-0.036173436865659825
2010-04-12,-0.041449920384793254
2010-04-13,-0.048249019691570624
2010-04-14,-0.05570823823621121
2010-04-15,-0.06299380277188749
2010-04-18,-0.06932200507290467
2010-04-19,-0.07497519693181494
2010-04-20,-0.0801590195865455
2010-04-21,-0.08461075942844105
2010-04-22,-0.08788156049942718
2010-04-25,-0.08922329793602339
2010-04-26,-0.08855545554096461
2010-04-27,-0.08620632851969558
2010-04-28,-0.08325070761512682
2010-04-29,-0.08053618790007841
2010-05-02,-0.07834209524817111
2010-05-03,-0.07629090337734454
2010-05-04,-0.0738046881355416
2010-05-05,-0.0693054074886573
2010-05-06,-0.06119575096835375
2010-05-09,-0.05096191201750436
2010-05-10,-0.03950798188949734
2010-05-11,-0.026927833601697742
2010-05-12,-0.013422622094704318
2010-05-13,0.0014722417676422675
2010-05-16,0.017493718147336478
2010-05-17,0.03394162358698036
2010-05-18,0.04936689872882437
2010-05-19,0.06380115381205403
2010-05-20,0.0781118949502933
2010-05-23,0.09311469699113348
2010-05-24,0.10938838135459608
2010-05-25,0.1270915705635448
2010-05-26,0.14434660256956605
2010-05-27,0.1599297241854102
2010-05-30,0.17286580874970162
2010-05-31,0.18281935212595257
2010-06-01,0.18841556893493408
2010-06-02,0.18969572720981998
2010-06-03,0.18704835098450506
2010-06-06,0.18161755272826194
2010-06-07,0.17410839123187324
2010-06-08,0.16577570825801285
2010-06-09,0.15683510626718788
2010-06-10,0.14746992523324323
2010-06-13,0.13718910458812086
2010-06-14,0.12548062564088186
2010-06-15,0.11247898852551007
2010-06-16,0.09792535648592587
2010-06-17,0.08073784206139976
2010-06-20,0.06061449583424261
2010-06-21,0.03810785724188835
2010-06-22,0.015206257533514024
2010-06-23,-0.0072681388784802325
2010-06-24,-0.028512691007274233
2010-06-27,-0.0476205544240648
2010-06-28,-0.06358456600778345
2010-06-29,-0.07628162945578522
2010-06-30,-0.08532843265358897
2010-07-01,-0.09104306449472543
2010-07-04,-0.09390636807900737
2010-07-05,-0.09528284205412033
2010-07-06,-0.09563167817804237
2010-07-07,-0.09525435415809254
2010-07-08,-0.09469302204763977
2010-07-11,-0.09478553111705341
2010-07-12,-0.09571290066853283
2010-07-13,-0.09748299431738791
2010-07-14,-0.09940497864341291
2010-07-15,-0.10073286298541936
2010-07-18,-0.10081829315037082
2010-07-19,-0.09958529846983134
2010-07-20,-0.09720133461980288
2010-07-21,-0.09383564924810048
2010-07-22,-0.08973887654209106
2010-07-25,-0.08491780780350328
2010-07-26,-0.07977600107837575
2010-07-27,-0.07465117674317151
2010-07-28,-0.06999385379922737
2010-07-29,-0.06629257971176471
2010-08-01,-0.06386746501321144
2010-08-02,-0.06254268041592126
2010-08-03,-0.06189264022887014
2010-08-04,-0.061650404672030125
2010-08-05,-0.061724210743535894
2010-08-08,-0.06297794750237172
2010-08-09,-0.0648992442416403
2010-08-10,-0.06697885316518092
2010-08-11,-0.0685517434943383
2010-08-12,-0.0689329326461166
2010-08-15,-0.0690448271272054
2010-08-16,-0.06869776213515794
2010-08-17,-0.06795617519315891
2010-08-18,-0.0668843409526283
2010-08-19,-0.06422352717954678
2010-08-22,-0.06141315291332123
2010-08-23,-0.05843642796811226
2010-08-24,-0.055508556429179616
2010-08-25,-0.05262779222669044
2010-08-26,-0.04898065563626969
2010-08-29,-0.046217545714677837
2010-08-30,-0.04383252529496461
2010-08-31,-0.041639310120691914
2010-09-01,-0.040025006041805394
2010-09-02,-0.03810582411932149
2010-09-05,-0.038000091803930075
2010-09-06,-0.03969403913079639
2010-09-07,-0.04303399517369466
2010-09-08,-0.04786221171786268
2010-09-09,-0.052562655388182576
2010-09-12,-0.058711960866166445
2010-09-13,-0.06591739631365284
2010-09-14,-0.073963205096672
2010-09-15,-0.08216778670562158
2010-09-16,-0.08865099109558101
2010-09-19,-0.09474401937996954
2010-09-20,-0.09995533007886154
2010-09-21,-0.10381907246108206
2010-09-22,-0.10738832272934971
2010-09-23,-0.10901539423317866
2010-09-26,-0.11018744082289061
2010-09-27,-0.11043954550139927
2010-09-28,-0.11000324402414094
2010-09-29,-0.10910720896856739
2010-09-30,-0.10688563016231319
2010-10-03,-0.10579850543038696
2010-10-04,-0.10572023747332031
2010-10-05,-0.10601088803194142
2010-10-06,-0.10691799330226433
2010-10-07,-0.10744870715243875
2010-10-10,-0.10929727753301172
2010-10-11,-0.1125647192643624
2010-10-12,-0.11687667709739337
2010-10-13,-0.12216650632955958
2010-10-14,-0.12664749520974117
2010-10-17,-0.13206795096382662
2010-10-18,-0.13717703366625764
2010-10-19,-0.14113813242440332
2010-10-20,-0.14371128413390655
2010-10-21,-0.14314127679332384
2010-10-24,-0.14060256507599453
2010-10-25,-0.1358049838555584
2010-10-26,-0.12825489146241412
2010-10-27,-0.11764288698883263
2010-10-28,-0.1028537477164421
2010-11-01,-0.08671257768113362
2010-11-02,-0.07010932427820844
2010-11-03,-0.0533977038718792
2010-11-04,-0.03760653944568041
2010-11-05,-0.022502865898175167
2010-11-08,-0.009194175884110525
2010-11-09,0.0020610074410709073
2010-11-10,0.010791849395179558
2010-11-11,0.01731013775223957
2010-11-12,0.023820177590875742
2010-11-15,0.029005315378796723
2010-11-16,0.03340627006948976
2010-11-17,0.03805744075719649
2010-11-18,0.043660096047139385
2010-11-19,0.050088025223289444
2010-11-22,0.05586785378892684
2010-11-23,0.061274791937916295
2010-11-24,0.06644581988913469
2010-11-25,0.07090727199670645
2010-11-26,0.07547507331803625
2010-11-29,0.07976341826551249
2010-11-30,0.08285579367360611
2010-12-01,0.08443963263957431
2010-12-02,0.08457769306888857
2010-12-03,0.08420716696097445
2010-12-06,0.081228380698154
2010-12-07,0.07532087448403041
2010-12-08,0.0666728891416074
2010-12-09,0.056116308598604774
2010-12-10,0.044253540819661444
2010-12-13,0.031910690230053905
2010-12-14,0.019438257507589315
2010-12-15,0.007306706906165691
2010-12-16,-0.003932424689451484
2010-12-17,-0.012278578536125104
2010-12-20,-0.018657251254132853
2010-12-21,-0.02266812388550389
2010-12-22,-0.024717313273911776
2010-12-23,-0.025466891290440993
2010-12-24,-0.025590533940449564
2010-12-27,-0.025288879221154824
2010-12-28,-0.02484745219704168
2010-12-29,-0.024466201702210907
2010-12-30,-0.024683134886341038
2010-12-31,-0.025260922487429442
2011-01-03,-0.02810100795265648
2011-01-04,-0.03330748140337107
2011-01-05,-0.040250952566704
2011-01-06,-0.04807622619284555
2011-01-07,-0.05588137117815432
2011-01-10,-0.06416242980156661
2011-01-11,-0.07200376744153755
2011-01-12,-0.07969450340100429
2011-01-13,-0.08741752096094976
2011-01-14,-0.09308222822030024
2011-01-17,-0.09677118823192168
2011-01-18,-0.09832786241581262
2011-01-19,-0.09821944612333883
2011-01-20,-0.09713178181619138
2011-01-21,-0.09518130673930748
2011-01-24,-0.09416627714571438
2011-01-25,-0.09274902905280454
2011-01-26,-0.08980859950519149
2011-01-27,-0.08703128468037415
2011-01-28,-0.08362937082784051
2011-01-31,-0.08091667490411036
2011-02-01,-0.07860870633338989
2011-02-02,-0.07652309865842917
2011-02-03,-0.0737628907723856
2011-02-04,-0.06931247442735108
2011-02-07,-0.06499210194065376
2011-02-08,-0.061756623850563415
2011-02-09,-0.05804014015483927
2011-02-10,-0.054305551945345025
2011-02-11,-0.04987561850709072
2011-02-14,-0.046378883331766624
2011-02-15,-0.04346900562069417
2011-02-16,-0.04079737214868534
2011-02-17,-0.03827611204517672
2011-02-18,-0.0349467209616055
2011-02-21,-0.03154152113379946
2011-02-22,-0.028117740027274365
2011-02-23,-0.024584945271021452
2011-02-24,-0.02095229624761664
2011-02-25,-0.016262448112026897
2011-02-28,-0.011329478221123295
2011-03-01,-0.006761292526632971
2011-03-02,-0.00296405345594803
2011-03-03,-5.594879090622276e-05
2011-03-04,0.0029832645271741193
2011-03-07,0.005223283764809705
2011-03-08,0.006362931447733791
2011-03-09,0.006324574327666201
2011-03-10,0.005356332742567719
2011-03-11,0.003842442506989408
2011-03-14,0.002014535825579345
2011-03-15,0.00028887641709083315
2011-03-16,-0.00104590377329068
2011-03-17,-0.0014074613922523873
2011-03-18,-0.0001838529204520184
2011-03-21,0.0022057965092207583
2011-03-22,0.005375630452012463
2011-03-23,0.008908510104307515
2011-03-24,0.01242785483801389
2011-03-25,0.01570346572282199
2011-03-27,0.018199145758477916
2011-03-28,0.019918762955920224
2011-03-29,0.020495078198280836
2011-03-30,0.019022765579561063
2011-03-31,0.015443920399275926
2011-04-03,0.0095021672440204
2011-04-04,0.0011523481128668394
2011-04-05,-0.009424425416441581
2011-04-06,-0.02169155654112391
2011-04-07,-0.03552125696472304
2011-04-10,-0.05148962589442591
2011-04-11,-0.069490952036866
2011-04-12,-0.08826250014126366
2011-04-13,-0.10686887296149779
2011-04-14,-0.12399618854936202
2011-04-17,-0.13974641744163438
2011-04-18,-0.1536499504535557
2011-04-19,-0.1659535620123922
2011-04-20,-0.1765729776159624
2011-04-21,-0.18495666570728206
2011-04-24,-0.1912379777253005
2011-04-25,-0.19557768038741719
2011-04-26,-0.1984739297560263
2011-04-27,-0.20057381325309115
2011-04-28,-0.20076515516287927
2011-05-01,-0.19969155203126301
2011-05-02,-0.19720773279617052
2011-05-03,-0.19279693023417743
2011-05-04,-0.1858469650331758
2011-05-05,-0.17546477795463233
2011-05-08,-0.16238835917475225
2011-05-09,-0.1466009851489359
2011-05-10,-0.128596367220827
2011-05-11,-0.10906586101238862
2011-05-12,-0.08809225616207966
2011-05-15,-0.06574890702705488
2011-05-16,-0.04265755274373655
2011-05-17,-0.02010549748837691
2011-05-18,0.000393824572139838
2011-05-19,0.018752404706374775
2011-05-22,0.034457694276712525
2011-05-23,0.048189445319194356
2011-05-24,0.05988152819806144
2011-05-25,0.06961817410419645
2011-05-26,0.07694665860346768
2011-05-29,0.08113728967481268
2011-05-30,0.08223086543892455
2011-05-31,0.08025842272100715
2011-06-01,0.07566134860603801
2011-06-02,0.06864311927990496
2011-06-05,0.0586280202870452
2011-06-06,0.04600597514586654
2011-06-07,0.031195175640863954
2011-06-08,0.01486134460744167
2011-06-09,-0.0015932150259466318
2011-06-12,-0.017021993772075375
2011-06-13,-0.030526849413296555
2011-06-14,-0.042223814564605985
2011-06-15,-0.051438879885675685
2011-06-16,-0.05743848610672944
2011-06-19,-0.06065901630596973
2011-06-20,-0.06134225544796964
2011-06-21,-0.060070566779893454
2011-06-22,-0.05747401039381893
2011-06-23,-0.0541384462604194
2011-06-26,-0.05034461588012245
2011-06-27,-0.045928794084288176
2011-06-28,-0.04173054407575181
2011-06-29,-0.03870166085000522
2011-06-30,-0.0371550897077709
2011-07-03,-0.03761872827999521
2011-07-04,-0.04005106127686639
2011-07-05,-0.043971252136789624
2011-07-06,-0.04892841193338974
2011-07-07,-0.05492724719520761
2011-07-10,-0.06182437530952424
2011-07-11,-0.06855546124960328
2011-07-12,-0.07438497415453195
2011-07-13,-0.07887061505016739
2011-07-14,-0.08126776999140134
2011-07-17,-0.08153375097399437
2011-07-18,-0.07990686462688046
2011-07-19,-0.07705312660752103
2011-07-20,-0.07317997884708775
2011-07-21,-0.06891343413015094
2011-07-24,-0.06509688106151676
2011-07-25,-0.06234458744027603
2011-07-26,-0.06106090285364639
2011-07-27,-0.06087239663451068
2011-07-28,-0.06127405274277252
2011-07-31,-0.06251950878277691
2011-08-01,-0.06415749518094878
2011-08-02,-0.06565155248376375
2011-08-03,-0.06645122254376767
2011-08-04,-0.06594793342545398
2011-08-07,-0.06318605563548459
2011-08-08,-0.05737051121194914
2011-08-09,-0.04818059363256165
2011-08-10,-0.03582710820310989
2011-08-11,-0.02023152060720034
2011-08-14,-0.0022112945274634457
2011-08-15,0.016787558088175298
2011-08-16,0.035646021037388814
2011-08-17,0.053126432340121425
2011-08-18,0.06881819719923275
2011-08-21,0.08212577614481438
2011-08-22,0.09216733989279473
2011-08-23,0.09861028751157644
2011-08-24,0.10168176092979514
2011-08-25,0.10207676604320068
2011-08-28,0.10074320588798298
2011-08-29,0.09834358607657989
2011-08-30,0.09530069612106802
2011-08-31,0.09108717923425685
2011-09-01,0.0861966807069346
2011-09-04,0.0815884178053657
2011-09-05,0.0784707212556856
2011-09-06,0.0775051492432343
2011-09-07,0.078746964879091
2011-09-08,0.08226317676286973
2011-09-11,0.0886691146505259
2011-09-12,0.09904615995248821
2011-09-13,0.1140509766804839
2011-09-14,0.13361321686664324
2011-09-15,0.15615469137632712
2011-09-18,0.17997734243103286
2011-09-19,0.2054598977735641
2011-09-20,0.2329491610793878
2011-09-21,0.2635018510165026
2011-09-22,0.2978849015152851
2011-09-25,0.334901359652792
2011-09-26,0.3730466993612264
2011-09-27,0.40978853385702807
2011-09-28,0.44431349162743683
2011-09-29,0.47635239917670635
2011-10-02,0.5043917753341376
2011-10-03,0.5284754901126214
2011-10-04,0.5468498844463616
2011-10-05,0.5573357374710911
2011-10-06,0.5590221844424426
2011-10-09,0.5511768226778742
2011-10-10,0.5347706320297797
2011-10-11,0.5104595664605287
2011-10-12,0.4798291595802547
2011-10-13,0.4431930174164638
2011-10-16,0.40002441938466266
2011-10-17,0.3523338133596059
2011-10-18,0.3019740855897508
2011-10-19,0.2511360080890142
2011-10-20,0.2029672350051589
2011-10-23,0.15926439763085226
2011-10-24,0.12073517303988794
2011-10-25,0.08706812253705648
2011-10-26,0.05851523503392759
2011-10-27,0.034168118962301514
2011-10-31,0.011962031697698248
2011-11-01,-0.009072320579254806
2011-11-02,-0.028477814153643158
2011-11-03,-0.046794715472904175
2011-11-04,-0.06395079354861599
2011-11-07,-0.07909568725380295
2011-11-08,-0.09204266901750244
2011-11-09,-0.10292869467741952
2011-11-10,-0.11041760117734714
2011-11-11,-0.11330802214634361
2011-11-14,-0.11173330924094306
2011-11-15,-0.10674019527481483
2011-11-16,-0.09877202678439137
2011-11-17,-0.08825006736733979
2011-11-18,-0.07616484344343848
2011-11-21,-0.06297520486940954
2011-11-22,-0.04823035216902263
2011-11-23,-0.03203133949319063
2011-11-24,-0.013573996089225467
2011-11-25,0.008247355927709388
2011-11-28,0.03345738348335974
2011-11-29,0.06093410357444916
2011-11-30,0.08941678602055476
2011-12-01,0.11733443537924709
2011-12-02,0.14315953055144245
2011-12-05,0.1653145864354546
2011-12-06,0.18247486933460735
2011-12-07,0.19326193604417488
2011-12-08,0.19701720438883913
2011-12-09,0.1940910005648676
2011-12-12,0.18528729930217552
2011-12-13,0.17208209274748262
2011-12-14,0.15756529204364209
2011-12-15,0.14436367049729334
2011-12-16,0.13371547375364162
2011-12-19,0.12646327497049065
2011-12-20,0.12296309310535923
2011-12-21,0.12246937004376132
2011-12-22,0.12422756568479174
2011-12-23,0.1279798788073421
2011-12-26,0.13331534989242075
2011-12-27,0.13875829460326278
2011-12-28,0.14302745840657383
2011-12-29,0.14617520250610583
2011-12-30,0.14816901776276056
2012-01-02,0.14868951565611477
2012-01-03,0.14836508566070644
2012-01-04,0.1465415405591616
2012-01-05,0.1426700410018219
2012-01-06,0.13695290862553208
2012-01-09,0.12976519734445696
2012-01-10,0.12125390308957609
2012-01-11,0.11032985993553414
2012-01-12,0.09688527478242882
2012-01-13,0.08063307172279528
2012-01-16,0.06168168645376889
2012-01-17,0.040870764151673095
2012-01-18,0.019257047208876703
2012-01-19,-0.0031850821121723375
2012-01-20,-0.0267244719438926
2012-01-23,-0.051127006992139096
2012-01-24,-0.0753674679722517
2012-01-25,-0.09871117553021795
2012-01-26,-0.12015706257064222
2012-01-27,-0.1373064216944109
2012-01-30,-0.1511987457778676
2012-01-31,-0.16244341314228258
2012-02-01,-0.17132510389816213
2012-02-02,-0.17814502602421092
2012-02-03,-0.18359803043347298
2012-02-06,-0.1880579241340869
2012-02-07,-0.1917516498730839
2012-02-08,-0.1948651491399076
2012-02-09,-0.19973382538439777
2012-02-10,-0.20517593510254045
2012-02-13,-0.21052627445477828
2012-02-14,-0.21541454758671674
2012-02-15,-0.21931290355494393
2012-02-16,-0.2213767982215471
2012-02-17,-0.22141307635379734
2012-02-20,-0.21976000870206003
2012-02-21,-0.2165747771825327
2012-02-22,-0.2119787194425755
2012-02-23,-0.20630027122609765
2012-02-24,-0.19972317876670945
2012-02-27,-0.19249989094827966
2012-02-28,-0.1848863985988664
2012-02-29,-0.1775455294330877
2012-03-01,-0.17017126365257992
2012-03-02,-0.1625350350780542
2012-03-05,-0.15435354540904989
2012-03-06,-0.1452568197370102
2012-03-07,-0.13438973527389242
2012-03-08,-0.12140852698412824
2012-03-09,-0.10624750982191457
2012-03-12,-0.0883930029923
2012-03-13,-0.06735331564962112
2012-03-14,-0.04372775451218724
2012-03-15,-0.017779987588963753
2012-03-16,0.009619566959527773
2012-03-19,0.037501404062319776
2012-03-20,0.06517773863239694
2012-03-21,0.09182925962256316
2012-03-22,0.11714566127103804
2012-03-23,0.14025037131376855
2012-03-25,0.160235740651246
2012-03-26,0.17703558608070857
2012-03-27,0.1905648100689545
2012-03-28,0.2010780670219025
2012-03-29,0.20887105897183944
2012-04-01,0.21384206941277284
2012-04-02,0.21641202979239804
2012-04-03,0.21678180449682138
2012-04-04,0.21520266816263284
2012-04-05,0.2120594195660511
2012-04-08,0.20749542289948827
2012-04-09,0.20154745071511046
2012-04-10,0.19460499377704513
2012-04-11,0.18710075743709936
2012-04-12,0.17905901333876204
2012-04-15,0.17064934612274327
2012-04-16,0.16229819888096722
2012-04-17,0.15461347596153446
2012-04-18,0.1484833498321489
2012-04-19,0.1444274968423494
2012-04-22,0.1425325691242643
2012-04-23,0.14259034824696223
2012-04-24,0.1442894130668648
2012-04-25,0.14750656842276721
2012-04-26,0.15191563307218012
2012-04-29,0.15708812280259174
2012-04-30,0.16284931178127066
2012-05-01,0.1686142174649398
2012-05-02,0.17431511462451663
2012-05-03,0.1797920646464153
2012-05-06,0.18513893058348935
2012-05-07,0.19023351097008245
2012-05-08,0.1954272779518669
2012-05-09,0.20148228048239736
2012-05-10,0.20834644348663037
2012-05-13,0.2157568680844525
2012-05-14,0.22406928746924018
2012-05-15,0.23321357043304772
2012-05-16,0.2433166163045374
2012-05-17,0.2541534750457875
2012-05-20,0.2659795130458782
2012-05-21,0.27863686016424105
2012-05-22,0.2924038959794276
2012-05-23,0.30641933231316115
2012-05-24,0.3198147439805004
2012-05-27,0.33056805959943486
2012-05-28,0.33738802780645427
2012-05-29,0.33995992384033513
2012-05-30,0.3386671009233284
2012-05-31,0.3339113359583934
2012-06-03,0.32624248533134076
2012-06-04,0.3153371964367486
2012-06-05,0.30189260685066727
2012-06-06,0.2867491802358171
2012-06-07,0.27143869778077917
2012-06-10,0.25684929445846616
2012-06-11,0.24415835537145714
2012-06-12,0.23358164524205435
2012-06-13,0.22501833290145346
2012-06-14,0.21776424702219585
2012-06-17,0.21085378063286941
2012-06-18,0.20459816615061024
2012-06-19,0.1983084799449491
2012-06-20,0.191528784399464
2012-06-21,0.1849949374831527
2012-06-24,0.17838360706211553
2012-06-25,0.17135390297204214
2012-06-26,0.163959948498551
2012-06-27,0.15654850875766724
2012-06-28,0.1495979270647332
2012-07-01,0.14179502876638073
2012-07-02,0.1326023609677744
2012-07-03,0.12239970799022368
2012-07-04,0.11107470435928332
2012-07-05,0.09844628195546984
2012-07-08,0.08482610551891175
2012-07-09,0.07030343279310965
2012-07-10,0.055070112142746624
2012-07-11,0.039352148725453485
2012-07-12,0.024762659444549598
2012-07-15,0.0127470252076087
2012-07-16,0.0035192968929533136
2012-07-17,-0.0035596343113098775
2012-07-18,-0.008878482446077373
2012-07-19,-0.013087112010867758
2012-07-22,-0.01647733577444142
2012-07-23,-0.019018930685159387
2012-07-24,-0.020610633292422662
2012-07-25,-0.021529817327725367
2012-07-26,-0.022246620325185668
2012-07-29,-0.022976865199901646
2012-07-30,-0.02319358810523321
2012-07-31,-0.02224094673384885
2012-08-01,-0.01994483825839585
2012-08-02,-0.016400592915909465
2012-08-05,-0.012452890522152755
2012-08-06,-0.008804890500736583
2012-08-07,-0.00565034146387689
2012-08-08,-0.0029554002994304413
2012-08-09,-0.0007754461225015536
2012-08-12,0.00043107993641097086
2012-08-13,0.00023275722238500326
2012-08-14,-0.0011297401136174797
2012-08-15,-0.0036007039553080495
2012-08-16,-0.00680989764075032
2012-08-19,-0.01051624569119866
2012-08-20,-0.014504837277060444
2012-08-21,-0.01856150625615971
2012-08-22,-0.022370311090531177
2012-08-23,-0.025528558327142823
2012-08-26,-0.027931491062085714
2012-08-27,-0.029518545041225443
2012-08-28,-0.030057447620339225
2012-08-29,-0.029180810179481566
2012-08-30,-0.026777125052193165
2012-09-02,-0.023236382146566502
2012-09-03,-0.01879443462275901
2012-09-04,-0.013593552410617885
2012-09-05,-0.007946791574259461
2012-09-06,-0.002322607465749791
2012-09-09,0.002824405145570067
2012-09-10,0.006912869043870531
2012-09-11,0.009373390691130568
2012-09-12,0.01022316251239474
2012-09-13,0.00981599958356849
2012-09-16,0.008252361608847743
2012-09-17,0.005929802686159955
2012-09-18,0.0029484829581108967
2012-09-19,-0.00032245805414944786
2012-09-20,-0.003702971583665851
2012-09-23,-0.006931053805599609
2012-09-24,-0.0096045136002965
2012-09-25,-0.01164897119631831
2012-09-26,-0.012840244167141947
2012-09-27,-0.013038678997075136
2012-09-30,-0.012729149736453524
2012-10-01,-0.012023350007667435
2012-10-02,-0.011006713875592879
2012-10-03,-0.009814512584964442
2012-10-04,-0.008610135670284923
2012-10-07,-0.007965339338262288
2012-10-08,-0.007661620433626476
2012-10-09,-0.007605904259025696
2012-10-10,-0.007428386172950709
2012-10-11,-0.00683142032821998
2012-10-14,-0.005615583475326518
2012-10-15,-0.0038739586626396574
2012-10-16,-0.0016169994630414097
2012-10-17,0.001089824933979431
2012-10-18,0.004464143778332563
2012-10-21,0.007957552907512662
2012-10-22,0.011117598362273183
2012-10-23,0.013553896083555308
2012-10-24,0.0150471582540962
2012-10-25,0.015461246805451904
2012-10-29,0.014932998030002528
2012-10-30,0.013763199144647313
2012-10-31,0.012211319037436242
2012-11-01,0.01052054607205213
2012-11-02,0.0088850980456693
2012-11-05,0.007470960413019657
2012-11-06,0.006429500250564338
2012-11-07,0.00575658112423077
2012-11-08,0.005508465033099341
2012-11-09,0.0057528951960724335
2012-11-12,0.006530459218095599
2012-11-13,0.007962545035686587
2012-11-14,0.010255108101163285
2012-11-15,0.013567017128298674
2012-11-16,0.017952741422263545
2012-11-19,0.023567161973952963
2012-11-20,0.030438002411485372
2012-11-21,0.038457435250684936
2012-11-22,0.047678684974420106
2012-11-23,0.05802879248593535
2012-11-26,0.06879488096068814
2012-11-27,0.0793449409610042
2012-11-28,0.08917528157871257
2012-11-29,0.09814507393539322
2012-11-30,0.105949108989739
2012-12-03,0.11327193274005566
2012-12-04,0.12017792961320513
2012-12-05,0.12638440803815665
2012-12-06,0.13097642831589992
2012-12-07,0.13373300591429768
2012-12-10,0.13455770204529988
2012-12-11,0.13353405644591745
2012-12-12,0.1306482116474764
2012-12-13,0.1258482895841293
2012-12-14,0.11875983275797118
2012-12-17,0.10963903871152604
2012-12-18,0.09901683468595569
2012-12-19,0.08782559567339729
2012-12-20,0.07655749175104444
2012-12-21,0.06560553874947185
2012-12-24,0.05492002613640019
2012-12-25,0.04486509369050279
2012-12-26,0.03580101850796934
2012-12-27,0.027078078180692695
2012-12-28,0.018174571163992372
2012-12-31,0.00868926520411566
2013-01-01,-0.0013024213912703484
2013-01-02,-0.011420111469606566
2013-01-03,-0.021391634810878513
2013-01-04,-0.030712766837149155
2013-01-07,-0.039765667767827424
2013-01-08,-0.04892679497051289
2013-01-09,-0.05755188975001037
2013-01-10,-0.06498257355164833
2013-01-11,-0.07132567656165524
2013-01-14,-0.07676216772442149
2013-01-15,-0.0812875688485123
2013-01-16,-0.08478083551698005
2013-01-17,-0.08727521826395185
2013-01-18,-0.08860890032125712
2013-01-21,-0.0887904610901489
2013-01-22,-0.0879679041939685
2013-01-23,-0.08639744713162101
2013-01-24,-0.08404578955130776
2013-01-25,-0.08109954768109694
2013-01-28,-0.07777014074894706
2013-01-29,-0.07508330304015073
2013-01-30,-0.07378565380086419
2013-01-31,-0.07412040937688286
2013-02-01,-0.0759247188985972
2013-02-04,-0.0792792593358108
2013-02-05,-0.0840025889228882
2013-02-06,-0.08996842480527589
2013-02-07,-0.09682886470642052
2013-02-08,-0.10474396127089299
2013-02-11,-0.11288129664264118
2013-02-12,-0.12053158884576527
2013-02-13,-0.12735103823929161
2013-02-14,-0.1333042269562802
2013-02-15,-0.138480027319436
2013-02-18,-0.14295105112401876
2013-02-19,-0.14666422362480244
2013-02-20,-0.14980044755873081
2013-02-21,-0.15192015360866018
2013-02-22,-0.15270896007606777
2013-02-25,-0.15212323182369344
2013-02-26,-0.1499551724310163
2013-02-27,-0.14605817693332868
2013-02-28,-0.1404630292031958
2013-03-01,-0.13342926799612492
2013-03-04,-0.12505017893742637
2013-03-05,-0.11558394175676928
2013-03-06,-0.10559055219010324
2013-03-07,-0.09554886017454639
2013-03-08,-0.08596355321015535
2013-03-11,-0.07773827143044373
2013-03-12,-0.07108373726701914
2013-03-13,-0.06572669685342533
2013-03-14,-0.061384981154497115
2013-03-15,-0.057897833319754746
2013-03-18,-0.0547829620193345
2013-03-19,-0.05147769902043425
2013-03-20,-0.047836037578855135
2013-03-21,-0.04353835196778835
2013-03-22,-0.037663653023420146
2013-03-25,-0.030061133540228727
2013-03-26,-0.02095751637741715
2013-03-27,-0.010558103714455314
2013-03-28,0.0007842213591350736
2013-03-29,0.012797984447545029
2013-03-31,0.025144267995659705
2013-04-01,0.037474229622785724
2013-04-02,0.04956621045949087
2013-04-03,0.06088041327993911
2013-04-04,0.07090125196210925
2013-04-07,0.07876958261556362
2013-04-08,0.0840260403741152
2013-04-09,0.08645312201831573
2013-04-10,0.08575801353590565
2013-04-11,0.08200384353070118
2013-04-14,0.07534430050318888
2013-04-15,0.06665703534410693
2013-04-16,0.056314020191600464
2013-04-17,0.045105604755830246
2013-04-18,0.033897299930224445
2013-04-21,0.023596863593181774
2013-04-22,0.015135146168470384
2013-04-23,0.00918971293761448
2013-04-24,0.005801817477487311
2013-04-25,0.004829146490443951
2013-04-28,0.005267551555120232
2013-04-29,0.006941400948014527
2013-04-30,0.009320616828815947
2013-05-01,0.012347219371001068
2013-05-02,0.015562266624918747
2013-05-05,0.018416242408346873
2013-05-06,0.020548126158475427
2013-05-07,0.021972397333881413
2013-05-08,0.02282535593813163
2013-05-09,0.02351893589868548
2013-05-12,0.0241496773547884
2013-05-13,0.02470906195014107
2013-05-14,0.025437286316339958
2013-05-15,0.026391134168226516
2013-05-16,0.02767199762192563
2013-05-19,0.02947926516437578
2013-05-20,0.03198605982174346
2013-05-21,0.03528760479009077
2013-05-22,0.03946248884658519
2013-05-23,0.044304534364668774
2013-05-26,0.049898761410737444
2013-05-27,0.05611336852633716
2013-05-28,0.06318348662709589
2013-05-29,0.07178801678274206
2013-05-30,0.08203834707246656
2013-06-02,0.09340667065337424
2013-06-03,0.10614524546147525
2013-06-04,0.12006261723350481
2013-06-05,0.1350241843284203
2013-06-06,0.15075099393129632
2013-06-09,0.16683056488943215
2013-06-10,0.18252014951156506
2013-06-11,0.1966628451478028
2013-06-12,0.2090986961986134
2013-06-13,0.21944400968967967
2013-06-16,0.22653691262912912
2013-06-17,0.2312111065797898
2013-06-18,0.23427772968038507
2013-06-19,0.2371810602254683
2013-06-20,0.24140015492862885
2013-06-23,0.24738385930220538
2013-06-24,0.2550095314595435
2013-06-25,0.26326701292310895
2013-06-26,0.2717210770890446
2013-06-27,0.28065255730712513
2013-06-30,0.28863780640116293
2013-07-01,0.29530925097981986
2013-07-02,0.30005551963141225
2013-07-03,0.3023117464450612
2013-07-04,0.3019007095669118
2013-07-07,0.2991742542262287
2013-07-08,0.29506911298528965
2013-07-09,0.2905776517588006
2013-07-10,0.2864554441246966
2013-07-11,0.2829316659185968
2013-07-14,0.27965525743616454
2013-07-15,0.2751101255407506
2013-07-16,0.2687828797004369
2013-07-17,0.2603595622951284
2013-07-18,0.24977360440253202
2013-07-21,0.23732662283017744
2013-07-22,0.2232407686309567
2013-07-23,0.20713601542163992
2013-07-24,0.18993327841362254
2013-07-25,0.17208580726995884
2013-07-28,0.1550700489505983
2013-07-29,0.13940411586660043
2013-07-30,0.1260820310777092
2013-07-31,0.11551635756291316
2013-08-01,0.10789337378929569
2013-08-04,0.10311935829497984
2013-08-05,0.10167778353927362
2013-08-06,0.10290133908153702
2013-08-07,0.10642452383542238
2013-08-08,0.11115243799867242
2013-08-11,0.11592831385895479
2013-08-12,0.12008705592382898
2013-08-13,0.12382667541612825
2013-08-14,0.1269737575240426
2013-08-15,0.13005448764323557
2013-08-18,0.13393188443677262
2013-08-19,0.1395879053887979
2013-08-20,0.1470332454358782
2013-08-21,0.1575499818818441
2013-08-22,0.17157108613348757
2013-08-25,0.18724053767961152
2013-08-26,0.2033474005895885
2013-08-27,0.2187413710578919
2013-08-28,0.23197068553263614
2013-08-29,0.2416028467147757
2013-09-01,0.2470099722185186
2013-09-02,0.2482478039617399
2013-09-03,0.244331257810399
2013-09-04,0.2353276604532898
2013-09-05,0.2225428017952477
2013-09-08,0.20616955465639733
2013-09-09,0.18629297726391103
2013-09-10,0.16386314174125408
2013-09-11,0.13927423292317165
2013-09-12,0.11257153741259779
2013-09-15,0.08418735746033477
2013-09-16,0.055000605230828024
2013-09-17,0.02512690199109401
2013-09-18,-0.005736400963051306
2013-09-19,-0.03701580899966406
2013-09-22,-0.06759709175359113
2013-09-23,-0.09709855405558536
2013-09-24,-0.12509663772601298
2013-09-25,-0.15084878227012155
2013-09-26,-0.17374981015592716
2013-09-29,-0.19389497343561668
2013-09-30,-0.21100456703746806
2013-10-01,-0.22394573561014441
2013-10-02,-0.23290175100608845
2013-10-03,-0.23810587191555044
2013-10-06,-0.2396628402781275
2013-10-07,-0.2376440535589307
2013-10-08,-0.23308881516819677
2013-10-09,-0.22711794996924534
2013-10-10,-0.22073137525975167
2013-10-13,-0.2145875147396067
2013-10-14,-0.20884751362814769
2013-10-15,-0.2032193920418461
2013-10-16,-0.19778667677027464
2013-10-17,-0.19301888342546658
2013-10-20,-0.18960618942225815
2013-10-21,-0.1871508766510945
2013-10-22,-0.18533750868184015
2013-10-23,-0.1831346471735221
2013-10-24,-0.17957943898271597
2013-10-28,-0.17465347126709999
2013-10-29,-0.16855466067469688
2013-10-30,-0.16143628053719056
2013-10-31,-0.1531319185111037
2013-11-01,-0.14246697820777585
2013-11-04,-0.12902274799930524
2013-11-05,-0.11295589291746388
2013-11-06,-0.09422455308536709
2013-11-07,-0.0732146761904798
2013-11-08,-0.049709164071812986
2013-11-11,-0.023582000136675683
2013-11-12,0.005230293816906063
2013-11-13,0.036544318570995576
2013-11-14,0.06899974334422032
2013-11-15,0.10087830402127865
2013-11-18,0.1313404314038659
2013-11-19,0.15816642827015245
2013-11-20,0.18021071188258544
2013-11-21,0.1966333684378682
2013-11-22,0.20772024021464902
2013-11-25,0.21309833237376655
2013-11-26,0.21297647750354168
2013-11-27,0.20810285293616249
2013-11-28,0.20018039977651983
2013-11-29,0.19016438205115313
2013-12-02,0.18010241598551088
2013-12-03,0.17151547150773228
2013-12-04,0.1656072107411968
2013-12-05,0.16261125264597776
2013-12-06,0.16243442335945849
2013-12-09,0.16409937474702455
2013-12-10,0.16657282511759233
2013-12-11,0.16838062993284997
2013-12-12,0.16946689068708684
2013-12-13,0.16943794353237043
2013-12-16,0.16760391133725422
2013-12-17,0.1632851684983434
2013-12-18,0.15586925138110858
2013-12-19,0.1460024825713837
2013-12-20,0.13533052209543925
2013-12-23,0.1255157413522469
2013-12-24,0.11723373180377232
2013-12-25,0.11026584217523235
2013-12-26,0.10452723849711312
2013-12-27,0.09999339633259127
2013-12-30,0.09629767764537833
2013-12-31,0.09374149308958162
2014-01-01,0.09222164709740283
2014-01-02,0.09112974099972768
2014-01-03,0.09006068753212883
2014-01-06,0.08904561548803899
2014-01-07,0.088120813448307
2014-01-08,0.08723145578968922
2014-01-09,0.08678699476985896
2014-01-10,0.08726588351655494
2014-01-13,0.08785049179083443
2014-01-14,0.08809700346985277
2014-01-15,0.08770525281736838
2014-01-16,0.08612453161852282
2014-01-17,0.08342148761345501
2014-01-20,0.07945511434603321
2014-01-21,0.07420228347719648
2014-01-22,0.0676449565178117
2014-01-23,0.06015241524592977
2014-01-24,0.05299774945425903
2014-01-27,0.0469376980246757
2014-01-28,0.04290400175227
2014-01-29,0.041363258156196875
2014-01-30,0.042509344745467206
2014-01-31,0.046102810166656995
2014-02-03,0.05217938073317579
2014-02-04,0.06053572983615488
2014-02-05,0.07014152475839557
2014-02-06,0.0797061738340501
2014-02-07,0.08810466824975663
2014-02-10,0.09419571985136256
2014-02-11,0.0978573300736409
2014-02-12,0.09892237922796526
2014-02-13,0.09812292059654117
2014-02-14,0.09535220972941268
2014-02-17,0.09031166159409817
2014-02-18,0.08347388900149941
2014-02-19,0.07552413938026131
2014-02-20,0.06729854983931961
2014-02-21,0.05909415979295421
2014-02-24,0.050099741848392124
2014-02-25,0.03991629498147451
2014-02-26,0.02819168910773085
2014-02-27,0.015450125952231294
2014-02-28,0.0017445637780988245
2014-03-03,-0.012501272901785808
2014-03-04,-0.026888699596843642
2014-03-05,-0.04122102628985827
2014-03-06,-0.055351226424392275
2014-03-07,-0.06861711156600202
2014-03-10,-0.08028754443603348
2014-03-11,-0.08989107526523393
2014-03-12,-0.09711645651313493
2014-03-13,-0.10152783789541711
2014-03-14,-0.10311509396503513
2014-03-17,-0.10252687119358576
2014-03-18,-0.10014423436388535
2014-03-19,-0.09625810514219282
2014-03-20,-0.0909384901497962
2014-03-21,-0.0849681345823702
2014-03-24,-0.07907457723487905
2014-03-25,-0.07401339991613701
2014-03-26,-0.07025198471894319
2014-03-27,-0.06843540029866126
2014-03-28,-0.06911925031765573
2014-03-30,-0.07257922532551735
2014-03-31,-0.07828261590229597
2014-04-01,-0.08619612042209213
2014-04-02,-0.09565194945651301
2014-04-03,-0.1058553144182626
2014-04-06,-0.11701268562091381
2014-04-07,-0.12927565498691915
2014-04-08,-0.14261587028339318
2014-04-09,-0.15658017366142038
2014-04-10,-0.17041270077814435
2014-04-13,-0.1836679932572765
2014-04-14,-0.1959029843576932
2014-04-15,-0.20660951581703368
2014-04-16,-0.21565214746221018
2014-04-17,-0.22240256406680134
2014-04-20,-0.2263090674543838
2014-04-21,-0.2269291818407887
2014-04-22,-0.22372981677117768
2014-04-23,-0.2173678217038737
2014-04-24,-0.20879533585095547
2014-04-27,-0.19819809891177345
2014-04-28,-0.1865588390270629
2014-04-29,-0.1744331799270432
2014-04-30,-0.16215087300888528
2014-05-01,-0.14991820604270428
2014-05-04,-0.13818460715463868
2014-05-05,-0.12689894755916453
2014-05-06,-0.11597863421675648
2014-05-07,-0.1054649681714493
2014-05-08,-0.09594588844403125
2014-05-11,-0.08751879489253306
2014-05-12,-0.08039216326976886
2014-05-13,-0.07451226608546976
2014-05-14,-0.07005310354327884
2014-05-15,-0.06647569575896478
2014-05-18,-0.06399794915631962
2014-05-19,-0.06255010485358317
2014-05-20,-0.06161527163722599
2014-05-21,-0.0609721969771769
2014-05-22,-0.060267237065623834
2014-05-25,-0.0591862902933867
2014-05-26,-0.05755883509705095
2014-05-27,-0.05489314544393245
2014-05-28,-0.05134902986521384
2014-05-29,-0.047068884484292396
2014-06-01,-0.04182645690408799
2014-06-02,-0.035069946709443085
2014-06-03,-0.026395395507482232
2014-06-04,-0.01583816871614601
2014-06-05,-0.00407684456154311
2014-06-08,0.008072504982250369
2014-06-09,0.01953085871292419
2014-06-10,0.02961270017573234
2014-06-11,0.03823284709160936
2014-06-12,0.045099460632515236
2014-06-15,0.049313896682013816
2014-06-16,0.05061999172562398
2014-06-17,0.0495921109818831
2014-06-18,0.0463705086925318
2014-06-19,0.041435212288900784
2014-06-22,0.03563900292754834
2014-06-23,0.029452690339869952
2014-06-24,0.023158417640269817
2014-06-25,0.01671369100467423
2014-06-26,0.010062019014753863
2014-06-29,0.002982504253101013
2014-06-30,-0.004771569721611843
2014-07-01,-0.012815827298038006
2014-07-02,-0.020427538637981094
2014-07-03,-0.027582437427412603
2014-07-06,-0.033964362751932
2014-07-07,-0.039332811017297284
2014-07-08,-0.04352038863666721
2014-07-09,-0.04632434693227796
2014-07-10,-0.04745741869985241
2014-07-13,-0.04722793715758441
2014-07-14,-0.04584902459002378
2014-07-15,-0.0438119899622819
2014-07-16,-0.04109316465755776
2014-07-17,-0.03715283312078753
2014-07-20,-0.03259046017266077
2014-07-21,-0.02766252638243208
2014-07-22,-0.02270991505755464
2014-07-23,-0.018023951752490868
2014-07-24,-0.013772338148566907
2014-07-27,-0.009734672213950963
2014-07-28,-0.005984404104049678
2014-07-29,-0.0025103242403803705
2014-07-30,0.0003708997563656028
2014-07-31,0.0034007760924054265
2014-08-03,0.0069366175474981084
2014-08-04,0.011360933322441607
2014-08-05,0.01709987585095514
2014-08-06,0.024214425107191417
2014-08-07,0.032928493954448496
2014-08-10,0.04301789502667188
2014-08-11,0.053960235417067605
2014-08-12,0.06508450411536837
2014-08-13,0.0756937264371231
2014-08-14,0.08524076065602453
2014-08-17,0.09306584270398573
2014-08-18,0.09861991682288365
2014-08-19,0.10158775225202946
2014-08-20,0.1017579003789528
2014-08-21,0.09962852760563629
2014-08-24,0.09588694503448429
2014-08-25,0.0912010716309401
2014-08-26,0.08555056161737283
2014-08-27,0.079001297953911
2014-08-28,0.07189091552206535
2014-08-31,0.06421053745228665
2014-09-01,0.05643649713170659
2014-09-02,0.048582188449070036
2014-09-03,0.04041388645674603
2014-09-04,0.0318251702581143
2014-09-07,0.022602995869989127
2014-09-08,0.013618188386707974
2014-09-09,0.006012126236066954
2014-09-10,0.0005665522674824053
2014-09-11,-0.002088636574034119
2014-09-14,-0.0023601338771106033
2014-09-15,0.0006273158487253689
2014-09-16,0.0071837262132852
2014-09-17,0.017535384448083502
2014-09-18,0.03170411581799623
2014-09-21,0.0489468131152814
2014-09-22,0.06877040177643305
2014-09-23,0.09084407287883565
2014-09-24,0.11401903445270054
2014-09-25,0.1386661323608459
2014-09-28,0.16350604741537478
2014-09-29,0.1881765715336803
2014-09-30,0.21184838567200398
2014-10-01,0.23465558629704647
2014-10-02,0.25679091385992403
2014-10-05,0.27712441673712607
2014-10-06,0.2942503027571369
2014-10-07,0.30745479311906104
2014-10-08,0.31537653358067447
2014-10-09,0.31797712205665535
2014-10-12,0.3150048866313321
2014-10-13,0.30690113922225915
2014-10-14,0.2935917359009363
2014-10-15,0.2762078488654921
2014-10-16,0.25664865392932906
2014-10-19,0.23619190521328046
2014-10-20,0.21683236225479002
2014-10-21,0.2003663057928575
2014-10-22,0.187488625221272
2014-10-23,0.17877530359750254
2014-10-27,0.17380303144149903
2014-10-28,0.17284929081595596
2014-10-29,0.17382927225272674
2014-10-30,0.17512305471355463
2014-10-31,0.1753888394057703
2014-11-03,0.17354956878317987
2014-11-04,0.17014796449264358
2014-11-05,0.16554546505506723
2014-11-06,0.15998646580355855
2014-11-07,0.15524033238626034
2014-11-10,0.15119081621093672
2014-11-11,0.1487788800593511
2014-11-12,0.14856175242442726
2014-11-13,0.15181587168432872
2014-11-14,0.1592459886382307
2014-11-17,0.16983853422206044
2014-11-18,0.18283761130592804
2014-11-19,0.1970363653132211
2014-11-20,0.21032230678582475
2014-11-21,0.22173889132428112
2014-11-24,0.22984343838620905
2014-11-25,0.23436861816483454
2014-11-26,0.23497891767377097
2014-11-27,0.23088010324212804
2014-11-28,0.22221182448497026
2014-12-01,0.2093299792027618
2014-12-02,0.19360314827313788
2014-12-03,0.17639428035176064
2014-12-04,0.15841913001324126
2014-12-05,0.1417916148471193
2014-12-08,0.12722729448045522
2014-12-09,0.11549441807693804
2014-12-10,0.10727329952786441
2014-12-11,0.10268019921868961
2014-12-12,0.10203432071275256
2014-12-15,0.10491143851479945
2014-12-16,0.11136528398856854
2014-12-17,0.12210761319489791
2014-12-18,0.1362483748168904
2014-12-19,0.1521735136082832
2014-12-22,0.16852042635295453
2014-12-23,0.18458467029835707
2014-12-24,0.19997497963901323
2014-12-25,0.21390392092695032
2014-12-26,0.22595463283461747
2014-12-29,0.23523745589095504
2014-12-30,0.2407808992562709
2014-12-31,0.2418922834803866
2015-01-01,0.23927998632291325
2015-01-02,0.23365441030710007
2015-01-05,0.22615441110155418
2015-01-06,0.21734657100452318
2015-01-07,0.20759152582871498
2015-01-08,0.19690094318829304
2015-01-09,0.18509974514447178
2015-01-12,0.1715876713468013
2015-01-13,0.1575347080296474
2015-01-14,0.14326261824284353
2015-01-15,0.1286264967714535
2015-01-16,0.11343356821245888
2015-01-19,0.09714437435754225
2015-01-20,0.08013826009793507
2015-01-21,0.062430704614883266
2015-01-22,0.04425073041596192
2015-01-23,0.025937541762290295
2015-01-26,0.007205622733815466
2015-01-27,-0.011526416093039426
2015-01-28,-0.029682852120649545
2015-01-29,-0.04723679814632059
2015-01-30,-0.06340212790623985
2015-02-02,-0.07700369472117528
2015-02-03,-0.08618603402734586
2015-02-04,-0.09035381124462567
2015-02-05,-0.0883215795486159
2015-02-06,-0.079828621520576
2015-02-09,-0.06460819483462446
2015-02-10,-0.04302837450454015
2015-02-11,-0.014864713071909647
2015-02-12,0.01959890210299844
2015-02-13,0.057701141205769683
2015-02-16,0.09696634970693357
2015-02-17,0.13608315401178583
2015-02-18,0.17338365333685393
2015-02-19,0.20790412773775002
2015-02-20,0.2389657371596299
2015-02-23,0.26647584775342026
2015-02-24,0.2896681425384019
2015-02-25,0.3074821185095577
2015-02-26,0.3204842105981038
2015-02-27,0.3296096360325269
2015-03-02,0.3347094511283833
2015-03-03,0.336772813637155
2015-03-04,0.33697805012418774
2015-03-05,0.3363483543132209
2015-03-06,0.3359606711006544
2015-03-09,0.33711212488733217
2015-03-10,0.3416842381537435
2015-03-11,0.35006989861999877
2015-03-12,0.36203578973687056
2015-03-13,0.3786716861101397
2015-03-16,0.4005819399966675
2015-03-17,0.4271224890752451
2015-03-18,0.45688712434303164
2015-03-19,0.48787379408245646
2015-03-20,0.5188512558716056
2015-03-23,0.5470871641131546
2015-03-24,0.5700050993229477
2015-03-25,0.5860954241743888
2015-03-26,0.5951793776953346
2015-03-27,0.5961903182491393
2015-03-29,0.5899069316941725
2015-03-30,0.5770723553086445
2015-03-31,0.5585310568743316
2015-04-01,0.533928999131581
2015-04-02,0.5039300835956834
2015-04-05,0.47072814166825655
2015-04-06,0.4358559744239306
2015-04-07,0.39968102781591214
2015-04-08,0.3618580148968267
2015-04-09,0.3217171552402795
2015-04-12,0.27957736712475423
2015-04-13,0.23702879997043944
2015-04-14,0.19482174156567364
2015-04-15,0.15358724494059875
2015-04-16,0.11369459335199074
2015-04-19,0.07564984944207355
2015-04-20,0.039631670987464306
2015-04-21,0.00672812173846537
2015-04-22,-0.02288064915674249
2015-04-23,-0.04988469050401845
2015-04-26,-0.07565156076849347
2015-04-27,-0.10075128417646523
2015-04-28,-0.12470552334872094
2015-04-29,-0.14688775079967387
2015-04-30,-0.16642067982806993
2015-05-03,-0.18277003262566438
2015-05-04,-0.19475768406727945
2015-05-05,-0.20201630812035062
2015-05-06,-0.20443608503142943
2015-05-07,-0.20207825418517944
2015-05-10,-0.19549158272694778
2015-05-11,-0.1844456316614919
2015-05-12,-0.16986655891765687
2015-05-13,-0.15310194075749547
2015-05-14,-0.1357918678230357
2015-05-17,-0.11995950409319016
2015-05-18,-0.10621752629825398
2015-05-19,-0.09419099886523855
2015-05-20,-0.08388926434554238
2015-05-21,-0.0741130370471696
2015-05-24,-0.06456702197133103
2015-05-25,-0.05452024986920259
2015-05-26,-0.043117883137859296
2015-05-27,-0.02948605706601897
2015-05-28,-0.013034818365803263
2015-05-31,0.006389973614424572
2015-06-01,0.02818646131928748
2015-06-02,0.05160699760710291
2015-06-03,0.07560074172255848
2015-06-04,0.09879799680926954
2015-06-07,0.12026828872683495
2015-06-08,0.13835195496251274
2015-06-09,0.15214160770854282
2015-06-10,0.1612867299399
2015-06-11,0.1652563129557358
2015-06-14,0.16452757716410582
2015-06-15,0.16033115265937214
2015-06-16,0.15310956868844802
2015-06-17,0.1427819883830015
2015-06-18,0.129643960951319
2015-06-21,0.1149600149059897
2015-06-22,0.09972109115086393
2015-06-23,0.08423270577558604
2015-06-24,0.06938152297733582
2015-06-25,0.05571043539956978
2015-06-28,0.043451760360955397
2015-06-29,0.03304153762413284
2015-06-30,0.025049393269982387
2015-07-01,0.02008611834128596
2015-07-02,0.017209532371856445
2015-07-05,0.01630185328006134
2015-07-06,0.01738519163869491
2015-07-07,0.02063516022881854
2015-07-08,0.02631326597837287
2015-07-09,0.034244571611576874
2015-07-12,0.04343366978245808
2015-07-13,0.05293709229494291
2015-07-14,0.061708536469639634
2015-07-15,0.06979109525757088
2015-07-16,0.07696096857916045
2015-07-19,0.0834865254285155
2015-07-20,0.08909802843878989
2015-07-21,0.09268550567174239
2015-07-22,0.09445271153031431
2015-07-23,0.096319246952263
2015-07-26,0.10067442238204352
2015-07-27,0.10878451782133088
2015-07-28,0.12105383269044395
2015-07-29,0.13681708504020523
2015-07-30,0.15553500862490988
2015-08-02,0.1771140841242458
2015-08-03,0.2018883037102699
2015-08-04,0.2293496327348582
2015-08-05,0.2582903758074135
2015-08-06,0.2874398688248496
2015-08-09,0.3158192817239414
2015-08-10,0.34166392811781765
2015-08-11,0.3648162114356048
2015-08-12,0.38472102659749186
2015-08-13,0.40110927293242593
2015-08-16,0.41310543251930654
2015-08-17,0.42019633217315505
2015-08-18,0.42201470611957065
2015-08-19,0.4183724252069915
2015-08-20,0.40917313540390043
2015-08-23,0.39645666934415896
2015-08-24,0.3818896289733364
2015-08-25,0.36735826512506986
2015-08-26,0.35329242708909575
2015-08-27,0.3399614195698617
2015-08-30,0.32788275107401166
2015-08-31,0.3179506858440411
2015-09-01,0.31117569256725697
2015-09-02,0.3090694054090869
2015-09-03,0.3115254437471326
2015-09-06,0.318785837208121
2015-09-07,0.3298273255015909
2015-09-08,0.3437214189896632
2015-09-09,0.3597547375315966
2015-09-10,0.37775125891202754
2015-09-13,0.39714914801347634
2015-09-14,0.4159174219366017
2015-09-15,0.43264187486213557
2015-09-16,0.446416506976035
2015-09-17,0.45632637956875427
2015-09-20,0.4626322276810682
2015-09-21,0.4646377537392201
2015-09-22,0.46550630900726614
2015-09-23,0.4678569022826756
2015-09-24,0.46984405583195854
2015-09-27,0.4714461056437858
2015-09-28,0.47368525934555983
2015-09-29,0.4768606073677664
2015-09-30,0.47912143968006915
2015-10-01,0.4794862149785623
2015-10-04,0.47800051426735823
2015-10-05,0.4717732750083667
2015-10-06,0.45731559699396485
2015-10-07,0.4365715878231534
2015-10-08,0.4097489300066884
2015-10-11,0.37567014976310237
2015-10-12,0.33487123469672975
2015-10-13,0.2908717856678309
2015-10-14,0.24469397350999758
2015-10-15,0.19790042721857626
2015-10-18,0.15316538159494908
2015-10-19,0.11243482006608281
2015-10-20,0.07657039348855868
2015-10-21,0.047314482909647335
2015-10-22,0.02526933114596326
2015-10-26,0.010112509686920032
2015-10-27,0.00020155368472262212
2015-10-28,-0.005105219276570059
2015-10-29,-0.006173270768055137
2015-10-30,-0.00538222487014772
2015-11-02,-0.0038771543395435906
2015-11-03,-0.0023574352273568323
2015-11-04,-0.002688468776793412
2015-11-05,-0.005223997847166393
2015-11-06,-0.009911938602178157
2015-11-09,-0.01700773927369385
2015-11-10,-0.025931957900695152
2015-11-11,-0.03689120130631723
2015-11-12,-0.049112547325306344
2015-11-13,-0.06203316745879396
2015-11-16,-0.07464564816702397
2015-11-17,-0.08539316232447422
2015-11-18,-0.09388990539511818
2015-11-19,-0.1002851113453811
2015-11-20,-0.10469773868385754
2015-11-23,-0.10830133108457995
2015-11-24,-0.1109770495836209
2015-11-25,-0.11323011695202147
2015-11-26,-0.11497149820918964
2015-11-27,-0.11695609091438006
2015-11-30,-0.11837117374683036
2015-12-01,-0.1183027546431424
2015-12-02,-0.11602466081204138
2015-12-03,-0.11137551547692039
2015-12-04,-0.10458811102329629
2015-12-07,-0.09632368315942226
2015-12-08,-0.08666977545478577
2015-12-09,-0.07567083543475397
2015-12-10,-0.0642333347513758
2015-12-11,-0.05337392769838993
2015-12-14,-0.04393079098681899
2015-12-15,-0.0354245208596116
2015-12-16,-0.027113323953479897
2015-12-17,-0.01789202850066738
2015-12-18,-0.007307835470167267
2015-12-21,0.005785473572914195
2015-12-22,0.02163582291058267
2015-12-23,0.04063923963296721
2015-12-24,0.061595073029465625
2015-12-25,0.08322185545899903
2015-12-28,0.10380466961198886
2015-12-29,0.12150518952809233
2015-12-30,0.13556749684195646
2015-12-31,0.1468717354164219
2016-01-01,0.1549251292421555
2016-01-04,0.15924851096585832
2016-01-05,0.16098343575470103
2016-01-06,0.16134157122666595
2016-01-07,0.16136601464866215
2016-01-08,0.1619830167160272
2016-01-11,0.16376669842615355
2016-01-12,0.16747920097516802
2016-01-13,0.1722010836152987
2016-01-14,0.17725048725377962
2016-01-15,0.18210117734401907
2016-01-18,0.18548927923673425
2016-01-19,0.18734006561387626
2016-01-20,0.1878377804887827
2016-01-21,0.1873959195632765
2016-01-22,0.1873639166693698
2016-01-25,0.1872770058575458
2016-01-26,0.18710494877461067
2016-01-27,0.18673688131092042
2016-01-28,0.18659165597509253
2016-01-29,0.18653883518632958
2016-02-01,0.18529145174209483
2016-02-02,0.181717125797818
2016-02-03,0.17511604555941107
2016-02-04,0.16381585407961555
2016-02-05,0.1477482140504889
2016-02-08,0.1273768861766008
2016-02-09,0.10347529513497601
2016-02-10,0.07633244472842914
2016-02-11,0.047263511400936764
2016-02-12,0.01861611235452213
2016-02-15,-0.007931245358244365
2016-02-16,-0.031391497367058534
2016-02-17,-0.049657616735795045
2016-02-18,-0.06248277723401549
2016-02-19,-0.06969911672703683
2016-02-22,-0.07154699349792748
2016-02-23,-0.06914881303662195
2016-02-24,-0.06380408959667086
2016-02-25,-0.05711356853797135
2016-02-26,-0.0499883296487503
2016-02-29,-0.04317551411345414
2016-03-01,-0.03732748520450134
2016-03-02,-0.0328991701150663
2016-03-03,-0.03086730248998296
2016-03-04,-0.03254421709337083
2016-03-07,-0.03801703387375957
2016-03-08,-0.0470645410222548
2016-03-09,-0.05959633796570672
2016-03-10,-0.07604595456068576
2016-03-11,-0.09715250904387075
2016-03-14,-0.12393230090694314
2016-03-15,-0.15478798894166917
2016-03-16,-0.18695665515044213
2016-03-17,-0.2178805427662513
2016-03-18,-0.2468997341815833
2016-03-21,-0.2737586489929251
2016-03-22,-0.2981472076693001
2016-03-23,-0.3195401975493968
2016-03-24,-0.3360134686379096
2016-03-25,-0.3462299054754811
2016-03-27,-0.35050247153630365
2016-03-28,-0.35053781090149294
2016-03-29,-0.3478236289689425
2016-03-30,-0.34266089411682454
2016-03-31,-0.33550764195967286
2016-04-03,-0.3271077694591101
2016-04-04,-0.31691460307833685
2016-04-05,-0.30519920114623494
2016-04-06,-0.29263649009994464
2016-04-07,-0.27930067537159725
2016-04-10,-0.2663173875770463
2016-04-11,-0.2550159617033693
2016-04-12,-0.2457937824351638
2016-04-13,-0.23857201988633292
2016-04-14,-0.23302630733909246
2016-04-17,-0.22896897514141257
2016-04-18,-0.2259480817982596
2016-04-19,-0.2241670057369033
2016-04-20,-0.22419261945064126
2016-04-21,-0.22520853439353003
2016-04-24,-0.2251603556506181
2016-04-25,-0.22292608302743291
2016-04-26,-0.2184219456591619
2016-04-27,-0.21150656639367696
2016-04-28,-0.20338012498899694
2016-05-01,-0.19627780552204144
2016-05-02,-0.18987104977555383
2016-05-03,-0.1832687832771973
2016-05-04,-0.1760700482134524
2016-05-05,-0.16865481268246887
2016-05-08,-0.16154927398276647
2016-05-09,-0.15458308858618972
2016-05-10,-0.14816734458166655
2016-05-11,-0.14233717084280195
2016-05-12,-0.1362259214219685
2016-05-15,-0.1294557428607569
2016-05-16,-0.122929399571682
2016-05-17,-0.11719411443144671
2016-05-18,-0.11158599123116206
2016-05-19,-0.10529926926601325
2016-05-22,-0.09810968021571537
2016-05-23,-0.08937420214855213
2016-05-24,-0.07855571573212478
2016-05-25,-0.06573144949111927
2016-05-26,-0.051661844981463624
2016-05-29,-0.03623198218481019
2016-05-30,-0.01989648731499295
2016-05-31,-0.003696079081571099
2016-06-01,0.011747126127486664
2016-06-02,0.025962252151327365
2016-06-05,0.037947336645565245
2016-06-06,0.0467281397430889
2016-06-07,0.051211593278706086
2016-06-08,0.05004406939831082
2016-06-09,0.042908511220429026
2016-06-12,0.030720861309800895
2016-06-13,0.014921274891230926
2016-06-14,-0.003445585105832996
2016-06-15,-0.023457840837114788
2016-06-16,-0.04383570674258683
2016-06-19,-0.06380655081350647
2016-06-20,-0.08253576094313698
2016-06-21,-0.09841444315026687
2016-06-22,-0.11146833546120839
2016-06-23,-0.12250443309141137
2016-06-26,-0.13245057467571625
2016-06-27,-0.1416284963625602
2016-06-28,-0.15119026940420263
2016-06-29,-0.16244360036172095
2016-06-30,-0.17585776410256243
2016-07-03,-0.19101235383567527
2016-07-04,-0.20705221278601862
2016-07-05,-0.22278620332625654
2016-07-06,-0.23669285570774493
2016-07-07,-0.24785934176677588
2016-07-10,-0.2568577020272454
2016-07-11,-0.26301946585351293
2016-07-12,-0.26549859793388214
2016-07-13,-0.26400789132267655
2016-07-14,-0.25906634466761475
2016-07-17,-0.25155802409216094
2016-07-18,-0.24265730449801884
2016-07-19,-0.23354500475727125
2016-07-20,-0.22533341636567725
2016-07-21,-0.21773367005179858
2016-07-24,-0.21087788813904587
2016-07-25,-0.2042902331392851
2016-07-26,-0.19745292808501327
2016-07-27,-0.19006979601265683
2016-07-28,-0.18207323795095584
2016-07-31,-0.1735978623209288
2016-08-01,-0.16461758578297314
2016-08-02,-0.15530580441848704
2016-08-03,-0.14623698875637361
2016-08-04,-0.13815650664406173
2016-08-07,-0.1321779426215449
2016-08-08,-0.12862527318642095
2016-08-09,-0.12773495174728777
2016-08-10,-0.1299972072062418
2016-08-11,-0.13489426120927905
2016-08-14,-0.14144168026518464
2016-08-15,-0.1489156511869322
2016-08-16,-0.15636376853412112
2016-08-17,-0.1625503063672972
2016-08-18,-0.16604471491069456
2016-08-21,-0.16664561532831995
2016-08-22,-0.16416492743969024
2016-08-23,-0.15800361037494495
2016-08-24,-0.14837758982698554
2016-08-25,-0.1362432973678444
2016-08-28,-0.12186382288171187
2016-08-29,-0.10625565871119487
2016-08-30,-0.09010105619851258
2016-08-31,-0.07445754611189276
2016-09-01,-0.05923495126021678
2016-09-04,-0.04429896047424079
2016-09-05,-0.029926027882448653
2016-09-06,-0.017040719759277803
2016-09-07,-0.006288694965634238
2016-09-08,0.0018901630941031446
2016-09-11,0.008534764665739028
2016-09-12,0.013920933273808167
2016-09-13,0.019255977384152842
2016-09-14,0.02528131396086098
2016-09-15,0.031793296766533086
2016-09-18,0.03804291312747622
2016-09-19,0.04453327408961372
2016-09-20,0.05141110054646603
2016-09-21,0.057830034905962044
2016-09-22,0.06266414287506547
2016-09-25,0.06595497924698701
2016-09-26,0.06693805483556858
2016-09-27,0.06482605955132928
2016-09-28,0.05971305847327895
2016-09-29,0.052815241193716805
2016-10-02,0.04494309071611579
2016-10-03,0.036230399264156304
2016-10-04,0.027995564021447577
2016-10-05,0.02049343767396099
2016-10-06,0.013639042687332783
2016-10-09,0.0072983800554754985
2016-10-10,0.0012732386121207906
2016-10-11,-0.004455291161775169
2016-10-12,-0.010354986836971274
2016-10-13,-0.016975324850845876
2016-10-16,-0.02363457273661758
2016-10-17,-0.030436949887765193
2016-10-18,-0.03724435211222886
2016-10-19,-0.0442523193361837
2016-10-20,-0.051781604322207214
2016-10-23,-0.05963813154050843
2016-10-24,-0.0678773992012634
2016-10-25,-0.07671770397677603
2016-10-26,-0.08557475486595174
2016-10-27,-0.09403677510259363
2016-10-31,-0.10139909382304002
2016-11-01,-0.1070557125633779
2016-11-02,-0.11006377418512457
2016-11-03,-0.1094465618844894
2016-11-04,-0.10489067993118922
2016-11-07,-0.09649571575682724
2016-11-08,-0.08481568390268206
2016-11-09,-0.07120776854896822
2016-11-10,-0.05617707896194471
2016-11-11,-0.03859288550760216
2016-11-14,-0.018011179184311586
2016-11-15,0.005733399811883965
2016-11-16,0.03223511784326168
2016-11-17,0.06099949810295798
2016-11-18,0.09156102652292164
2016-11-21,0.12316734619433799
2016-11-22,0.15565568295923377
2016-11-23,0.18763064922297182
2016-11-24,0.21694581827942191
2016-11-25,0.2419284092610287
2016-11-28,0.2614945678713188
2016-11-29,0.2750813395316104
2016-11-30,0.28315262150010895
2016-12-01,0.28596906581981185
2016-12-02,0.28669687254823845
2016-12-05,0.2861078328641826
2016-12-06,0.2843865808136353
2016-12-07,0.28071915540404097
2016-12-08,0.2749640417691615
2016-12-09,0.2667256323195347
2016-12-12,0.2561713737460429
2016-12-13,0.24254189433032314
2016-12-14,0.2261789998770109
2016-12-15,0.205902238483821
2016-12-16,0.1824978977904384
2016-12-19,0.1576919582047414
2016-12-20,0.1325544419273647
2016-12-21,0.10801124555547333
2016-12-22,0.0844325805417317
2016-12-23,0.06155439045164685
2016-12-26,0.039527761262648134
2016-12-27,0.01850194672078293
2016-12-28,-0.0018448661648645716
2016-12-29,-0.021482948860412323
2016-12-30,-0.04102792679082019
2017-01-02,-0.060462277415354655
2017-01-03,-0.07921521781628502
2017-01-04,-0.0968324846424995
2017-01-05,-0.11317693540461099
2017-01-06,-0.12818808584613967
2017-01-09,-0.14156764059830973
2017-01-10,-0.15351165486458776
2017-01-11,-0.16435751746436586
2017-01-12,-0.173957571577859
2017-01-13,-0.18239310066807446
2017-01-16,-0.19012738706274387
2017-01-17,-0.19655462362788767
2017-01-18,-0.2011441019806567
2017-01-19,-0.2032283092957062
2017-01-20,-0.20327198613710032
2017-01-23,-0.20201073438811437
2017-01-24,-0.19972622659279943
2017-01-25,-0.19659639801163975
2017-01-26,-0.19267930496005886
2017-01-27,-0.18797784241749024
2017-01-30,-0.18404511977898605
2017-01-31,-0.1812200528880324
2017-02-01,-0.17958672175435014
2017-02-02,-0.17897756480864105
2017-02-03,-0.1786482331007486
2017-02-06,-0.17840593203980937
2017-02-07,-0.1782882683768702
2017-02-08,-0.17827053374977736
2017-02-09,-0.17843617380281382
2017-02-10,-0.17783209795226787
2017-02-13,-0.17640043173656608
2017-02-14,-0.1744316570960699
2017-02-15,-0.17223412619909684
2017-02-16,-0.17026856337813717
2017-02-17,-0.1683696056594348
2017-02-20,-0.1662634654981787
2017-02-21,-0.16396927819965787
2017-02-22,-0.16140051376581868
2017-02-23,-0.15909988626011934
2017-02-24,-0.1571401785312775
2017-02-27,-0.15514740212130124
2017-02-28,-0.15239680261175878
2017-03-01,-0.1481487538410567
2017-03-02,-0.14271799029329427
2017-03-03,-0.13563154958327195
2017-03-06,-0.12705170530412735
2017-03-07,-0.117086564091023
2017-03-08,-0.10579613308338104
2017-03-09,-0.09275099376620834
2017-03-10,-0.07787433588698171
2017-03-13,-0.06199883467924851
2017-03-14,-0.045723841731841026
2017-03-15,-0.02909611968690496
2017-03-16,-0.013916510786098643
2017-03-17,-0.0005408464680945931
2017-03-20,0.010233846825919657
2017-03-21,0.018125543541541986
2017-03-22,0.022760258671565774
2017-03-23,0.02365983810288522
2017-03-24,0.022029704481250745
2017-03-26,0.018335969205545484
2017-03-27,0.013060882519305053
2017-03-28,0.007617337709421569
2017-03-29,0.002428115521635063
2017-03-30,-0.0014917198375303223
2017-04-02,-0.0037282532490337836
2017-04-03,-0.004449544275949616
2017-04-04,-0.00405108931760783
2017-04-05,-0.0032248757616317506
2017-04-06,-0.001767823335297627
2017-04-09,0.00023809052886116958
2017-04-10,0.0023622148795608973
2017-04-11,0.0046045426826873724
2017-04-12,0.00644463482839882
2017-04-13,0.008167257061418277
2017-04-16,0.010077091248554064
2017-04-17,0.012391749290895728
2017-04-18,0.014589014111343529
2017-04-19,0.016609714201273107
2017-04-20,0.018364674023453834
2017-04-23,0.019973790300704567
2017-04-24,0.02119182743409022
2017-04-25,0.022324862291391388
2017-04-26,0.023623682431570578
2017-04-27,0.025337129874525605
2017-04-30,0.02769181573713681
2017-05-01,0.03107046581999366
2017-05-02,0.03476324657552678
2017-05-03,0.038476161985231586
2017-05-04,0.042314462286705
2017-05-07,0.046482885842135176
2017-05-08,0.0510483007063374
2017-05-09,0.05557554586744681
2017-05-10,0.059385858857506996
2017-05-11,0.0618219569248905
2017-05-14,0.06307645514049365
2017-05-15,0.06276593327367436
2017-05-16,0.060447440449230644
2017-05-17,0.056178418868860686
2017-05-18,0.05325041710282022
2017-05-21,0.05185483397893109
2017-05-22,0.05229266392113062
2017-05-23,0.05493799366966498
2017-05-24,0.060278639581109524
2017-05-25,0.06790776145429965
2017-05-28,0.07707178707178557
2017-05-29,0.08833472242029329
2017-05-30,0.10138858709259188
2017-05-31,0.11246498296855417
2017-06-01,0.12115828334196206
2017-06-04,0.12719187191782025
2017-06-05,0.13110129658273326
2017-06-06,0.13300659651158123
2017-06-07,0.133002606971836
2017-06-08,0.13239737634820067
2017-06-11,0.12999791544098174
2017-06-12,0.12694980323756394
2017-06-13,0.12436398642428458
2017-06-14,0.12206147341045202
2017-06-15,0.11993459444577809
2017-06-18,0.1175088807331845
2017-06-19,0.11468736545734497
2017-06-20,0.11211300043792402
2017-06-21,0.11036309729895653
2017-06-22,0.11084949352893411
2017-06-25,0.11254939448320345
2017-06-26,0.11420850073149598
2017-06-27,0.11580561032026335
2017-06-28,0.11690999495572046
2017-06-29,0.1173895607353024
2017-07-02,0.11574893166521052
2017-07-03,0.1121931362319604
2017-07-04,0.10699143392563489
2017-07-05,0.10007930295874527
2017-07-06,0.09165899977940367
2017-07-09,0.0810867430220188
2017-07-10,0.0691006899247048
2017-07-11,0.056414792102399226
2017-07-12,0.04263211109296541
2017-07-13,0.029252895700572545
2017-07-16,0.015269067560953677
2017-07-17,0.00012016099345043181
2017-07-18,-0.016489520368959076
2017-07-19,-0.034764826884233616
2017-07-20,-0.05355039725775559
2017-07-23,-0.07244375670868368
2017-07-24,-0.0912804181601026
2017-07-25,-0.10892148132530349
2017-07-26,-0.1251898524778235
2017-07-27,-0.13939899144289006
2017-07-30,-0.15096086582267307
2017-07-31,-0.15994254081020667
2017-08-01,-0.166502990005033
2017-08-02,-0.17063444358171762
2017-08-03,-0.17325081901141998
2017-08-06,-0.17434245599687717
2017-08-07,-0.17440492656914378
2017-08-08,-0.17335414047948075
2017-08-09,-0.17107030729619466
2017-08-10,-0.16761378623278247
2017-08-13,-0.16239641045280545
2017-08-14,-0.15503133878292338
2017-08-15,-0.145561495371831
2017-08-16,-0.13437821798480798
2017-08-17,-0.12181364262165989
2017-08-20,-0.10808136440505635
2017-08-21,-0.093644492691282
2017-08-22,-0.07924920498447735
2017-08-23,-0.06594168077292643
2017-08-24,-0.05429752126407892
2017-08-27,-0.04456876966377226
2017-08-28,-0.03648166859469102
2017-08-29,-0.029608726561369498
2017-08-30,-0.02398732561563605
2017-08-31,-0.019801245137194
2017-09-03,-0.016491704071899024
2017-09-04,-0.014134641202973629
2017-09-05,-0.01275476872168399
2017-09-06,-0.012631165425994
2017-09-07,-0.014013704904435771
2017-09-10,-0.016017946629215272
2017-09-11,-0.019040138478126314
2017-09-12,-0.022891352407171564
2017-09-13,-0.027102199729728584
2017-09-14,-0.031929316934648545
2017-09-17,-0.037089038440715975
2017-09-18,-0.04174387603971712
2017-09-19,-0.045199015826544967
2017-09-20,-0.047121209136963924
2017-09-21,-0.04837470525677744
2017-09-24,-0.04866318558927236
2017-09-25,-0.047716310250584364
2017-09-26,-0.04549107769911418
2017-09-27,-0.04151645904843803
2017-09-28,-0.03566640564285251
2017-10-01,-0.0285545590772145
2017-10-02,-0.020767913317690387
2017-10-03,-0.012861429241052475
2017-10-04,-0.005355893783136527
2017-10-05,0.001820354023150173
2017-10-08,0.008310229227166122
2017-10-09,0.014234898693156941
2017-10-10,0.019204756840746608
2017-10-11,0.023063516390629427
2017-10-12,0.025989916547357064
2017-10-15,0.027983399094772363
2017-10-16,0.029561997190186182
2017-10-17,0.03097551641984066
2017-10-18,0.032313122361759324
2017-10-19,0.03352201943703706
2017-10-22,0.03450481197575807
2017-10-23,0.0358873294719958
2017-10-24,0.03822669973912899
2017-10-25,0.041652327418879614
2017-10-26,0.04716108073563636
2017-10-30,0.05422861669944652
2017-10-31,0.06326448160478104
2017-11-01,0.07394847487985998
2017-11-02,0.08596337905626725
2017-11-03,0.09863217337352352
2017-11-06,0.1112536263686529
2017-11-07,0.122685241152039
2017-11-08,0.13269886667904257
2017-11-09,0.14026446867564293
2017-11-10,0.14551970177420573
2017-11-13,0.14835674943275357
2017-11-14,0.14907676494749947
2017-11-15,0.14849298475582415
2017-11-16,0.1466337607887435
2017-11-17,0.14325029339033
2017-11-20,0.1386729529587354
2017-11-21,0.1329230370161222
2017-11-22,0.1264097596017131
2017-11-23,0.11898706646914065
2017-11-24,0.11029214721266646
2017-11-27,0.10042062077493968
2017-11-28,0.08900712255127213
2017-11-29,0.07632434616657423
2017-11-30,0.06314106842460664
2017-12-01,0.05054736576096976
2017-12-04,0.03901429056029721
2017-12-05,0.028545591755062185
2017-12-06,0.0195831943923046
2017-12-07,0.01226412501963911
2017-12-08,0.007074013149422163
2017-12-11,0.004276037302666575
2017-12-12,0.004298834221121959
2017-12-13,0.0067394251099266965
2017-12-14,0.010912032227584826
2017-12-15,0.01686025467189291
2017-12-18,0.024058278763330467
2017-12-19,0.03209136605598684
2017-12-20,0.04067676189947966
2017-12-21,0.04900052765112522
2017-12-22,0.056680108657682964
2017-12-25,0.06369082703857853
2017-12-26,0.07000753034304176
2017-12-27,0.07524771515433867
2017-12-28,0.07887627392598556
2017-12-29,0.08124273573652835
2018-01-01,0.08260685924724946
2018-01-02,0.08325240336916001
2018-01-03,0.08263839758018333
2018-01-04,0.08011852658530455
2018-01-05,0.07501645032417936
2018-01-08,0.06705933996925505
2018-01-09,0.05676725686837006
2018-01-10,0.04469236305055688
2018-01-11,0.031102249779935143
2018-01-12,0.01619715799856687
2018-01-15,2.6672598779734862e-05
2018-01-16,-0.01643079308751133
2018-01-17,-0.0321153500987212
2018-01-18,-0.046356140954284
2018-01-19,-0.058919455975122464
2018-01-22,-0.07000720576284324
2018-01-23,-0.07981779794953946
2018-01-24,-0.0878346638566405
2018-01-25,-0.09479975884761596
2018-01-26,-0.1010176820907635
