Date,cci
2010-01-04,
2010-01-05,0.5497272664524651
2010-01-06,0.49042746691691386
2010-01-07,1.1769366846162912
2010-01-08,0.9247957047085908
2010-01-11,-0.5887434268151333
2010-01-12,0.6053284385318995
2010-01-13,1.0755097808813405
2010-01-14,1.8711173291212384
2010-01-15,1.33755331948173
2010-01-18,1.2115606979638642
2010-01-19,1.0298326865212173
2010-01-20,1.25029157250074
2010-01-21,1.403862840357373
2010-01-22,1.5859505958938354
2010-01-25,1.091916935032857
2010-01-26,1.6585177870733678
2010-01-27,1.3238992014665014
2010-01-28,1.2639974567891807
2010-01-29,1.1382114976258548
2010-02-01,0.9920159965652543
2010-02-02,0.44923180769442317
2010-02-03,0.2966479896572581
2010-02-04,0.7133110396033963
2010-02-05,0.8190778291519609
2010-02-08,0.7512953477968781
2010-02-09,0.23242895171116038
2010-02-10,-0.17927331879277994
2010-02-11,-0.25855425448064223
2010-02-12,-0.13709864042865375
2010-02-15,-0.3839869268006674
2010-02-16,-0.768327566401982
2010-02-17,-1.024652869278414
2010-02-18,-1.6286780413212083
2010-02-19,-1.8086932979675994
2010-02-22,-1.8262801302178762
2010-02-23,-1.1318432991540635
2010-02-24,-0.7985318069700671
2010-02-25,-0.4010685395065516
2010-02-26,-0.7273912425815853
2010-03-01,-1.1853251431586336
2010-03-02,-1.8980355621972167
2010-03-03,-1.1234460931786936
2010-03-04,-1.000769548557746
2010-03-05,-1.0005138680477317
2010-03-08,-0.9219510617689723
2010-03-09,-0.6549058605390623
2010-03-10,-1.051666065447006
2010-03-11,-1.0509740613044267
2010-03-12,-1.1168270695196687
2010-03-15,-1.0394411234137702
2010-03-16,-0.8909794070862516
2010-03-17,-0.8185875297340357
2010-03-18,-0.29037281486677713
2010-03-19,1.0485196753236747
2010-03-22,1.1661227291307346
2010-03-23,0.34736678650213776
2010-03-24,0.43960862517240035
2010-03-25,0.8807439066867384
2010-03-26,1.6315610275860652
2010-03-28,1.163469548526354
2010-03-29,0.33552986875932483
2010-03-30,-0.1244400485046001
2010-03-31,-0.6675985397687312
2010-04-01,-1.0473632316883505
2010-04-04,-1.1589602188207795
2010-04-05,-1.2296563197761137
2010-04-06,-0.8200674928785889
2010-04-07,-0.5509146948991446
2010-04-08,-0.40450231085819394
2010-04-11,-0.8499965312961276
2010-04-12,-1.3213124272570842
2010-04-13,-1.1022718233842668
2010-04-14,-1.0188060395375445
2010-04-15,-0.6589786365168834
2010-04-18,-0.18599787858156686
2010-04-19,-0.6641704858500224
2010-04-20,-0.7434640403686368
2010-04-21,0.0601476253605947
2010-04-22,0.27428409425880584
2010-04-25,-0.6500745213045519
2010-04-26,-0.0029815305240056223
2010-04-27,0.6981266636722393
2010-04-28,-1.1254954898576917
2010-04-29,-2.0325926875882656
2010-05-02,-1.6041737926788906
2010-05-03,-0.5450509660874469
2010-05-04,1.4395806284724457
2010-05-05,2.684039115332463
2010-05-06,2.3944533120714686
2010-05-09,0.8870627117156011
2010-05-10,0.08376415221433414
2010-05-11,0.151980946131382
2010-05-12,-0.11152828331216309
2010-05-13,0.3860644658780717
2010-05-16,0.5156739627414194
2010-05-17,0.50401603197861
2010-05-18,0.8557550810884418
2010-05-19,1.3276969347560919
2010-05-20,1.2889365988674855
2010-05-23,0.7702464281441621
2010-05-24,1.036448096867114
2010-05-25,0.4505226302883603
2010-05-26,0.3566092633936507
2010-05-27,-0.26962359503280686
2010-05-30,-0.5996374669780244
2010-05-31,0.12627035084007937
2010-06-01,-0.018822606075041368
2010-06-02,-0.7171595485823904
2010-06-03,0.10967775584897742
2010-06-06,0.4780601892341261
2010-06-07,0.6816929228084972
2010-06-08,-0.0682364702699385
2010-06-09,-0.4362821789476079
2010-06-10,-1.2305612185799326
2010-06-13,-1.1610841227500333
2010-06-14,-1.0493971380975555
2010-06-15,-1.197056351530865
2010-06-16,-1.1262845308990261
2010-06-17,-1.1826894989274297
2010-06-20,-1.2037509541226536
2010-06-21,-1.0201469894596642
2010-06-22,-0.3847967128841435
2010-06-23,-0.5362812167735669
2010-06-24,-0.5651075741896086
2010-06-27,-0.6060992716690664
2010-06-28,0.2153558142283239
2010-06-29,0.7066484106559949
2010-06-30,1.358336588919823
2010-07-01,-0.28087572975313085
2010-07-04,-0.9568109279269451
2010-07-05,-0.8776956754618387
2010-07-06,-0.6246763476011555
2010-07-07,-0.915596053126901
2010-07-08,-1.2511829027653025
2010-07-11,-1.1720062765874293
2010-07-12,-1.0793423115752714
2010-07-13,-0.8504395776932446
2010-07-14,-0.44768542074786233
2010-07-15,-0.14525035627533697
2010-07-18,0.32771271773330135
2010-07-19,0.6523178877381938
2010-07-20,0.08526856864117695
2010-07-21,0.1522929940190787
2010-07-22,-0.881203002606857
2010-07-25,-0.386918202239941
2010-07-26,-0.5295697323284339
2010-07-27,-0.25619467299250626
2010-07-28,-0.19387631654534107
2010-07-29,-0.9263314438446749
2010-08-01,-1.6208739096259934
2010-08-02,-1.1326483255829585
2010-08-03,-0.8507363325773387
2010-08-04,-0.9825205608926573
2010-08-05,-0.794540813301024
2010-08-08,-1.738372226205565
2010-08-09,-0.574663064299145
2010-08-10,0.27352965502252413
2010-08-11,1.2661566124927792
2010-08-12,0.8139292343932748
2010-08-15,-0.41136709313312764
2010-08-16,-0.36566130793013046
2010-08-17,-0.676565238580612
2010-08-18,-0.23863442762927148
2010-08-19,0.30872017540711355
2010-08-22,-1.3421927163020886
2010-08-23,1.0909946655877079
2010-08-24,0.7544057780338299
2010-08-25,0.3278264614703209
2010-08-26,-0.09718862313798167
2010-08-29,-1.8886790885603624
2010-08-30,0.018419707259813303
2010-08-31,-0.31839702756236915
2010-09-01,-1.1561233197522343
2010-09-02,-1.7066900039720065
2010-09-05,-1.9794860226920272
2010-09-06,-1.0376949681239094
2010-09-07,-0.7877203824338658
2010-09-08,-0.9325106901652892
2010-09-09,-0.797163066132652
2010-09-12,-1.3415644681908798
2010-09-13,-0.9016108381389336
2010-09-14,-0.9530021094857435
2010-09-15,-0.35282507888289166
2010-09-16,-0.6708111687787103
2010-09-19,-1.2039360746914727
2010-09-20,0.5997909434765754
2010-09-21,0.009905296392425005
2010-09-22,-0.9630522508302809
2010-09-23,0.17025161616619383
2010-09-26,-1.4709059801226834
2010-09-27,-0.3612638494748361
2010-09-28,-0.3635365405562137
2010-09-29,-0.8575466925798642
2010-09-30,-1.6241481795095463
2010-10-03,-2.1246052849105106
2010-10-04,-0.5516633102697126
2010-10-05,-1.6528662216179781
2010-10-06,-0.9655374614327642
2010-10-07,-0.7911345319212675
2010-10-10,-1.662390788469805
2010-10-11,-0.9488919580946975
2010-10-12,-0.8846518820766474
2010-10-13,-1.1137475510979364
2010-10-14,-0.797402356529868
2010-10-17,-1.1450405234039855
2010-10-18,0.2667529046946769
2010-10-19,0.5651827752555871
2010-10-20,0.5281129302954223
2010-10-21,1.042162540951631
2010-10-24,0.6018633673243805
2010-10-25,1.1061850573362884
2010-10-26,1.1636199027953245
2010-10-27,1.3407306852526966
2010-10-28,0.8647962106496068
2010-11-01,-0.07433313809386038
2010-11-02,0.5527116094413778
2010-11-03,0.41825376490778926
2010-11-04,-0.24104273884569516
2010-11-05,-1.1388008679974755
2010-11-08,-0.6146982675314482
2010-11-09,0.1080427608298206
2010-11-10,0.3471894937135576
2010-11-11,0.780194320145901
2010-11-12,1.0822329692927644
2010-11-15,0.11102454309321992
2010-11-16,1.1531534261381982
2010-11-17,1.6961401566407919
2010-11-18,0.869059277571138
2010-11-19,0.24315716421116174
2010-11-22,-0.28062579718564884
2010-11-23,0.6920903797838823
2010-11-24,0.8988256835250499
2010-11-25,0.29020084972409893
2010-11-26,0.3028749337331874
2010-11-29,0.5688765598807555
2010-11-30,-0.18192613110370348
2010-12-01,-0.6868281855115967
2010-12-02,-1.1255093025344112
2010-12-03,-1.4990498918053987
2010-12-06,-2.2792028157526123
2010-12-07,-1.4962013782100703
2010-12-08,-1.0561729556848476
2010-12-09,-0.5390870521314589
2010-12-10,0.012459243735654919
2010-12-13,-0.08143900448015406
2010-12-14,-0.46130997161582
2010-12-15,-0.30899366132441575
2010-12-16,0.18899190701910265
2010-12-17,0.36981501803949074
2010-12-20,-0.050926914248702784
2010-12-21,0.5852735629268601
2010-12-22,0.039733546616589295
2010-12-23,0.16283336021807354
2010-12-24,-1.4449474286250457
2010-12-27,-0.7246355903781571
2010-12-28,-1.284454425130434
2010-12-29,-0.7919293306749239
2010-12-30,-1.5354694437219858
2010-12-31,-2.443577580815481
2011-01-03,-1.966956887965647
2011-01-04,-1.2518999840206635
2011-01-05,-0.6655878826423045
2011-01-06,-0.0923197863882428
2011-01-07,0.23894597990420904
2011-01-10,-0.36027191758771415
2011-01-11,0.518060079893591
2011-01-12,-0.3416388153778144
2011-01-13,-0.8106733877924379
2011-01-14,0.19198559831466777
2011-01-17,0.07077519206298435
2011-01-18,0.5451250180922818
2011-01-19,0.11393943218155095
2011-01-20,-0.0150913201150195
2011-01-21,-1.0148668228431328
2011-01-24,-1.2907434469412524
2011-01-25,-0.1728146745512211
2011-01-26,-0.27187690583998275
2011-01-27,-1.517528654816908
2011-01-28,0.47339780822914396
2011-01-31,-0.15512199689126702
2011-02-01,-0.22252117595374832
2011-02-02,-0.509486514786117
2011-02-03,-0.22907512570262625
2011-02-04,0.22560614838172025
2011-02-07,-0.939849971491706
2011-02-08,-0.577467023735954
2011-02-09,0.016642220562575635
2011-02-10,-0.05423138115640752
2011-02-11,0.47829594478978593
2011-02-14,-1.8982544063183153
2011-02-15,0.23040383379400603
2011-02-16,0.4354227463199385
2011-02-17,0.9203510135494445
2011-02-18,0.11163353880582445
2011-02-21,-1.7062504539849708
2011-02-22,0.43391055436431725
2011-02-23,0.44693461180911226
2011-02-24,0.8727704130261007
2011-02-25,1.5430576301391656
2011-02-28,0.8222034890975374
2011-03-01,0.7577446255790939
2011-03-02,0.6360958951487122
2011-03-03,0.06803566671083142
2011-03-04,-0.9953571028876366
2011-03-07,-0.6987548976727725
2011-03-08,-0.186882572086722
2011-03-09,-0.5242495795872416
2011-03-10,0.16321491966771515
2011-03-11,0.7037787024929205
2011-03-14,0.6736870225667211
2011-03-15,1.1334575656582757
2011-03-16,0.587373011672129
2011-03-17,1.4623299319040135
2011-03-18,1.4263280312251356
2011-03-21,0.28014060611650815
2011-03-22,0.30495212315001086
2011-03-23,-0.09147475471828805
2011-03-24,-0.3531563521306764
2011-03-25,-0.6684435599195081
2011-03-27,-0.8845079686244857
2011-03-28,-0.46000877098255055
2011-03-29,-2.3034838791945127
2011-03-30,-2.6898982229142803
2011-03-31,-2.148845758855204
2011-04-03,-1.7094773807597456
2011-04-04,-1.4071351875924438
2011-04-05,-1.2127170320194136
2011-04-06,-0.9883961383403309
2011-04-07,-1.3649447623265918
2011-04-10,-1.4126344318917738
2011-04-11,-1.063863714315274
2011-04-12,-0.7957155450866855
2011-04-13,-0.748332004184512
2011-04-14,
2011-04-17,
2011-04-18,
2011-04-19,
2011-04-20,
2011-04-21,
2011-04-24,
2011-04-25,
2011-04-26,
2011-04-27,
2011-04-28,
2011-05-01,
2011-05-02,
2011-05-03,
2011-05-04,2.102155400728191
2011-05-05,1.6230339532625337
2011-05-08,1.0689013946082642
2011-05-09,0.909926755293616
2011-05-10,0.671848670498648
2011-05-11,0.9172237563974743
2011-05-12,0.8096185414079407
2011-05-15,0.9677608297201136
2011-05-16,0.8873512057902677
2011-05-17,0.42156695701681146
2011-05-18,-0.006153657997291695
2011-05-19,0.10314643329390412
2011-05-22,0.479511404554988
2011-05-23,0.9402621091731754
2011-05-24,0.5251308186815712
2011-05-25,0.3022651040033432
2011-05-26,-0.9775870344245189
2011-05-29,-2.0861859664262385
2011-05-30,-1.9573807101272334
2011-05-31,-1.8191877761568278
2011-06-01,-1.1292026225524516
2011-06-02,-1.511422520274284
2011-06-05,-1.0616830091369758
2011-06-06,-1.0373698326918632
2011-06-07,-0.6302370831853771
2011-06-08,-0.5113772360803338
2011-06-09,-0.26059801116732745
2011-06-12,-0.028287735203335655
2011-06-13,-0.16619274723097643
2011-06-14,-0.13066106209064923
2011-06-15,1.524793837398025
2011-06-16,1.176548559976559
2011-06-19,0.7751306511052953
2011-06-20,0.3901598063417181
2011-06-21,-0.01824629248896593
2011-06-22,0.07948258013865109
2011-06-23,0.26511528856483135
2011-06-26,0.49945911636312845
2011-06-27,-0.3786075002765392
2011-06-28,-2.0780044992061697
2011-06-29,-2.262822803732449
2011-06-30,-1.9562509640227814
2011-07-03,-1.6350978628666732
2011-07-04,-1.2048399808623964
2011-07-05,-0.6591079965244186
2011-07-06,-0.6355358747717313
2011-07-07,-0.8340467704394454
2011-07-10,-0.4505845454896161
2011-07-11,0.30061047481822556
2011-07-12,0.12808630837572899
2011-07-13,-0.017279876510365385
2011-07-14,0.5051345293384648
2011-07-17,0.6764668247437347
2011-07-18,0.4180361748525966
2011-07-19,-0.17262533032820018
2011-07-20,-0.7026251947713819
2011-07-21,-1.328309237612679
2011-07-24,-1.5568459251294646
2011-07-25,-1.8395787651641895
2011-07-26,-1.0635013113518534
2011-07-27,-0.16612180409183971
2011-07-28,-0.18214254681900535
2011-07-31,-0.7212741595642853
2011-08-01,-0.08147933004806909
2011-08-02,0.23382139329218868
2011-08-03,0.3871583908918821
2011-08-04,1.684951756230755
2011-08-07,1.9679898768862114
2011-08-08,2.4137693779697504
2011-08-09,1.4400879172477299
2011-08-10,1.3192378206550022
2011-08-11,0.8870656791277585
2011-08-14,0.4636434775602402
2011-08-15,-0.03234061431516311
2011-08-16,-0.2098937971509995
2011-08-17,-0.03146081056015094
2011-08-18,0.1133065107296579
2011-08-21,-0.08639430073846127
2011-08-22,0.036083064293527096
2011-08-23,-0.22912484884489953
2011-08-24,0.1794835520042466
2011-08-25,0.1746566048403219
2011-08-28,-0.33389678627096964
2011-08-29,-0.7468118311009665
2011-08-30,-0.8386589168688071
2011-08-31,-0.443030674836039
2011-09-01,1.3262937475030387
2011-09-04,2.594193932798673
2011-09-05,2.0946765980370134
2011-09-06,1.617384862623083
2011-09-07,1.1143819263166446
2011-09-08,1.0547632793114048
2011-09-11,1.1885210670762347
2011-09-12,1.36806295819455
2011-09-13,1.2863700686171993
2011-09-14,1.003942813712102
2011-09-15,0.87554719945164
2011-09-18,1.1068963617930059
2011-09-19,1.4703353655729245
2011-09-20,1.435591669800347
2011-09-21,1.796433962838353
2011-09-22,1.5579471025747087
2011-09-25,0.9009839481723865
2011-09-26,0.5529657058590512
2011-09-27,0.3295788242651842
2011-09-28,0.4488289818176193
2011-09-29,0.5163510360488428
2011-10-02,0.7837093755428866
2011-10-03,0.9444899665098389
2011-10-04,0.32223550722894423
2011-10-05,-0.2203179036052005
2011-10-06,-1.2959400326559747
2011-10-09,-1.6670823571181874
2011-10-10,-1.4114549525587872
2011-10-11,-1.2153662204038012
2011-10-12,-0.9388547463618663
2011-10-13,-1.1344575046834537
2011-10-16,-0.9689860418075928
2011-10-17,-0.48012649226191817
2011-10-18,-0.5988358021329928
2011-10-19,-0.271764648306125
2011-10-20,-0.10429750088668709
2011-10-23,-0.26189673029315874
2011-10-24,-0.7476901972538191
2011-10-25,-0.18810299087366458
2011-10-26,-1.0555145880843249
2011-10-27,-2.453323673595733
2011-10-31,-2.179388693023128
2011-11-01,-0.9790296754840723
2011-11-02,-0.29823615692212463
2011-11-03,-0.46780892745989844
2011-11-04,-0.19686548804488305
2011-11-07,0.14819600342244818
2011-11-08,0.03202440017839428
2011-11-09,0.06905751939039337
2011-11-10,0.8646779184919413
2011-11-11,0.6216648110877895
2011-11-14,0.37743359495698475
2011-11-15,0.8048645883553931
2011-11-16,1.082840705950886
2011-11-17,1.0161225739285988
2011-11-18,0.8985639175662465
2011-11-21,1.5041389385350057
2011-11-22,1.6439838845477155
2011-11-23,1.88934816189974
2011-11-24,2.031803681151277
2011-11-25,1.7247787205204204
2011-11-28,1.130534781506285
2011-11-29,0.5857997548518571
2011-11-30,0.23349993157893825
2011-12-01,-0.2631154682320294
2011-12-02,-0.5293608623652087
2011-12-05,-0.6101202291203338
2011-12-06,-0.6905284420079087
2011-12-07,-0.577282302655446
2011-12-08,-0.5048136749728211
2011-12-09,-0.28220035234237373
2011-12-12,-0.33703875461876776
2011-12-13,0.12782628223961773
2011-12-14,0.8849847149870362
2011-12-15,1.0595729236780043
2011-12-16,0.7406373343420678
2011-12-19,0.7351937292878103
2011-12-20,0.6994395183323981
2011-12-21,0.41010625410465484
2011-12-22,0.4950632835949693
2011-12-23,0.2678667021741321
2011-12-26,0.48499552545049224
2011-12-27,0.22915491024074505
2011-12-28,0.7064782039016431
2011-12-29,1.2106621956628196
2011-12-30,0.1439733063609035
2012-01-02,0.3165571945704711
2012-01-03,-0.12661821247707816
2012-01-04,-2.4130147161735374
2012-01-05,-1.7829082300869639
2012-01-06,-0.6146119814106045
2012-01-09,-0.4184096331235791
2012-01-10,-1.575845630591216
2012-01-11,-1.9097022244655686
2012-01-12,-1.5819107481027157
2012-01-13,-1.4983231189321247
2012-01-16,-1.2102603736071806
2012-01-17,-1.2100740498599978
2012-01-18,-1.0087406281231655
2012-01-19,-1.1278639904641188
2012-01-20,-1.0666697957166869
2012-01-23,-1.034378571730461
2012-01-24,-0.9492420885747035
2012-01-25,-0.9531824101719679
2012-01-26,-1.0058264648496742
2012-01-27,0.015135397021219492
2012-01-30,-1.247297889717419
2012-01-31,-1.1202256409489375
2012-02-01,-1.0280036352104307
2012-02-02,-1.4525431641017634
2012-02-03,-1.4391314219460942
2012-02-06,-1.4101845831404933
2012-02-07,-1.078942751553663
2012-02-08,-1.0693890124995478
2012-02-09,-1.057041482867087
2012-02-10,-0.8443783481260967
2012-02-13,-0.7725916791886537
2012-02-14,-0.8379937603792402
2012-02-15,-0.6875206388696187
2012-02-16,0.1395035156549809
2012-02-17,-1.0053533901095193
2012-02-20,-0.8874227208366804
2012-02-21,-0.22590899170910822
2012-02-22,-1.0737966635687684
2012-02-23,-2.270340705722257
2012-02-24,-1.0591284822736287
2012-02-27,-0.9476555178419022
2012-02-28,-1.4485551324134467
2012-02-29,-1.2888533607637382
2012-03-01,0.3933842743057764
2012-03-02,0.3869975361048444
2012-03-05,1.6107836137610825
2012-03-06,1.9891339285969578
2012-03-07,1.755563763027858
2012-03-08,1.7679005475928176
2012-03-09,1.307085974438527
2012-03-12,1.5732520928331257
2012-03-13,1.3943566117158883
2012-03-14,1.0785603770481422
2012-03-15,0.8657723259534527
2012-03-16,0.6628298577207377
2012-03-19,0.6823859577102264
2012-03-20,0.8923643982030778
2012-03-21,0.6896526404367637
2012-03-22,0.8005626532618916
2012-03-23,0.6552152479465561
2012-03-25,0.36775910192362266
2012-03-26,0.6585905946464365
2012-03-27,0.6374230629290384
2012-03-28,0.8912717789250143
2012-03-29,0.501899835474316
2012-04-01,1.0655237944991311
2012-04-02,1.0021153429723713
2012-04-03,0.8917281478808065
2012-04-04,0.4327433732227132
2012-04-05,0.5961636635381328
2012-04-08,0.573429947953377
2012-04-09,-0.44088108904868606
2012-04-10,0.9223415689947266
2012-04-11,0.9564571731454129
2012-04-12,0.16498419699743427
2012-04-15,1.6213680256617307
2012-04-16,2.098439831565746
2012-04-17,2.4379378372558356
2012-04-18,2.322255579277908
2012-04-19,1.5931616684513874
2012-04-22,1.0530708372517095
2012-04-23,0.9737122137388129
2012-04-24,0.8515659159141289
2012-04-25,0.6364804591711304
2012-04-26,0.6169500118682217
2012-04-29,0.6296375893340932
2012-04-30,1.1428302446172334
2012-05-01,1.0898208619334198
2012-05-02,1.7159728948076496
2012-05-03,1.0138947530041187
2012-05-06,1.2352444203603636
2012-05-07,0.9200220575609044
2012-05-08,1.4077997645578566
2012-05-09,1.6149187310460935
2012-05-10,0.980406480737576
2012-05-13,1.1888152053804495
2012-05-14,1.3938017477062077
2012-05-15,1.2105278911666104
2012-05-16,1.0014417279057934
2012-05-17,1.056224449924643
2012-05-20,1.136817804733847
2012-05-21,1.186352846156488
2012-05-22,1.5726951942623295
2012-05-23,0.6292024324527721
2012-05-24,0.35085270808601265
2012-05-27,-0.48833914945179124
2012-05-28,-0.559007556826562
2012-05-29,-0.24441731482926884
2012-05-30,0.07855667193294424
2012-05-31,0.22678710715328038
2012-06-03,0.4985601823392361
2012-06-04,0.6467000701119734
2012-06-05,-0.10687751802082066
2012-06-06,0.2316704273624957
2012-06-07,0.09324726671267296
2012-06-10,-0.1047822714737671
2012-06-11,1.4521807380099845
2012-06-12,1.3173364080319951
2012-06-13,1.17730360249298
2012-06-14,0.7059343197234842
2012-06-17,0.4089808984893429
2012-06-18,0.41714964581715486
2012-06-19,-0.7731637579787857
2012-06-20,-0.7565095794687245
2012-06-21,0.5832882678979031
2012-06-24,0.6952601004447352
2012-06-25,0.4837960940025511
2012-06-26,0.8615644650108223
2012-06-27,0.9928405899985974
2012-06-28,-0.10696313157873588
2012-07-01,-2.1789752762986794
2012-07-02,-1.8382879316229077
2012-07-03,-0.9293244589882437
2012-07-04,-0.5077455246127748
2012-07-05,-0.5356380694551869
2012-07-08,-0.3438784154978988
2012-07-09,-0.3170090628396494
2012-07-10,-0.3014402621364176
2012-07-11,-0.07693068955873009
2012-07-12,0.06061076877888217
2012-07-15,0.13563492168444258
2012-07-16,0.1308403484765462
2012-07-17,-0.14750116462625396
2012-07-18,-0.4033488884525564
2012-07-19,-0.8888116420356775
2012-07-22,-0.20185226417702365
2012-07-23,0.9989757337299564
2012-07-24,1.1299258399524752
2012-07-25,-0.11641534206086736
2012-07-26,-0.7599475437070775
2012-07-29,-0.6795800132498372
2012-07-30,0.6492561058327134
2012-07-31,1.250356896647797
2012-08-01,0.5291226913034414
2012-08-02,0.5147734867232178
2012-08-05,-0.5272336212688813
2012-08-06,-0.40140530398644264
2012-08-07,-0.4882181290393168
2012-08-08,-0.8348061683881393
2012-08-09,-0.9695027970301695
2012-08-12,-1.1013359575833586
2012-08-13,-0.7895444019460841
2012-08-14,-0.434753039198706
2012-08-15,-0.6785597901845157
2012-08-16,-0.9479811198976636
2012-08-19,-0.980228655311036
2012-08-20,-0.9315179895943458
2012-08-21,-0.9850408476616627
2012-08-22,0.08658044414095915
2012-08-23,0.4617527165219215
2012-08-26,0.4662039493416689
2012-08-27,2.226718290283389
2012-08-28,2.21707783885457
2012-08-29,1.8382465974626765
2012-08-30,1.0436890195387651
2012-09-02,0.012450486151826074
2012-09-03,0.2472620113738683
2012-09-04,0.5375615665314928
2012-09-05,0.3421057420828189
2012-09-06,-0.5273461484222922
2012-09-09,-0.8990575653938134
2012-09-10,-0.9922672676134532
2012-09-11,-1.2290521318344632
2012-09-12,-0.5838807670182724
2012-09-13,-0.9311082452090338
2012-09-16,-0.9188350364948795
2012-09-17,0.09661929124971666
2012-09-18,-0.48219770125729056
2012-09-19,-0.22726874094806757
2012-09-20,-0.10582955048233653
2012-09-23,-0.37750604502405744
2012-09-24,-0.002127045284588566
2012-09-25,1.2718123050237597
2012-09-26,1.4718351478938554
2012-09-27,1.0771684844847333
2012-09-30,-0.075718629085843
2012-10-01,-0.12753503974910965
2012-10-02,-0.05133427667091224
2012-10-03,-0.7431547508980137
2012-10-04,-1.0769588068905718
2012-10-07,-1.2631072167570332
2012-10-08,1.3707487899049486
2012-10-09,0.9990767489802003
2012-10-10,1.2835203118429512
2012-10-11,1.0909813056207065
2012-10-14,1.029398115429153
2012-10-15,0.369670850249095
2012-10-16,0.16693866926778908
2012-10-17,-0.04120276078659793
2012-10-18,-0.4673951934956479
2012-10-21,-0.46160172435651403
2012-10-22,-0.6830872554399318
2012-10-23,-0.6296081702166147
2012-10-24,-0.8377359919095493
2012-10-25,-0.7407663599390809
2012-10-29,-0.08120046161665755
2012-10-30,0.44624370108810224
2012-10-31,-0.33096896201625586
2012-11-01,0.5259821830178919
2012-11-02,0.7149434058718103
2012-11-05,0.3157000080122556
2012-11-06,0.608147807342873
2012-11-07,0.21184477758950374
2012-11-08,1.2167805581612343
2012-11-09,2.2415141157455882
2012-11-12,1.4148117782566665
2012-11-13,1.8668610859286603
2012-11-14,1.4867083663885767
2012-11-15,1.3551754883439255
2012-11-16,1.1936220521926177
2012-11-19,1.434179257043141
2012-11-20,1.0338612055161356
2012-11-21,1.1705636846012635
2012-11-22,1.1666022226694923
2012-11-23,1.2803662336842698
2012-11-26,0.39250317346481894
2012-11-27,0.39648173329713077
2012-11-28,0.41650550749032395
2012-11-29,0.7587262290958912
2012-11-30,1.1325730916244687
2012-12-03,1.8169529285865722
2012-12-04,0.9757733228647207
2012-12-05,0.8633798078660304
2012-12-06,-0.47714728524756583
2012-12-07,-1.0188578980701204
2012-12-10,-0.9833063435638713
2012-12-11,-1.024841265810756
2012-12-12,-0.8018085285083043
2012-12-13,-0.8255456654268207
2012-12-14,-0.3403139075105381
2012-12-17,-0.23181988697297257
2012-12-18,0.18348519466619198
2012-12-19,-0.3824754771831089
2012-12-20,-1.0300738542382848
2012-12-21,-0.8146461376427109
2012-12-24,-0.6749749946192525
2012-12-25,0.2321297615288328
2012-12-26,-0.8461634999099756
2012-12-27,-2.3141037794451225
2012-12-28,-2.020927419987291
2012-12-31,-1.4114749061924134
2013-01-01,-0.8150363021861732
2013-01-02,-0.903770487750318
2013-01-03,-0.868671852960431
2013-01-04,-0.7276557590984186
2013-01-07,-1.1623147566110439
2013-01-08,-1.3183084059895043
2013-01-09,-0.559829758683679
2013-01-10,-0.5043869405469077
2013-01-11,-1.1059745876996985
2013-01-14,-1.089475674094635
2013-01-15,-0.6693304443920511
2013-01-16,
2013-01-17,
2013-01-18,
2013-01-21,
2013-01-22,
2013-01-23,
2013-01-24,
2013-01-25,
2013-01-28,
2013-01-29,
2013-01-30,
2013-01-31,
2013-02-01,
2013-02-04,
2013-02-05,-0.7679975475002505
2013-02-06,-0.8257472003662222
2013-02-07,-0.7426373612073204
2013-02-08,-1.157617627388542
2013-02-11,-0.9729643261626767
2013-02-12,-0.9658106233097775
2013-02-13,-1.00650439111422
2013-02-14,-1.0835751917498726
2013-02-15,-1.122760157652345
2013-02-18,-0.6336658723785836
2013-02-19,-0.8992953053112227
2013-02-20,-1.179499889601305
2013-02-21,-0.19153980397279746
2013-02-22,0.21862999113614626
2013-02-25,0.2965418132490803
2013-02-26,1.4749183158464314
2013-02-27,1.7428101659884612
2013-02-28,0.6353116636647085
2013-03-01,1.0845693057270671
2013-03-04,0.6656166099505443
2013-03-05,-0.30019638296061485
2013-03-06,-0.4004739290550693
2013-03-07,-0.21123507167544356
2013-03-08,-1.099038893461105
2013-03-11,-1.7961623826706923
2013-03-12,-1.116172907906001
2013-03-13,-0.337369611510745
2013-03-14,0.12634751109863576
2013-03-15,0.16211219554515469
2013-03-18,1.3244108537599268
2013-03-19,0.6066701775811107
2013-03-20,0.7605223297216002
2013-03-21,1.005304726693657
2013-03-22,1.780556598951932
2013-03-25,1.2296062496891287
2013-03-26,1.1098731009039413
2013-03-27,1.1406086628693715
2013-03-28,0.7291621453468567
2013-03-29,0.9893000655351389
2013-03-31,0.7738473464930836
2013-04-01,0.5533468532103099
2013-04-02,0.5546010327706689
2013-04-03,0.584043861867693
2013-04-04,-0.10781597066929798
2013-04-07,-1.552085026197271
2013-04-08,-1.4077913299446798
2013-04-09,-1.7727740897454969
2013-04-10,-1.607587022563903
2013-04-11,-1.1590076873080852
2013-04-14,-1.1065733408389509
2013-04-15,-0.16923062617863713
2013-04-16,-0.3847591889615914
2013-04-17,0.17711291388664382
2013-04-18,0.05695688569725555
2013-04-21,0.48373995260060465
2013-04-22,0.9830638286545645
2013-04-23,1.1317415405583202
2013-04-24,0.6472081272082166
2013-04-25,0.31035780082864045
2013-04-28,-0.04104820813662785
2013-04-29,0.4431220119227195
2013-04-30,0.07483953311427222
2013-05-01,0.1254593398481488
2013-05-02,0.36877357793317056
2013-05-05,0.2857502386062019
2013-05-06,0.05560219962229094
2013-05-07,-0.2574639847490879
2013-05-08,-0.7135619446747853
2013-05-09,0.9313261259596475
2013-05-12,1.0600752338350483
2013-05-13,0.403520043374227
2013-05-14,1.750313942130189
2013-05-15,1.3696238116987414
2013-05-16,1.5006445946485056
2013-05-19,1.541629744790622
2013-05-20,1.479729888227427
2013-05-21,1.0159127282226323
2013-05-22,1.4133049964209208
2013-05-23,0.9964187174887458
2013-05-26,0.7767959392691451
2013-05-27,1.2397026199349084
2013-05-28,1.992965083987955
2013-05-29,2.0971124080852634
2013-05-30,1.7014082272317046
2013-06-02,1.3298187964175436
2013-06-03,1.091249075855366
2013-06-04,0.8372017250731586
2013-06-05,0.7888422215177426
2013-06-06,0.72674611695398
2013-06-09,0.6805476452097743
2013-06-10,0.6366297761981501
2013-06-11,0.5929524611903144
2013-06-12,0.8477608791498408
2013-06-13,0.01997249457619764
2013-06-16,-0.29843706301950534
2013-06-17,2.157625980416654
2013-06-18,1.8528837974334362
2013-06-19,2.519762702357622
2013-06-20,1.9382522621761982
2013-06-23,1.2373031357171969
2013-06-24,0.7035428611841681
2013-06-25,0.38541211069965564
2013-06-26,0.007595776103396921
2013-06-27,0.23241909357251567
2013-06-30,0.36825604419254176
2013-07-01,0.48602946658600005
2013-07-02,0.8050837738397547
2013-07-03,0.9174671026671455
2013-07-04,0.624635467274117
2013-07-07,0.5558217139725012
2013-07-08,0.6863621155863738
2013-07-09,0.5482974577486025
2013-07-10,0.7684547569078588
2013-07-11,0.5327044790894907
2013-07-14,0.49191125320714774
2013-07-15,-0.4932812795990403
2013-07-16,0.05373748594100951
2013-07-17,-1.0979821948962962
2013-07-18,-1.2652526794303582
2013-07-21,-0.44359418353680624
2013-07-22,-0.8772891442288513
2013-07-23,-1.2031057260137072
2013-07-24,-0.009173633606111205
2013-07-25,0.01131918172782787
2013-07-28,0.4235080304772521
2013-07-29,0.986907183529005
2013-07-30,1.5356443278168364
2013-07-31,1.190407607557982
2013-08-01,1.5671564563834768
2013-08-04,0.7668723823104553
2013-08-05,1.0735444853835967
2013-08-06,0.8061955223599038
2013-08-07,0.702661509902904
2013-08-08,0.15283069769733698
2013-08-11,-0.2356351921566552
2013-08-12,0.42349626353575515
2013-08-13,1.1195800338764532
2013-08-14,1.6036124383045076
2013-08-15,1.8148150823598068
2013-08-18,2.370597816463606
2013-08-19,1.735323881147856
2013-08-20,1.2422846874179092
2013-08-21,1.437295785053652
2013-08-22,0.8088256793620073
2013-08-25,0.3030640778849234
2013-08-26,0.3470899242508766
2013-08-27,0.006224214073919834
2013-08-28,-0.29784558593472277
2013-08-29,-0.20022654877288665
2013-09-01,0.33411445159920294
2013-09-02,-0.10626233070929061
2013-09-03,-0.8935881704297414
2013-09-04,-1.0434521049571033
2013-09-05,-1.7089009951566045
2013-09-08,-0.8146084115219115
2013-09-09,-2.000435095140329
2013-09-10,-1.4721173362898041
2013-09-11,-1.3808465339455571
2013-09-12,-1.1243206540651531
2013-09-15,-0.9989902914705263
2013-09-16,-0.798532693561349
2013-09-17,-1.0145919535418109
2013-09-18,-1.5925121160711537
2013-09-19,-1.3555401242555323
2013-09-22,-0.3916924672353382
2013-09-23,-1.3512482787261875
2013-09-24,-1.0364978843367192
2013-09-25,-0.5475727938535127
2013-09-26,-0.09124777405271754
2013-09-29,-0.24467715906154291
2013-09-30,-0.6049070004037178
2013-10-01,-0.5513737121017681
2013-10-02,-0.9029778117887513
2013-10-03,-0.5950913491121734
2013-10-06,-0.41301238168006293
2013-10-07,
2013-10-08,
2013-10-09,
2013-10-10,
2013-10-13,
2013-10-14,
2013-10-15,
2013-10-16,
2013-10-17,
2013-10-20,
2013-10-21,
2013-10-22,
2013-10-23,
2013-10-24,
2013-10-28,0.05374011287686274
2013-10-29,0.007821842322180958
2013-10-30,0.7068485410365687
2013-10-31,1.2618977273422078
2013-11-01,2.581504209033731
2013-11-04,1.905321848818411
2013-11-05,1.6327849906881147
2013-11-06,1.515564844714066
2013-11-07,1.194601878477476
2013-11-08,1.290216431267193
2013-11-11,1.0207044603627449
2013-11-12,1.123078689986419
2013-11-13,0.8433068716499917
2013-11-14,0.7425000067716805
2013-11-15,0.45516203159609997
2013-11-18,0.2664635659740432
2013-11-19,-0.5100954857942058
2013-11-20,-0.5478471433314049
2013-11-21,-0.29538048690782054
2013-11-22,-0.012040379565384025
2013-11-25,-0.7695430800369732
2013-11-26,-0.41118474772207375
2013-11-27,-0.07034685427784561
2013-11-28,0.8453123501133122
2013-11-29,0.5346626737942628
2013-12-02,1.182852687460382
2013-12-03,1.3277159530972757
2013-12-04,1.5128000493505291
2013-12-05,1.3224013233020984
2013-12-06,0.6365702395831205
2013-12-09,-0.11872327827483406
2013-12-10,-0.33909259121671376
2013-12-11,-0.4011770014706038
2013-12-12,0.19567077848693304
2013-12-13,-0.11038371347061476
2013-12-16,-0.470116261861628
2013-12-17,-0.5322857183896966
2013-12-18,-0.6367175363828381
2013-12-19,-0.06033541941623414
2013-12-20,0.7224102690540479
2013-12-23,1.0305075297529587
2013-12-24,0.3864004947194562
2013-12-25,0.6294693988644082
2013-12-26,0.6578029862934802
2013-12-27,0.34375558002690826
2013-12-30,-0.2607454294340979
2013-12-31,0.4647208617929346
2014-01-01,0.4135930862201444
2014-01-02,0.9222783634531238
2014-01-03,1.1561275920034346
2014-01-06,0.844984089082028
2014-01-07,0.3483066934185064
2014-01-08,0.4038825679424695
2014-01-09,1.3999995227951272
2014-01-10,0.899884825666468
2014-01-13,-0.7206270215474935
2014-01-14,-0.5019874713482043
2014-01-15,-0.949541778979392
2014-01-16,-0.3239911824395049
2014-01-17,-0.5412301971485495
2014-01-20,-1.2926206910088307
2014-01-21,-0.7755807063043378
2014-01-22,-0.4351631445324066
2014-01-23,0.5673387275468136
2014-01-24,1.7338769625137902
2014-01-27,1.1699671399111595
2014-01-28,1.2259910289256986
2014-01-29,1.4481446045132886
2014-01-30,1.0666731217448935
2014-01-31,0.5720312969419865
2014-02-03,0.5743774182580568
2014-02-04,0.7143850507549374
2014-02-05,0.16498912668547425
2014-02-06,-0.11892436529630368
2014-02-07,-0.6714040060354728
2014-02-10,-0.6982237386973764
2014-02-11,-0.2267640466638147
2014-02-12,-0.40193172714811615
2014-02-13,0.4276921006416002
2014-02-14,-1.0105576295354217
2014-02-17,-1.0318437262631373
2014-02-18,-0.8288615732648926
2014-02-19,-0.3408308505498352
2014-02-20,-0.8373521503945639
2014-02-21,-1.468701689614843
2014-02-24,-2.359052160012352
2014-02-25,-1.9907280082117411
2014-02-26,-1.37908524585269
2014-02-27,-0.9693966431481976
2014-02-28,-1.176079833487054
2014-03-03,-0.8821206152870202
2014-03-04,-0.6365568691561796
2014-03-05,-0.6693319376051055
2014-03-06,-1.1422461073667614
2014-03-07,-0.780732064833925
2014-03-10,-0.46867197118401455
2014-03-11,0.14276282113468386
2014-03-12,1.5585950107456765
2014-03-13,0.9139811042814978
2014-03-14,1.4789905756841604
2014-03-17,0.11393608594279991
2014-03-18,0.4373749706770652
2014-03-19,-0.37436671375507746
2014-03-20,0.06770387331018614
2014-03-21,-1.0733051875148802
2014-03-24,-0.9316009230873579
2014-03-25,-1.032093134175081
2014-03-26,-1.4332340478568006
2014-03-27,-1.8289468279933125
2014-03-28,-2.0176640656885643
2014-03-30,-1.5495723537681698
2014-03-31,-1.1639878749383052
2014-04-01,-1.0634031531218384
2014-04-02,-0.7454381924757177
2014-04-03,-0.7399214749564248
2014-04-06,-1.244611059700985
2014-04-07,-1.4989498330747293
2014-04-08,-1.537596990224422
2014-04-09,-1.5927215083219028
2014-04-10,-0.9928649147498928
2014-04-13,-0.7231389057035338
2014-04-14,-0.5420568143529374
2014-04-15,-0.12451862131721428
2014-04-16,0.07001823394478748
2014-04-17,0.05493843157572184
2014-04-20,0.08056924119301596
2014-04-21,0.1637996670833852
2014-04-22,0.4058542288649145
2014-04-23,-0.14971418996783262
2014-04-24,-0.27668535106990394
2014-04-27,0.6600178930340119
2014-04-28,-0.3100672948768684
2014-04-29,0.5948756195061141
2014-04-30,-0.17692507294899865
2014-05-01,-0.07373530993773886
2014-05-04,-1.0294560448550771
2014-05-05,0.6357909536050591
2014-05-06,-0.46510738244131644
2014-05-07,-1.3014466731267476
2014-05-08,-1.0027747860442435
2014-05-11,-1.1250660275863453
2014-05-12,-0.9549947683732409
2014-05-13,-0.8425556666518027
2014-05-14,-1.0663434216720262
2014-05-15,-0.4273289432852389
2014-05-18,-0.6730741787315844
2014-05-19,-0.9450987341191465
2014-05-20,-0.44458275828549176
2014-05-21,-0.8181521813862452
2014-05-22,-0.24250513814720198
2014-05-25,0.9334181093028908
2014-05-26,2.3390289249770375
2014-05-27,2.3458965162977963
2014-05-28,1.1393788614630154
2014-05-29,0.87919001322923
2014-06-01,1.6778458680374269
2014-06-02,2.07864832568622
2014-06-03,1.7760941756918103
2014-06-04,1.237875143019065
2014-06-05,0.4629264141562219
2014-06-08,-0.0023860689906721384
2014-06-09,-0.357709198034203
2014-06-10,-0.7353096197405782
2014-06-11,-0.5712649403554624
2014-06-12,-0.6190848064454022
2014-06-15,-0.8500261200652707
2014-06-16,-0.27431817872177194
2014-06-17,0.4073408797441411
2014-06-18,-1.0022849875940145
2014-06-19,-0.6899721832690511
2014-06-22,-0.532264709745426
2014-06-23,-1.0009830550672745
2014-06-24,-0.9292279989334084
2014-06-25,-1.5793020838365908
2014-06-26,-1.7978879183997194
2014-06-29,-1.5976061532268366
2014-06-30,-0.5135021944679296
2014-07-01,-0.8229651502570984
2014-07-02,0.35904369209954495
2014-07-03,-0.5513362544639386
2014-07-06,-0.3558802238038076
2014-07-07,0.535117296256849
2014-07-08,-0.3099616064449284
2014-07-09,-0.02999007436612567
2014-07-10,0.6707226756823498
2014-07-13,0.47502450537296864
2014-07-14,-0.043664545355667
2014-07-15,0.33402510894396975
2014-07-16,1.1162245985875183
2014-07-17,2.4235183519844172
2014-07-20,0.2939522037817856
2014-07-21,-0.1791552517806923
2014-07-22,-0.6686564800870324
2014-07-23,-0.32300089168603924
2014-07-24,-0.1268534276197802
2014-07-27,0.5195748063658511
2014-07-28,-0.023858864879686692
2014-07-29,0.9555183943468549
2014-07-30,1.7533188327515739
2014-07-31,1.7481136111707454
2014-08-03,0.9204556630684265
2014-08-04,1.129351493859769
2014-08-05,1.2900138432983503
2014-08-06,0.9317902611620623
2014-08-07,1.217985061029057
2014-08-10,0.6926566035746464
2014-08-11,0.4830833617179517
2014-08-12,0.45393846174011837
2014-08-13,0.4521571691778125
2014-08-14,-0.0646855410626144
2014-08-17,-0.8070179890357411
2014-08-18,-0.8583458509773851
2014-08-19,-1.38904371160277
2014-08-20,-0.6665056993139782
2014-08-21,-0.06307773593986694
2014-08-24,0.20646253920631996
2014-08-25,0.6462887059772855
2014-08-26,-0.6912932893960897
2014-08-27,-1.0456216554143694
2014-08-28,-1.444847734466977
2014-08-31,-1.44584124261587
2014-09-01,-0.725847228581316
2014-09-02,-0.9557307793757407
2014-09-03,-0.9286949335051677
2014-09-04,-0.6454362488959346
2014-09-07,-0.48510830116797576
2014-09-08,0.742119980970598
2014-09-09,1.1504483008544568
2014-09-10,1.0292062348762203
2014-09-11,1.454308924702947
2014-09-14,1.4101382168249446
2014-09-15,1.4256330757906828
2014-09-16,1.108522958396767
2014-09-17,1.221887286978883
2014-09-18,1.0848977934146715
2014-09-21,0.9790741643410131
2014-09-22,1.1655044200777915
2014-09-23,1.1283509795276496
2014-09-24,0.7790160214229411
2014-09-25,1.148123925166364
2014-09-28,1.0921547135975107
2014-09-29,1.0990714036910203
2014-09-30,0.9415381018958895
2014-10-01,1.2911478078024297
2014-10-02,1.218512728551489
2014-10-05,0.40525554660155805
2014-10-06,-0.1706716082094905
2014-10-07,-0.5446151461445233
2014-10-08,-1.056170271890376
2014-10-09,-0.6550836252402578
2014-10-12,-0.6921331850769695
2014-10-13,-0.7257413505000081
2014-10-14,-0.49503106685843923
2014-10-15,0.6698827139404872
2014-10-16,0.4285759587753713
2014-10-19,0.11509024619165936
2014-10-20,0.7505690856582807
2014-10-21,0.7964225645579476
2014-10-22,1.0446085254725435
2014-10-23,0.803111479483637
2014-10-27,0.8997604010213084
2014-10-28,0.8819284660734786
2014-10-29,-0.12691740957724681
2014-10-30,-0.4702028307128417
2014-10-31,-0.9587497142958453
2014-11-03,-0.4008323457767084
2014-11-04,0.9669099378078747
2014-11-05,0.8226219475349841
2014-11-06,0.9533288847489995
2014-11-07,1.7552388565691126
2014-11-10,1.0565858472903498
2014-11-11,0.9700454561462197
2014-11-12,0.798983272123951
2014-11-13,0.8589112342273942
2014-11-14,1.1530126127219569
2014-11-17,0.9260648949964989
2014-11-18,0.81761366733587
2014-11-19,0.5451142778048579
2014-11-20,0.22487740202408174
2014-11-21,-0.17671954127773598
2014-11-24,-1.131090313695956
2014-11-25,-0.8054955663657466
2014-11-26,-1.331622104349364
2014-11-27,-1.4609318083970066
2014-11-28,-0.3601043315624948
2014-12-01,-0.20653505739819514
2014-12-02,0.029611262534448343
2014-12-03,0.1588019476275239
2014-12-04,0.14155618891026817
2014-12-05,0.9234505618771184
2014-12-08,0.9664013237272483
2014-12-09,1.1577436723570698
2014-12-10,0.8735515998266673
2014-12-11,1.32820926776257
2014-12-12,1.548205517786893
2014-12-15,1.3592499333180181
2014-12-16,1.8226642785784397
2014-12-17,1.4999077247033736
2014-12-18,0.8839485254403145
2014-12-19,0.2764876528336748
2014-12-22,0.19306116294928544
2014-12-23,0.39499680848635643
2014-12-24,0.5938500208123085
2014-12-25,0.5133834878383166
2014-12-26,0.4632508550032861
2014-12-29,0.1932779487107353
2014-12-30,0.12607284131109364
2014-12-31,-0.9735735584039212
2015-01-01,-0.8634268592413286
2015-01-02,-0.35958606925844067
2015-01-05,0.5740442091352382
2015-01-06,1.0247866412324005
2015-01-07,0.3169540811235236
2015-01-08,0.029982250194598326
2015-01-09,-1.2705128883966812
2015-01-12,-1.4854254875778277
2015-01-13,-0.5929754356526022
2015-01-14,-1.3879790770642506
2015-01-15,-1.6012210582817823
2015-01-16,-0.8997163053694657
2015-01-19,-1.173997519359676
2015-01-20,-0.5369597373714122
2015-01-21,-1.2043021950991997
2015-01-22,-1.4177322780193355
2015-01-23,-1.3428169619726644
2015-01-26,-1.0268363004315324
2015-01-27,-1.0276671027896056
2015-01-28,-1.1434131836168087
2015-01-29,-0.7057708977459105
2015-01-30,0.50458204112609
2015-02-02,1.6938841922294763
2015-02-03,1.8817692416053013
2015-02-04,1.2811961021055773
2015-02-05,1.3319790356944927
2015-02-06,1.2082051013655892
2015-02-09,1.108519526399367
2015-02-10,0.9678269416359977
2015-02-11,1.2205055708569215
2015-02-12,1.1419339297163007
2015-02-13,0.7860551958518953
2015-02-16,0.6736083197604014
2015-02-17,0.5620763463042043
2015-02-18,0.5298087758136867
2015-02-19,0.6076387287997504
2015-02-20,0.8318088465820527
2015-02-23,0.8840010244003473
2015-02-24,0.8295562425521943
2015-02-25,0.4824535662633726
2015-02-26,0.6275749498312817
2015-02-27,1.1992458261236805
2015-03-02,-0.07935594410683408
2015-03-03,1.3329475402325006
2015-03-04,2.0337299081516895
2015-03-05,1.9493464465283676
2015-03-06,1.7438308462831076
2015-03-09,1.7650222767886479
2015-03-10,1.6412392869079977
2015-03-11,1.1362242486903213
2015-03-12,0.9432330380382717
2015-03-13,1.2309618738909325
2015-03-16,1.1711122829983962
2015-03-17,1.0284259063252128
2015-03-18,0.8909563335316256
2015-03-19,0.7826865599657038
2015-03-20,0.8281467012332635
2015-03-23,0.34445161370830635
2015-03-24,-0.29071933634094954
2015-03-25,-0.3422125384009511
2015-03-26,0.08214095803063429
2015-03-27,0.07182706407751255
2015-03-29,0.6601139778273181
2015-03-30,0.131325399192631
2015-03-31,-0.8048850516995559
2015-04-01,-0.9168467733549596
2015-04-02,-1.286486339152852
2015-04-05,-1.2843963919538584
2015-04-06,-0.8736010742018269
2015-04-07,-0.993688458984262
2015-04-08,-1.6231194283755426
2015-04-09,-1.1965615578095539
2015-04-12,-0.8394960438281742
2015-04-13,-0.4920881513791964
2015-04-14,-0.8439883941673559
2015-04-15,-1.2685871377229316
2015-04-16,-1.1160108266712228
2015-04-19,-0.9026419857854935
2015-04-20,-0.9520899355440942
2015-04-21,-0.9948697429462809
2015-04-22,-1.1422358645823418
2015-04-23,-1.4926201399739836
2015-04-26,-1.8729464215652287
2015-04-27,-1.9242795040012477
2015-04-28,-1.159412028436928
2015-04-29,-0.5835882859336803
2015-04-30,0.36865874594321374
2015-05-03,0.37736282044131486
2015-05-04,1.0497547590458953
2015-05-05,0.6465880040737104
2015-05-06,0.40138413353525043
2015-05-07,0.12917078491259038
2015-05-10,-0.19379693215874053
2015-05-11,0.690259677617085
2015-05-12,0.06145891280330814
2015-05-13,0.23442145795934027
2015-05-14,-0.3632002044413624
2015-05-17,-0.3765216460183177
2015-05-18,-0.3066204598593632
2015-05-19,0.19991883261755264
2015-05-20,-0.42815989395411913
2015-05-21,0.5484953920085571
2015-05-24,2.0375315726166567
2015-05-25,1.7716789231435854
2015-05-26,1.917084096966155
2015-05-27,1.2745817872168037
2015-05-28,1.1214113955144303
2015-05-31,1.0390079778813592
2015-06-01,0.6797531283543617
2015-06-02,0.2868813808162635
2015-06-03,0.3501951962582913
2015-06-04,0.35516251020186096
2015-06-07,0.14971598220865032
2015-06-08,-0.39978389187713287
2015-06-09,-0.9679819723812465
2015-06-10,-0.2608811025186281
2015-06-11,-1.0414299305655563
2015-06-14,-0.6285599695482156
2015-06-15,-0.457722802145795
2015-06-16,-1.2638391799981539
2015-06-17,-1.9024888971688267
2015-06-18,-1.2643379421740113
2015-06-21,-0.5667935454440808
2015-06-22,-0.4253162706804688
2015-06-23,-0.7348195331931423
2015-06-24,0.02171116199411304
2015-06-25,0.9222858439832752
2015-06-28,1.229567609367146
2015-06-29,0.3804235852396549
2015-06-30,0.32268934218238277
2015-07-01,0.9052872455939223
2015-07-02,0.10259392403967046
2015-07-05,0.9759305351559884
2015-07-06,1.1054201716594008
2015-07-07,1.8421962511243126
2015-07-08,1.8539290924729872
2015-07-09,1.1890181975941303
2015-07-12,0.24091566319460153
2015-07-13,-0.42280294885577374
2015-07-14,-0.2834914259705753
2015-07-15,-0.34345027019738433
2015-07-16,0.15059263850441068
2015-07-19,0.6995977488274757
2015-07-20,0.46528514754775707
2015-07-21,0.3035726756006524
2015-07-22,1.2555317229775886
2015-07-23,1.9028786783586025
2015-07-26,2.080928722392324
2015-07-27,1.534493187680694
2015-07-28,1.0527661854493455
2015-07-29,0.739250564950999
2015-07-30,0.8336085541265582
2015-08-02,1.0203811592618646
2015-08-03,1.034336753652978
2015-08-04,1.0237391055060867
2015-08-05,1.1686272785432965
2015-08-06,1.1638413181417329
2015-08-09,0.8334689048276462
2015-08-10,0.3573621724631096
2015-08-11,0.42765883054759435
2015-08-12,0.45860065265026784
2015-08-13,0.5724668240214499
2015-08-16,0.2840077824970397
2015-08-17,0.19397242835454098
2015-08-18,-0.001702560511759422
2015-08-19,0.1482732660372494
2015-08-20,-0.7255166784520809
2015-08-23,1.0660406230690656
2015-08-24,1.3004659510167158
2015-08-25,2.3807930436478952
2015-08-26,1.2831148666155936
2015-08-27,0.7889909413265299
2015-08-30,1.172002455929373
2015-08-31,1.2519895953433533
2015-09-01,1.5893719290637154
2015-09-02,1.637868688546053
2015-09-03,1.2121893822901155
2015-09-06,1.4183246379449572
2015-09-07,1.0510727458012195
2015-09-08,0.7705925480578651
2015-09-09,0.754365604652673
2015-09-10,0.8332964931328045
2015-09-13,0.8025433776663318
2015-09-14,0.46300589064929026
2015-09-15,0.5890746000672645
2015-09-16,0.5403751807510077
2015-09-17,1.0086056445141154
2015-09-20,1.743890788772107
2015-09-21,
2015-09-22,
2015-09-23,
2015-09-24,
2015-09-27,
2015-09-28,
2015-09-29,
2015-09-30,
2015-10-01,
2015-10-04,
2015-10-05,
2015-10-06,
2015-10-07,
2015-10-08,
2015-10-11,-1.3348993550136783
2015-10-12,-1.0069460346104941
2015-10-13,-0.3451506462635569
2015-10-14,-0.6516752658290703
2015-10-15,-0.6176862808344035
2015-10-18,0.22721726387372995
2015-10-19,0.07010572183563041
2015-10-20,0.5596598810600123
2015-10-21,0.9231276955366601
2015-10-22,0.5087940101726109
2015-10-26,0.13920063937990582
2015-10-27,0.5850683128393659
2015-10-28,0.26973245531634815
2015-10-29,0.6371567011931358
2015-10-30,-0.47237289920878506
2015-11-02,-0.7481523957130407
2015-11-03,-0.7995531884901236
2015-11-04,-1.8443182754700302
2015-11-05,-1.439599547185683
2015-11-06,-1.1778506704856966
2015-11-09,-1.1705979542152538
2015-11-10,-0.7859952693714068
2015-11-11,-1.3494578700551672
2015-11-12,-0.7310491560260177
2015-11-13,-0.5600578209575638
2015-11-16,0.3172980237526563
2015-11-17,-0.02811605171892711
2015-11-18,-0.19164035726299627
2015-11-19,-1.1956177262052277
2015-11-20,-1.2615323923311477
2015-11-23,-1.8219721416915418
2015-11-24,-1.1879725676711632
2015-11-25,-0.836903493900641
2015-11-26,-0.47394875443518714
2015-11-27,-0.5232451571530984
2015-11-30,1.0317226561940078
2015-12-01,1.3520639441389746
2015-12-02,0.8861636946079559
2015-12-03,0.3237990138064995
2015-12-04,-0.3787728533321591
2015-12-07,-0.38425728178684715
2015-12-08,-0.016962874091347623
2015-12-09,0.1053396803802739
2015-12-10,-0.37420965257644373
2015-12-11,0.7031158193948073
2015-12-14,0.9794677674815344
2015-12-15,0.9434158323830456
2015-12-16,1.3388525837041378
2015-12-17,0.7741639233061106
2015-12-18,0.7270350008169804
2015-12-21,1.545794111077603
2015-12-22,1.2356077108253736
2015-12-23,0.9080541990278105
2015-12-24,0.5077164847598733
2015-12-25,0.20378147003582428
2015-12-28,0.14016132233430076
2015-12-29,-0.6824708147216062
2015-12-30,-0.18407078564297127
2015-12-31,0.5574778653398783
2016-01-01,0.34102610938198835
2016-01-04,0.8490202828590405
2016-01-05,1.2296288802134197
2016-01-06,1.0361488578579996
2016-01-07,0.9770717828387101
2016-01-08,0.788452820381274
2016-01-11,0.5102505759640974
2016-01-12,0.7213724750904678
2016-01-13,0.2974685666888638
2016-01-14,0.3193963011202699
2016-01-15,0.38274726705086337
2016-01-18,0.33998298016350964
2016-01-19,0.642810114830703
2016-01-20,1.7507641725234209
2016-01-21,2.6678890332216545
2016-01-22,1.9210211451971722
2016-01-25,0.7285764644329508
2016-01-26,0.5415902019690821
2016-01-27,-0.04976861155022358
2016-01-28,0.4180541892690278
2016-01-29,-0.20033253199505938
2016-02-01,-1.1827828480872293
2016-02-02,-1.3677369248509832
2016-02-03,-1.3028650306994376
2016-02-04,-2.0259751096697434
2016-02-05,-1.4375661517503338
2016-02-08,-1.142257923281819
2016-02-09,-0.9742246247893929
2016-02-10,-0.8463880961952643
2016-02-11,-0.40534916169977936
2016-02-12,0.06253969383117514
2016-02-15,0.14736772132973702
2016-02-16,0.48587597340586064
2016-02-17,0.9149247629699024
2016-02-18,0.4627713039927359
2016-02-19,0.953080095208039
2016-02-22,0.4272495963201861
2016-02-23,-0.12757913100850832
2016-02-24,0.027243263038851
2016-02-25,-0.44050503361335
2016-02-26,-0.35231623122095773
2016-02-29,-0.21117785297702177
2016-03-01,0.33707719891245036
2016-03-02,-1.6128164953784598
2016-03-03,-1.9652402015636816
2016-03-04,-2.6529201087614536
2016-03-07,-1.777592779855035
2016-03-08,-1.2595825264313587
2016-03-09,-1.2955169281427878
2016-03-10,-1.358196747525091
2016-03-11,-1.356805683562827
2016-03-14,-1.253543951290419
2016-03-15,-0.6905864696312243
2016-03-16,-0.09261052454037916
2016-03-17,-0.5519124387052207
2016-03-18,-0.9326875524026356
2016-03-21,-0.9119590500155537
2016-03-22,-0.8868666642585074
2016-03-23,-0.8659151378732692
2016-03-24,0.056241185247818896
2016-03-25,-0.09890319700589242
2016-03-27,-0.16782645190182094
2016-03-28,-0.21253950742241975
2016-03-29,-0.5573328773712143
2016-03-30,-1.1080482575175894
2016-03-31,-1.136906337846431
2016-04-03,-1.2248993751277983
2016-04-04,-0.09103920437390448
2016-04-05,0.9605394666614674
2016-04-06,0.36356899887287486
2016-04-07,0.4507645864010043
2016-04-10,-1.269744414097597
2016-04-11,-1.701692776855823
2016-04-12,-1.3339871253136686
2016-04-13,-1.182544225238875
2016-04-14,-1.180346009357968
2016-04-17,-0.5428902842423828
2016-04-18,0.08332800096675823
2016-04-19,-0.5350091811957104
2016-04-20,-0.5860170007770958
2016-04-21,-0.2653504102047072
2016-04-24,-0.1363306391615123
2016-04-25,-0.20699720286841602
2016-04-26,-0.423527250505367
2016-04-27,-0.6959136554290749
2016-04-28,-1.6031733810190487
2016-05-01,-1.6377988627494215
2016-05-02,-0.10018044245784252
2016-05-03,0.5539812079427463
2016-05-04,0.08229746272588122
2016-05-05,0.23452476067352931
2016-05-08,0.5629668227119038
2016-05-09,-0.6829458516767919
2016-05-10,-1.255876964238652
2016-05-11,-1.1438626599177582
2016-05-12,-0.49722235841767465
2016-05-15,0.21780564023776477
2016-05-16,-0.1700927527650395
2016-05-17,-0.007875570404716968
2016-05-18,1.1700697967664604
2016-05-19,0.7375909310522499
2016-05-22,0.5360467810558412
2016-05-23,0.7501462529788309
2016-05-24,0.9673852549353077
2016-05-25,0.8457904209091931
2016-05-26,0.8845822394875997
2016-05-29,0.9315279924160546
2016-05-30,0.48731696942780234
2016-05-31,0.7892025685196175
2016-06-01,0.5481867633530347
2016-06-02,-0.036560771973898634
2016-06-05,-1.4871669359965716
2016-06-06,-2.3089351851920528
2016-06-07,-2.4915821231369506
2016-06-08,-2.119396297498788
2016-06-09,-1.2263851012440592
2016-06-12,-0.9045033658706059
2016-06-13,-0.3671973258169864
2016-06-14,-0.35644675962792005
2016-06-15,-0.24099954106048868
2016-06-16,-0.4598682082461543
2016-06-19,-0.9316517740424324
2016-06-20,-0.9811681386394624
2016-06-21,-0.6873025806435097
2016-06-22,-1.0947491555908284
2016-06-23,-0.982147341597015
2016-06-26,-0.6838869072824971
2016-06-27,-0.8593306520571157
2016-06-28,-1.9403348333113306
2016-06-29,-2.0063194193461764
2016-06-30,-1.668222172091868
2016-07-03,-1.2248851491176882
2016-07-04,-0.648477715577369
2016-07-05,-0.3245213870813017
2016-07-06,0.02053967324571148
2016-07-07,0.12141218239963221
2016-07-10,-0.276433933980034
2016-07-11,-0.2407184050824239
2016-07-12,-0.19999369657349778
2016-07-13,-0.7950397776163911
2016-07-14,-0.6201939443449863
2016-07-17,-0.22400163543575594
2016-07-18,-0.45292008620064217
2016-07-19,-0.6769345543724834
2016-07-20,-0.6419706280588661
2016-07-21,-0.3488914526316524
2016-07-24,-0.5609594968885689
2016-07-25,0.010959697939973893
2016-07-26,-0.11657105775796303
2016-07-27,-0.4539326618171067
2016-07-28,-0.0013567927564701364
2016-07-31,-0.710863566925297
2016-08-01,-0.44804743302889977
2016-08-02,0.2544298959040381
2016-08-03,-2.3096363808904514
2016-08-04,-2.928062951396308
2016-08-07,-2.248292565966094
2016-08-08,-1.670887442278704
2016-08-09,-1.519026687624159
2016-08-10,-1.2906484518764922
2016-08-11,-0.9082524102765632
2016-08-14,-0.38618886812089287
2016-08-15,-0.36158164226241496
2016-08-16,0.1317955830366263
2016-08-17,0.17700613770728255
2016-08-18,0.6859416028062514
2016-08-21,0.3832642881409022
2016-08-22,0.34221327881602304
2016-08-23,1.1065213521681676
2016-08-24,0.7214191086752685
2016-08-25,0.4510770665724661
2016-08-28,1.2090987441221435
2016-08-29,0.5519982733127037
2016-08-30,0.5277913559114242
2016-08-31,0.3107671384754688
2016-09-01,0.8379547851819671
2016-09-04,1.230460161184147
2016-09-05,0.9159838066789013
2016-09-06,-1.5028229858799615
2016-09-07,-1.3458093854197912
2016-09-08,0.08821636573608621
2016-09-11,1.4335785525815088
2016-09-12,0.8319404238819669
2016-09-13,1.7010088014576796
2016-09-14,1.706726908941366
2016-09-15,0.7694257107928197
2016-09-18,0.03554490346481596
2016-09-19,-0.03612768457968202
2016-09-20,-0.3792886879035589
2016-09-21,-1.1784981069694767
2016-09-22,-0.7720265019501404
2016-09-25,-0.2928381275015873
2016-09-26,-0.49663075933597056
2016-09-27,-0.5410155171922638
2016-09-28,-0.862156452610049
2016-09-29,-0.2484252846705656
2016-10-02,-0.24407240946252245
2016-10-03,-0.9292916858161576
2016-10-04,0.07633964498040118
2016-10-05,-0.5647000006800115
2016-10-06,-0.7177837491223268
2016-10-09,-0.8296261051414349
2016-10-10,-0.9402872789125509
2016-10-11,-1.4083304169963067
2016-10-12,-1.000651867634659
2016-10-13,-1.7494442801082222
2016-10-16,-0.8605733626478114
2016-10-17,-0.8416320391770798
2016-10-18,-1.1643075448926363
2016-10-19,-1.5536688342295362
2016-10-20,-1.7472234901533257
2016-10-23,-1.5454531482816922
2016-10-24,-1.6429412584988359
2016-10-25,-1.3847110771577336
2016-10-26,-0.7115385110299097
2016-10-27,-0.006466268603412515
2016-10-31,0.513982344998531
2016-11-01,0.7528737819094788
2016-11-02,1.3764719454329195
2016-11-03,1.2646986665993656
2016-11-04,1.1929168123886635
2016-11-07,0.6048816417074933
2016-11-08,0.24414875460984892
2016-11-09,0.07513187822574229
2016-11-10,1.2549037574065909
2016-11-11,2.45941709721598
2016-11-14,1.7579779131352997
2016-11-15,1.4372430324834204
2016-11-16,1.0312303387546213
2016-11-17,0.7919762197032317
2016-11-18,0.5802253062923957
2016-11-21,0.22140169921394315
2016-11-22,0.1683603355533369
2016-11-23,0.17230389412026326
2016-11-24,0.44311252403914203
2016-11-25,0.37782560230328244
2016-11-28,0.27081193111352364
2016-11-29,-0.07586350946538621
2016-11-30,0.6098792887628773
2016-12-01,0.37193951052354046
2016-12-02,2.814951071834017
2016-12-05,1.156298594144993
2016-12-06,0.21597419320376696
2016-12-07,-0.613625686759915
2016-12-08,-0.635873169817142
2016-12-09,-0.9017452912522109
2016-12-12,-1.010830539676477
2016-12-13,-1.5608015206404784
2016-12-14,-1.4416149080222436
2016-12-15,-0.5813750654470812
2016-12-16,-0.5674822701750311
2016-12-19,-0.3150425812276957
2016-12-20,-0.6159297333705914
2016-12-21,-0.839665525207691
2016-12-22,-1.1804429670382426
2016-12-23,-1.986703557806768
2016-12-26,-1.7096444427889763
2016-12-27,-1.3504217202804492
2016-12-28,-1.1495573895148843
2016-12-29,-1.0100403789909698
2016-12-30,-1.0679366457946102
2017-01-02,-0.838097375865596
2017-01-03,-0.5565592311038289
2017-01-04,-0.825710636048855
2017-01-05,-1.2864173902640206
2017-01-06,-1.6094794658916363
2017-01-09,-1.170948105122189
2017-01-10,-1.4573458670127926
2017-01-11,-1.0087899415830461
2017-01-12,-1.1550091471425883
2017-01-13,-0.7954351797370469
2017-01-16,-0.4483038994944377
2017-01-17,-0.017145538048589228
2017-01-18,-0.44794608409308034
2017-01-19,0.02222892988462537
2017-01-20,-0.8034921999894263
2017-01-23,-1.9794982518497442
2017-01-24,-1.5000241127489855
2017-01-25,-1.1532180435017134
2017-01-26,-0.9163040059760049
2017-01-27,-0.831840675115417
2017-01-30,-1.6617926373195253
2017-01-31,-1.4408937305069502
2017-02-01,-0.7152918129346585
2017-02-02,-1.1554941438122208
2017-02-03,-1.0696741864274815
2017-02-06,-1.0303872666623786
2017-02-07,-0.8405411933642976
2017-02-08,-0.7424864934395402
2017-02-09,-0.7127283434000726
2017-02-10,-0.533096540377564
2017-02-13,-0.7833176571917391
2017-02-14,-1.0525372959527548
2017-02-15,-2.5313766071324504
2017-02-16,-2.6195549906935907
2017-02-17,-0.7990273223198818
2017-02-20,-0.5924709302462665
2017-02-21,-0.6041606704063185
2017-02-22,-0.596445835698187
2017-02-23,-1.2904504870560156
2017-02-24,-0.7936985285386446
2017-02-27,0.298327277443543
2017-02-28,0.2362161986691484
2017-03-01,0.6855288726122513
2017-03-02,0.2567661332979252
2017-03-03,2.0496365199709734
2017-03-06,0.6539455341178826
2017-03-07,1.0665302968448687
2017-03-08,0.8903077763436734
2017-03-09,1.6763478257036029
2017-03-10,1.4974565887515536
2017-03-13,0.5728640889168324
2017-03-14,0.609656538921771
2017-03-15,0.727906798753018
2017-03-16,-0.8561897326619898
2017-03-17,-0.6470367122462255
2017-03-20,-1.0748747725282446
2017-03-21,-1.426199309736099
2017-03-22,-0.9391461351400896
2017-03-23,-0.7089254369991449
2017-03-24,0.09744142480553455
2017-03-26,-0.36427387267072936
2017-03-27,-0.016583336836135353
2017-03-28,0.15984991884944094
2017-03-29,-0.07741062594814274
2017-03-30,0.8610375278344864
2017-04-02,0.023068951657818124
2017-04-03,0.22513881755964743
2017-04-04,-0.9404745305124849
2017-04-05,0.023941593487690108
2017-04-06,0.726308314565202
2017-04-09,0.9154524869659737
2017-04-10,0.5492855696790062
2017-04-11,0.6113722235628183
2017-04-12,-0.06783470360951037
2017-04-13,0.7039590905910069
2017-04-16,-0.003711721198960319
2017-04-17,-0.5605964397849033
2017-04-18,-0.7278998421228122
2017-04-19,0.713891233882542
2017-04-20,0.9140028859757995
2017-04-23,-0.2813354188864797
2017-04-24,0.026939740609824916
2017-04-25,1.3549129957367827
2017-04-26,1.7966946185003252
2017-04-27,1.7549497662126514
2017-04-30,1.0451468901401255
2017-05-01,0.8707266445874868
2017-05-02,-0.023848455241610163
2017-05-03,0.3552181696236914
2017-05-04,0.8642480555024622
2017-05-07,0.7208942720004008
2017-05-08,0.973926872940033
2017-05-09,0.3869010276697279
2017-05-10,-0.30439325131156797
2017-05-11,-1.3686934988170176
2017-05-14,-1.5146095660012127
2017-05-15,-2.0552731276255294
2017-05-16,-1.5799815144939313
2017-05-17,1.457148834210644
2017-05-18,2.699852020742702
2017-05-21,1.1297141664615793
2017-05-22,0.9254182896493269
2017-05-23,0.730446980822396
2017-05-24,0.7009524045895794
2017-05-25,0.5442201521042382
2017-05-28,0.1674900227909967
2017-05-29,0.3360830326255477
2017-05-30,0.2149052237682627
2017-05-31,-0.1034420389376744
2017-06-01,0.0034432272816953204
2017-06-04,0.1849103536719704
2017-06-05,0.8105778624609806
2017-06-06,0.2734599535502617
2017-06-07,0.5090459111559299
2017-06-08,0.09142161466235689
2017-06-11,-0.3771634718293449
2017-06-12,1.8435910010328838
2017-06-13,1.0828575606430306
2017-06-14,0.23279590191294172
2017-06-15,0.2964956564450755
2017-06-18,0.6814366273406798
2017-06-19,0.5756601929470574
2017-06-20,1.357420995249979
2017-06-21,1.4320271514589966
2017-06-22,1.243273304255013
2017-06-25,0.861405908160154
2017-06-26,-0.08959177750339248
2017-06-27,0.1442813267173146
2017-06-28,-0.5860294283245306
2017-06-29,-0.20365023919317504
2017-07-02,-1.552309807335302
2017-07-03,-0.05100165757904848
2017-07-04,-0.002059061940156014
2017-07-05,-0.4533102379675928
2017-07-06,-0.651276511390039
2017-07-09,-1.9345297208315262
2017-07-10,
2017-07-11,
2017-07-12,
2017-07-13,
2017-07-16,
2017-07-17,
2017-07-18,
2017-07-19,
2017-07-20,
2017-07-23,
2017-07-24,
2017-07-25,
2017-07-26,
2017-07-27,
2017-07-30,-0.5309186373636231
2017-07-31,-1.1796976108277148
2017-08-01,-0.9850385378005142
2017-08-02,-1.367420071656186
2017-08-03,-1.0307872814755599
2017-08-06,-0.6111520022073401
2017-08-07,-0.4032604209290363
2017-08-08,-0.11374667497918484
2017-08-09,0.6526866106529459
2017-08-10,1.2317641009880445
2017-08-13,1.4208552732106408
2017-08-14,1.4168657809263896
2017-08-15,0.6136859015206686
2017-08-16,0.03865279684320938
2017-08-17,0.4948630343687913
2017-08-20,0.09620201473616324
2017-08-21,0.15928665040127948
2017-08-22,0.14013604129794996
2017-08-23,-0.7194516366118971
2017-08-24,-0.6361373223590558
2017-08-27,-0.24385820516773257
2017-08-28,0.19447852082111947
2017-08-29,0.06700871511316342
2017-08-30,-0.43787911272062957
2017-08-31,-1.274318202473266
2017-09-03,-0.3176900139870432
2017-09-04,-1.590830149985711
2017-09-05,-1.9821361914613467
2017-09-06,-1.9800106925963847
2017-09-07,-1.6803325823019053
2017-09-10,-0.7241179116688653
2017-09-11,-1.0699787822663152
2017-09-12,-0.2567671967931778
2017-09-13,-0.12836552979834054
2017-09-14,-0.36259183385299926
2017-09-17,-0.47960790633559147
2017-09-18,0.2890446440711915
2017-09-19,0.33661499934582595
2017-09-20,0.47769036617661775
2017-09-21,0.5894206067307486
2017-09-24,0.5256370260700396
2017-09-25,1.7624373649014706
2017-09-26,1.9941027033674394
2017-09-27,1.9150500801666641
2017-09-28,1.069462444012865
2017-10-01,0.5540440195876902
2017-10-02,0.11977525337278025
2017-10-03,-0.41172723205062567
2017-10-04,-0.6053429120368812
2017-10-05,0.2163387845143016
2017-10-08,0.08594165108087269
2017-10-09,0.8454588045395112
2017-10-10,0.3905582672472282
2017-10-11,0.08912329562918526
2017-10-12,0.12932178733298633
2017-10-15,-0.75123813503429
2017-10-16,0.3614189489257267
2017-10-17,-0.03963088145946133
2017-10-18,0.5442754595279673
2017-10-19,0.7759573487343215
2017-10-22,1.7130824860245373
2017-10-23,2.722227173165926
2017-10-24,1.709772505364973
2017-10-25,1.2921701920217212
2017-10-26,1.5837501480213256
2017-10-30,0.8598391937663512
2017-10-31,1.0206545110246517
2017-11-01,0.7391289498803064
2017-11-02,0.4785211029532138
2017-11-03,0.7464076586962718
2017-11-06,0.8312137501629573
2017-11-07,0.21613943133210717
2017-11-08,0.1625532618005837
2017-11-09,-0.30776354338697237
2017-11-10,-0.3595226517342387
2017-11-13,0.46763707129377413
2017-11-14,0.5950049721490999
2017-11-15,1.6850789574197582
2017-11-16,
2017-11-17,
2017-11-20,
2017-11-21,
2017-11-22,
2017-11-23,
2017-11-24,
2017-11-27,
2017-11-28,
2017-11-29,
2017-11-30,
2017-12-01,
2017-12-04,
2017-12-05,
2017-12-06,
2017-12-07,0.6825139753209868
2017-12-08,1.4225626166707364
2017-12-11,1.2002632888640974
2017-12-12,1.459688784667069
2017-12-13,1.0661685951950282
2017-12-14,1.239182607988697
2017-12-15,1.176662959544569
2017-12-18,0.5371953043936237
2017-12-19,0.20345715637884723
2017-12-20,-0.11586620517294509
2017-12-21,0.32977856111444104
2017-12-22,0.3964438157386818
2017-12-25,1.243773011366828
2017-12-26,0.8907631203003552
2017-12-27,-0.11498830598188893
2017-12-28,-0.2758735065569198
2017-12-29,-0.41683190132110054
2018-01-01,-0.036126679591404066
2018-01-02,-0.7901190895049877
2018-01-03,-2.333455395780733
2018-01-04,-2.2866457316586213
2018-01-05,-1.5938004937411119
2018-01-08,-1.2783496337108036
2018-01-09,-0.9330491572577994
2018-01-10,-0.7119005160626815
2018-01-11,-0.8880923945578046
2018-01-12,-1.0182047832141055
2018-01-15,-1.2596804005346416
2018-01-16,-0.7446557059746062
2018-01-17,-0.5283599626885291
2018-01-18,-0.7444384800890174
2018-01-19,-1.010957355970653
2018-01-22,-1.3420738477296674
2018-01-23,-0.5067317535143684
2018-01-24,-0.2455371328259085
2018-01-25,-2.8224654598294165
2018-01-26,-1.8416047201713246
