Date,rsi_6
2010-01-04,
2010-01-05,100.0
2010-01-06,73.17073170731688
2010-01-07,81.27978216473764
2010-01-08,60.73863058296872
2010-01-11,58.181463794951966
2010-01-12,68.27807069162846
2010-01-13,77.26840258162306
2010-01-14,86.78188908226315
2010-01-15,86.89041409285373
2010-01-18,83.86090226637337
2010-01-19,88.59094849136262
2010-01-20,92.36170645498011
2010-01-21,94.0922097868549
2010-01-22,95.87750930261491
2010-01-25,56.03059462169987
2010-01-26,74.25406024021493
2010-01-27,77.78289518921206
2010-01-28,81.31678699390895
2010-01-29,82.22052831536516
2010-02-01,73.12490707956616
2010-02-02,52.06211860149742
2010-02-03,60.43777076945677
2010-02-04,70.14601789925143
2010-02-05,70.79663938026154
2010-02-08,62.79918828908599
2010-02-09,46.69283346374075
2010-02-10,50.736010770973984
2010-02-11,51.26132727993511
2010-02-12,55.67293812281724
2010-02-15,50.14810025643476
2010-02-16,43.63453651923134
2010-02-17,37.41049499970929
2010-02-18,29.874668580955614
2010-02-19,23.567483768266698
2010-02-22,28.804086064376335
2010-02-23,41.25423909276214
2010-02-24,40.52120325111653
2010-02-25,56.6168438746013
2010-02-26,36.29550889105593
2010-03-01,32.55620831700479
2010-03-02,16.179340188898266
2010-03-03,44.5440399342755
2010-03-04,44.74617781520059
2010-03-05,40.98181710554557
2010-03-08,44.55352534661716
2010-03-09,42.83560427321617
2010-03-10,36.84557023983593
2010-03-11,37.650385236585976
2010-03-12,33.54636963365654
2010-03-15,33.97816543730133
2010-03-16,39.62707254480768
2010-03-17,36.36047457949618
2010-03-18,47.49092057423332
2010-03-19,66.33331159917145
2010-03-22,68.58771258624094
2010-03-23,50.07746647654607
2010-03-24,59.19790088378031
2010-03-25,62.8529683953532
2010-03-26,74.42750533584456
2010-03-28,60.71250895985128
2010-03-29,49.594514436043006
2010-03-30,41.36938261201413
2010-03-31,33.744706041787325
2010-04-01,33.54815501465609
2010-04-04,31.10248151584426
2010-04-05,27.14475517660675
2010-04-06,51.05893019302506
2010-04-07,47.91348353717532
2010-04-08,46.205606729501724
2010-04-11,35.09656938518236
2010-04-12,19.153392519622344
2010-04-13,42.86068502885531
2010-04-14,45.232605453015815
2010-04-15,49.158145506048896
2010-04-18,51.894339751450914
2010-04-19,46.21613374043663
2010-04-20,42.961725525009356
2010-04-21,55.82050146098175
2010-04-22,55.1467484045262
2010-04-25,39.702521857677255
2010-04-26,56.159895390507835
2010-04-27,50.70344866605759
2010-04-28,34.77805025744078
2010-04-29,33.70003970950194
2010-05-02,36.07770851915674
2010-05-03,52.38233034201169
2010-05-04,68.46801870988622
2010-05-05,81.6854842937592
2010-05-06,83.9720193988444
2010-05-09,48.658523477347075
2010-05-10,48.86606690444938
2010-05-11,48.088492804382355
2010-05-12,46.53353107400649
2010-05-13,60.69534995692676
2010-05-16,61.000479788325336
2010-05-17,66.02500587712527
2010-05-18,70.88130894769434
2010-05-19,82.76854067610893
2010-05-20,61.86689633882124
2010-05-23,66.03779300488404
2010-05-24,67.76844447810949
2010-05-25,64.33399134614749
2010-05-26,42.333557090628716
2010-05-27,41.71438845679979
2010-05-30,41.77450163984576
2010-05-31,53.141252914315324
2010-06-01,51.301744800065286
2010-06-02,44.202181969857605
2010-06-03,56.37941955621162
2010-06-06,70.35427644114004
2010-06-07,61.000415911190046
2010-06-08,50.61735201711984
2010-06-09,37.85828635331324
2010-06-10,37.59029669133781
2010-06-13,33.55867067594281
2010-06-14,27.45526442542956
2010-06-15,29.436585828836016
2010-06-16,28.835192664469403
2010-06-17,23.454665788712745
2010-06-20,20.418320441080354
2010-06-21,24.846710284389985
2010-06-22,55.584001316183986
2010-06-23,41.971553767813944
2010-06-24,43.08175568690525
2010-06-27,44.77234310471686
2010-06-28,62.1673294410649
2010-06-29,49.830331439905486
2010-06-30,54.91290912932831
2010-07-01,40.05941866345401
2010-07-04,39.48167689726577
2010-07-05,35.869847810859056
2010-07-06,34.68013100063084
2010-07-07,38.705457063167366
2010-07-08,30.556920598497456
2010-07-11,35.48739572853441
2010-07-12,32.41843982596255
2010-07-13,46.340013561949576
2010-07-14,51.168402922221034
2010-07-15,63.562014567862384
2010-07-18,66.55333033930103
2010-07-19,49.83501353843825
2010-07-20,47.235853268677175
2010-07-21,36.20248149409636
2010-07-22,36.67790020843912
2010-07-25,45.03388592562828
2010-07-26,39.0870919646817
2010-07-27,42.08382784267707
2010-07-28,46.97508387067774
2010-07-29,37.41874485165833
2010-08-01,23.321267015127475
2010-08-02,41.599979686772535
2010-08-03,41.59997968677253
2010-08-04,40.19467460435781
2010-08-05,42.114571135620196
2010-08-08,14.185008499193017
2010-08-09,51.03465095766716
2010-08-10,55.75200242602934
2010-08-11,60.107685539265496
2010-08-12,58.40324731634955
2010-08-15,33.966382818246075
2010-08-16,52.069857783442856
2010-08-17,48.44342159651258
2010-08-18,49.00420565970027
2010-08-19,55.81027172113125
2010-08-22,33.84969643676506
2010-08-23,55.276602046522264
2010-08-24,55.099966361295444
2010-08-25,56.75811321266997
2010-08-26,51.82070175975305
2010-08-29,30.607156429844693
2010-08-30,53.11462656748409
2010-08-31,51.359236313526594
2010-09-01,47.47809566550137
2010-09-02,47.26590869496388
2010-09-05,27.7618138378989
2010-09-06,47.83494714876686
2010-09-07,49.52145664192679
2010-09-08,45.76180897077897
2010-09-09,47.53217978212826
2010-09-12,30.854443693680096
2010-09-13,49.52664266799268
2010-09-14,45.01514618710248
2010-09-15,51.9178859630912
2010-09-16,50.489337933734234
2010-09-19,34.48617719995889
2010-09-20,54.69882779767017
2010-09-21,54.04281890334535
2010-09-22,39.701390879021346
2010-09-23,52.71846151727947
2010-09-26,39.99444182486035
2010-09-27,51.700119402281516
2010-09-28,51.700119402281516
2010-09-29,49.969119291485235
2010-09-30,47.40644610496673
2010-10-03,31.175869120981574
2010-10-04,51.5334296739121
2010-10-05,44.49966445547586
2010-10-06,48.904307845751994
2010-10-07,47.05215698515178
2010-10-10,34.06680890371548
2010-10-11,46.22481203533117
2010-10-12,48.99097234700438
2010-10-13,43.579918401736364
2010-10-14,46.84106478913734
2010-10-17,31.992598121586994
2010-10-18,53.43252630591629
2010-10-19,57.81185446785708
2010-10-20,52.84241432359474
2010-10-21,58.2918893674942
2010-10-24,42.684278688505565
2010-10-25,57.80941164987382
2010-10-26,58.398584858149775
2010-10-27,62.58663512848649
2010-10-28,60.19183735011939
2010-11-01,38.53879275308453
2010-11-02,55.225046056933415
2010-11-03,54.22170185885494
2010-11-04,50.23878248513906
2010-11-05,45.463219323473055
2010-11-08,47.27181695571262
2010-11-09,54.43984028080604
2010-11-10,54.43984028080604
2010-11-11,60.76500464569423
2010-11-12,65.48790661476323
2010-11-15,39.88643776842868
2010-11-16,58.69478650445954
2010-11-17,63.15702197062491
2010-11-18,58.51108708702986
2010-11-19,51.464797304092095
2010-11-22,37.80618812267138
2010-11-23,55.595195649619605
2010-11-24,59.30618744284494
2010-11-25,54.368925713202316
2010-11-26,51.4630411778116
2010-11-29,57.39112902420972
2010-11-30,50.74501032981201
2010-12-01,49.38339333585936
2010-12-02,44.45891566384574
2010-12-03,41.894036430982304
2010-12-06,20.647651771688444
2010-12-07,44.14187611200437
2010-12-08,42.69867455399922
2010-12-09,49.59690161288171
2010-12-10,54.66195033780046
2010-12-13,55.31232770460979
2010-12-14,48.200394990618804
2010-12-15,48.2003949906188
2010-12-16,52.522422373530965
2010-12-17,56.508018220376506
2010-12-20,33.031127912310595
2010-12-21,56.19083650107655
2010-12-22,52.62319555513526
2010-12-23,52.02265072866725
2010-12-24,47.65053137097743
2010-12-27,46.529911838339544
2010-12-28,42.279274209902816
2010-12-29,47.52695987916387
2010-12-30,37.84111183561059
2010-12-31,28.651672858528144
2011-01-03,15.513268311770517
2011-01-04,38.18850699117196
2011-01-05,49.25887997374268
2011-01-06,52.87596489480661
2011-01-07,58.08667862022335
2011-01-10,35.99961810054724
2011-01-11,56.883439726049204
2011-01-12,42.232136215805404
2011-01-13,38.04012914431865
2011-01-14,52.782833229659296
2011-01-17,46.51670351822385
2011-01-18,56.5794377440567
2011-01-19,52.858752447438036
2011-01-20,52.27500494814081
2011-01-21,39.98235042134685
2011-01-24,35.41617701996799
2011-01-25,55.19070963892115
2011-01-26,54.103588682835266
2011-01-27,38.181111891555034
2011-01-28,55.39892344779789
2011-01-31,44.85035100202721
2011-02-01,53.91232072212446
2011-02-02,53.333444797009705
2011-02-03,52.395790798069406
2011-02-04,54.580537334986985
2011-02-07,38.246960717783374
2011-02-08,40.04914649660515
2011-02-09,55.47385393093789
2011-02-10,54.32811318919863
2011-02-11,55.259561556519934
2011-02-14,35.27851156991149
2011-02-15,55.527956090089674
2011-02-16,56.205004110203284
2011-02-17,56.35687347637598
2011-02-18,52.531410137629464
2011-02-21,33.83161917349595
2011-02-22,55.189594243218416
2011-02-23,56.21360406560965
2011-02-24,56.32588393334651
2011-02-25,51.906867684554015
2011-02-28,50.364427255989646
2011-03-01,49.578689987245866
2011-03-02,48.51896537644553
2011-03-03,45.83195382463002
2011-03-04,41.75619869914676
2011-03-07,34.28347155229147
2011-03-08,48.37321521792887
2011-03-09,50.36213201184184
2011-03-10,51.19340888198788
2011-03-11,56.5564326150267
2011-03-14,51.93768120800591
2011-03-15,62.95426058512714
2011-03-16,59.77789722611299
2011-03-17,72.37258878926791
2011-03-18,74.9466984873643
2011-03-21,49.807482138933906
2011-03-22,49.68091732223026
2011-03-23,43.92189012605648
2011-03-24,45.163653554864794
2011-03-25,41.24909217068309
2011-03-27,31.33975740601474
2011-03-28,50.35793732255796
2011-03-29,44.37097750300929
2011-03-30,22.714455953772315
2011-03-31,22.100323054751144
2011-04-03,16.02225919568798
2011-04-04,13.961011876036224
2011-04-05,17.338953114488262
2011-04-06,31.203949721688147
2011-04-07,19.876937767018504
2011-04-10,13.693269955319138
2011-04-11,22.40874690285179
2011-04-12,37.812789357154294
2011-04-13,38.860663462835994
2011-04-14,38.860663462835994
2011-04-17,38.860663462835994
2011-04-18,61.643931592542046
2011-04-19,50.11037329014227
2011-04-20,41.64977302171713
2011-04-21,41.64977302171713
2011-04-24,34.79332636443557
2011-04-25,51.7515661352248
2011-04-26,41.76249437115841
2011-04-27,44.2232950237661
2011-04-28,62.864654385393614
2011-05-01,42.88543751859382
2011-05-02,53.14163551207052
2011-05-03,60.27512577477683
2011-05-04,69.22057346037505
2011-05-05,76.48316493713074
2011-05-08,56.137380088703836
2011-05-09,63.47093164220914
2011-05-10,57.39176994658886
2011-05-11,63.720072856570425
2011-05-12,60.861137832151464
2011-05-15,69.94997873647912
2011-05-16,65.37192687725975
2011-05-17,54.051757626459164
2011-05-18,48.74931221908812
2011-05-19,52.581758730724005
2011-05-22,48.25191516468639
2011-05-23,66.79651672487944
2011-05-24,58.30953318191669
2011-05-25,56.356662959479216
2011-05-26,51.97043953973585
2011-05-29,32.02836780247061
2011-05-30,31.357976333088658
2011-05-31,24.569602708795728
2011-06-01,39.247904736981845
2011-06-02,31.283660118520572
2011-06-05,27.295667629555197
2011-06-06,39.435711057911426
2011-06-07,37.335750177176614
2011-06-08,42.50246549224225
2011-06-09,48.60459565206619
2011-06-12,56.67641148170244
2011-06-13,49.78751643592037
2011-06-14,39.86306779097603
2011-06-15,58.019561369555966
2011-06-16,64.54916459759102
2011-06-19,48.375937834264356
2011-06-20,52.087825810722435
2011-06-21,45.951758265054025
2011-06-22,45.45745113382014
2011-06-23,49.97746460001078
2011-06-26,49.277404492758755
2011-06-27,56.5764731660364
2011-06-28,35.64727831971915
2011-06-29,29.297511219360175
2011-06-30,24.13794726946685
2011-07-03,18.275026915463044
2011-07-04,23.079338186148746
2011-07-05,41.67164872472077
2011-07-06,48.41667698155961
2011-07-07,35.31781004616792
2011-07-10,44.298192114517306
2011-07-11,60.64518165097332
2011-07-12,55.00425434748939
2011-07-13,47.937315575994674
2011-07-14,56.38987539027648
2011-07-17,47.45893512610838
2011-07-18,54.56949750131865
2011-07-19,44.29341751467679
2011-07-20,41.046973257681145
2011-07-21,33.33925718234056
2011-07-24,35.85307507654666
2011-07-25,28.072213883508525
2011-07-26,21.993802519727566
2011-07-27,55.0274344146061
2011-07-28,54.743567041113366
2011-07-31,40.965172932699225
2011-08-01,51.18592123374365
2011-08-02,55.66872859974041
2011-08-03,55.33610475789295
2011-08-04,66.41365819814143
2011-08-07,75.10989208050336
2011-08-08,76.84209443720428
2011-08-09,86.13501501753663
2011-08-10,78.52415592111238
2011-08-11,79.01853322622725
2011-08-14,63.992690877196104
2011-08-15,44.58546980210215
2011-08-16,41.52324225988774
2011-08-17,37.73688490793584
2011-08-18,60.00798626843903
2011-08-21,51.018044028566
2011-08-22,55.897171580755575
2011-08-23,51.45509043976151
2011-08-24,58.978081184690105
2011-08-25,60.23519852571888
2011-08-28,50.41927290386363
2011-08-29,44.863008557988124
2011-08-30,37.98852944999387
2011-08-31,34.71500720543541
2011-09-01,54.23568771913759
2011-09-04,72.59254473989
2011-09-05,78.99401324425494
2011-09-06,81.79399928987837
2011-09-07,74.55010864768342
2011-09-08,72.30398246198754
2011-09-11,80.81160327973954
2011-09-12,86.78905467192344
2011-09-13,88.03967516043119
2011-09-14,89.84259241732742
2011-09-15,73.9067681017704
2011-09-18,74.41838309398
2011-09-19,88.6067794389198
2011-09-20,89.28073521215472
2011-09-21,92.49851184838396
2011-09-22,94.50574519201494
2011-09-25,81.66910214582386
2011-09-26,75.89611208504041
2011-09-27,54.96343610811798
2011-09-28,59.72028967596944
2011-09-29,62.72917178227232
2011-10-02,68.2261846694631
2011-10-03,76.86197868218775
2011-10-04,59.065267120469905
2011-10-05,52.68088972107721
2011-10-06,43.41077549575867
2011-10-09,32.221954679377916
2011-10-10,29.100180694326426
2011-10-11,27.423253902363257
2011-10-12,44.19357893544257
2011-10-13,35.54219967386989
2011-10-16,32.48030190196856
2011-10-17,48.16665000810388
2011-10-18,44.89134182736625
2011-10-19,46.63322072853664
2011-10-20,57.528262966024215
2011-10-23,48.549918171042584
2011-10-24,41.26068192766988
2011-10-25,47.559386957306415
2011-10-26,45.86620121777145
2011-10-27,28.700362741430226
2011-10-31,23.902527252254373
2011-11-01,27.425853851653528
2011-11-02,52.25258668252698
2011-11-03,48.74290396188892
2011-11-04,47.94339498227992
2011-11-07,56.305013427369836
2011-11-08,56.73390538953642
2011-11-09,49.93700555938348
2011-11-10,59.508434412049624
2011-11-11,61.274944237062044
2011-11-14,46.79290085176723
2011-11-15,58.319913944772395
2011-11-16,63.11452942702396
2011-11-17,63.62687264306257
2011-11-18,58.01797555125795
2011-11-21,66.2136251792361
2011-11-22,76.9376379767804
2011-11-23,79.1894768328063
2011-11-24,88.06487013933564
2011-11-25,89.83533387394883
2011-11-28,90.34459201997572
2011-11-29,68.40943131120665
2011-11-30,59.47461710095023
2011-12-01,42.54993363478729
2011-12-02,38.97435159258898
2011-12-05,37.38272513041657
2011-12-06,31.12167161272076
2011-12-07,39.942426235714876
2011-12-08,45.5900833649156
2011-12-09,57.096390890473316
2011-12-12,44.84537819334935
2011-12-13,52.26914805758267
2011-12-14,71.21686023870782
2011-12-15,75.66294785907773
2011-12-16,64.4269031729045
2011-12-19,60.83398241446452
2011-12-20,66.11244701244699
2011-12-21,51.01668971589201
2011-12-22,57.396848160751034
2011-12-23,54.67485573910428
2011-12-26,58.51785987468771
2011-12-27,58.09564990745555
2011-12-28,59.8344321973868
2011-12-29,69.85962023576049
2011-12-30,57.91454520632588
2012-01-02,55.065348352390835
2012-01-03,61.222654318779384
2012-01-04,34.974543475268035
2012-01-05,28.372965580061063
2012-01-06,46.788731531076586
2012-01-09,49.691157254226354
2012-01-10,45.42515329684696
2012-01-11,27.437530691208693
2012-01-12,30.952871663407038
2012-01-13,23.95795781556835
2012-01-16,32.03204820589265
2012-01-17,27.902298692948705
2012-01-18,28.095765680164632
2012-01-19,23.803425084973412
2012-01-20,19.680051164889136
2012-01-23,25.263172114212836
2012-01-24,22.02774197356615
2012-01-25,30.47058860425534
2012-01-26,32.658124806760114
2012-01-27,78.84112909680891
2012-01-30,39.05559311333524
2012-01-31,41.618322784165194
2012-02-01,41.242220994443095
2012-02-02,37.674209408316806
2012-02-03,34.00878561930692
2012-02-06,33.21050444410048
2012-02-07,38.41459744194382
2012-02-08,39.0925653756034
2012-02-09,36.0890579515514
2012-02-10,34.619800850348355
2012-02-13,38.06305606294404
2012-02-14,35.608111324415674
2012-02-15,36.83038249367389
2012-02-16,51.166995839089786
2012-02-17,39.774351893549316
2012-02-20,35.01930086539652
2012-02-21,45.061826217692975
2012-02-22,42.37589224929622
2012-02-23,33.92734941395999
2012-02-24,44.75428746004669
2012-02-27,38.63687059594351
2012-02-28,37.934358558253
2012-02-29,30.21230590194257
2012-03-01,55.35093463351861
2012-03-02,51.686389562805836
2012-03-05,65.61118808059453
2012-03-06,71.00594069822638
2012-03-07,80.35849013084876
2012-03-08,82.41622429272927
2012-03-09,75.8174402014094
2012-03-12,84.82482140985013
2012-03-13,86.87219286919218
2012-03-14,77.20740027791534
2012-03-15,81.24661374555367
2012-03-16,75.91009150053199
2012-03-19,73.17063301866446
2012-03-20,82.45055359354106
2012-03-21,73.74307755172272
2012-03-22,76.08502001224407
2012-03-23,74.36820518826886
2012-03-25,61.126972562219436
2012-03-26,67.31656419380415
2012-03-27,70.29952487406953
2012-03-28,71.94807645635336
2012-03-29,66.69779558527318
2012-04-01,71.41519418779876
2012-04-02,77.06435632226517
2012-04-03,68.79229084526891
2012-04-04,64.8478653320204
2012-04-05,54.669476083727396
2012-04-08,52.519054149136096
2012-04-09,46.195545548476716
2012-04-10,67.83188680131991
2012-04-11,70.07795834596843
2012-04-12,52.48695494588703
2012-04-15,66.10164543160784
2012-04-16,72.98551857851707
2012-04-17,80.32266756885036
2012-04-18,86.84051740992122
2012-04-19,87.31091477945417
2012-04-22,73.77375839889262
2012-04-23,78.02215064503493
2012-04-24,77.08561746434064
2012-04-25,75.99103407854888
2012-04-26,79.48644110584215
2012-04-29,80.95076065669016
2012-04-30,89.24340911121254
2012-05-01,89.4110332301159
2012-05-02,92.90490603824243
2012-05-03,70.8796520008847
2012-05-06,79.08498389586951
2012-05-07,68.16696796897413
2012-05-08,77.10911595478021
2012-05-09,85.30466797102692
2012-05-10,68.90916192197398
2012-05-13,73.51644990267243
2012-05-14,80.65655531492905
2012-05-15,82.19155393916456
2012-05-16,81.65894758500295
2012-05-17,83.75579550936975
2012-05-20,86.86131219176954
2012-05-21,88.72448905574132
2012-05-22,94.09249441697959
2012-05-23,57.89221492344959
2012-05-24,57.98887058736933
2012-05-27,41.65686931979324
2012-05-28,40.75369181151161
2012-05-29,45.83686458677058
2012-05-30,56.08762071755027
2012-05-31,60.19332024396477
2012-06-03,65.25377449353704
2012-06-04,70.02907100117629
2012-06-05,51.21820326410418
2012-06-06,55.80085931242215
2012-06-07,54.58242487890103
2012-06-10,49.63981561090603
2012-06-11,68.45036558335748
2012-06-12,69.46773820057062
2012-06-13,70.95426092857409
2012-06-14,59.7926027218323
2012-06-17,52.52637724060337
2012-06-18,59.79423921565413
2012-06-19,39.94002249874449
2012-06-20,37.4383565149173
2012-06-21,59.70484861126113
2012-06-24,61.28744379117456
2012-06-25,57.24079765129249
2012-06-26,64.37229125320212
2012-06-27,64.19385089736052
2012-06-28,65.5131016084149
2012-07-01,28.371799504544768
2012-07-02,22.866511383713615
2012-07-03,37.287322120932544
2012-07-04,46.341384560006354
2012-07-05,43.166167370948834
2012-07-08,48.157830408300235
2012-07-09,50.3902714757636
2012-07-10,51.12142023550341
2012-07-11,53.15496972533649
2012-07-12,54.419201885896044
2012-07-15,55.00210549019175
2012-07-16,50.84099869290831
2012-07-17,36.76148556212827
2012-07-18,34.95454451435904
2012-07-19,29.006990275700176
2012-07-22,46.51118051341154
2012-07-23,60.124446110669865
2012-07-24,66.93206519835442
2012-07-25,51.959310181960454
2012-07-26,41.09903282570346
2012-07-29,42.022324725421804
2012-07-30,60.18432480293716
2012-07-31,69.78578951689877
2012-08-01,55.490517228880115
2012-08-02,59.75890765027164
2012-08-05,42.9641905397197
2012-08-06,44.2813233478493
2012-08-07,43.16489546549081
2012-08-08,38.2104334009867
2012-08-09,34.99688265566799
2012-08-12,32.3824128140881
2012-08-13,41.833587968991985
2012-08-14,50.55576490445336
2012-08-15,47.47477933844045
2012-08-16,37.0159069551518
2012-08-19,36.33780626726836
2012-08-20,36.07347184367927
2012-08-21,31.412021407378717
2012-08-22,42.87537076625652
2012-08-23,57.42889767948083
2012-08-26,57.94320448987786
2012-08-27,69.56295781014857
2012-08-28,78.49701649181594
2012-08-29,82.33160916727667
2012-08-30,78.21577795858687
2012-09-02,45.69024470582996
2012-09-03,47.0268092678595
2012-09-04,58.15003904293664
2012-09-05,57.25942812706496
2012-09-06,40.56099102425009
2012-09-09,41.1129831102718
2012-09-10,33.619781473139795
2012-09-11,26.477627444595342
2012-09-12,47.854621541114206
2012-09-13,41.10547167632632
2012-09-16,32.39271221853522
2012-09-17,57.74965468065499
2012-09-18,47.223755937249926
2012-09-19,48.94183401535962
2012-09-20,45.19045207464545
2012-09-23,46.20909106464221
2012-09-24,53.2148216065341
2012-09-25,59.53847477378888
2012-09-26,65.49268674112967
2012-09-27,53.72788267342127
2012-09-30,46.59915298053864
2012-10-01,47.36107062285137
2012-10-02,51.702429780528625
2012-10-03,39.72159089218221
2012-10-04,35.68982494497887
2012-10-07,19.024139003475767
2012-10-08,58.21492337567465
2012-10-09,59.71009660128172
2012-10-10,66.05120497491808
2012-10-11,65.62382542155405
2012-10-14,67.94669005491917
2012-10-15,57.32252402257648
2012-10-16,53.998033822427786
2012-10-17,48.38566200502328
2012-10-18,42.481644725231426
2012-10-21,42.481644725231426
2012-10-22,37.42346693138171
2012-10-23,43.84252856888024
2012-10-24,41.10198801763585
2012-10-25,40.86618863264858
2012-10-29,45.37856616528399
2012-10-30,61.93509161752386
2012-10-31,55.237755168017394
2012-11-01,51.37797437607509
2012-11-02,56.663508830173555
2012-11-05,53.604262225318024
2012-11-06,69.06518738655645
2012-11-07,50.13179896704173
2012-11-08,60.15522529372461
2012-11-09,68.37093047534628
2012-11-12,77.88268586065405
2012-11-13,82.12434562359539
2012-11-14,87.03503030733137
2012-11-15,89.80128952593135
2012-11-16,90.22484060329589
2012-11-19,94.30293541509998
2012-11-20,85.13169978525356
2012-11-21,86.51980503687179
2012-11-22,91.44167807339848
2012-11-23,92.97963791508755
2012-11-26,56.36041802140286
2012-11-27,57.40174601482108
2012-11-28,59.06239672633485
2012-11-29,67.11604820307996
2012-11-30,70.05497064494418
2012-12-03,85.80906477320721
2012-12-04,68.9807448485969
2012-12-05,68.1142714686867
2012-12-06,42.89692593475908
2012-12-07,37.04218735388465
2012-12-10,35.7244022795646
2012-12-11,38.55725235294841
2012-12-12,38.109355712212874
2012-12-13,34.00160158359934
2012-12-14,50.95800282961156
2012-12-17,51.81304242720677
2012-12-18,61.80254324426135
2012-12-19,52.52523695322255
2012-12-20,35.562694343417206
2012-12-21,35.69524729434012
2012-12-24,27.023324504225485
2012-12-25,48.50335107404123
2012-12-26,50.568473231916514
2012-12-27,30.89982946832656
2012-12-28,28.06404246192372
2012-12-31,32.09965199611901
2013-01-01,38.87697670863066
2013-01-02,35.05332037783077
2013-01-03,35.05332037783077
2013-01-04,40.20124870517908
2013-01-07,26.798514266387315
2013-01-08,23.358614135356262
2013-01-09,43.300455251879725
2013-01-10,51.671497142657884
2013-01-11,35.24112612113824
2013-01-14,37.62132748534373
2013-01-15,41.12680382548455
2013-01-16,41.12680382548455
2013-01-17,41.12680382548455
2013-01-18,36.2966677488406
2013-01-21,28.39983975939367
2013-01-22,45.68743628514485
2013-01-23,49.47083263932104
2013-01-24,39.323619519537104
2013-01-25,33.122894163108754
2013-01-28,33.122894163108754
2013-01-29,13.5389314290654
2013-01-30,11.683448827142499
2013-01-31,15.127606838968987
2013-02-01,19.677821909443907
2013-02-04,17.60908626372519
2013-02-05,34.05081421695046
2013-02-06,25.402525263852652
2013-02-07,30.767104671748058
2013-02-08,18.7108387610549
2013-02-11,28.6028425455561
2013-02-12,29.538234676276844
2013-02-13,28.137420070296685
2013-02-14,24.665206825556197
2013-02-15,19.749475294479794
2013-02-18,36.93268843633363
2013-02-19,31.920497826667514
2013-02-20,27.242038955365146
2013-02-21,38.756377018472215
2013-02-22,54.91394826552036
2013-02-25,51.17513840263855
2013-02-26,63.698000307269275
2013-02-27,65.20122169149298
2013-02-28,52.61830692272376
2013-03-01,56.89633993319222
2013-03-04,61.224803682868966
2013-03-05,45.203604190185914
2013-03-06,35.59193310384251
2013-03-07,48.195418302323944
2013-03-08,36.49157669482976
2013-03-11,25.029727423167728
2013-03-12,43.62291917744028
2013-03-13,51.41580769053588
2013-03-14,56.54016196643057
2013-03-15,57.001371212520155
2013-03-18,63.349054364666316
2013-03-19,66.80787481980646
2013-03-20,66.4317174586802
2013-03-21,68.35595071346421
2013-03-22,82.33219131120359
2013-03-25,82.94359051143098
2013-03-26,81.73144551528846
2013-03-27,86.07746224835518
2013-03-28,74.80075540338687
2013-03-29,80.63140406122217
2013-03-31,80.13694440597102
2013-04-01,70.0805965639154
2013-04-02,73.64260306896453
2013-04-03,75.99429627046413
2013-04-04,55.64023906421039
2013-04-07,25.757104902561053
2013-04-08,34.9617843093005
2013-04-09,28.934989806176418
2013-04-10,24.76855132364895
2013-04-11,27.477999956703698
2013-04-14,22.29821906169161
2013-04-15,57.688970250538894
2013-04-16,46.88968429689886
2013-04-17,56.09086564022696
2013-04-18,44.65379014041628
2013-04-21,59.70073572919543
2013-04-22,64.91276422719072
2013-04-23,66.14056212382258
2013-04-24,56.87425991808623
2013-04-25,48.90640080383857
2013-04-28,44.16695078037193
2013-04-29,54.985446406251704
2013-04-30,50.97115536433953
2013-05-01,51.17484394986492
2013-05-02,56.77733496065084
2013-05-05,54.60830579027858
2013-05-06,55.291494271430494
2013-05-07,55.092487540137704
2013-05-08,45.14768155823651
2013-05-09,59.823084769835965
2013-05-12,65.60174060544614
2013-05-13,50.79515675682913
2013-05-14,65.70559155949479
2013-05-15,67.17324359868044
2013-05-16,69.95093796416073
2013-05-19,77.29445809974683
2013-05-20,80.31511597269602
2013-05-21,72.82299261233631
2013-05-22,81.81025549887765
2013-05-23,71.79415463535209
2013-05-26,76.28484954142037
2013-05-27,80.51993372883945
2013-05-28,88.258850005043
2013-05-29,93.42865393489372
2013-05-30,93.46985257231103
2013-06-02,70.02599561046952
2013-06-03,80.42122242492404
2013-06-04,81.0976485895316
2013-06-05,81.41161746240364
2013-06-06,82.15531450770473
2013-06-09,82.15531450770473
2013-06-10,82.15531450770473
2013-06-11,82.15531450770474
2013-06-12,90.66984784471411
2013-06-13,50.025582400173974
2013-06-16,38.31409761795398
2013-06-17,68.8967399940041
2013-06-18,71.24482696762576
2013-06-19,79.90236363392958
2013-06-20,83.84722233960139
2013-06-23,74.29225614169741
2013-06-24,67.38152755501518
2013-06-25,59.45825323639764
2013-06-26,48.740058305413335
2013-06-27,52.86130663104325
2013-06-30,49.55871392070113
2013-07-01,63.43072937733501
2013-07-02,70.37997191476002
2013-07-03,74.31682414963683
2013-07-04,63.44769012473696
2013-07-07,63.99247411963199
2013-07-08,69.14330147265257
2013-07-09,63.39155120847822
2013-07-10,69.99013929888706
2013-07-11,56.25476569609052
2013-07-14,61.17427524520063
2013-07-15,37.724940761322095
2013-07-16,53.10046653559853
2013-07-17,42.95773651936026
2013-07-18,42.5435797863714
2013-07-21,53.73514725678173
2013-07-22,46.79236402290245
2013-07-23,38.52765608439017
2013-07-24,54.550805118480696
2013-07-25,53.116834505645194
2013-07-28,59.19723877913728
2013-07-29,64.16382206240354
2013-07-30,68.92591534318146
2013-07-31,64.35596822574713
2013-08-01,74.2429517091444
2013-08-04,61.44987535502209
2013-08-05,68.4946859118964
2013-08-06,62.99835626511184
2013-08-07,66.83883374193084
2013-08-08,49.20924707940479
2013-08-11,43.84278708112634
2013-08-12,53.59585274740272
2013-08-13,65.45810541151596
2013-08-14,69.33557903729618
2013-08-15,74.51649902197121
2013-08-18,84.2518510603557
2013-08-19,86.91850713979406
2013-08-20,75.95427235506124
2013-08-21,84.17711648557169
2013-08-22,75.39479355492094
2013-08-25,44.04135835497096
2013-08-26,52.41991740559824
2013-08-27,50.131423898826405
2013-08-28,42.70297861784472
2013-08-29,47.59595469292047
2013-09-01,55.79064698697232
2013-09-02,53.387895844796496
2013-09-03,45.83920625529118
2013-09-04,46.70499350137694
2013-09-05,33.394778431736114
2013-09-08,28.27551862901582
2013-09-09,22.655584838864428
2013-09-10,28.054118670258703
2013-09-11,25.39528473539191
2013-09-12,26.03619285671411
2013-09-15,29.74782062291348
2013-09-16,34.28420817323975
2013-09-17,22.6637032231654
2013-09-18,12.03732210025403
2013-09-19,21.522493529014668
2013-09-22,28.06992098200378
2013-09-23,25.178434540510835
2013-09-24,24.88918102496207
2013-09-25,44.70763195420169
2013-09-26,52.89507657998601
2013-09-29,44.6567421106186
2013-09-30,41.91715884068904
2013-10-01,39.6632083258906
2013-10-02,29.659297627060653
2013-10-03,41.4480573234919
2013-10-06,43.38301433637726
2013-10-07,43.38301433637726
2013-10-08,43.38301433637726
2013-10-09,41.124903263269466
2013-10-10,25.158990742831477
2013-10-13,22.5900968419501
2013-10-14,33.04359668051359
2013-10-15,31.99356602205829
2013-10-16,33.26593622327579
2013-10-17,21.461050385713165
2013-10-20,16.734508343186377
2013-10-21,44.86732564781073
2013-10-22,44.15410034837072
2013-10-23,57.646367630378634
2013-10-24,66.06967232310441
2013-10-28,52.00837591459781
2013-10-29,46.90605849119018
2013-10-30,50.69185701008848
2013-10-31,49.83896743184256
2013-11-01,76.53140952004787
2013-11-04,81.23471657572786
2013-11-05,71.77950112948588
2013-11-06,80.77243867450902
2013-11-07,81.76581753136664
2013-11-08,85.33309741197245
2013-11-11,86.33923410885762
2013-11-12,88.96503866728432
2013-11-13,89.31152488577804
2013-11-14,87.53555509817467
2013-11-15,67.24784905855529
2013-11-18,69.45558001536618
2013-11-19,35.15066836067611
2013-11-20,40.48909485947914
2013-11-21,40.44153535093116
2013-11-22,59.50579308179164
2013-11-25,44.89444647506515
2013-11-26,48.63785317950456
2013-11-27,55.3911958137335
2013-11-28,68.20357718500554
2013-11-29,60.592335680013676
2013-12-02,66.48925784152614
2013-12-03,73.2791341975565
2013-12-04,77.96914751794228
2013-12-05,81.01398217049312
2013-12-06,59.93929457438459
2013-12-09,44.808176911958235
2013-12-10,42.99098491013306
2013-12-11,38.677443277722546
2013-12-12,54.84100815424614
2013-12-13,51.50321418023479
2013-12-16,47.851833114893836
2013-12-17,46.66092388706439
2013-12-18,42.71261143260307
2013-12-19,52.07160174835548
2013-12-20,65.80197167926343
2013-12-23,75.19520883244464
2013-12-24,56.30700432131166
2013-12-25,56.85082237959606
2013-12-26,56.35979103339704
2013-12-27,54.58181332160773
2013-12-30,41.24053038102654
2013-12-31,58.104508429509295
2014-01-01,58.02704901923762
2014-01-02,56.1410333450255
2014-01-03,71.00441707867262
2014-01-06,59.44311051609024
2014-01-07,60.722193646524474
2014-01-08,55.91296704912479
2014-01-09,69.44530647588955
2014-01-10,65.31519695968652
2014-01-13,40.42923111649882
2014-01-14,42.92531884268912
2014-01-15,39.77397167976088
2014-01-16,43.506666070019214
2014-01-17,48.51408010019194
2014-01-20,38.103714593785256
2014-01-21,33.49494090201384
2014-01-22,51.052909217005435
2014-01-23,59.750471126039564
2014-01-24,70.93689920583952
2014-01-27,71.94716774089073
2014-01-28,80.74662240381801
2014-01-29,82.0846212725991
2014-01-30,84.42286675508126
2014-01-31,59.84505873446611
2014-02-03,66.5331334437021
2014-02-04,72.5815166044274
2014-02-05,50.11493101352432
2014-02-06,44.29257221081297
2014-02-07,36.768075480956576
2014-02-10,34.85829931272691
2014-02-11,55.05458322553058
2014-02-12,52.05581817352762
2014-02-13,60.456087414070936
2014-02-14,44.76840171257807
2014-02-17,41.351248452218414
2014-02-18,40.12612437810422
2014-02-19,43.85779077578348
2014-02-20,46.553632690807795
2014-02-21,33.60134326250598
2014-02-24,22.414637788063644
2014-02-25,21.161105238301644
2014-02-26,24.121669263746725
2014-02-27,34.91475312599795
2014-02-28,22.700724783660604
2014-03-03,36.03420421509422
2014-03-04,42.40854929919796
2014-03-05,40.34107693852985
2014-03-06,29.58817578994487
2014-03-07,32.43456253067687
2014-03-10,47.22600060449645
2014-03-11,53.2138803972251
2014-03-12,63.738032160658406
2014-03-13,56.9953306683151
2014-03-14,62.84182144793776
2014-03-17,45.475063106680714
2014-03-18,49.98406522520402
2014-03-19,38.56991387280649
2014-03-20,50.832872238139
2014-03-21,38.057542195905306
2014-03-24,36.2606077064952
2014-03-25,35.56962802330307
2014-03-26,30.117429004819243
2014-03-27,22.9262757578512
2014-03-28,13.902278826955452
2014-03-30,13.884409507077066
2014-03-31,28.451637140825
2014-04-01,24.335130645528594
2014-04-02,31.57151810731014
2014-04-03,42.83260289461019
2014-04-06,23.998935230861136
2014-04-07,20.158595120775388
2014-04-08,17.09479975323616
2014-04-09,14.146218793517036
2014-04-10,32.17334357719895
2014-04-13,38.976873501989445
2014-04-14,38.24039930109467
2014-04-15,52.560131133935904
2014-04-16,55.24913434294847
2014-04-17,48.13200000882755
2014-04-20,48.13200000882755
2014-04-21,48.13200000882755
2014-04-22,56.62801703618501
2014-04-23,39.6936532609179
2014-04-24,34.0071459535701
2014-04-27,58.11612741993726
2014-04-28,45.68315990646421
2014-04-29,53.93012881823143
2014-04-30,50.24029409820206
2014-05-01,52.274826621943255
2014-05-04,40.671258061315775
2014-05-05,59.451997188772104
2014-05-06,49.0167630314874
2014-05-07,41.57608504458956
2014-05-08,41.001563664272005
2014-05-11,37.5746621534927
2014-05-12,40.19217608992855
2014-05-13,42.25041550574729
2014-05-14,32.77564968092884
2014-05-15,50.55425938253773
2014-05-18,45.71791126253908
2014-05-19,39.40226139269035
2014-05-20,50.40196238064445
2014-05-21,43.10001555917376
2014-05-22,49.587744877094245
2014-05-25,57.878668401953306
2014-05-26,59.90514733896616
2014-05-27,69.6631052364218
2014-05-28,61.65977101474182
2014-05-29,55.74778208986772
2014-06-01,67.9259242762744
2014-06-02,83.34391841818419
2014-06-03,84.04059002458118
2014-06-04,82.27086498541064
2014-06-05,58.67239344152237
2014-06-08,47.19133936999881
2014-06-09,36.61826501360847
2014-06-10,32.84170659973638
2014-06-11,43.89307914184174
2014-06-12,41.43141899238356
2014-06-15,36.138064445710306
2014-06-16,47.27927216497899
2014-06-17,66.95057642112468
2014-06-18,41.747909591664886
2014-06-19,41.65166882616813
2014-06-22,47.002864608096885
2014-06-23,38.90816676235837
2014-06-24,45.87840345078828
2014-06-25,36.1971635036017
2014-06-26,31.08937262355333
2014-06-29,30.107166809697517
2014-06-30,48.58012935850746
2014-07-01,39.92594428256286
2014-07-02,56.480267562595216
2014-07-03,46.60864513701082
2014-07-06,48.691467290121786
2014-07-07,57.177700190391874
2014-07-08,47.46114385372347
2014-07-09,46.028134550269044
2014-07-10,55.1318425154949
2014-07-13,54.05720891466089
2014-07-14,44.42229874607614
2014-07-15,52.82971502717264
2014-07-16,57.298258235234215
2014-07-17,76.3429194421676
2014-07-20,50.5410298124657
2014-07-21,48.123472301880795
2014-07-22,42.26545251288581
2014-07-23,48.08689399390603
2014-07-24,47.6318938608941
2014-07-27,53.60249833147196
2014-07-28,50.74382207885018
2014-07-29,58.11522382015002
2014-07-30,69.8560084777125
2014-07-31,77.40939420994373
2014-08-03,67.61166010647165
2014-08-04,68.62432383491834
2014-08-05,78.97310015687161
2014-08-06,71.83329882555685
2014-08-07,80.61921952868173
2014-08-10,64.93472187438884
2014-08-11,58.922168054556494
2014-08-12,60.581229186782245
2014-08-13,63.1528255548959
2014-08-14,47.934163318396244
2014-08-17,35.18200365975737
2014-08-18,44.48000121323468
2014-08-19,36.76664038977731
2014-08-20,49.22828039075734
2014-08-21,56.33667478785606
2014-08-24,60.58836462371951
2014-08-25,66.92423246994025
2014-08-26,45.564500881770414
2014-08-27,36.852051097409515
2014-08-28,33.565938597459095
2014-08-31,30.692255541500728
2014-09-01,42.76699296346255
2014-09-02,40.34652462146746
2014-09-03,36.04403887073167
2014-09-04,42.73973567920718
2014-09-07,41.27226416367334
2014-09-08,66.38618578526624
2014-09-09,74.97788438475874
2014-09-10,75.79376812995005
2014-09-11,79.65469401456618
2014-09-14,54.78922005354642
2014-09-15,78.4812562623124
2014-09-16,74.46365105232051
2014-09-17,79.21804100547108
2014-09-18,80.78791595437195
2014-09-21,81.17669347877695
2014-09-22,86.68945877922631
2014-09-23,88.52803744316773
2014-09-24,65.15440845097524
2014-09-25,76.4382494698697
2014-09-28,73.08956651889395
2014-09-29,78.13452925215012
2014-09-30,72.87708411957165
2014-10-01,81.75496868694033
2014-10-02,83.24901030597893
2014-10-05,61.59809686902982
2014-10-06,49.34444742641029
2014-10-07,39.19720892054784
2014-10-08,34.15580448007859
2014-10-09,43.62679544792834
2014-10-12,40.6396725358412
2014-10-13,43.00734917839067
2014-10-14,46.21121692103695
2014-10-15,67.94851296297364
2014-10-16,71.28733950102897
2014-10-19,53.7636801252475
2014-10-20,63.41988723825628
2014-10-21,67.50469572466213
2014-10-22,69.152880810314
2014-10-23,72.21321732617557
2014-10-27,56.42203898991119
2014-10-28,70.87858912853167
2014-10-29,47.82299960077997
2014-10-30,47.70169762666509
2014-10-31,33.41273610231103
2014-11-03,38.12242286722703
2014-11-04,60.38649585482458
2014-11-05,60.73076552476821
2014-11-06,62.53770205826913
2014-11-07,74.8110535952337
2014-11-10,67.60662791027367
2014-11-11,67.71203074953482
2014-11-12,68.9253729995807
2014-11-13,71.18623036233711
2014-11-14,76.55137526606703
2014-11-17,78.81442702771578
2014-11-18,80.4549967687575
2014-11-19,61.834889057139726
2014-11-20,55.674259833353744
2014-11-21,56.08603974067625
2014-11-24,31.089178678792535
2014-11-25,46.27702046219995
2014-11-26,40.82522722778098
2014-11-27,32.195257586689664
2014-11-28,45.95227003626343
2014-12-01,47.81683101270874
2014-12-02,58.10264583585032
2014-12-03,60.963202718573946
2014-12-04,52.38014677864864
2014-12-05,66.44514680990551
2014-12-08,65.14922500077577
2014-12-09,68.65099167172025
2014-12-10,63.475725030607435
2014-12-11,71.9193356009847
2014-12-12,79.86994047785132
2014-12-15,80.44342994532417
2014-12-16,86.97112124401924
2014-12-17,90.73466908524912
2014-12-18,76.46690633207064
2014-12-19,53.52449454021798
2014-12-22,52.51983805724497
2014-12-23,54.67120464866887
2014-12-24,64.17868567462241
2014-12-25,64.17868567462241
2014-12-26,65.62085532909374
2014-12-29,63.697504461123856
2014-12-30,66.78194240863493
2014-12-31,39.323813861662806
2015-01-01,39.38997442061771
2015-01-02,38.88122714082712
2015-01-05,61.535211384112856
2015-01-06,66.2378791624896
2015-01-07,61.323637621795456
2015-01-08,50.41367187738354
2015-01-09,39.22927890493674
2015-01-12,27.623283158327666
2015-01-13,50.662233554671616
2015-01-14,39.99022391468515
2015-01-15,32.5873071883197
2015-01-16,44.51044263646804
2015-01-19,37.91536197336618
2015-01-20,50.50929051464006
2015-01-21,39.17110707758567
2015-01-22,35.58021077337429
2015-01-23,29.431081632590406
2015-01-26,33.15914074225407
2015-01-27,34.38936910281281
2015-01-28,30.94005596974074
2015-01-29,33.79664263940781
2015-01-30,51.10490347215548
2015-02-02,74.39953294459087
2015-02-03,80.69138318565032
2015-02-04,66.46997513576464
2015-02-05,74.34882166951384
2015-02-06,74.84474067441181
2015-02-09,80.14815165555046
2015-02-10,73.62853673961186
2015-02-11,82.12819495818161
2015-02-12,85.17256794643474
2015-02-13,66.11750320226793
2015-02-16,68.53824226115582
2015-02-17,66.52759035027202
2015-02-18,66.3845109504937
2015-02-19,68.6247800032407
2015-02-20,75.53233120445212
2015-02-23,75.70756264738756
2015-02-24,78.19099544106805
2015-02-25,64.89702380569337
2015-02-26,69.09991090889943
2015-02-27,78.55306639572892
2015-03-02,46.436303702510244
2015-03-03,61.79861113005836
2015-03-04,68.60296191034423
2015-03-05,75.16333646204275
2015-03-06,78.68883844037634
2015-03-09,84.06888002665022
2015-03-10,88.19737295002662
2015-03-11,80.1887640096865
2015-03-12,82.4780646219701
2015-03-13,85.37899760990067
2015-03-16,89.91294580664454
2015-03-17,89.02308501626258
2015-03-18,89.22092712606525
2015-03-19,75.69110919048403
2015-03-20,83.44315131347302
2015-03-23,61.888913072281305
2015-03-24,42.574755088502016
2015-03-25,44.286371409194196
2015-03-26,56.358821045176924
2015-03-27,52.39016244505489
2015-03-29,63.17610249300804
2015-03-30,59.21058111295243
2015-03-31,49.9317516339348
2015-04-01,44.52803302617527
2015-04-02,36.32199393602668
2015-04-05,36.20787610164448
2015-04-06,36.20787610164448
2015-04-07,37.848152988666534
2015-04-08,22.310198799407985
2015-04-09,26.525492246993707
2015-04-12,34.2081781642223
2015-04-13,51.639868733451124
2015-04-14,37.7971312863757
2015-04-15,30.779402166314398
2015-04-16,29.53800139916558
2015-04-19,37.087618339117014
2015-04-20,35.25923051485134
2015-04-21,34.31376635978059
2015-04-22,28.67003725895445
2015-04-23,21.26474852961796
2015-04-26,18.165675307884314
2015-04-27,13.92272181111936
2015-04-28,26.60460759934709
2015-04-29,35.94608437288551
2015-04-30,57.24883743379912
2015-05-03,57.24883743379912
2015-05-04,73.10596570812156
2015-05-05,61.68773134588457
2015-05-06,53.50431206658535
2015-05-07,51.040140160227395
2015-05-10,37.14251073519824
2015-05-11,59.594421681609525
2015-05-12,49.840675433337196
2015-05-13,54.2312387741257
2015-05-14,43.122066655904966
2015-05-17,43.568585401620474
2015-05-18,48.2488298952516
2015-05-19,56.08033266299206
2015-05-20,46.32999021851585
2015-05-21,56.86465392932249
2015-05-24,68.09441669314857
2015-05-25,68.87527400146632
2015-05-26,77.4979144360168
2015-05-27,73.023662720374
2015-05-28,76.34938896046725
2015-05-31,78.98784975325951
2015-06-01,75.33623671932506
2015-06-02,55.388012424634596
2015-06-03,56.927294602523375
2015-06-04,59.480314439934105
2015-06-07,59.11988514954127
2015-06-08,43.472338133602406
2015-06-09,37.67124375166496
2015-06-10,48.30600026228603
2015-06-11,37.22388651857459
2015-06-14,51.85708651875946
2015-06-15,54.714689145232335
2015-06-16,39.388696701765575
2015-06-17,29.499988826031156
2015-06-18,33.558154074568705
2015-06-21,50.060266755413664
2015-06-22,46.60715148959198
2015-06-23,42.38145573553041
2015-06-24,52.63863044399257
2015-06-25,63.530763717401705
2015-06-28,63.96895938730908
2015-06-29,57.18273790036564
2015-06-30,52.78653799910287
2015-07-01,68.40276325002966
2015-07-02,44.27108267005369
2015-07-05,56.777669045568736
2015-07-06,58.644405643322834
2015-07-07,70.09702790597251
2015-07-08,78.70102140309001
2015-07-09,73.61735362675331
2015-07-12,49.77590507199058
2015-07-13,43.48109435362331
2015-07-14,45.284691950933755
2015-07-15,44.992121633518224
2015-07-16,51.28656840177279
2015-07-19,63.00443235659189
2015-07-20,65.66813202545657
2015-07-21,54.2728532976447
2015-07-22,68.27467828372306
2015-07-23,78.76509053960352
2015-07-26,85.27798041456285
2015-07-27,85.69592131042663
2015-07-28,82.1604355077313
2015-07-29,67.87838343268646
2015-07-30,75.66015326374016
2015-08-02,81.29501260859348
2015-08-03,83.98624248705622
2015-08-04,85.47860296793966
2015-08-05,86.93920333773072
2015-08-06,90.17749722865477
2015-08-09,90.17749722865477
2015-08-10,52.54155885429015
2015-08-11,59.928684922610636
2015-08-12,60.77955826952381
2015-08-13,69.23151241465663
2015-08-16,55.732237335998285
2015-08-17,55.32573961633987
2015-08-18,51.28582024888315
2015-08-19,58.54992404422421
2015-08-20,47.476734895039364
2015-08-23,59.57030030151325
2015-08-24,69.92612962190144
2015-08-25,78.34809231529682
2015-08-26,71.73232623340266
2015-08-27,57.127578801929694
2015-08-30,62.99679448677176
2015-08-31,70.00023338624891
2015-09-01,78.73950968199048
2015-09-02,83.55497084142895
2015-09-03,77.10412175548565
2015-09-06,84.86951629101547
2015-09-07,83.34677046574299
2015-09-08,76.64093007401016
2015-09-09,64.510277494749
2015-09-10,73.79557478036322
2015-09-13,75.97975502524604
2015-09-14,59.076158528747335
2015-09-15,66.66095405175528
2015-09-16,58.415058081537126
2015-09-17,68.00522026682542
2015-09-20,73.5527424987644
2015-09-21,73.5527424987644
2015-09-22,73.5527424987644
2015-09-23,85.32266114541171
2015-09-24,42.347024210797656
2015-09-27,46.931185322591986
2015-09-28,61.41347149411876
2015-09-29,54.900970545588464
2015-09-30,42.872144790240476
2015-10-01,49.37434171463627
2015-10-04,41.72260720460716
2015-10-05,39.891380856397404
2015-10-06,33.74204922828433
2015-10-07,39.49448886402149
2015-10-08,29.750439711120663
2015-10-11,27.840576812908594
2015-10-12,28.18030127272661
2015-10-13,52.679911635365855
2015-10-14,41.78720975328901
2015-10-15,40.01300478408969
2015-10-18,58.55477915015875
2015-10-19,53.465492916203395
2015-10-20,55.51054766891883
2015-10-21,60.45778253398336
2015-10-22,53.34007213532555
2015-10-26,48.06912805502279
2015-10-27,53.86740690008601
2015-10-28,49.1017864847609
2015-10-29,52.49666289905396
2015-10-30,40.24284182758537
2015-11-02,42.30524201147467
2015-11-03,48.31196144983274
2015-11-04,28.669305065962035
2015-11-05,37.14633293448917
2015-11-06,34.47264996599068
2015-11-09,32.01102347560965
2015-11-10,43.51519007294616
2015-11-11,32.65855365003033
2015-11-12,38.644752391708764
2015-11-13,40.10511799028182
2015-11-16,60.75703703147081
2015-11-17,56.03795030132202
2015-11-18,50.59872513387714
2015-11-19,39.61109556956385
2015-11-20,38.18612445815468
2015-11-23,26.322332489345897
2015-11-24,37.419781721254076
2015-11-25,31.13852295901991
2015-11-26,45.61181279095034
2015-11-27,45.34706181034644
2015-11-30,68.17746213800467
2015-12-01,71.65392436948274
2015-12-02,66.1481185831793
2015-12-03,59.83756876510881
2015-12-04,40.48714828793664
2015-12-07,39.50395034525478
2015-12-08,42.41492102645511
2015-12-09,58.078017870867505
2015-12-10,40.725091167365434
2015-12-11,55.26713504136111
2015-12-14,56.2368835813568
2015-12-15,68.3027462674449
2015-12-16,71.16357647773147
2015-12-17,66.78970412000444
2015-12-18,61.040927370444784
2015-12-21,76.17589333784778
2015-12-22,79.29554488416545
2015-12-23,70.50028038389911
2015-12-24,57.57265889138926
2015-12-25,50.52918249373042
2015-12-28,49.28872242116425
2015-12-29,37.173981599556974
2015-12-30,40.165209974535664
2015-12-31,62.316884429114026
2016-01-01,60.37616231064315
2016-01-04,60.07458590423798
2016-01-05,74.84866073727197
2016-01-06,71.12460043215835
2016-01-07,68.37678660270119
2016-01-08,72.33448887960853
2016-01-11,54.149714444618176
2016-01-12,66.2186638899569
2016-01-13,58.129399700437915
2016-01-14,54.603631039095255
2016-01-15,51.817469484924935
2016-01-18,51.205696318158516
2016-01-19,65.75903698036544
2016-01-20,67.24871286333064
2016-01-21,76.0592655460369
2016-01-22,82.79048694892114
2016-01-25,58.53162258294283
2016-01-26,58.02158652098093
2016-01-27,51.01950561773357
2016-01-28,61.189715190297534
2016-01-29,49.010198410955894
2016-02-01,34.02244932082148
2016-02-02,28.4385984082337
2016-02-03,36.93967712487322
2016-02-04,24.33654763444926
2016-02-05,23.70009866184742
2016-02-08,28.240955303839527
2016-02-09,27.153130524328077
2016-02-10,25.432371885922322
2016-02-11,44.24086379756684
2016-02-12,60.551975425279245
2016-02-15,54.51686114106037
2016-02-16,60.99482018607944
2016-02-17,72.7325199866978
2016-02-18,50.630195521922374
2016-02-19,58.696408055657585
2016-02-22,56.613630351257235
2016-02-23,40.95943993186088
2016-02-24,43.67642367458278
2016-02-25,43.93683159372089
2016-02-26,43.26997968165802
2016-02-29,48.108862072975114
2016-03-01,62.545221237318806
2016-03-02,38.38079317276331
2016-03-03,32.8945889860092
2016-03-04,22.09342642565231
2016-03-07,19.80730446223312
2016-03-08,24.055980440662054
2016-03-09,20.976692593739443
2016-03-10,14.877331175275913
2016-03-11,11.536920038556502
2016-03-14,9.767160766179217
2016-03-15,33.774151514818
2016-03-16,53.07301458933917
2016-03-17,48.97134325395955
2016-03-18,34.52103712106047
2016-03-21,34.62082269135375
2016-03-22,33.5769737145273
2016-03-23,29.244933421904292
2016-03-24,51.375191424308625
2016-03-25,50.83432551477591
2016-03-27,52.14762404917012
2016-03-28,50.52799784742626
2016-03-29,40.41455297431811
2016-03-30,33.11819291161201
2016-03-31,31.43327457082343
2016-04-03,25.32848540580082
2016-04-04,47.4824570207051
2016-04-05,59.39027656399401
2016-04-06,50.34669532072243
2016-04-07,59.51060455255098
2016-04-10,40.70176009197647
2016-04-11,29.40060573174182
2016-04-12,28.81107425097032
2016-04-13,31.818798744411552
2016-04-14,29.010822020963133
2016-04-17,45.18226081417416
2016-04-18,59.948693373433024
2016-04-19,44.518546805967475
2016-04-20,44.37274596549758
2016-04-21,44.37274596549758
2016-04-24,53.589791980512345
2016-04-25,50.44077582425621
2016-04-26,42.78445610784261
2016-04-27,43.22957711152167
2016-04-28,33.248979391923285
2016-05-01,25.364407839958133
2016-05-02,46.16972062749502
2016-05-03,58.80372172775792
2016-05-04,56.22765985537209
2016-05-05,52.644491890997685
2016-05-08,43.435842798309466
2016-05-09,47.923690284439616
2016-05-10,37.15857607294843
2016-05-11,32.36623156853781
2016-05-12,43.59513647591301
2016-05-15,58.26393614561015
2016-05-16,48.159445162837066
2016-05-17,45.911289263322395
2016-05-18,63.52308327700532
2016-05-19,63.98950628449391
2016-05-22,62.54984415594087
2016-05-23,64.96695350983275
2016-05-24,65.20131642447012
2016-05-25,68.25900990121828
2016-05-26,70.15995104074781
2016-05-29,77.47309689154127
2016-05-30,52.85251112603715
2016-05-31,58.829997493884996
2016-06-01,61.70612481039349
2016-06-02,55.23533427771978
2016-06-05,33.64137294372897
2016-06-06,25.152311434877518
2016-06-07,18.286182554180996
2016-06-08,12.10059173331507
2016-06-09,26.83500915442029
2016-06-12,33.741993632782155
2016-06-13,50.92352308932202
2016-06-14,50.3629101911867
2016-06-15,48.6678943603854
2016-06-16,46.0694453667735
2016-06-19,33.315181195495384
2016-06-20,29.10052979279483
2016-06-21,38.17484119224931
2016-06-22,29.71762147223842
2016-06-23,23.54187226058255
2016-06-26,36.562513227816694
2016-06-27,44.53709538135254
2016-06-28,27.72840021143483
2016-06-29,20.71409942224122
2016-06-30,18.03938665599179
2016-07-03,26.868816008125847
2016-07-04,43.87619530393973
2016-07-05,46.60423181937518
2016-07-06,53.710834139361225
2016-07-07,61.27087701843591
2016-07-10,44.90730750117627
2016-07-11,47.43173657327139
2016-07-12,43.9469504612097
2016-07-13,36.46185671546429
2016-07-14,33.61862085967185
2016-07-17,44.6779502510906
2016-07-18,37.455296392160065
2016-07-19,37.058836784951474
2016-07-20,39.51721507845034
2016-07-21,47.64560009738835
2016-07-24,40.60330659340256
2016-07-25,54.91347253090569
2016-07-26,49.279742625952984
2016-07-27,44.157899759949295
2016-07-28,55.50117934197465
2016-07-31,40.40908654404977
2016-08-01,46.3875028300506
2016-08-02,43.958338893862674
2016-08-03,36.50326219437752
2016-08-04,23.805705953855977
2016-08-07,19.36568109735461
2016-08-08,24.46332227386047
2016-08-09,19.62096363661479
2016-08-10,16.795699140801474
2016-08-11,26.741559226007766
2016-08-14,51.69540370983691
2016-08-15,49.45789717090601
2016-08-16,56.028877575621976
2016-08-17,57.48487375988738
2016-08-18,68.86118577118555
2016-08-21,52.00958595373825
2016-08-22,49.486035038919844
2016-08-23,63.11309033813406
2016-08-24,56.99621240432051
2016-08-25,58.95273992351861
2016-08-28,70.48885502586097
2016-08-29,52.45299728194682
2016-08-30,55.86840224349098
2016-08-31,50.73458562111806
2016-09-01,61.44258630446463
2016-09-04,62.48579766194751
2016-09-05,66.63242735305377
2016-09-06,36.07143474835015
2016-09-07,34.56868150330284
2016-09-08,46.19309069842066
2016-09-11,64.13779818936632
2016-09-12,54.5976171378393
2016-09-13,69.39841964059369
2016-09-14,73.87038939937531
2016-09-15,58.596712301355524
2016-09-18,49.045356170497044
2016-09-19,50.64950723535729
2016-09-20,46.04168187084823
2016-09-21,34.45757115129584
2016-09-22,37.46235380937594
2016-09-25,47.65754626273834
2016-09-26,46.74995891401342
2016-09-27,43.67864770682456
2016-09-28,38.1191140495538
2016-09-29,56.674811056945934
2016-10-02,56.861830009664715
2016-10-03,37.179371604364256
2016-10-04,54.222130793634776
2016-10-05,43.174215111390986
2016-10-06,46.3446221690739
2016-10-09,43.68862824847393
2016-10-10,38.172430944536124
2016-10-11,35.94167641500387
2016-10-12,38.96307606486515
2016-10-13,30.537160186855473
2016-10-16,45.47322086907818
2016-10-17,46.69821018536511
2016-10-18,36.60546210488711
2016-10-19,31.026370435386667
2016-10-20,23.566476273985757
2016-10-23,30.81209429548211
2016-10-24,24.01139048763953
2016-10-25,20.824177850602666
2016-10-26,40.05598280258385
2016-10-27,52.87344250039564
2016-10-31,65.5003708266953
2016-11-01,62.87961014035172
2016-11-02,72.73711417600593
2016-11-03,76.3163906960913
2016-11-04,77.4916617775981
2016-11-07,61.11481091131361
2016-11-08,46.827593679564785
2016-11-09,36.21512151561483
2016-11-10,58.5302114960265
2016-11-11,79.78869680852603
2016-11-14,78.13336239879692
2016-11-15,82.12951387370956
2016-11-16,82.23793022891081
2016-11-17,83.03204567328473
2016-11-18,74.86510611218897
2016-11-21,56.58168817166584
2016-11-22,57.83944858332125
2016-11-23,49.76621327235567
2016-11-24,65.94415304890838
2016-11-25,53.55628480226487
2016-11-28,60.272889259615745
2016-11-29,55.85794261338588
2016-11-30,65.9612780268158
2016-12-01,51.53372511853662
2016-12-02,74.77216120717266
2016-12-05,55.829852805976444
2016-12-06,47.751941858183294
2016-12-07,45.76194873594999
2016-12-08,41.97724329194679
2016-12-09,40.68578132972003
2016-12-12,41.5866222785197
2016-12-13,34.108257414277276
2016-12-14,33.543049827310455
2016-12-15,45.670807193982355
2016-12-16,44.74169435488786
2016-12-19,53.27875622944068
2016-12-20,44.439593841274565
2016-12-21,41.10451794431412
2016-12-22,33.39172380540208
2016-12-23,25.338337506716158
2016-12-26,22.535943431233463
2016-12-27,22.59709116075011
2016-12-28,22.554362243016385
2016-12-29,32.57535141505002
2016-12-30,23.98850480345645
2017-01-02,24.69835364777994
2017-01-03,45.572003895008464
2017-01-04,37.3112743471941
2017-01-05,24.479685297198415
2017-01-06,21.529959072750827
2017-01-09,35.46939231114287
2017-01-10,28.782851781173008
2017-01-11,28.541034447667712
2017-01-12,29.814694571557652
2017-01-13,26.790498355684207
2017-01-16,26.790498355684207
2017-01-17,59.89935283374051
2017-01-18,45.715716907280395
2017-01-19,54.123210149962155
2017-01-20,40.82567089311215
2017-01-23,28.215659986087374
2017-01-24,36.84866336418957
2017-01-25,39.9743581466827
2017-01-26,39.90663730357702
2017-01-27,44.21602122331872
2017-01-30,25.223482350294148
2017-01-31,33.42797712479096
2017-02-01,44.694160685253266
2017-02-02,37.798202368450426
2017-02-03,36.13324737664648
2017-02-06,35.120657001754466
2017-02-07,32.97667261590824
2017-02-08,35.423525319292224
2017-02-09,35.014472483521715
2017-02-10,46.88311827557426
2017-02-13,34.25455127647571
2017-02-14,37.066839898237305
2017-02-15,24.80243745257036
2017-02-16,18.442664389738553
2017-02-17,41.11096133859065
2017-02-20,45.723199137206024
2017-02-21,40.916301686333234
2017-02-22,46.577554441954796
2017-02-23,32.5137916168123
2017-02-24,31.784888671138432
2017-02-27,53.32105815448009
2017-02-28,58.254687191235014
2017-03-01,59.54927938582813
2017-03-02,46.782268842162644
2017-03-03,71.43091812655553
2017-03-06,55.38919291696828
2017-03-07,60.65952556701602
2017-03-08,51.600450771952794
2017-03-09,64.54645784962793
2017-03-10,71.33135394195025
2017-03-13,54.27193443784871
2017-03-14,55.69441224461725
2017-03-15,59.20614178726993
2017-03-16,38.5202224569487
2017-03-17,45.47191574948091
2017-03-20,37.00784347978134
2017-03-21,33.44404600909989
2017-03-22,40.4175539489025
2017-03-23,39.78436837857696
2017-03-24,59.883043167304045
2017-03-26,49.350722581146904
2017-03-27,54.582378771500316
2017-03-28,58.91880975454698
2017-03-29,51.6160392936183
2017-03-30,60.77814712076156
2017-04-02,49.417229295778085
2017-04-03,45.9176954373181
2017-04-04,39.312179403644464
2017-04-05,50.98333082781526
2017-04-06,59.509913154651976
2017-04-09,60.70835915002323
2017-04-10,53.10468380279105
2017-04-11,55.68620421230008
2017-04-12,47.363690625837776
2017-04-13,58.0539722461339
2017-04-16,58.74554419941967
2017-04-17,48.79466288744684
2017-04-18,35.85134816544672
2017-04-19,58.85411808762741
2017-04-20,58.13595411142389
2017-04-23,57.92391016110938
2017-04-24,44.94153475907998
2017-04-25,56.79612223676932
2017-04-26,66.91123413227888
2017-04-27,70.39175307562047
2017-04-30,66.21289827639637
2017-05-01,65.28276478879475
2017-05-02,45.98210597886129
2017-05-03,53.81316747503584
2017-05-04,65.35934464645476
2017-05-07,59.70348509492686
2017-05-08,68.26296900038382
2017-05-09,60.36402306445137
2017-05-10,46.2490699489773
2017-05-11,34.130446618463
2017-05-14,54.75230152054434
2017-05-15,32.694179454655014
2017-05-16,30.098070374794673
2017-05-17,45.76767737544038
2017-05-18,79.80576152563526
2017-05-21,58.25801330137283
2017-05-22,59.62606339589419
2017-05-23,60.041669648018726
2017-05-24,60.887180896179494
2017-05-25,60.69453803239011
2017-05-28,39.94091939497914
2017-05-29,54.93760398423525
2017-05-30,55.076197623908676
2017-05-31,48.16557166089609
2017-06-01,53.54132147261075
2017-06-04,53.58965504242048
2017-06-05,64.09969282836619
2017-06-06,57.413099164115735
2017-06-07,54.46223714699596
2017-06-08,51.6431816804017
2017-06-11,31.097856430108962
2017-06-12,61.937505278496054
2017-06-13,61.391895661369375
2017-06-14,51.49836238766578
2017-06-15,51.72171814170335
2017-06-18,55.417274759201895
2017-06-19,52.983823778176486
2017-06-20,64.16304384864992
2017-06-21,65.89450944967918
2017-06-22,67.40171408576391
2017-06-25,67.88826124857727
2017-06-26,46.350172703495964
2017-06-27,52.947765902130946
2017-06-28,41.402999058133766
2017-06-29,50.62509559534038
2017-07-02,25.092310136503542
2017-07-03,53.02322408451913
2017-07-04,54.466637050010895
2017-07-05,49.782800939869766
2017-07-06,52.077249681858135
2017-07-09,31.819408057807394
2017-07-10,31.819408057807394
2017-07-11,31.819408057807394
2017-07-12,25.24911379629026
2017-07-13,26.50770521458476
2017-07-16,22.017465429267062
2017-07-17,23.698123586099427
2017-07-18,19.575662445812014
2017-07-19,18.88407866153419
2017-07-20,15.126239634300532
2017-07-23,42.780186698912445
2017-07-24,35.07835988661731
2017-07-25,44.69431929941887
2017-07-26,36.529858908698195
2017-07-27,42.206393018672884
2017-07-30,50.95581444309388
2017-07-31,37.04147277285619
2017-08-01,36.35291046490433
2017-08-02,33.69700757305901
2017-08-03,33.50303932958185
2017-08-06,43.43802161899298
2017-08-07,41.31569703184096
2017-08-08,42.44060750755052
2017-08-09,57.590136659554936
2017-08-10,66.20253301821164
2017-08-13,67.71685581650527
2017-08-14,71.29320569953205
2017-08-15,55.94828453582882
2017-08-16,46.10565939543824
2017-08-17,58.07151348194756
2017-08-20,60.20187337414245
2017-08-21,50.01404391343839
2017-08-22,48.34440781696473
2017-08-23,36.085754928627054
2017-08-24,42.072105273104626
2017-08-27,51.3393557451962
2017-08-28,56.229527924979145
2017-08-29,54.74185090851855
2017-08-30,49.4438556071058
2017-08-31,38.7706932899459
2017-09-03,62.699665651223505
2017-09-04,40.02246984704587
2017-09-05,31.57752699273395
2017-09-06,26.490094979311493
2017-09-07,26.404539354246296
2017-09-10,63.83164814281243
2017-09-11,40.03834624234001
2017-09-12,46.80991038856379
2017-09-13,49.78337595162117
2017-09-14,45.53233405828164
2017-09-17,42.8032639548905
2017-09-18,52.95443157984343
2017-09-19,52.03099539713379
2017-09-20,50.91481754513112
2017-09-21,53.057041612962806
2017-09-24,46.2284225913268
2017-09-25,63.53392291138064
2017-09-26,66.09106036562119
2017-09-27,75.0117164258374
2017-09-28,66.73510045846474
2017-10-01,55.12361016042945
2017-10-02,48.98676831282647
2017-10-03,42.4513146467958
2017-10-04,38.57262027323975
2017-10-05,51.89672274734945
2017-10-08,53.83677671141805
2017-10-09,68.9899947942988
2017-10-10,61.97097459177983
2017-10-11,55.835800604244135
2017-10-12,55.26837423533632
2017-10-15,39.556378740954166
2017-10-16,55.57555306838549
2017-10-17,46.80487297225265
2017-10-18,55.17432870856093
2017-10-19,51.55869958780229
2017-10-22,65.22984030250643
2017-10-23,77.80551301492495
2017-10-24,79.48401820067238
2017-10-25,70.57917277352016
2017-10-26,82.19240915078711
2017-10-30,56.96578525355653
2017-10-31,68.67972518183365
2017-11-01,61.866681970787454
2017-11-02,60.48363361277123
2017-11-03,59.7295969945984
2017-11-06,68.08501989013072
2017-11-07,48.719919271126905
2017-11-08,56.15250129284608
2017-11-09,48.94354267056533
2017-11-10,47.922509795073736
2017-11-13,58.887452757881654
2017-11-14,58.6201063125398
2017-11-15,70.2784497685666
2017-11-16,70.2784497685666
2017-11-17,70.2784497685666
2017-11-20,70.2784497685666
2017-11-21,69.71279370106944
2017-11-22,71.52779350783811
2017-11-23,40.88182338548345
2017-11-24,39.35260949871683
2017-11-27,50.1881194775763
2017-11-28,45.19003105858019
2017-11-29,34.574470917996365
2017-11-30,58.91589550405155
2017-12-01,69.24375136217591
2017-12-04,59.812211422031694
2017-12-05,50.89129628196812
2017-12-06,49.51410011429924
2017-12-07,45.647133167254225
2017-12-08,70.23848093461223
2017-12-11,70.4206294467778
2017-12-12,75.1377105730528
2017-12-13,74.95263425030623
2017-12-14,76.83554177518258
2017-12-15,84.77594977355983
2017-12-18,52.13561245460366
2017-12-19,51.39962724439684
2017-12-20,50.264317462485124
2017-12-21,55.0319195073213
2017-12-22,60.83267209857244
2017-12-25,73.33557446746231
2017-12-26,71.15164551796074
2017-12-27,51.98123723495476
2017-12-28,54.0540391124843
2017-12-29,52.39543882799621
2018-01-01,49.496023044267
2018-01-02,52.556478432067486
2018-01-03,24.58411943088059
2018-01-04,19.392422075847733
2018-01-05,18.877563125922507
2018-01-08,17.378080693393287
2018-01-09,30.090326930442956
2018-01-10,37.364771618807836
2018-01-11,28.16640356201725
2018-01-12,23.937414181043067
2018-01-15,19.958318899731296
2018-01-16,32.43711724253447
2018-01-17,40.84764829961736
2018-01-18,40.529002056439246
2018-01-19,30.700376361691582
2018-01-22,26.083834330676552
2018-01-23,33.053328233831266
2018-01-24,59.579431992118515
2018-01-25,26.655837712110056
2018-01-26,27.61163321249066
