Date,adxr
2010-01-04,
2010-01-05,4.869153011623376
2010-01-06,4.869153011623376
2010-01-07,4.6924247989265435
2010-01-08,4.5579852740239994
2010-01-11,3.9525621470620367
2010-01-12,3.1343651465266844
2010-01-13,2.3815911765368405
2010-01-14,1.9509045424841358
2010-01-15,1.7085014880389033
2010-01-18,1.5976952135731493
2010-01-19,1.3390750027973695
2010-01-20,1.1349252639769538
2010-01-21,1.0541719651976011
2010-01-22,1.1402927053744587
2010-01-25,1.3028828015472862
2010-01-26,1.5460616789790451
2010-01-27,1.534360820272793
2010-01-28,1.4162977253100115
2010-01-29,1.2620139093781746
2010-02-01,1.192965995029588
2010-02-02,1.0646075812092706
2010-02-03,0.752465327610679
2010-02-04,0.5315969266744995
2010-02-05,0.37530680111548864
2010-02-08,0.2647129990250286
2010-02-09,0.09404945007657052
2010-02-10,-0.1284108630583094
2010-02-11,-0.3629970412054919
2010-02-12,-0.6047232025727993
2010-02-15,-0.8303562850777656
2010-02-16,-1.0224364274734987
2010-02-17,-1.101070347356565
2010-02-18,-1.0400585513279008
2010-02-19,-0.8779466058243508
2010-02-22,-0.580342894576932
2010-02-23,-0.34836549053932503
2010-02-24,-0.19803323643102527
2010-02-25,-0.22502260980205493
2010-02-26,-0.3402784829039389
2010-03-01,-0.3445731020849482
2010-03-02,-0.22716741359278758
2010-03-03,-0.057254015342644
2010-03-04,0.13477850710727415
2010-03-05,0.33105371577942816
2010-03-08,0.5589207798217809
2010-03-09,0.65430982304324
2010-03-10,0.7390738838721029
2010-03-11,0.8407813557735949
2010-03-12,0.9616893311540724
2010-03-15,1.0853237327715972
2010-03-16,1.1947671124915535
2010-03-17,1.2880360211982247
2010-03-18,1.0791785927918942
2010-03-19,0.8308348778161518
2010-03-22,0.6553441949658005
2010-03-23,0.41904641812543375
2010-03-24,0.10763688575466107
2010-03-25,-0.16931373460495944
2010-03-26,-0.27601064324565033
2010-03-28,-0.28713346187892197
2010-03-29,-0.3963031167255861
2010-03-30,-0.5088133127209818
2010-03-31,-0.5588026572312799
2010-04-01,-0.5064103925519423
2010-04-04,-0.40605953259504884
2010-04-05,-0.28943190853475237
2010-04-06,-0.2978676169527138
2010-04-07,-0.43080599135544206
2010-04-08,-0.6164140219043612
2010-04-11,-0.7146799382596153
2010-04-12,-0.6889140115166879
2010-04-13,-0.5724334177343006
2010-04-14,-0.39199773660323844
2010-04-15,-0.3312037680777163
2010-04-18,-0.39613052667831994
2010-04-19,-0.4723098943878761
2010-04-20,-0.5234176545698445
2010-04-21,-0.6315901477709045
2010-04-22,-0.760046893067022
2010-04-25,-0.8851625024325833
2010-04-26,-0.9749810535452464
2010-04-27,-1.0040971696227459
2010-04-28,-1.0248093950178643
2010-04-29,-0.8986699766577388
2010-05-02,-0.7759174298548577
2010-05-03,-0.8013746220345024
2010-05-04,-0.7429336441221861
2010-05-05,-0.5040885405911872
2010-05-06,-0.15079764518589428
2010-05-09,0.057475956176543275
2010-05-10,0.005065807618216611
2010-05-11,-0.17606787469082782
2010-05-12,-0.3622124964432813
2010-05-13,-0.5126131955743563
2010-05-16,-0.6213798031104262
2010-05-17,-0.7000256204420189
2010-05-18,-0.6419132456335027
2010-05-19,-0.44096961826101516
2010-05-20,-0.17390416464248198
2010-05-23,-0.060295076358622746
2010-05-24,0.06790462424057116
2010-05-25,0.08510234772982822
2010-05-26,0.0632411205726175
2010-05-27,-0.09486524976932795
2010-05-30,-0.22749645811351193
2010-05-31,-0.4037871650241813
2010-06-01,-0.5488041681166086
2010-06-02,-0.5888656428044726
2010-06-03,-0.6684150306022312
2010-06-06,-0.8006301383822583
2010-06-07,-0.9400801022671664
2010-06-08,-1.0578489726562779
2010-06-09,-1.1431876534751924
2010-06-10,-1.0714592779998315
2010-06-13,-0.9254500269029311
2010-06-14,-0.7678144722776062
2010-06-15,-0.5472196303089528
2010-06-16,-0.3125104451625726
2010-06-17,-0.07725061311493985
2010-06-20,0.16581981234082685
2010-06-21,0.3786660858455074
2010-06-22,0.31987323536457574
2010-06-23,0.13150188792551254
2010-06-24,-0.07908093808435004
2010-06-27,-0.25559492555456303
2010-06-28,-0.4359101748670971
2010-06-29,-0.5963387435837805
2010-06-30,-0.7335248369991778
2010-07-01,-0.7026648633878855
2010-07-04,-0.5318765689340388
2010-07-05,-0.30606888858838677
2010-07-06,-0.13199238941686153
2010-07-07,0.05154650995615897
2010-07-08,0.23214055868085573
2010-07-11,0.41554589797256825
2010-07-12,0.5854137047542506
2010-07-13,0.7717777352916118
2010-07-14,0.8370175088866207
2010-07-15,0.7289287659421755
2010-07-18,0.5183773999104042
2010-07-19,0.21725470655227083
2010-07-20,-0.0024809829599425418
2010-07-21,-0.1940026082083436
2010-07-22,-0.22036767421624837
2010-07-25,-0.22824501862342061
2010-07-26,-0.22604680348677653
2010-07-27,-0.23017481918128085
2010-07-28,-0.24284858245313515
2010-07-29,-0.16921928964838473
2010-08-01,-0.03197490009544884
2010-08-02,0.028290619091410105
2010-08-03,0.044361570198690296
2010-08-04,0.09448977977238392
2010-08-05,0.10683399383923094
2010-08-08,0.09889296823386243
2010-08-09,0.17535993090610064
2010-08-10,0.11402436982749438
2010-08-11,-0.10081340771988052
2010-08-12,-0.3058028695000375
2010-08-15,-0.48903384676384587
2010-08-16,-0.47213632599941485
2010-08-17,-0.3466072866567813
2010-08-18,-0.3349284714913957
2010-08-19,-0.39768961075809606
2010-08-22,-0.49330696030510995
2010-08-23,-0.5342569570055704
2010-08-24,-0.5439725902781598
2010-08-25,-0.6600321614866239
2010-08-26,-0.8400820752293993
2010-08-29,-0.8865444353253372
2010-08-30,-0.9792943313781031
2010-08-31,-1.0438573977174725
2010-09-01,-0.9877257422448493
2010-09-02,-0.7540137539413256
2010-09-05,-0.550409419143161
2010-09-06,-0.3438960323566913
2010-09-07,-0.16054996323981052
2010-09-08,0.026451498022569138
2010-09-09,0.2176518344862814
2010-09-12,0.4057552188156536
2010-09-13,0.6502146369061297
2010-09-14,0.7875060740994344
2010-09-15,0.8095961457180657
2010-09-16,0.8664477751081312
2010-09-19,0.8295220387155118
2010-09-20,0.5875288268765183
2010-09-21,0.43299834064168824
2010-09-22,0.3305518109016091
2010-09-23,0.26304171037232815
2010-09-26,0.3017522195091152
2010-09-27,0.39574470418824215
2010-09-28,0.5228345122694225
2010-09-29,0.7024405078776452
2010-09-30,0.9522577301601397
2010-10-03,1.1320027298888815
2010-10-04,1.1406942698871778
2010-10-05,1.231356738610301
2010-10-06,1.3364501461608986
2010-10-07,1.3520479483927685
2010-10-10,1.3871644384829571
2010-10-11,1.3765126070586455
2010-10-12,1.4037956073680498
2010-10-13,1.4626998618302272
2010-10-14,1.523532951788875
2010-10-17,1.4083500499671406
2010-10-18,1.1246861260648784
2010-10-19,0.7782187357053887
2010-10-20,0.5357377145258929
2010-10-21,0.3863656433574179
2010-10-24,0.3420865264858366
2010-10-25,0.23331680098370547
2010-10-26,0.16083810471177096
2010-10-27,0.1315348782940539
2010-10-28,-0.04982354622452183
2010-11-01,-0.3019944240899889
2010-11-02,-0.5697087268985255
2010-11-03,-0.8234991197548703
2010-11-04,-0.9057982422999201
2010-11-05,-0.7710338455738109
2010-11-08,-0.7286562534762611
2010-11-09,-0.7515923784532677
2010-11-10,-0.8205655008222673
2010-11-11,-0.8679840757523133
2010-11-12,-0.8879516565700989
2010-11-15,-0.8896482720929597
2010-11-16,-0.8060788153313668
2010-11-17,-0.626688388440711
2010-11-18,-0.6110442268729596
2010-11-19,-0.6523198705565383
2010-11-22,-0.7203427449923844
2010-11-23,-0.7997713974079212
2010-11-24,-0.8785353526771338
2010-11-25,-0.9584942296091769
2010-11-26,-1.0425361123202765
2010-11-29,-1.1218005993912135
2010-11-30,-1.2096412860836572
2010-12-01,-1.2527609005523193
2010-12-02,-1.1954409342226462
2010-12-03,-1.0253299834970582
2010-12-06,-0.7474869583894418
2010-12-07,-0.39289122284074074
2010-12-08,-0.19260052245298181
2010-12-09,-0.2120480497240191
2010-12-10,-0.2983982539945124
2010-12-13,-0.43751665768342207
2010-12-14,-0.5898312543233029
2010-12-15,-0.7604884954908846
2010-12-16,-0.913467946374587
2010-12-17,-1.0758256771830166
2010-12-20,-1.230784687118327
2010-12-21,-1.2935868732837605
2010-12-22,-1.2025719314813748
2010-12-23,-1.0477212640214983
2010-12-24,-0.8363408281224461
2010-12-27,-0.6882098486801471
2010-12-28,-0.635159411407166
2010-12-29,-0.612414410887213
2010-12-30,-0.7187625335899577
2010-12-31,-0.8390965663447874
2011-01-03,-0.8179093148669968
2011-01-04,-0.8187340370395156
2011-01-05,-0.8190530933309894
2011-01-06,-0.7144472400417827
2011-01-07,-0.5648475229493072
2011-01-10,-0.3751412405266257
2011-01-11,-0.18045865190875163
2011-01-12,-0.0546210661321352
2011-01-13,-0.09447824049237835
2011-01-14,-0.10760357753608787
2011-01-17,-0.10601876598616095
2011-01-18,-0.16633928113039054
2011-01-19,-0.32941796007263546
2011-01-20,-0.560629758868051
2011-01-21,-0.8077289209521928
2011-01-24,-0.995703727494672
2011-01-25,-1.1535850025481784
2011-01-26,-1.2832241676539637
2011-01-27,-1.3204452524824424
2011-01-28,-1.3703882461059538
2011-01-31,-1.3814191617170515
2011-02-01,-1.3009698698434482
2011-02-02,-1.1397165444072066
2011-02-03,-1.0293020314882573
2011-02-04,-1.0212653955592088
2011-02-07,-1.0954494851365535
2011-02-08,-1.2055270804149276
2011-02-09,-1.1742961111769763
2011-02-10,-1.1687971093795257
2011-02-11,-1.2077617948519126
2011-02-14,-1.19763020051099
2011-02-15,-1.163276552742128
2011-02-16,-1.1605076172535642
2011-02-17,-1.2167034276123978
2011-02-18,-1.204721801641237
2011-02-21,-1.1589338612952762
2011-02-22,-1.0996355924189856
2011-02-23,-0.9687682615747812
2011-02-24,-0.8467919404672763
2011-02-25,-0.7424810820377887
2011-02-28,-0.6333359103003896
2011-03-01,-0.542753082894021
2011-03-02,-0.4869271458964731
2011-03-03,-0.3218219828464855
2011-03-04,-0.004343923930193124
2011-03-07,0.19570552222638732
2011-03-08,0.31951184381931175
2011-03-09,0.49864137968784805
2011-03-10,0.4893283175507213
2011-03-11,0.3058576492313594
2011-03-14,0.023193480233768757
2011-03-15,-0.13933202015307505
2011-03-16,-0.2272948936661218
2011-03-17,-0.19075242294299305
2011-03-18,-0.0555275524701485
2011-03-21,-0.06489667860674199
2011-03-22,-0.1472734253696533
2011-03-23,-0.3487558045714186
2011-03-24,-0.5457914863402258
2011-03-25,-0.6906261999362804
2011-03-27,-0.8770779831125198
2011-03-28,-1.0695424113254872
2011-03-29,-0.9189176249904312
2011-03-30,-0.5845308001815829
2011-03-31,-0.10836255276003054
2011-04-03,0.4012722778376736
2011-04-04,0.8863790524560498
2011-04-05,1.3352340827998441
2011-04-06,1.7504104526195805
2011-04-07,2.149839478580084
2011-04-10,2.5108519829057876
2011-04-11,2.6564119683770238
2011-04-12,2.5963094873548944
2011-04-13,2.436183501470611
2011-04-14,2.23809662419823
2011-04-17,2.0368123025255866
2011-04-18,1.8503280048669017
2011-04-19,1.8052892029256242
2011-04-20,1.8385152292094677
2011-04-21,1.9089599616258155
2011-04-24,1.9926432394227187
2011-04-25,1.8656346099348564
2011-04-26,1.7157331837541554
2011-04-27,1.4232895070823923
2011-04-28,1.0819931456026806
2011-05-01,0.7436328724029709
2011-05-02,0.5976991986518003
2011-05-03,0.6257612318483391
2011-05-04,0.798721669791176
2011-05-05,0.8917114469381837
2011-05-08,0.9714800559295709
2011-05-09,1.037991447781038
2011-05-10,1.1184116494982645
2011-05-11,1.2483298194034185
2011-05-12,1.4303346323880377
2011-05-15,1.6240567275164974
2011-05-16,1.8107037502512047
2011-05-17,1.6945414638166723
2011-05-18,1.352442454665713
2011-05-19,0.9500209155575454
2011-05-22,0.6938729205579526
2011-05-23,0.5332643252055583
2011-05-24,0.4345112272529513
2011-05-25,0.3432497561574086
2011-05-26,0.21546004937224425
2011-05-29,0.11843024677666789
2011-05-30,0.13312146053159007
2011-05-31,0.23600065886273885
2011-06-01,0.2738492841041343
2011-06-02,0.43938289982085965
2011-06-05,0.6541036982197794
2011-06-06,0.9283150009750774
2011-06-07,1.0925175664145805
2011-06-08,1.1597127281119963
2011-06-09,1.0720230130339377
2011-06-12,0.9124687457298661
2011-06-13,0.7634261453516847
2011-06-14,0.582816019293659
2011-06-15,0.3373903821614655
2011-06-16,0.024484105414378902
2011-06-19,-0.24845903499295016
2011-06-20,-0.5222911163703405
2011-06-21,-0.7742230997628734
2011-06-22,-0.9949351381594727
2011-06-23,-1.1200150466114767
2011-06-26,-1.1182273789249952
2011-06-27,-1.167179058371521
2011-06-28,-1.1326356990640356
2011-06-29,-0.9906024826868465
2011-06-30,-0.7694098773759502
2011-07-03,-0.525886367940583
2011-07-04,-0.3866458509460227
2011-07-05,-0.41046078467834707
2011-07-06,-0.43706664072853246
2011-07-07,-0.43221180485620925
2011-07-10,-0.5108357009715033
2011-07-11,-0.619670755784713
2011-07-12,-0.774282543748442
2011-07-13,-0.9396284373633559
2011-07-14,-1.0926794299289315
2011-07-17,-1.1563624654609883
2011-07-18,-1.2597925547847897
2011-07-19,-1.3652188597617012
2011-07-20,-1.3291748827484255
2011-07-21,-1.1930478217576517
2011-07-24,-0.9227314886723612
2011-07-25,-0.5451787937848368
2011-07-26,-0.46484824641201317
2011-07-27,-0.5427192475567161
2011-07-28,-0.6550908767534996
2011-07-31,-0.7418653986129736
2011-08-01,-0.8597617893683515
2011-08-02,-0.9839124894987515
2011-08-03,-0.9665516314411765
2011-08-04,-0.7881757164317337
2011-08-07,-0.5030565060141087
2011-08-08,-0.05826715520052474
2011-08-09,0.23186594647774098
2011-08-10,0.4487222137510803
2011-08-11,0.5033782451102009
2011-08-14,0.374043562706894
2011-08-15,0.14326818620417342
2011-08-16,-0.12042384022659688
2011-08-17,-0.3404749333309246
2011-08-18,-0.5202968895867142
2011-08-21,-0.6317351018439257
2011-08-22,-0.6960757100642876
2011-08-23,-0.7354115161944615
2011-08-24,-0.6744864721715753
2011-08-25,-0.5673814061540979
2011-08-28,-0.5491359837530103
2011-08-29,-0.654402620815098
2011-08-30,-0.7998383851094766
2011-08-31,-0.869613021378539
2011-09-01,-0.7296284501987483
2011-09-04,-0.43932042448032105
2011-09-05,-0.07025523033593921
2011-09-06,0.30886442164663364
2011-09-07,0.6304392517794521
2011-09-08,0.9665331075502905
2011-09-11,1.3205176698659118
2011-09-12,1.6806778931411113
2011-09-13,2.034080010504549
2011-09-14,2.255427857057525
2011-09-15,2.4146818292373218
2011-09-18,2.6054705681638617
2011-09-19,2.8002435710105997
2011-09-20,3.005257086024983
2011-09-21,3.226078637964361
2011-09-22,3.436939265727562
2011-09-25,3.4062568687510555
2011-09-26,3.1794537223621115
2011-09-27,2.8711035116924486
2011-09-28,2.58161226899429
2011-09-29,2.3669403475209405
2011-10-02,2.2469060745936096
2011-10-03,2.1952645815410876
2011-10-04,1.966778637112163
2011-10-05,1.5576169396321167
2011-10-06,1.1376634085296033
2011-10-09,0.786785137962618
2011-10-10,0.4731651691969817
2011-10-11,0.20415616818841262
2011-10-12,0.028149198190580753
2011-10-13,-0.038181942030806514
2011-10-16,-0.05984162452316802
2011-10-17,-0.2197322432135444
2011-10-18,-0.3940139699659467
2011-10-19,-0.5525760620782376
2011-10-20,-0.6973426841554655
2011-10-23,-0.8888411037494082
2011-10-24,-1.0313538640694457
2011-10-25,-1.1664226159485727
2011-10-26,-1.1629926112147129
2011-10-27,-0.9962386804981401
2011-10-31,-0.7190342029163213
2011-11-01,-0.6880481681421631
2011-11-02,-0.7852132600881714
2011-11-03,-0.912914232482278
2011-11-04,-1.0401026243791964
2011-11-07,-1.1533165728269443
2011-11-08,-1.283615001773544
2011-11-09,-1.368088206986164
2011-11-10,-1.3233118384623461
2011-11-11,-1.2776647905057164
2011-11-14,-1.255808322776481
2011-11-15,-1.2235998094281098
2011-11-16,-1.1260750210290036
2011-11-17,-0.9889071665017268
2011-11-18,-0.8427106337072018
2011-11-21,-0.5793629710498255
2011-11-22,-0.2686738221710783
2011-11-23,0.14566311662736658
2011-11-24,0.6151893147897424
2011-11-25,1.098386328489766
2011-11-28,1.3599626392227415
2011-11-29,1.3836926054068845
2011-11-30,1.113217530201878
2011-12-01,0.7485161104972999
2011-12-02,0.4289380215865896
2011-12-05,0.15847004748178856
2011-12-06,-0.09498765521085832
2011-12-07,-0.3627848489246481
2011-12-08,-0.5926667798359228
2011-12-09,-0.747769022927587
2011-12-12,-0.7903030964217196
2011-12-13,-0.7140465480052796
2011-12-14,-0.49248696134356085
2011-12-15,-0.28369394480232984
2011-12-16,-0.1959823689170326
2011-12-19,-0.1478233072319845
2011-12-20,-0.16129727411490355
2011-12-21,-0.20511674807266972
2011-12-22,-0.23824530593696347
2011-12-23,-0.41062724152939145
2011-12-26,-0.6399848240776074
2011-12-27,-0.7286440112271741
2011-12-28,-0.8715892284319734
2011-12-29,-0.999601484219092
2011-12-30,-1.0948946463907188
2012-01-02,-1.2132300097333715
2012-01-03,-1.1923183401255215
2012-01-04,-1.0333881836021233
2012-01-05,-0.90742619174885
2012-01-06,-0.8726423211353354
2012-01-09,-0.8960079000121475
2012-01-10,-0.7526424174453576
2012-01-11,-0.5359133714944274
2012-01-12,-0.2510101628015931
2012-01-13,0.08245421371531932
2012-01-16,0.413473114508443
2012-01-17,0.7520664751238669
2012-01-18,1.0500692323707574
2012-01-19,1.331925163556659
2012-01-20,1.5580201188215868
2012-01-23,1.772405940780111
2012-01-24,1.9633168317081422
2012-01-25,2.1568977351956615
2012-01-26,2.360069265842711
2012-01-27,2.5515485425387414
2012-01-30,2.634246606149201
2012-01-31,2.668028449009419
2012-02-01,2.6328039660507936
2012-02-02,2.6091047723812237
2012-02-03,2.616040063675024
2012-02-06,2.650145752531488
2012-02-07,2.695329751258172
2012-02-08,2.7647352981469235
2012-02-09,2.8549625041966915
2012-02-10,2.8439934386383183
2012-02-13,2.799629361731463
2012-02-14,2.7418485710269636
2012-02-15,2.5610128736725097
2012-02-16,2.089313811021417
2012-02-17,1.679765927549202
2012-02-20,1.3137509395575913
2012-02-21,0.8852498761550984
2012-02-22,0.5176512794040141
2012-02-23,0.3464079932030207
2012-02-24,0.23386258206036775
2012-02-27,0.09800788594018646
2012-02-28,0.040966960079825934
2012-02-29,-0.13760275701063188
2012-03-01,-0.39110882867435154
2012-03-02,-0.6327466298172814
2012-03-05,-0.7077100180060389
2012-03-06,-0.582399267666665
2012-03-07,-0.6156325970152828
2012-03-08,-0.6810911302468806
2012-03-09,-0.7458051671392973
2012-03-12,-0.6118125896157476
2012-03-13,-0.3740924856647409
2012-03-14,-0.1347229286946477
2012-03-15,0.06336960755541513
2012-03-16,0.15581088681801755
2012-03-19,0.22171569705164654
2012-03-20,0.37157750238867965
2012-03-21,0.4875955692334786
2012-03-22,0.584651225210006
2012-03-23,0.5531964198454595
2012-03-25,0.32520756248137933
2012-03-26,0.0296777222964824
2012-03-27,-0.29289169289919065
2012-03-28,-0.49899528323615044
2012-03-29,-0.6742124136589684
2012-04-01,-0.764702223213866
2012-04-02,-0.8870616852265143
2012-04-03,-0.9265325771530675
2012-04-04,-0.920491268674343
2012-04-05,-0.8917226178238424
2012-04-08,-0.820872849653017
2012-04-09,-0.7372817172580558
2012-04-10,-0.6856774235726936
2012-04-11,-0.6670858180401544
2012-04-12,-0.5862261119653531
2012-04-15,-0.6454072578568981
2012-04-16,-0.7855340434212813
2012-04-17,-0.7892266410011175
2012-04-18,-0.6204367199915425
2012-04-19,-0.37742428304937564
2012-04-22,-0.2431887776600929
2012-04-23,-0.17540970717650883
2012-04-24,-0.14706996637816538
2012-04-25,-0.27381339680085426
2012-04-26,-0.4693344916895646
2012-04-29,-0.5999597103662152
2012-04-30,-0.557953284979238
2012-05-01,-0.5320834582730289
2012-05-02,-0.3823346049072274
2012-05-03,-0.3595925040955306
2012-05-06,-0.35514175571648277
2012-05-07,-0.36038665640544343
2012-05-08,-0.20015997224349907
2012-05-09,0.03570543780230618
2012-05-10,0.11274667110578253
2012-05-13,0.2261264999037514
2012-05-14,0.38319160754826675
2012-05-15,0.5700883039760789
2012-05-16,0.7432142366609591
2012-05-17,0.9522083299677022
2012-05-20,1.213282520617216
2012-05-21,1.5038430851812161
2012-05-22,1.833138028024412
2012-05-23,1.8269800965930254
2012-05-24,1.5456160283083464
2012-05-27,1.144607521907687
2012-05-28,0.6822179800381603
2012-05-29,0.2554169096262016
2012-05-30,-0.05628119974514756
2012-05-31,-0.24131939571162045
2012-06-03,-0.33410679959832773
2012-06-04,-0.31700195280908333
2012-06-05,-0.31114423133121094
2012-06-06,-0.30934069849269535
2012-06-07,-0.4265325731927673
2012-06-10,-0.5921597402302997
2012-06-11,-0.6962922933854832
2012-06-12,-0.7426011156164186
2012-06-13,-0.7247336963044776
2012-06-14,-0.8042780609983539
2012-06-17,-0.954370416060486
2012-06-18,-1.128204206611554
2012-06-19,-1.151367024404291
2012-06-20,-1.1642546686549586
2012-06-21,-1.2063883935005475
2012-06-24,-1.1871062004096058
2012-06-25,-1.182379911078302
2012-06-26,-1.15858021642312
2012-06-27,-1.0591720234290203
2012-06-28,-0.9541675656367846
2012-07-01,-0.7699076951483221
2012-07-02,-0.5445408334006555
2012-07-03,-0.4973803923223065
2012-07-04,-0.5721449160752528
2012-07-05,-0.6694460127025273
2012-07-08,-0.770302414132845
2012-07-09,-0.8647395709581583
2012-07-10,-0.9481924473257909
2012-07-11,-1.032619287785562
2012-07-12,-1.1106510617241978
2012-07-15,-1.1790501058917535
2012-07-16,-1.2869776195138085
2012-07-17,-1.3182527768851342
2012-07-18,-1.2067519548085675
2012-07-19,-0.9700906100224365
2012-07-22,-0.8917887274949264
2012-07-23,-0.900674479387326
2012-07-24,-1.0063817063442588
2012-07-25,-1.0230999651206165
2012-07-26,-0.957557539575316
2012-07-29,-0.7933819670971557
2012-07-30,-0.7545175789031388
2012-07-31,-0.836155246153705
2012-08-01,-0.8893551583494717
2012-08-02,-0.8897705145773486
2012-08-05,-0.7921784662776948
2012-08-06,-0.6857879161211956
2012-08-07,-0.5658348647954217
2012-08-08,-0.44875425583844847
2012-08-09,-0.34175707977653497
2012-08-12,-0.12906777938842226
2012-08-13,0.12018368235892568
2012-08-14,0.31270369084203176
2012-08-15,0.49642019419610023
2012-08-16,0.6886621844056819
2012-08-19,0.8860835823565104
2012-08-20,1.0585877932924064
2012-08-21,1.2088429265200953
2012-08-22,1.222003608979998
2012-08-23,1.239558497339335
2012-08-26,1.2653792691267138
2012-08-27,1.0942483657755655
2012-08-28,0.8705994656606888
2012-08-29,0.675400678419676
2012-08-30,0.36004789930010145
2012-09-02,0.1241232067678299
2012-09-03,-0.17767262449155968
2012-09-04,-0.48978939632908386
2012-09-05,-0.732456909695934
2012-09-06,-0.7888939031471764
2012-09-09,-0.6376094885362499
2012-09-10,-0.39269451182102705
2012-09-11,-0.0870309977901844
2012-09-12,0.11469405458045584
2012-09-13,0.2953923697917016
2012-09-16,0.2767115444939674
2012-09-17,0.14485255911931705
2012-09-18,0.06994602264188055
2012-09-19,-0.007528661733340322
2012-09-20,-0.07998916161761677
2012-09-23,-0.02849083269376934
2012-09-24,0.08204785142411242
2012-09-25,0.027746850709996343
2012-09-26,-0.10622329526827295
2012-09-27,-0.26990462589329184
2012-09-30,-0.2713867181355878
2012-10-01,-0.189993109795491
2012-10-02,-0.06498999990156107
2012-10-03,0.09981147663755452
2012-10-04,0.30608055298538556
2012-10-07,0.3872671033287884
2012-10-08,0.3054289101430613
2012-10-09,0.24221302674568465
2012-10-10,0.13479957341717533
2012-10-11,-0.010559341162038214
2012-10-14,-0.18678322614110904
2012-10-15,-0.2541634240355233
2012-10-16,-0.21345197119678874
2012-10-17,-0.11538793567235794
2012-10-18,0.07560215938553413
2012-10-21,0.2984124811394457
2012-10-22,0.5696812626923468
2012-10-23,0.843529357893474
2012-10-24,1.1186844066849657
2012-10-25,1.1882071634746187
2012-10-29,1.0550531417445046
2012-10-30,0.8293623164210497
2012-10-31,0.666211370479504
2012-11-01,0.5462562407751235
2012-11-02,0.46496326255523324
2012-11-05,0.5334620726921825
2012-11-06,0.672793525040828
2012-11-07,0.847913681864394
2012-11-08,0.9559921750111711
2012-11-09,0.8803335894737242
2012-11-12,0.5991375969985744
2012-11-13,0.34478342320725724
2012-11-14,0.060047474776676886
2012-11-15,-0.1938186662270303
2012-11-16,-0.3519189983079097
2012-11-19,-0.3112155934476458
2012-11-20,-0.17240443748355508
2012-11-21,0.08163743708069096
2012-11-22,0.38661335934064994
2012-11-23,0.7409656294237015
2012-11-26,0.7667529794312165
2012-11-27,0.622800076338354
2012-11-28,0.4547314965060187
2012-11-29,0.3762473691306636
2012-11-30,0.3699713801104704
2012-12-03,0.5113096647408797
2012-12-04,0.6334910856326744
2012-12-05,0.7359246029115595
2012-12-06,0.5760029199327253
2012-12-07,0.2878462648161114
2012-12-10,-0.04476183295959133
2012-12-11,-0.34627595757023305
2012-12-12,-0.628161262316862
2012-12-13,-0.8506532241123208
2012-12-14,-1.0415197617057472
2012-12-17,-1.1241849246952742
2012-12-18,-1.0619500021310293
2012-12-19,-1.107416052704381
2012-12-20,-1.0909134206081028
2012-12-21,-1.0745805230308936
2012-12-24,-1.149049231953449
2012-12-25,-1.263766212851594
2012-12-26,-1.166070738941168
2012-12-27,-0.9132253346840434
2012-12-28,-0.6004428696118532
2012-12-31,-0.2898215461697652
2013-01-01,-0.07969147745614684
2013-01-02,0.10874731372187195
2013-01-03,0.30447910997606636
2013-01-04,0.49249550649995205
2013-01-07,0.7188211558429518
2013-01-08,0.9843583098370657
2013-01-09,1.0892371999000583
2013-01-10,1.1486667938967845
2013-01-11,1.1841630886155856
2013-01-14,1.223688701793437
2013-01-15,1.2286130703173521
2013-01-16,1.2154817533219997
2013-01-17,1.1942102961225611
2013-01-18,1.1147581541036027
2013-01-21,1.0331300010284783
2013-01-22,0.7963386481148227
2013-01-23,0.6626049426384514
2013-01-24,0.6389364191467625
2013-01-25,0.6733557251159686
2013-01-28,0.8537634789686024
2013-01-29,1.1624351985803703
2013-01-30,1.5113500256519607
2013-01-31,1.874198511035831
2013-02-01,2.209455863425085
2013-02-04,2.508072527503211
2013-02-05,2.6612419759624206
2013-02-06,2.7324416518797143
2013-02-07,2.784633921183277
2013-02-08,2.8769580881324215
2013-02-11,2.9822210463742813
2013-02-12,3.0833768492885634
2013-02-13,3.174179548226387
2013-02-14,3.260536624079102
2013-02-15,3.337858427417742
2013-02-18,3.17617675851966
2013-02-19,2.966164191808724
2013-02-20,2.7984312266769455
2013-02-21,2.3482072188688794
2013-02-22,1.7906081082919365
2013-02-25,1.2473155650806917
2013-02-26,0.7574482852530968
2013-02-27,0.3977081885922428
2013-02-28,0.01600392140202765
2013-03-01,-0.25785120240519044
2013-03-04,-0.5043359156233966
2013-03-05,-0.5950057725071055
2013-03-06,-0.5987766327398503
2013-03-07,-0.6103657169736814
2013-03-08,-0.5295659996071104
2013-03-11,-0.32040502641212704
2013-03-12,-0.09529051837407304
2013-03-13,0.021175283036554353
2013-03-14,-0.013317697292488334
2013-03-15,-0.1512291425244486
2013-03-18,-0.1803889575349885
2013-03-19,-0.3018985023424766
2013-03-20,-0.4449716357732523
2013-03-21,-0.551199286360077
2013-03-22,-0.5079187608150313
2013-03-25,-0.523167365007733
2013-03-26,-0.5670329860713098
2013-03-27,-0.5689095176965576
2013-03-28,-0.6599380098546802
2013-03-29,-0.7552305531558996
2013-03-31,-0.8888220854836947
2013-04-01,-0.96994361260304
2013-04-02,-1.026728699060661
2013-04-03,-1.066461716898413
2013-04-04,-0.9419582122262707
2013-04-07,-0.6719510346527308
2013-04-08,-0.3497486915232557
2013-04-09,0.013429793348265056
2013-04-10,0.4001798907034009
2013-04-11,0.7066946770650279
2013-04-14,0.9835071966899478
2013-04-15,0.94687631452698
2013-04-16,0.8221041408862869
2013-04-17,0.5183507110901622
2013-04-18,0.1480765122185014
2013-04-21,-0.2259103893348281
2013-04-22,-0.5302999326162393
2013-04-23,-0.7404475601982844
2013-04-24,-0.915894846957171
2013-04-25,-0.9807192075734769
2013-04-28,-0.9594948176010624
2013-04-29,-1.0249515877427757
2013-04-30,-1.0660043069458494
2013-05-01,-1.1690608509624625
2013-05-02,-1.2901671957501122
2013-05-05,-1.380433502657174
2013-05-06,-1.4834426131329133
2013-05-07,-1.5845442470232232
2013-05-08,-1.677952534833953
2013-05-09,-1.5106518986454138
2013-05-12,-1.2239937001052914
2013-05-13,-1.064401048092326
2013-05-14,-0.8792427696421944
2013-05-15,-0.6961557657404586
2013-05-16,-0.4479646805166826
2013-05-19,-0.17675340039359697
2013-05-20,0.12171892128709072
2013-05-21,0.33050903949142335
2013-05-22,0.5619276017045474
2013-05-23,0.6841701411378847
2013-05-26,0.607897745523686
2013-05-27,0.5747320870058992
2013-05-28,0.6897334077189713
2013-05-29,0.9107199149202232
2013-05-30,1.2224776608815673
2013-06-02,1.5556552642983197
2013-06-03,1.7233098667319955
2013-06-04,1.614627589770704
2013-06-05,1.373829131645555
2013-06-06,1.1298203256732329
2013-06-09,0.953781401925815
2013-06-10,0.8460284620351699
2013-06-11,0.7819114681849713
2013-06-12,0.7452917524248133
2013-06-13,0.5693688295834446
2013-06-16,0.3229592605678084
2013-06-17,0.18274552109601636
2013-06-18,0.10815934685857706
2013-06-19,0.2850978155201294
2013-06-20,0.5759212269945109
2013-06-23,0.8055284906328535
2013-06-24,0.8363350023332129
2013-06-25,0.6858357887059867
2013-06-26,0.3803573210857617
2013-06-27,0.1492485368705109
2013-06-30,0.013143502277420142
2013-07-01,-0.039591004609918344
2013-07-02,0.015986166480445936
2013-07-03,0.1276240737045714
2013-07-04,0.1606354432354788
2013-07-07,0.15083642663467037
2013-07-08,0.119995296015706
2013-07-09,0.12245777800821098
2013-07-10,0.14314097985330862
2013-07-11,0.1714320426970677
2013-07-14,0.1002349610373123
2013-07-15,0.05297838705416582
2013-07-16,-0.03269225047212636
2013-07-17,-0.038394628264524056
2013-07-18,0.0073506351970893885
2013-07-21,0.008675711248746202
2013-07-22,0.05709293251558345
2013-07-23,0.18126359340951198
2013-07-24,0.1930510824256898
2013-07-25,0.14653797444169447
2013-07-28,-0.018982187228689003
2013-07-29,-0.2407359084490984
2013-07-30,-0.3363097128344233
2013-07-31,-0.3844566210892491
2013-08-01,-0.3346592707344241
2013-08-04,-0.44958130335679825
2013-08-05,-0.6341993154985682
2013-08-06,-0.8241114693881173
2013-08-07,-0.9435321528808229
2013-08-08,-0.9631628675238296
2013-08-11,-0.8615298880595319
2013-08-12,-0.9073798993160035
2013-08-13,-0.9821049600883424
2013-08-14,-0.9097297138161653
2013-08-15,-0.7242252617005214
2013-08-18,-0.3915660705315559
2013-08-19,-0.010983783206321603
2013-08-20,0.38454982618703726
2013-08-21,0.7963996328250046
2013-08-22,0.8313683512451576
2013-08-25,0.6508017238529513
2013-08-26,0.37500821613951685
2013-08-27,0.1774886226078488
2013-08-28,0.03602874802864696
2013-08-29,-0.13951245355306138
2013-09-01,-0.2519114098918073
2013-09-02,-0.3229195099768991
2013-09-03,-0.4519347692576112
2013-09-04,-0.6216203041663927
2013-09-05,-0.7005225071323575
2013-09-08,-0.6802461328834001
2013-09-09,-0.6627601943096145
2013-09-10,-0.6004038014568401
2013-09-11,-0.5437479270771037
2013-09-12,-0.5026737612541097
2013-09-15,-0.5186208025942928
2013-09-16,-0.5481221660136633
2013-09-17,-0.6420034233314899
2013-09-18,-0.6512422541858839
2013-09-19,-0.6283616748375093
2013-09-22,-0.5228418909164962
2013-09-23,-0.4090611604806468
2013-09-24,-0.27063854466827025
2013-09-25,-0.11924853292291121
2013-09-26,0.05816734510767118
2013-09-29,0.20349807382812923
2013-09-30,0.2282168465484957
2013-10-01,0.18938104802633673
2013-10-02,0.022536228069337454
2013-10-03,-0.19599933180690673
2013-10-06,-0.3868943893975154
2013-10-07,-0.5481038798962192
2013-10-08,-0.6810077144909958
2013-10-09,-0.8423115496780259
2013-10-10,-0.9522184579917415
2013-10-13,-1.0631831871114859
2013-10-14,-1.165629275489837
2013-10-15,-1.2011773607550464
2013-10-16,-1.1996919272674116
2013-10-17,-1.1061508949510714
2013-10-20,-1.089593199064167
2013-10-21,-1.13023637820071
2013-10-22,-1.1967458667054165
2013-10-23,-1.1262454095315644
2013-10-24,-0.9915970582093738
2013-10-28,-0.9563200959061048
2013-10-29,-0.9930919210536766
2013-10-30,-1.04451492814071
2013-10-31,-0.8977173282327777
2013-11-01,-0.5559857251070952
2013-11-04,-0.1426944552887389
2013-11-05,0.3378476037735275
2013-11-06,0.8180810870553503
2013-11-07,1.2679834740461746
2013-11-08,1.706307221994944
2013-11-11,2.0671911908689435
2013-11-12,2.3783541544177975
2013-11-13,2.4814004831118774
2013-11-14,2.478126043448896
2013-11-15,2.319060742156775
2013-11-18,1.8798772465982552
2013-11-19,1.3958273780869521
2013-11-20,0.9284007779476005
2013-11-21,0.580367285152593
2013-11-22,0.3216595404144967
2013-11-25,0.03935036820682234
2013-11-26,-0.1825513738086562
2013-11-27,-0.3189017218855229
2013-11-28,-0.30147238438706275
2013-11-29,-0.27566056249781634
2013-12-02,-0.1883209112824802
2013-12-03,-0.0564620900390014
2013-12-04,0.149868169805708
2013-12-05,0.4050333145738641
2013-12-06,0.4529321950691592
2013-12-09,0.29629002530639337
2013-12-10,0.07713685406068027
2013-12-11,-0.20381824814955798
2013-12-12,-0.4390589140030545
2013-12-13,-0.6684822552882022
2013-12-16,-0.864620169485728
2013-12-17,-1.027764464622424
2013-12-18,-1.0847767938996402
2013-12-19,-1.1572875820934405
2013-12-20,-1.1106576275055875
2013-12-23,-1.0070481065669197
2013-12-24,-0.9846582417400568
2013-12-25,-1.0055347210377366
2013-12-26,-1.018302565806999
2013-12-27,-1.0786361924527754
2013-12-30,-1.0167314675934271
2013-12-31,-0.8975136837914112
2014-01-01,-0.7587866073698311
2014-01-02,-0.6636204580764298
2014-01-03,-0.5984479368519688
2014-01-06,-0.5538984929054945
2014-01-07,-0.6484265286615656
2014-01-08,-0.7617410386035341
2014-01-09,-0.770335872587522
2014-01-10,-0.8339948898679768
2014-01-13,-0.8871431073416857
2014-01-14,-0.9729493494719619
2014-01-15,-0.9859715558272896
2014-01-16,-1.0869251212601911
2014-01-17,-1.2245005176156993
2014-01-20,-1.238250057808221
2014-01-21,-1.2778703452165725
2014-01-22,-1.318113120698539
2014-01-23,-1.322051914931967
2014-01-24,-1.1493982270444592
2014-01-27,-0.9329777430244635
2014-01-28,-0.6905315648543965
2014-01-29,-0.38815717427893665
2014-01-30,-0.18960501555028533
2014-01-31,-0.1901807113109432
2014-02-03,-0.2923052556265009
2014-02-04,-0.3718430853059336
2014-02-05,-0.5546093917236141
2014-02-06,-0.7161347148629954
2014-02-07,-0.8009196592551705
2014-02-10,-0.8987171937109515
2014-02-11,-1.013521697873422
2014-02-12,-1.1276314311382882
2014-02-13,-1.1190007875019967
2014-02-14,-1.127625739751279
2014-02-17,-1.1443504897177492
2014-02-18,-1.2286572359685541
2014-02-19,-1.2923569070946412
2014-02-20,-1.3180367950905696
2014-02-21,-1.2617475238234759
2014-02-24,-1.076545878161816
2014-02-25,-0.825082639081848
2014-02-26,-0.6269550668757063
2014-02-27,-0.4722132489689572
2014-02-28,-0.2773848492972679
2014-03-03,-0.07800847114727794
2014-03-04,0.03505179525163863
2014-03-05,0.11597917262232804
2014-03-06,0.28521667309620463
2014-03-07,0.26999074196674167
2014-03-10,0.1149129397551952
2014-03-11,-0.13629943696723887
2014-03-12,-0.3285998992513352
2014-03-13,-0.5447724188689135
2014-03-14,-0.7207603041568263
2014-03-17,-0.8486639228820633
2014-03-18,-0.9669590830152389
2014-03-19,-0.999102922003654
2014-03-20,-1.0747210000157723
2014-03-21,-1.0788960384688444
2014-03-24,-1.0587549619785557
2014-03-25,-0.9723879073649484
2014-03-26,-0.8081355847936915
2014-03-27,-0.5188999712275252
2014-03-28,-0.1548551127469325
2014-03-30,0.16291809171986124
2014-03-31,0.42288612696724037
2014-04-01,0.6556014553516457
2014-04-02,0.717817044924853
2014-04-03,0.7721879599843833
2014-04-06,0.8790797803695934
2014-04-07,1.0639442438888511
2014-04-08,1.2853845044252274
2014-04-09,1.5341101964656252
2014-04-10,1.644322334770957
2014-04-13,1.6475996844697511
2014-04-14,1.464394174132219
2014-04-15,1.1818162330069486
2014-04-16,0.7843442328470591
2014-04-17,0.3606995087029674
2014-04-20,-0.041715403258036826
2014-04-21,-0.34507939813363203
2014-04-22,-0.5731428030778478
2014-04-23,-0.7477534650732073
2014-04-24,-0.7793142639817532
2014-04-27,-0.8015688945758277
2014-04-28,-0.6774415729502427
2014-04-29,-0.7263483779969552
2014-04-30,-0.819474548116147
2014-05-01,-0.965540774420754
2014-05-04,-1.0606303809560085
2014-05-05,-1.1941399660620784
2014-05-06,-1.2425070131586893
2014-05-07,-1.190684144576222
2014-05-08,-1.1537125055215356
2014-05-11,-1.1062265046723538
2014-05-12,-1.0557543857767528
2014-05-13,-1.0078789102367012
2014-05-14,-0.8736176559614842
2014-05-15,-0.706242127170384
2014-05-18,-0.5125216328079305
2014-05-19,-0.2543529849621442
2014-05-20,0.015622382183645507
2014-05-21,0.3267422796373342
2014-05-22,0.5741477839930121
2014-05-25,0.7465705040083108
2014-05-26,0.6410454757684644
2014-05-27,0.4426258767275043
2014-05-28,0.1475970629609439
2014-05-29,-0.06612423987259099
2014-06-01,-0.044799226467052575
2014-06-02,0.10733373999335068
2014-06-03,0.36078328001552723
2014-06-04,0.6073195219805875
2014-06-05,0.5726979294572596
2014-06-08,0.38141765462668936
2014-06-09,0.19670166150690988
2014-06-10,0.07049324615956733
2014-06-11,-0.015561636418381583
2014-06-12,-0.1521698388912292
2014-06-15,-0.26444364802019027
2014-06-16,-0.37684155186917706
2014-06-17,-0.4555943392437066
2014-06-18,-0.4851943107691532
2014-06-19,-0.6152345290644312
2014-06-22,-0.7859042431977639
2014-06-23,-0.8943381656307544
2014-06-24,-0.9429638207624019
2014-06-25,-0.9159751726235368
2014-06-26,-0.7940621097464983
2014-06-29,-0.6044715070738745
2014-06-30,-0.5346290232040979
2014-07-01,-0.46598420569235327
2014-07-02,-0.544407616598207
2014-07-03,-0.6441498025015477
2014-07-06,-0.7912927361282309
2014-07-07,-0.9637112693780207
2014-07-08,-1.081376282610673
2014-07-09,-1.2060366543142484
2014-07-10,-1.321027480715932
2014-07-13,-1.4339211428125964
2014-07-14,-1.4617083716161816
2014-07-15,-1.4438056055719846
2014-07-16,-1.3694977398690484
2014-07-17,-1.2061443102634255
2014-07-20,-1.1856753426151205
2014-07-21,-1.2319596885113768
2014-07-22,-1.25053513924651
2014-07-23,-1.2554564731200384
2014-07-24,-1.3140007473256665
2014-07-27,-1.3727857111997934
2014-07-28,-1.4204361353939197
2014-07-29,-1.346254078985381
2014-07-30,-1.1283242592844116
2014-07-31,-0.8189407019940452
2014-08-03,-0.5519036860259215
2014-08-04,-0.25803420483374706
2014-08-05,0.07716569683637292
2014-08-06,0.3310755947513481
2014-08-07,0.582312668171395
2014-08-10,0.6729093910132727
2014-08-11,0.6213249821953559
2014-08-12,0.5117849762780278
2014-08-13,0.38161782946649603
2014-08-14,0.11286367727149975
2014-08-17,-0.15620954208629526
2014-08-18,-0.38732305237515063
2014-08-19,-0.48780399230883337
2014-08-20,-0.5776880191172271
2014-08-21,-0.6700739250374843
2014-08-24,-0.7425781078874355
2014-08-25,-0.7688109968754098
2014-08-26,-0.7984921777240964
2014-08-27,-0.8035436852533183
2014-08-28,-0.6933856430166889
2014-08-31,-0.5106417108029643
2014-09-01,-0.47227363087919905
2014-09-02,-0.48329666034754676
2014-09-03,-0.5055567381639767
2014-09-04,-0.586596167690163
2014-09-07,-0.7445417457612781
2014-09-08,-0.7102545494231798
2014-09-09,-0.5375518878531682
2014-09-10,-0.3083272674154471
2014-09-11,0.05407951201426152
2014-09-14,0.4676875580216368
2014-09-15,0.872517281706527
2014-09-16,1.2498075759007208
2014-09-17,1.6245977563433496
2014-09-18,1.968202187751848
2014-09-21,2.287863706298067
2014-09-22,2.5883513462691723
2014-09-23,2.858953369945421
2014-09-24,2.7892507676313105
2014-09-25,2.613721759815134
2014-09-28,2.478982536725904
2014-09-29,2.376053548545459
2014-09-30,2.3333484352065486
2014-10-01,2.3553931687591265
2014-10-02,2.4217388481471662
2014-10-05,2.1714636562615364
2014-10-06,1.7800778314310246
2014-10-07,1.386695653478273
2014-10-08,1.0696282769932275
2014-10-09,0.6948021231593319
2014-10-12,0.2951399065341109
2014-10-13,-0.08456828362748224
2014-10-14,-0.3085782975929032
2014-10-15,-0.3050066801025651
2014-10-16,-0.22248690185279205
2014-10-19,-0.14364673467767886
2014-10-20,0.0073067560692138605
2014-10-21,0.16904928138232503
2014-10-22,0.3604420690830719
2014-10-23,0.43218784709332986
2014-10-27,0.5565063347517439
2014-10-28,0.6974991854830204
2014-10-29,0.5971488222404995
2014-10-30,0.3620056728209207
2014-10-31,0.07728605285546142
2014-11-03,-0.1351114253338881
2014-11-04,-0.23101018758319317
2014-11-05,-0.25964235906722577
2014-11-06,-0.20089980859178558
2014-11-07,-0.030680449911912072
2014-11-10,0.100969682395169
2014-11-11,0.22664299507709612
2014-11-12,0.32383597289549537
2014-11-13,0.43720284861979647
2014-11-14,0.6368006131215442
2014-11-17,0.8281317531141844
2014-11-18,0.9996263589701251
2014-11-19,1.0445171667857842
2014-11-20,0.92504523890087
2014-11-21,0.6631532225718111
2014-11-24,0.40889194976904625
2014-11-25,0.15314903620828912
2014-11-26,-0.006589067148475028
2014-11-27,-0.09249687736499156
2014-11-28,-0.18607990073074784
2014-12-01,-0.27593941869380934
2014-12-02,-0.34846387937790524
2014-12-03,-0.3863913122032675
2014-12-04,-0.3767707056189034
2014-12-05,-0.2917521249517176
2014-12-08,-0.17520548246000567
2014-12-09,-0.008485409803071492
2014-12-10,0.13605384023470837
2014-12-11,0.3882382535651793
2014-12-12,0.70422203471724
2014-12-15,1.058982841186279
2014-12-16,1.4600589892421578
2014-12-17,1.852024503572476
2014-12-18,1.9878833483111442
2014-12-19,1.8729610085117565
2014-12-22,1.6394705002582073
2014-12-23,1.4787435241085907
2014-12-24,1.3682613685140093
2014-12-25,1.2929063926730249
2014-12-26,1.241624873917833
2014-12-29,0.9861373172227209
2014-12-30,0.6080623417657428
2014-12-31,0.21897829746170364
2015-01-01,-0.1439606559027517
2015-01-02,-0.2932441594963592
2015-01-05,-0.2900143939029034
2015-01-06,-0.19797069064673306
2015-01-07,-0.25028909995678983
2015-01-08,-0.37927199481738844
2015-01-09,-0.48452931456282583
2015-01-12,-0.5500773365897319
2015-01-13,-0.6491573435555599
2015-01-14,-0.6402961332275808
2015-01-15,-0.5535216134371433
2015-01-16,-0.5248505949535561
2015-01-19,-0.4737846350519358
2015-01-20,-0.545718283812855
2015-01-21,-0.5516965713176234
2015-01-22,-0.42296790983668403
2015-01-23,-0.23601967532066384
2015-01-26,-0.10791639465922505
2015-01-27,0.020206359495796095
2015-01-28,0.17924495808561317
2015-01-29,0.24326191455204965
2015-01-30,0.2470090518776995
2015-02-02,0.2713501532368138
2015-02-03,0.33751213685561243
2015-02-04,0.43326759830009237
2015-02-05,0.5821914079688223
2015-02-06,0.7820738821553475
2015-02-09,1.010198518682059
2015-02-10,1.2845015578771843
2015-02-11,1.5892187393065675
2015-02-12,1.8878566567153787
2015-02-13,2.012797212613937
2015-02-16,2.0389174366481995
2015-02-17,2.0009724419160793
2015-02-18,1.9731155962706786
2015-02-19,1.9876447357295388
2015-02-20,2.049507740751067
2015-02-23,2.153731104034513
2015-02-24,2.2189596144441617
2015-02-25,2.0751966454480426
2015-02-26,1.8616117650102828
2015-02-27,1.7090121864729213
2015-03-02,1.4744595967190393
2015-03-03,1.3074155840095871
2015-03-04,1.3158961373174647
2015-03-05,1.4133452786075698
2015-03-06,1.6085985710294768
2015-03-09,1.8587808097574643
2015-03-10,2.143988811082129
2015-03-11,2.3572789755694603
2015-03-12,2.4893894739007854
2015-03-13,2.6468814486481937
2015-03-16,2.804466668526468
2015-03-17,2.9606558023484433
2015-03-18,3.0918013155147475
2015-03-19,3.2094857650867556
2015-03-20,3.3164704029727465
2015-03-23,3.1931167746027933
2015-03-24,2.755303729643626
2015-03-25,2.1927920472376488
2015-03-26,1.7112079045114308
2015-03-27,1.3560817668196417
2015-03-29,1.1543713585732618
2015-03-30,0.8735045354509869
2015-03-31,0.4981113743443024
2015-04-01,0.10145023599163967
2015-04-02,-0.2612109529271021
2015-04-05,-0.49478775789947027
2015-04-06,-0.7326381396654359
2015-04-07,-0.8874353361145143
2015-04-08,-0.905521017583558
2015-04-09,-0.9370187219460924
2015-04-12,-1.03813512757697
2015-04-13,-1.1717485709171969
2015-04-14,-1.267649396668008
2015-04-15,-1.2344053921557199
2015-04-16,-1.2300804784331665
2015-04-19,-1.2408632570500744
2015-04-20,-1.2437839620814612
2015-04-21,-1.1916253069684535
2015-04-22,-1.056211580020068
2015-04-23,-0.8477341907811474
2015-04-26,-0.5215595733968421
2015-04-27,-0.13879119103817184
2015-04-28,0.07942738442806556
2015-04-29,0.02094214394498912
2015-04-30,-0.03523399714660875
2015-05-03,-0.14455733781305433
2015-05-04,-0.252898381879791
2015-05-05,-0.41407583296712785
2015-05-06,-0.6262171475948157
2015-05-07,-0.7782918291598876
2015-05-10,-0.8318241737463139
2015-05-11,-0.9415867417610623
2015-05-12,-0.9844475068176565
2015-05-13,-1.0388414312630534
2015-05-14,-1.0343945638738714
2015-05-17,-1.0415783859992127
2015-05-18,-1.1162655194955977
2015-05-19,-1.2305545203857393
2015-05-20,-1.2489509921627409
2015-05-21,-1.3301598592320032
2015-05-24,-1.2731743865404865
2015-05-25,-1.1082272519983227
2015-05-26,-0.846682035595562
2015-05-27,-0.6572224945332837
2015-05-28,-0.49429214354258166
2015-05-31,-0.3197790889064377
2015-06-01,-0.2746677196736849
2015-06-02,-0.3989549764929656
2015-06-03,-0.6009352622721511
2015-06-04,-0.7089789448994055
2015-06-07,-0.7602758967244702
2015-06-08,-0.8812192243199316
2015-06-09,-0.9861925598216358
2015-06-10,-0.9903109613075236
2015-06-11,-0.9891481303464111
2015-06-14,-0.9599351246089516
2015-06-15,-0.9134798817285263
2015-06-16,-0.9887021982296212
2015-06-17,-1.0034537751883568
2015-06-18,-1.100747085410684
2015-06-21,-1.2029043852437658
2015-06-22,-1.255939859623183
2015-06-23,-1.337235872978212
2015-06-24,-1.322907652668128
2015-06-25,-1.221117307902234
2015-06-28,-1.003281655323386
2015-06-29,-0.9152705226428631
2015-06-30,-0.9006809721700996
2015-07-01,-0.8336538768610631
2015-07-02,-0.8144166062921526
2015-07-05,-0.7479990113574356
2015-07-06,-0.5825772839641562
2015-07-07,-0.3060076157376251
2015-07-08,0.004693069793500789
2015-07-09,0.13290403727196046
2015-07-12,0.04646454548959217
2015-07-13,-0.10565231624028429
2015-07-14,-0.34306215004806645
2015-07-15,-0.6046084117480226
2015-07-16,-0.7215269928748502
2015-07-19,-0.7024221537215415
2015-07-20,-0.6309858629392685
2015-07-21,-0.47805075017060705
2015-07-22,-0.18925188634725593
2015-07-23,0.18465056269064165
2015-07-26,0.6032454145230163
2015-07-27,1.026669656940409
2015-07-28,1.3542199510711703
2015-07-29,1.52056998379564
2015-07-30,1.6411082423198589
2015-08-02,1.775593590542429
2015-08-03,1.9247195720759718
2015-08-04,2.0822898619319754
2015-08-05,2.2745158357852215
2015-08-06,2.468784563074577
2015-08-09,2.510891904075314
2015-08-10,2.3080115938384433
2015-08-11,1.9966992419690697
2015-08-12,1.7033603069975622
2015-08-13,1.4431375181961104
2015-08-16,1.2210533989754166
2015-08-17,1.0365571004976162
2015-08-18,0.9022708921465249
2015-08-19,0.8380750588068239
2015-08-20,0.7018517486859638
2015-08-23,0.7327864599732894
2015-08-24,0.8464805935066417
2015-08-25,1.0948245957539173
2015-08-26,1.2165182235572944
2015-08-27,1.2485817870655067
2015-08-30,1.3338945280102987
2015-08-31,1.4394109112435662
2015-09-01,1.6098899292308673
2015-09-02,1.832857327682045
2015-09-03,1.9959743213429448
2015-09-06,2.1378427794017147
2015-09-07,2.1206039882352252
2015-09-08,1.9725292777381684
2015-09-09,1.8719583477071398
2015-09-10,1.803833912202128
2015-09-13,1.7578249890475333
2015-09-14,1.5466200569539776
2015-09-15,1.2683726657767531
2015-09-16,1.0592876706527123
2015-09-17,0.9307444716810793
2015-09-20,0.9477937592596637
2015-09-21,1.0377331491533726
2015-09-22,1.157519375747148
2015-09-23,1.3730368662103154
2015-09-24,1.2961110617115708
2015-09-27,1.0258577967770073
2015-09-28,0.7098903177956769
2015-09-29,0.37488975030121713
2015-09-30,0.07329325662440185
2015-10-01,-0.24610613694187744
2015-10-04,-0.4651015747578447
2015-10-05,-0.5593761447031612
2015-10-06,-0.5456265206302017
2015-10-07,-0.564593739330966
2015-10-08,-0.5048668193463117
2015-10-11,-0.40986549554131374
2015-10-12,-0.4473862781285313
2015-10-13,-0.5971860980041117
2015-10-14,-0.734712526708097
2015-10-15,-0.8547503738997184
2015-10-18,-0.9712430581211515
2015-10-19,-1.1060578252038535
2015-10-20,-1.1350410653819183
2015-10-21,-1.1076626497777753
2015-10-22,-1.140478136844155
2015-10-26,-1.2068812806279827
2015-10-27,-1.2849846026381258
2015-10-28,-1.374429751425362
2015-10-29,-1.4105481372744426
2015-10-30,-1.4300430028329447
2015-11-02,-1.4394650628914778
2015-11-03,-1.3466531704286442
2015-11-04,-1.1652119615661116
2015-11-05,-0.960505150857101
2015-11-06,-0.8346869668785651
2015-11-09,-0.7593889544138255
2015-11-10,-0.7779049378488168
2015-11-11,-0.7010978525744955
2015-11-12,-0.749115908356535
2015-11-13,-0.8637465215605944
2015-11-16,-0.9545666625356748
2015-11-17,-1.083182256996965
2015-11-18,-1.1865223016454103
2015-11-19,-1.156481407281065
2015-11-20,-1.0356162617286764
2015-11-23,-0.8537711281274127
2015-11-24,-0.6817478606605794
2015-11-25,-0.6955230922797329
2015-11-26,-0.8029689677901735
2015-11-27,-0.928889847904769
2015-11-30,-0.8442435581302047
2015-12-01,-0.6590749400264414
2015-12-02,-0.437735225273394
2015-12-03,-0.4188156767536932
2015-12-04,-0.48755558278463895
2015-12-07,-0.5954082794205314
2015-12-08,-0.7300242497072912
2015-12-09,-0.897543934427967
2015-12-10,-1.0681761522499733
2015-12-11,-1.0474623175286242
2015-12-14,-0.8847898900630897
2015-12-15,-0.6986026941113037
2015-12-16,-0.42802249077533544
2015-12-17,-0.26301811297408134
2015-12-18,-0.13584982975333124
2015-12-21,0.07363031003281731
2015-12-22,0.30126634843437616
2015-12-23,0.5063651517550523
2015-12-24,0.616051441848642
2015-12-25,0.6003767947906434
2015-12-28,0.5992678015151266
2015-12-29,0.4830067863597031
2015-12-30,0.4917263510243684
2015-12-31,0.5634997164409433
2016-01-01,0.6443182449797923
2016-01-04,0.820440547361876
2016-01-05,1.030809893347073
2016-01-06,1.2414792129269037
2016-01-07,1.4508233718299914
2016-01-08,1.5745007904407087
2016-01-11,1.6024517762307346
2016-01-12,1.5875476072650359
2016-01-13,1.379205194681236
2016-01-14,1.1161700411314806
2016-01-15,0.892827098573833
2016-01-18,0.7079673610168651
2016-01-19,0.4804141817725789
2016-01-20,0.38844807056771613
2016-01-21,0.4620805296688748
2016-01-22,0.6141912422648469
2016-01-25,0.7338788090797238
2016-01-26,0.6789799813138339
2016-01-27,0.4334819868343207
2016-01-28,0.2423369667812092
2016-01-29,-0.01008281038379992
2016-02-01,-0.24788488661390393
2016-02-02,-0.4336441874562395
2016-02-03,-0.5374997956098638
2016-02-04,-0.4252183890229065
2016-02-05,-0.300964479610089
2016-02-08,-0.18074532666675633
2016-02-09,-0.07239853134608597
2016-02-10,-0.1285086274473552
2016-02-11,-0.2678908850065086
2016-02-12,-0.3849253322928852
2016-02-15,-0.45714651963404945
2016-02-16,-0.39736672473726603
2016-02-17,-0.2623551987121842
2016-02-18,-0.13594782081652307
2016-02-19,0.04347516916600213
2016-02-22,-0.04277623821404481
2016-02-23,-0.243336229997826
2016-02-24,-0.4382367522485014
2016-02-25,-0.6452506328896244
2016-02-26,-0.8284370217417772
2016-02-29,-0.9577731123646064
2016-03-01,-0.9980012468285511
2016-03-02,-1.013466209567163
2016-03-03,-0.9137257510781052
2016-03-04,-0.6021915769815371
2016-03-07,-0.20803074586861228
2016-03-08,0.14782922724608177
2016-03-09,0.5084761693129906
2016-03-10,0.8670896154283463
2016-03-11,1.2212606921575588
2016-03-14,1.5509908989419559
2016-03-15,1.5544551948199175
2016-03-16,1.2719625399163836
2016-03-17,0.9839435744009992
2016-03-18,0.7380605174859927
2016-03-21,0.5369817034084484
2016-03-22,0.39140675499907945
2016-03-23,0.2324703062930264
2016-03-24,-0.008936070749193916
2016-03-25,-0.23276124086963276
2016-03-27,-0.4010461443317017
2016-03-28,-0.47093136983960104
2016-03-29,-0.4795678045227014
2016-03-30,-0.36238845460683833
2016-03-31,-0.19058303907239113
2016-04-03,0.002325245614882426
2016-04-04,-0.026290316484289807
2016-04-05,-0.1776552485032673
2016-04-06,-0.3643155812922126
2016-04-07,-0.5537461934300028
2016-04-10,-0.5421242678361704
2016-04-11,-0.38612620895153865
2016-04-12,-0.16920139299075485
2016-04-13,0.06110035486922649
2016-04-14,0.33250780552716774
2016-04-17,0.39830754646677274
2016-04-18,0.3231038213617746
2016-04-19,0.24373985146777954
2016-04-20,0.17084786349072115
2016-04-21,-0.03815789682997862
2016-04-24,-0.2995477646467647
2016-04-25,-0.560544115728632
2016-04-26,-0.7675370958761014
2016-04-27,-0.8417756194623108
2016-04-28,-0.7386365372258723
2016-05-01,-0.5343140189580454
2016-05-02,-0.5437457907399278
2016-05-03,-0.6614659332180386
2016-05-04,-0.7684906214718028
2016-05-05,-0.9331937746141737
2016-05-08,-0.9154202642943157
2016-05-09,-0.8318548195141406
2016-05-10,-0.7944783492101547
2016-05-11,-0.7329231110491145
2016-05-12,-0.6319939943167705
2016-05-15,-0.49397395715450454
2016-05-16,-0.4131723107406837
2016-05-17,-0.30679167922197703
2016-05-18,-0.09248318769470594
2016-05-19,0.15939596779389256
2016-05-22,0.30505309603959346
2016-05-23,0.38462493461069763
2016-05-24,0.5170874296485196
2016-05-25,0.6657216885948452
2016-05-26,0.8560749440976992
2016-05-29,1.0521743606597744
2016-05-30,1.0639258999286978
2016-05-31,1.0354178588632394
2016-06-01,0.9442520255168058
2016-06-02,0.6560698547506658
2016-06-05,0.35781487765383296
2016-06-06,0.20386384354608927
2016-06-07,0.2525808361648158
2016-06-08,0.43574422853638495
2016-06-09,0.5122478415142262
2016-06-12,0.45881701336846326
2016-06-13,0.2198334054269237
2016-06-14,-0.09431112217029396
2016-06-15,-0.3855563816104019
2016-06-16,-0.5867158881433107
2016-06-19,-0.632627983041859
2016-06-20,-0.5660871757656889
2016-06-21,-0.4797021474806178
2016-06-22,-0.32391794351586034
2016-06-23,-0.35848475637333377
2016-06-26,-0.4873476543150086
2016-06-27,-0.5328743667941116
2016-06-28,-0.4194176273426579
2016-06-29,-0.19851143227259116
2016-06-30,0.059182754842068384
2016-07-03,0.2843362697500337
2016-07-04,0.3225053154159523
2016-07-05,0.15244687698214515
2016-07-06,-0.0995263152949804
2016-07-07,-0.32032762371393003
2016-07-10,-0.49240518087659857
2016-07-11,-0.5925118403089388
2016-07-12,-0.6477266817619403
2016-07-13,-0.5414111067817962
2016-07-14,-0.4027289762565601
2016-07-17,-0.2879719614635709
2016-07-18,-0.16443796355313442
2016-07-19,-0.04276844332495106
2016-07-20,0.022103343052544615
2016-07-21,-0.07611126269932761
2016-07-24,-0.2012963386185737
2016-07-25,-0.34493050812635845
2016-07-26,-0.43099306061743176
2016-07-27,-0.4144201429247954
2016-07-28,-0.4281616292120596
2016-07-31,-0.456247894159496
2016-08-01,-0.46831817243542495
2016-08-02,-0.6023089425824781
2016-08-03,-0.5718296813676426
2016-08-04,-0.3786867077001436
2016-08-07,-0.08734199646986768
2016-08-08,0.2552873789479799
2016-08-09,0.6158099335985321
2016-08-10,0.9689770453250266
2016-08-11,1.1693787452094826
2016-08-14,1.1233134355743093
2016-08-15,0.9614690794793271
2016-08-16,0.6927861066754775
2016-08-17,0.3377054134317703
2016-08-18,0.02594840492096834
2016-08-21,-0.3050594781974149
2016-08-22,-0.5478473847848256
2016-08-23,-0.7382756027403757
2016-08-24,-0.9401198111632291
2016-08-25,-1.0404678756619945
2016-08-28,-1.083792643826503
2016-08-29,-1.1766704522381635
2016-08-30,-1.2872485621300715
2016-08-31,-1.345462310775491
2016-09-01,-1.407506036856103
2016-09-04,-1.4854778864146225
2016-09-05,-1.4878371552144087
2016-09-06,-1.3225516094507175
2016-09-07,-1.0608307760761826
2016-09-08,-1.007409269863245
2016-09-11,-0.9884313935494143
2016-09-12,-1.066792417550655
2016-09-13,-1.1090205921990164
2016-09-14,-1.0772481818249724
2016-09-15,-1.1090313841812236
2016-09-18,-1.1448630243378393
2016-09-19,-1.1595477853173026
2016-09-20,-1.1187833013384083
2016-09-21,-0.9436018013246095
2016-09-22,-0.7819088768221378
2016-09-25,-0.7164224585507278
2016-09-26,-0.6664839790068527
2016-09-27,-0.6627588399640769
2016-09-28,-0.6248359576937853
2016-09-29,-0.6874941802802437
2016-10-02,-0.7756857901432205
2016-10-03,-0.7970581788564853
2016-10-04,-0.9045870935307462
2016-10-05,-1.0024276127583658
2016-10-06,-1.0011673392184226
2016-10-09,-0.9494483161880853
2016-10-10,-0.891857510834103
2016-10-11,-0.8163238872741908
2016-10-12,-0.8425552173800843
2016-10-13,-0.7645786536503105
2016-10-16,-0.6889148747875959
2016-10-17,-0.5831929462487131
2016-10-18,-0.42867432161538366
2016-10-19,-0.2178351855733139
2016-10-20,0.04434545569667886
2016-10-23,0.35444330392541334
2016-10-24,0.6969739145289505
2016-10-25,1.0280901703764869
2016-10-26,1.103906774131397
2016-10-27,0.8979004077879068
2016-10-31,0.6178061345184848
2016-11-01,0.4167834098437675
2016-11-02,0.30822883503929943
2016-11-03,0.289272927016651
2016-11-04,0.34089458521028293
2016-11-07,0.17146362786831335
2016-11-08,-0.09691817761696535
2016-11-09,-0.2615597537813243
2016-11-10,-0.12679346743711598
2016-11-11,0.21478095805134212
2016-11-14,0.6339861136755633
2016-11-15,1.0585779556446253
2016-11-16,1.320783069792015
2016-11-17,1.385148589291414
2016-11-18,1.326484617635214
2016-11-21,1.0954846005027497
2016-11-22,0.7638318228486467
2016-11-23,0.4718439926436786
2016-11-24,0.28473305490434025
2016-11-25,0.2166922765512826
2016-11-28,0.21025956956830127
2016-11-29,0.18439412727799778
2016-11-30,0.24907564796816567
2016-12-01,0.3927918497659263
2016-12-02,0.6701085568768796
2016-12-05,0.9859058402854297
2016-12-06,1.1830812615554225
2016-12-07,1.1156965718538296
2016-12-08,0.9335347644957933
2016-12-09,0.642412280858491
2016-12-12,0.2754658539363069
2016-12-13,-0.05974616805421765
2016-12-14,-0.3056581505549464
2016-12-15,-0.49026427384647475
2016-12-16,-0.6419061435114769
2016-12-19,-0.7643505882923333
2016-12-20,-0.9349157096123946
2016-12-21,-1.0398150613737027
2016-12-22,-1.0706235110486557
2016-12-23,-0.9238861783349469
2016-12-26,-0.6985428205424273
2016-12-27,-0.5245322470450301
2016-12-28,-0.35689523574340287
2016-12-29,-0.1761897812625657
2016-12-30,-0.003568219403016243
2017-01-02,-0.005903018334654995
2017-01-03,-0.151754038742042
2017-01-04,-0.24210931662350887
2017-01-05,-0.2366420580899
2017-01-06,-0.1527876798382073
2017-01-09,-0.1340268242032109
2017-01-10,-0.09215306695353441
2017-01-11,-0.18822485254277319
2017-01-12,-0.2348499924492092
2017-01-13,-0.3601085722223245
2017-01-16,-0.5665935317741979
2017-01-17,-0.743170653022008
2017-01-18,-0.8217846410899544
2017-01-19,-0.875750235203143
2017-01-20,-0.8541631760301086
2017-01-23,-0.7054959900470309
2017-01-24,-0.504128101486019
2017-01-25,-0.29231029434940914
2017-01-26,-0.2245485176356591
2017-01-27,-0.21533277905413006
2017-01-30,-0.13119055119684073
2017-01-31,0.02446149481140823
2017-02-01,0.02229181408415736
2017-02-02,0.0389157932500417
2017-02-03,0.02626583951527548
2017-02-06,-0.00028714498637250773
2017-02-07,-0.10249847549056876
2017-02-08,-0.23496722085286492
2017-02-09,-0.35345046366426364
2017-02-10,-0.41898886030912785
2017-02-13,-0.452164507142914
2017-02-14,-0.3556378750901134
2017-02-15,-0.08942794129575177
2017-02-16,0.27702163914584044
2017-02-17,0.32009761430202766
2017-02-20,0.19467065001413567
2017-02-21,-0.006488265884989032
2017-02-22,-0.1739783941404208
2017-02-23,-0.21497399115845633
2017-02-24,-0.38799474981404874
2017-02-27,-0.5853588984515206
2017-02-28,-0.751160053367702
2017-03-01,-0.9340205413139562
2017-03-02,-0.9851672960966055
2017-03-03,-1.0861117871169703
2017-03-06,-1.1171085199763264
2017-03-07,-1.1910657822365514
2017-03-08,-1.27724990007038
2017-03-09,-1.2555703558007336
2017-03-10,-1.147040832092413
2017-03-13,-1.101836031926733
2017-03-14,-1.0601705081548054
2017-03-15,-0.9816784694159995
2017-03-16,-0.9446941326411967
2017-03-17,-0.9471068029426241
2017-03-20,-0.9291178223691863
2017-03-21,-0.8234456969773022
2017-03-22,-0.7548275238194531
2017-03-23,-0.8262975766993387
2017-03-24,-0.9055966691231161
2017-03-26,-1.0149596671398735
2017-03-27,-1.1372629286441047
2017-03-28,-1.2263008681071155
2017-03-29,-1.2146130933045172
2017-03-30,-1.2180844968622633
2017-04-02,-1.2592938639455011
2017-04-03,-1.335783187321991
2017-04-04,-1.2856751677870317
2017-04-05,-1.2993251729932256
2017-04-06,-1.3361888268743922
2017-04-09,-1.3496677275411708
2017-04-10,-1.3720406903878573
2017-04-11,-1.3971250757470117
2017-04-12,-1.4447055365331436
2017-04-13,-1.5053542223682213
2017-04-16,-1.4247128862588903
2017-04-17,-1.2234237054847403
2017-04-18,-0.9770112717815314
2017-04-19,-0.8075166049512005
2017-04-20,-0.719934447986437
2017-04-23,-0.4824870104043048
2017-04-24,-0.2760243716271139
2017-04-25,-0.23798754781891804
2017-04-26,-0.2889873091016944
2017-04-27,-0.45223281307476587
2017-04-30,-0.6594203895246759
2017-05-01,-0.8134437962438656
2017-05-02,-0.9457785645804097
2017-05-03,-1.0490341054449095
2017-05-04,-1.1005273069462336
2017-05-07,-1.0991966945829983
2017-05-08,-1.0625544313470257
2017-05-09,-1.0960452207571203
2017-05-10,-1.1238079230437854
2017-05-11,-1.0276522161287562
2017-05-14,-0.8043458940378706
2017-05-15,-0.5182273714588321
2017-05-16,-0.24778878917452488
2017-05-17,0.1161816652861396
2017-05-18,0.49816058886040115
2017-05-21,0.7297078173629951
2017-05-22,0.8656023664614653
2017-05-23,0.9234312665493085
2017-05-24,0.9563710376988759
2017-05-25,0.9124256427628207
2017-05-28,0.8328405014513294
2017-05-29,0.7251890148852498
2017-05-30,0.539190318240225
2017-05-31,0.2505957133777063
2017-06-01,-0.019379658278944164
2017-06-04,-0.13603247459682874
2017-06-05,-0.14774702472560014
2017-06-06,-0.13292682407397707
2017-06-07,-0.0939975981110889
2017-06-08,-0.1118799237084224
2017-06-11,-0.05637640267642506
2017-06-12,0.08565470423214147
2017-06-13,0.0991998353262846
2017-06-14,0.04498945876923162
2017-06-15,0.0015568825160481362
2017-06-18,0.027131011512536066
2017-06-19,0.1091006474191413
2017-06-20,0.2378481081632446
2017-06-21,0.4255032571123347
2017-06-22,0.6278945613538401
2017-06-25,0.6584194978293105
2017-06-26,0.49786846679343616
2017-06-27,0.25293590384653863
2017-06-28,0.07981137270108232
2017-06-29,-0.1074897413447964
2017-07-02,-0.2354053406036967
2017-07-03,-0.32258011809300396
2017-07-04,-0.5095880892319079
2017-07-05,-0.732265406425593
2017-07-06,-0.9025213555192348
2017-07-09,-0.933188584207599
2017-07-10,-0.8901336307554446
2017-07-11,-0.8129800091460591
2017-07-12,-0.630442667938992
2017-07-13,-0.3433764525751086
2017-07-16,-0.0007925480867894664
2017-07-17,0.3984793442891512
2017-07-18,0.8049890845779771
2017-07-19,1.2196303711745013
2017-07-20,1.6395394712852789
2017-07-23,1.822332115379315
2017-07-24,1.757053392879184
2017-07-25,1.5131844274279103
2017-07-26,1.320228538059931
2017-07-27,1.1690002090910188
2017-07-30,1.1031513358070715
2017-07-31,1.1174972023353573
2017-08-01,1.1092891582932076
2017-08-02,1.1642348738771862
2017-08-03,1.229155367406309
2017-08-06,1.2616124949564136
2017-08-07,1.2395195417512541
2017-08-08,1.0664859219934677
2017-08-09,0.7443003751393074
2017-08-10,0.42177341812999075
2017-08-13,0.25170404299977756
2017-08-14,0.1733023627164714
2017-08-15,-0.01243641869643302
2017-08-16,-0.14940972089862484
2017-08-17,-0.3112256746556059
2017-08-20,-0.39467886075024006
2017-08-21,-0.5181062594511501
2017-08-22,-0.6705160572458422
2017-08-23,-0.7349791569023598
2017-08-24,-0.7877813470196814
2017-08-27,-0.900041352586659
2017-08-28,-0.9987414727431192
2017-08-29,-1.082466131350829
2017-08-30,-1.1349176795233005
2017-08-31,-1.0822323753237928
2017-09-03,-0.9802066610732347
2017-09-04,-0.7703930970543045
2017-09-05,-0.5045403418671358
2017-09-06,-0.18643313939532538
2017-09-07,0.16155463940358974
2017-09-10,0.5137428173610525
2017-09-11,0.6143228448556374
2017-09-12,0.4604191912248011
2017-09-13,0.18758971937720095
2017-09-14,-0.12738774433702088
2017-09-17,-0.39341284667198234
2017-09-18,-0.6601224102787197
2017-09-19,-0.8753805740238035
2017-09-20,-1.076932888368089
2017-09-21,-1.2067715465810827
2017-09-24,-1.2873377625116016
2017-09-25,-1.1944915306562949
2017-09-26,-0.9133283193172965
2017-09-27,-0.5590371152898024
2017-09-28,-0.37724552064661576
2017-10-01,-0.298304060966295
2017-10-02,-0.3943456736455792
2017-10-03,-0.45640979837192797
2017-10-04,-0.48766967696345653
2017-10-05,-0.5452579131781626
2017-10-08,-0.6486492184866992
2017-10-09,-0.7720317143354688
2017-10-10,-0.8300120942149999
2017-10-11,-0.8472410487712524
2017-10-12,-0.9063830130520183
2017-10-15,-0.8655632827759949
2017-10-16,-0.8837192618379254
2017-10-17,-0.8553645817480808
2017-10-18,-0.8055946412820119
2017-10-19,-0.8713411337893648
2017-10-22,-0.8912685390707136
2017-10-23,-0.7198017490008171
2017-10-24,-0.542429585653665
2017-10-25,-0.3474086324850103
2017-10-26,-0.07003996059348551
2017-10-30,0.04819355495408155
2017-10-31,0.0755839486488073
2017-11-01,0.0069695136163344246
2017-11-02,-0.19708475890383464
2017-11-03,-0.23894042689327877
2017-11-06,-0.19462491559239847
2017-11-07,-0.13698332632952823
2017-11-08,-0.1111518810308304
2017-11-09,-0.12886424881610947
2017-11-10,-0.14173734583564834
2017-11-13,-0.05879568699674763
2017-11-14,0.08828544948304008
2017-11-15,0.2871274963835904
2017-11-16,0.4961461672212192
2017-11-17,0.6932942444889797
2017-11-20,0.8682921758727042
2017-11-21,0.8964408668509023
2017-11-22,0.7083892011935576
2017-11-23,0.42180224836091185
2017-11-24,0.12689373220060454
2017-11-27,-0.09666351587275132
2017-11-28,-0.1858558407927402
2017-11-29,-0.19443520340904646
2017-11-30,-0.14157307015311976
2017-12-01,-0.06167851110572191
2017-12-04,-0.01554120500230266
2017-12-05,-0.1532519587624372
2017-12-06,-0.3797990201575654
2017-12-07,-0.3597379436021416
2017-12-08,-0.21549402740300092
2017-12-11,-0.019666533116179753
2017-12-12,0.2670004854902965
2017-12-13,0.5093091062154246
2017-12-14,0.7633509448020326
2017-12-15,1.002641009759877
2017-12-18,1.000412466010924
2017-12-19,0.8751420642482137
2017-12-20,0.5736665313216959
2017-12-21,0.2666462002909119
2017-12-22,0.04112519602653471
2017-12-25,-0.09085217961424208
2017-12-26,-0.31788209873334544
2017-12-27,-0.5097808743662772
2017-12-28,-0.6105631601015973
2017-12-29,-0.656630315420967
2018-01-01,-0.6710210037673523
2018-01-02,-0.49678915121610506
2018-01-03,-0.20326781139571604
2018-01-04,0.16241771783307363
2018-01-05,0.480300028894212
2018-01-08,0.7528765418529535
2018-01-09,0.9283008025365347
2018-01-10,1.0358344717037498
2018-01-11,1.1524239984979885
2018-01-12,1.3222366579228955
2018-01-15,1.5431941031283565
2018-01-16,1.5300341123681613
2018-01-17,1.3874819833078402
2018-01-18,1.2517772740373714
2018-01-19,1.1313661394080532
2018-01-22,1.090965172078838
2018-01-23,0.8753373830313415
2018-01-24,0.6798950076174574
2018-01-25,0.647669862721092
2018-01-26,0.6663979390020911
